gif_id,title,category,match_source,matched_job,created,latest_snapshot,views,lifetime_views_per_day,recent_views_per_day,recent_window_days
YFsvkuJTxLc0uuNrhO,Accuse He Did It GIF by OneFootball Heads,reaction,slug,,2025-08-03,2026-09-08,10038643,25034.0,10156.2,8
L6nYUwRlB4locGnAhT,Sad End Of Summer Sticker by OneFootball Heads,uncategorised,none,,2026-07-22,2026-09-08,147907,3081.4,7083.4,8
FGnXiLnpzUXJ27Y8jD,Happy Birthday Football GIF by OneFootball Heads,country,upload-log,ENGLAND_KANEBDAY,2026-07-22,2026-09-08,157354,3278.2,6650.5,8
PElQbTO025s7BK5sIP,Meditation Norway Sticker by OneFootball Heads,country,title,,2026-07-22,2026-09-08,293674,6118.2,6611.6,8
O0dGSqMpJcA3Jk5tmZ,Sad End Of Summer GIF by OneFootball Heads,reaction,upload-log,REACTION_BYESUMMER,2026-07-22,2026-09-08,108298,2256.2,6159.8,8
pGYHslrw9ZTEMk9Sn2,World Cup Football GIF by OneFootball Heads,country,upload-log,ARGENTINA_ENZO,2026-06-18,2026-09-08,772969,9426.5,6073.4,8
BjjkqkqNUJC6wBg9S7,Viet Nam Football GIF by OneFootball Heads,other,upload-log,VIETNAM_VODICH,2026-08-18,2026-09-08,93596,4457.0,5819.2,8
uZCGmkB8j9Y2LrKCgC,World Cup Football GIF by OneFootball Heads,player,upload-log,ENGLAND_GORDON,2026-07-05,2026-09-08,240491,3699.9,4967.1,8
I70wiKkwEVZWC2HFAO,Happy Birthday GIF by OneFootball Heads,reaction,slug,,2025-06-20,2026-09-08,745764,1675.9,4404.4,8
9LjH7SfiKocKcE5PJv,Sad End Of Summer Sticker by OneFootball Heads,uncategorised,none,,2026-07-22,2026-09-08,113854,2372.0,4348.4,8
ba5JMnrKk4o9z7yiP0,Celebrate World Cup GIF by OneFootball Heads,football-generic,slug,,2026-01-20,2026-09-08,2523197,10922.9,3964.8,8
N20tM6nrrXQMl4HYWz,Green Flag Relationships GIF by OneFootball Heads,reaction,slug,,2026-02-09,2026-09-08,1585815,7515.7,3356.2,8
nohvpMrEwXy468gDFR,World Cup Football GIF by OneFootball Heads,player,upload-log,ENGLAND_GORDON_NT,2026-07-05,2026-09-08,268055,4123.9,3300.4,8
uXV0BqmxAJt7VKNgZh,Celebrate Germany GIF by OneFootball Heads,football-generic,slug,,2026-01-20,2026-09-08,474737,2055.1,3271.6,8
iINaib9YcAXeTPjjZE,Labor Day Football GIF by OneFootball Heads,reaction,upload-log,REACTION_LONGWEEKEND,2026-07-22,2026-09-08,70230,1463.1,2822.2,8
1MTfxcyrTyUFK9Zp3S,Celebrate World Cup GIF by OneFootball Heads,football-generic,slug,,2026-01-20,2026-09-08,11195640,48466.0,2803.1,8
XR7PHHrmVHtqEK1gol,World Cup Football GIF by OneFootball Heads,country,upload-log,IRAN_IRAN_AR,2026-06-18,2026-09-08,404676,4935.1,2606.5,8
4zCNON1K71s6JXOFd5,Celebrate World Cup GIF by OneFootball Heads,football-generic,slug,,2026-01-20,2026-09-08,986365,4270.0,2573.1,8
5IVmTwSUBkM26gnwiT,World Cup Football GIF by OneFootball Heads,player,upload-log,ENGLAND_RICE_NT,2026-07-05,2026-09-08,164659,2533.2,2539.2,8
Tp7JErC4Ak5ZrF8ciK,Celebrate World Cup GIF by OneFootball Heads,football-generic,slug,,2026-01-20,2026-09-08,3807122,16481.0,2494.2,8
j5tlCfRuJaEYe1m3nq,Alisson Becker Football Sticker by OneFootball Heads,player,title,,2026-07-22,2026-09-08,91216,1900.3,2413.2,8
hRRHZWBCM1iGz8W69i,World Cup Football GIF by OneFootball Heads,player,upload-log,ARGENTINA_ALVAREZ_NT,2026-07-05,2026-09-08,201366,3097.9,2376.1,8
kkILXGQSJTp4z0TXb7,Premier League Football GIF by OneFootball Heads,country,upload-log,NORWAY_HESBACK,2026-07-22,2026-09-08,93433,1946.5,2303.9,8
6C8dDrMGIFZ1kV0kIc,Labor Day Chill Sticker by OneFootball Heads,uncategorised,none,,2026-07-22,2026-09-08,56758,1182.5,2145.5,8
6A9hefwTjvCDMURljb,Game Show Reaction Gif GIF by OneFootball Heads,reaction,slug,,2025-06-20,2026-09-08,5540176,12449.8,2130.1,8
VFmjfFzMv0JETVuokv,World Cup Football GIF by OneFootball Heads,country,upload-log,ALGERIA_VIVA_LALGERIE,2026-06-18,2026-09-08,705815,8607.5,2121.6,8
zbcPsquuTZdA0tMKBx,Celebration Brazil GIF by OneFootball Heads,reaction,slug,,2025-10-25,2026-09-08,1180211,3711.4,2017.6,8
bzs9ftqVS6wCqrRuWx,Germany Football GIF by OneFootball Heads,player,upload-log,GERMANY_MUSIALA_NT,2026-07-05,2026-09-08,129910,1998.6,1899.5,8
XCdhyRfbj2GvgufO0u,Football Soccer GIF by OneFootball Heads,football-generic,slug,,2026-03-26,2026-09-08,1434619,8642.3,1890.6,8
kAT28QxsTzw2o9sGe3,Excited Here We Go Sticker by OneFootball Heads,uncategorised,none,,2026-07-22,2026-09-08,94103,1960.5,1868.5,8
VeQ7R5eLzOiZwny95R,Preach For Real GIF by OneFootball Heads,reaction,slug,,2025-06-26,2026-09-08,12081829,27521.3,1787.5,8
mp4uQj1yhchE0FJb19,World Cup Football GIF by OneFootball Heads,player,upload-log,SCOTLAND_ROBERTSON_NT,2026-07-05,2026-09-08,131969,2030.3,1786.0,8
jJjpM5aG60awjoTpKb,World Cup Football GIF by OneFootball Heads,player,upload-log,CROATIA_MODRIC,2026-07-05,2026-09-08,129233,1988.2,1762.2,8
X8U2NmVTuTntFxGesd,Football Fan Vacation GIF by OneFootball Heads,football-generic,slug,,2026-05-22,2026-09-08,289182,2653.0,1746.4,8
m0RdfAX3ZVq56g6Ufb,I Love You Kiss GIF by OneFootball Heads,reaction,slug,,2025-08-03,2026-09-08,349166,870.7,1697.4,8
fuMmIN2aYzUIYpaWyv,Vinicius Junior Football Sticker by OneFootball Heads,uncategorised,none,,2026-07-22,2026-09-08,87090,1814.4,1602.5,8
1BWq9cSj4USk9qwS0z,Bruno Fernandes Football GIF by OneFootball Heads,country,upload-log,PORTUGAL_CAPTAIN,2026-08-18,2026-09-08,33712,1605.3,1578.9,8
YRgKKGuDWNqdVKUsJK,World Cup Football GIF by OneFootball Heads,country,upload-log,UZBEKISTAN_OLGA,2026-06-18,2026-09-08,73637,898.0,1545.8,8
IvJvPYEXDOoV3ju64N,Celebrate World Cup GIF by OneFootball Heads,football-generic,slug,,2026-01-20,2026-09-08,1400526,6062.9,1502.1,8
H1SV8pkPwh24wqRfyd,Celebrate World Cup GIF by OneFootball Heads,football-generic,slug,,2026-01-20,2026-09-08,1670245,7230.5,1476.9,8
l8eIHDVeTwEm5VOjb1,Tv Time Yawn GIF by OneFootball Heads,reaction,slug,,2025-07-01,2026-09-08,2661405,6132.3,1473.1,8
BuT7JDz3OLtImz82QE,Walk Like An Egyptian Dancing GIF by OneFootball Heads,reaction,slug,,2026-02-09,2026-09-08,1240133,5877.4,1467.0,8
JeYalHlJM12P8WmGRu,Viva Mexico Football GIF by OneFootball Heads,country,upload-log,MEXICO_GRITO,2026-08-18,2026-09-08,53303,2538.2,1463.2,8
rkT6Jth8qRgE1h2Fn2,Big Brain Football Sticker by OneFootball Heads,uncategorised,none,,2026-07-22,2026-09-08,77740,1619.6,1318.4,8
p5EoYWZd7rXnSrk3A4,Serious Stop GIF by OneFootball Heads,football-generic,slug,,2025-10-19,2026-09-08,596374,1840.7,1303.5,8
P38cOb4eV8zvrGANTG,Miss You Hug Sticker by OneFootball Heads,uncategorised,none,,2026-07-28,2026-09-08,56373,1342.2,1300.5,8
NnvB50iO7TqUyBzFvl,Big Brain Funny Gif GIF by OneFootball Heads,reaction,slug,,2025-06-26,2026-09-08,1517644,3457.0,1291.9,8
HXbjrTClytGyPjam3M,Hat-Trick Football GIF by OneFootball Heads,football-generic,slug,,2026-03-26,2026-09-08,3652719,22004.3,1283.6,8
LhW6KP4Nar6HsqGuKf,Football Brazil Sticker by OneFootball Heads,country,title,,2026-07-22,2026-09-08,32181,670.4,1248.8,8
1yWBEir2xnNtXtsIt9,World Cup Football GIF by OneFootball Heads,player,upload-log,ARGENTINA_MESSI_NT,2026-07-05,2026-09-08,124343,1913.0,1248.5,8
KB4yS05ErAJldfsNj8,World Cup Football GIF by OneFootball Heads,country,upload-log,SWEDEN_ISAK,2026-06-18,2026-09-08,52428,639.4,1245.8,8
bNXwltxLdCxIBUW0oA,France Football Sticker by OneFootball Heads,country,title,,2026-07-22,2026-09-08,54234,1129.9,1245.2,8
mnFrveFv1O0NCcXXRg,World Cup Football GIF by OneFootball Heads,country,upload-log,SPAIN_FERMIN,2026-06-18,2026-09-08,84710,1033.0,1239.9,8
AZgI9GQ4S4ul6qcA9u,Football Fan GIF by OneFootball Heads,reaction,slug,,2025-07-01,2026-09-08,1443273,3325.5,1232.8,8
MylLt7hnLWJS99x3F9,Viet Nam Champion Sticker by OneFootball Heads,uncategorised,none,,2026-08-18,2026-09-08,27318,1300.9,1232.2,8
31xRGdGEGzR7zqVT8M,Labor Day Football GIF by OneFootball Heads,reaction,upload-log,REACTION_LONGWEEKEND_NT,2026-07-22,2026-09-08,51077,1064.1,1211.9,8
clne8r9DaMEPN77izy,The Wizard Football Sticker by OneFootball Heads,uncategorised,none,,2026-07-22,2026-09-08,51691,1076.9,1204.9,8
2FxcZ8wpN6fQC5YJ4z,Add Me Friend Request Sticker by OneFootball Heads,uncategorised,none,,2026-07-28,2026-09-08,57820,1376.7,1198.2,8
VaSaGr35NjXb2lexto,World Cup Football GIF by OneFootball Heads,country,upload-log,PORTUGAL_LEAO,2026-06-18,2026-09-08,154890,1888.9,1193.0,8
A5psYAq3PRYT26n0j8,Unveiling English GIF by OneFootball Heads,country,upload-log,ENGLAND_GORDONBARCA,2026-07-22,2026-09-08,128601,2679.2,1175.0,8
1L3Mvo7LQ6VfgJJT6I,World Cup Football GIF by OneFootball Heads,country,upload-log,ARGENTINA_LAUTARO,2026-06-18,2026-09-08,145519,1774.6,1170.5,8
DkMC0pbvPVy3KNCzzD,The Wizard Football Sticker by OneFootball Heads,uncategorised,none,,2026-07-22,2026-09-08,50980,1062.1,1161.0,8
TDoPnJKJI06YrVOrtI,El Nino Football Sticker by OneFootball Heads,uncategorised,none,,2026-07-22,2026-09-08,69277,1443.3,1160.1,8
eEEVPZVPzXY9ceK13z,Metal Detector Searching GIF by OneFootball Heads,reaction,slug,,2026-02-09,2026-09-08,545189,2583.8,1154.5,8
N2GUDdRZbdCdUzYkuw,Celebrate Lets Go GIF by OneFootball Heads,reaction,slug,,2025-06-18,2026-09-08,472089,1056.1,1135.1,8
zFJd9Sp0856KS6dVtv,Start Yes GIF by OneFootball Heads,football-generic,slug,,2025-10-19,2026-09-08,3249089,10028.1,1122.4,8
KxC6WSlrAqoG2ZPZwr,Celebrate Happy Birthday GIF by OneFootball Heads,country,upload-log,CROATIA_HBDLUKA_NT,2026-08-18,2026-09-08,18120,862.9,1107.4,8
1knediJpPduWeBBS7N,World Cup Football GIF by OneFootball Heads,country,upload-log,BRAZIL_O_BRASIL,2026-06-18,2026-09-08,45744,557.9,1087.4,8
imjTWu6Vx9k0QJwpv4,World Cup Football GIF by OneFootball Heads,player,upload-log,ARGENTINA_ALVAREZ,2026-07-05,2026-09-08,380372,5851.9,1086.4,8
01KHA2KdMQLQi136pi,Save Big Game GIF by OneFootball Heads,football-generic,slug,,2025-09-11,2026-09-08,3137445,8667.0,1078.6,8
qelk4LqaOuWJeyH8dj,Football Scrolling GIF by OneFootball Heads,reaction,upload-log,REACTION_DOOMSCROLL,2026-08-18,2026-09-08,19429,925.2,1075.5,8
dszvmLR6BjdJ3cN3B5,Germany Football GIF by OneFootball Heads,player,upload-log,GERMANY_HAVERTZ_NT,2026-07-05,2026-09-08,80262,1234.8,1073.8,8
Atd0AOMP5wrkqhYQpM,Serious Red Card GIF by OneFootball Heads,football-generic,slug,,2025-10-19,2026-09-08,1667611,5146.9,1025.8,8
p6hxl3FX2QtPN1eWsj,World Cup Football GIF by OneFootball Heads,player,upload-log,ARGENTINA_ALVAREZ,2026-06-18,2026-09-08,202734,2472.4,1019.0,8
9sKA3ibq7zX02Os7y4,Happy Celebration GIF by OneFootball Heads,football-generic,slug,,2025-10-19,2026-09-08,372388,1149.3,1011.9,8
z1dXRwDsqrjs5KDOML,Bored Old Man GIF by OneFootball Heads,reaction,slug,,2025-07-01,2026-09-08,7070987,16292.6,1003.9,8
ydtlZT2ZGwRKUS7k90,Bored Fed Up GIF by OneFootball Heads,football-generic,slug,,2025-09-11,2026-09-08,348540,962.8,999.9,8
NzvXgZXYLnsZBmsdg8,Football Brazil Sticker by OneFootball Heads,country,title,,2026-07-22,2026-09-08,27519,573.3,996.8,8
vFAra3l66GR59S9K40,Proud Number One GIF by OneFootball Heads,football-generic,slug,,2025-10-19,2026-09-08,4776064,14740.9,975.6,8
lDvigQV6SivDb1PP17,World Cup Football GIF by OneFootball Heads,country,upload-log,SOUTH_AFRICA_LADUMA,2026-06-18,2026-09-08,86290,1052.3,975.0,8
WT9XlpCYQY7PtmCLT4,OneFootball Heads GIF,reaction,slug,,2025-06-16,2026-09-08,748697,1667.5,974.1,8
VZ9JDjblGrqOCxqVFT,Celebrate World Cup GIF by OneFootball Heads,football-generic,slug,,2026-01-20,2026-09-08,3175602,13747.2,973.2,8
6YX6lFHrE3n78eBvRu,Tidy Up GIF by OneFootball Heads,reaction,slug,,2025-08-04,2026-09-08,891485,2228.7,966.4,8
cGbSORzwb2xpTVTEXC,J League Fight GIF by OneFootball Heads,country,upload-log,JAPAN_GANBARE,2026-08-18,2026-09-08,20464,974.5,966.4,8
Wmu62LX7EfEYjeZFom,Join In Lets Go GIF by OneFootball Heads,football-generic,slug,,2025-10-19,2026-09-08,1366072,4216.3,953.5,8
askudv60nEFqWPiu2F,Not Listening La La La Sticker by OneFootball Heads,uncategorised,none,,2026-08-10,2026-09-08,26113,900.4,951.5,8
RE60di0oRWMdq7SDoQ,Germany Football Sticker by OneFootball Heads,country,title,,2026-07-22,2026-09-08,43378,903.7,944.6,8
likC4dBv9fLsDhQq1X,Happy Birthday Football GIF by OneFootball Heads,country,upload-log,USA_PULISICBDAY,2026-08-18,2026-09-08,20059,955.2,943.8,8
74V7r5XLB5PcOoGMbA,El Nino Football Sticker by OneFootball Heads,uncategorised,none,,2026-07-22,2026-09-08,64105,1335.5,931.1,8
KAno7uyRv1fjZpX8y2,Work From Home Football GIF by OneFootball Heads,reaction,upload-log,REACTION_ONMUTE,2026-08-05,2026-09-08,13775,405.1,923.0,8
6JNI1PXys4vMII0f9A,World Cup Football GIF by OneFootball Heads,player,upload-log,SPAIN_YAMAL,2026-07-05,2026-09-08,93676,1441.2,922.8,8
S0GO7wvqciKU6znbFW,Celebrate World Cup GIF by OneFootball Heads,country,override,,2026-01-20,2026-09-08,25576073,110718.9,919.9,8
okTyHZDSQ8u31wyT55,Add Me Friend Request GIF by OneFootball Heads,reaction,upload-log,REACTION_FRIENDREQUEST,2026-07-28,2026-09-08,50097,1192.8,902.2,8
gfv9pQSjyN83iR0zM0,Celebrate World Cup GIF by OneFootball Heads,football-generic,slug,,2026-01-20,2026-09-08,1902366,8235.4,884.0,8
Jnc5Sl0MpsH7wF5PBG,Celebrate Happy Birthday GIF by OneFootball Heads,country,upload-log,CROATIA_HBDLUKA,2026-08-18,2026-09-08,17280,822.9,873.5,8
UzKPSpSLYsY3sTLQ7e,World Cup Football GIF by OneFootball Heads,player,upload-log,BRAZIL_RAPHINHA_NT,2026-07-05,2026-09-08,57935,891.3,866.5,8
zKf31joKvY23SQdSTF,I Love You Flower GIF by OneFootball Heads,football-generic,slug,,2026-01-20,2026-09-08,218419,945.5,859.8,8
XHhUoP1JW91SPS6GbT,Real Madrid Football GIF by OneFootball Heads,country,upload-log,ENGLAND_BELLINGOAL,2026-07-22,2026-09-08,28936,602.8,858.8,8
ieMprRvRtPJlkSN7Z2,Viva Mexico Football GIF by OneFootball Heads,country,upload-log,MEXICO_GRITO_NT,2026-08-18,2026-09-08,12494,595.0,846.5,8
WMsLuEcsJ8txlZ5Oh3,Football England Sticker by OneFootball Heads,country,title,,2026-07-22,2026-09-08,55483,1155.9,844.0,8
gU6fbKU11WZGfMjXey,Bbq Smells Good Sticker by OneFootball Heads,uncategorised,none,,2026-08-05,2026-09-08,30634,901.0,837.6,8
OwaFxnOAJSXQGMJYfE,South Korea Football Sticker by OneFootball Heads,country,title,,2026-07-22,2026-09-08,54643,1138.4,835.9,8
C2wLIBhg6rnF2Vk5p3,Bored Fed Up GIF by OneFootball Heads,football-generic,slug,,2025-09-11,2026-09-08,576795,1593.4,833.1,8
AuqSnLsurW0tVC7kcu,Football Defending GIF by OneFootball Heads,reaction,upload-log,REACTION_PARKTHEBUS,2026-08-10,2026-09-08,62719,2162.7,818.0,8
fOGrNl1SGyw9ZF5Qeh,Truth Agree GIF by OneFootball Heads,reaction,slug,,2025-06-20,2026-09-08,246461,553.8,805.5,8
MggXsKR6usuo2guR1w,Bbq Smells Good Sticker by OneFootball Heads,uncategorised,none,,2026-08-05,2026-09-08,27132,798.0,799.1,8
i8VD6cSurXwKJF8qoh,Log Off Fresh Air GIF by OneFootball Heads,reaction,upload-log,REACTION_TOUCHGRASS_NT,2026-08-18,2026-09-08,17508,833.7,798.1,8
fBTGAfGgiMyHUuJSIh,Germany Football Sticker by OneFootball Heads,country,title,,2026-07-22,2026-09-08,59535,1240.3,792.8,8
l5ZWNLnfskv9LTE03S,World Cup Football GIF by OneFootball Heads,country,upload-log,UZBEKISTAN_YASHA,2026-06-18,2026-09-08,48966,597.1,790.6,8
6JQsOcUAjOChX75DUd,Serving Main Character GIF by OneFootball Heads,reaction,upload-log,REACTION_SLAY,2026-08-18,2026-09-08,16100,766.7,789.5,8
ybF46HrsLDFuMrg0NO,France Football GIF by OneFootball Heads,player,upload-log,FRANCE_MBAPPE,2026-07-05,2026-09-08,33416,514.1,786.1,8
HM50iKLhED7tYTgtrk,France Football Sticker by OneFootball Heads,country,title,,2026-07-22,2026-09-08,40455,842.8,780.5,8
ISBdLIqOp4BB0XZ9ZP,La Liga Aura Sticker by OneFootball Heads,uncategorised,none,,2026-08-18,2026-09-08,14982,713.4,779.8,8
4yd3gQjXGb9aFks0bS,Serious Red Card GIF by OneFootball Heads,football-generic,slug,,2025-10-19,2026-09-08,2074281,6402.1,777.2,8
E0xJwLqR8naax696nQ,Real Madrid Football Sticker by OneFootball Heads,uncategorised,none,,2026-07-22,2026-09-08,48345,1007.2,769.8,8
Fk1G76mvlTOS0YUZ5A,Football Belgium Sticker by OneFootball Heads,country,title,,2026-07-22,2026-09-08,33475,697.4,767.2,8
bRI1sNgKvZoO69xpZt,France Football Sticker by OneFootball Heads,country,title,,2026-07-22,2026-09-08,45925,956.8,763.4,8
yzc7OYyffaFr1W6Jml,Vinicius Junior Football Sticker by OneFootball Heads,uncategorised,none,,2026-07-22,2026-09-08,51648,1076.0,762.9,8
FpWKtmKDYtFqgQ4F1p,Add Me Friend Request Sticker by OneFootball Heads,uncategorised,none,,2026-07-28,2026-09-08,42108,1002.6,760.8,8
eXp6TrPKFtz2QlG4Uo,Hold On Brb Sticker by OneFootball Heads,uncategorised,none,,2026-08-05,2026-09-08,28835,848.1,759.4,8
z7kuboVsFhWrC6gJDp,Cool Off Break Time GIF by OneFootball Heads,reaction,slug,,2025-07-01,2026-09-08,929850,2142.5,750.2,8
oRUV18AcLTVmArBuy5,Feel Better Take Care GIF by OneFootball Heads,reaction,upload-log,REACTION_GETWELL,2026-08-10,2026-09-08,22992,792.8,745.4,8
7UCWuilJRYlAu15j7U,Celebrate World Cup GIF by OneFootball Heads,football-generic,slug,,2026-01-20,2026-09-08,3788650,16401.1,744.9,8
SMwNw54F5yZtqyTXNY,Football Norway Sticker by OneFootball Heads,country,title,,2026-07-22,2026-09-08,57331,1194.4,740.0,8
qJw4maZ7dvqO6QsGJh,Miss You Hug GIF by OneFootball Heads,reaction,upload-log,REACTION_BIGHUG,2026-07-28,2026-09-08,43560,1037.1,739.5,8
U4iDELyXogCfzk2SPc,World Cup Football GIF by OneFootball Heads,player,upload-log,GHANA_SEMENYO,2026-07-05,2026-09-08,50483,776.7,738.6,8
7HLrdcksEhIrZa9Zir,Germany Football GIF by OneFootball Heads,player,upload-log,GERMANY_HAVERTZ,2026-07-05,2026-09-08,23197,356.9,738.2,8
bbQA9p31wBCfGP7Lqq,Red Button No GIF by OneFootball Heads,football-generic,slug,,2025-10-19,2026-09-08,1281825,3956.2,738.0,8
syTxsyJjCeublic7d4,France Football GIF by OneFootball Heads,player,upload-log,FRANCE_MBAPPE_NT,2026-07-05,2026-09-08,52929,814.3,737.2,8
9bpDIJJ6W3RRCyfGZP,Fight Football GIF by OneFootball Heads,other,upload-log,PHILIPPINES_LABAN,2026-08-18,2026-09-08,22668,1079.4,731.5,8
9ReJWTZDpvch3KYppQ,France Football GIF by OneFootball Heads,country,upload-log,FRANCE_GOLDENBOOT_NT,2026-07-22,2026-09-08,52797,1099.9,730.5,8
8eLBLo0NrUqDGNrH3W,Locked In Focus Sticker by OneFootball Heads,uncategorised,none,,2026-08-18,2026-09-08,17143,816.3,725.6,8
12h0oJrF1Dl0MHExt2,France Football Sticker by OneFootball Heads,country,title,,2026-07-22,2026-09-08,52924,1102.6,725.2,8
jzNfEq4G6PlhcWjGmV,Miss You Sticker by OneFootball Heads,uncategorised,none,,2026-08-10,2026-09-08,24347,839.6,721.2,8
UiN6zWG0ArXRCn52L0,World Cup Football GIF by OneFootball Heads,country,upload-log,CROATIA_GVARDIOL,2026-06-18,2026-09-08,33113,403.8,704.6,8
LLJZa29zWpqjzrVNHB,Mohamed Salah Football Sticker by OneFootball Heads,uncategorised,none,,2026-07-22,2026-09-08,43148,898.9,701.1,8
pIQoynVdXIZshkdd9a,Alphonso Davies Football Sticker by OneFootball Heads,player,title,,2026-07-22,2026-09-08,20530,427.7,695.4,8
kvrucA56Ge96PitAIf,Sad Game Over GIF by OneFootball Heads,reaction,slug,,2025-08-03,2026-09-08,2104476,5248.1,694.9,8
O2iEG5r6EhWWPVCIMl,World Cup Football GIF by OneFootball Heads,country,upload-log,ARGENTINA_EMI_MARTINEZ,2026-06-18,2026-09-08,140657,1715.3,693.4,8
CLsZfPTw3az9SfokNz,Referee Var GIF by OneFootball Heads,reaction,slug,,2025-08-04,2026-09-08,544712,1361.8,692.2,8
saM8smyVfRy2WxXNf3,World Cup Football GIF by OneFootball Heads,player,upload-log,NETHERLANDS_VANDIJK_NT,2026-07-05,2026-09-08,77330,1189.7,690.1,8
6a3eNd7DeaD1dk11hn,World Cup Football GIF by OneFootball Heads,player,upload-log,PORTUGAL_RONALDO_NT,2026-07-05,2026-09-08,51829,797.4,684.2,8
GGxYV9J86hAuLOftmX,World Cup Football GIF by OneFootball Heads,country,upload-log,UZBEKISTAN_OQ_BORILAR,2026-06-18,2026-09-08,111753,1362.8,679.2,8
3SkP2Mn8rWCPR7qYs8,France Football Sticker by OneFootball Heads,country,title,,2026-07-22,2026-09-08,36651,763.6,678.5,8
KGTieGwsFTzfKxi73d,France Football GIF by OneFootball Heads,country,upload-log,FRANCE_GOLDENBOOT,2026-07-22,2026-09-08,39070,814.0,673.6,8
7js3sdMoAXf6iljz9J,Cristiano Ronaldo Football Sticker by OneFootball Heads,player,title,,2026-07-22,2026-09-08,38472,801.5,670.8,8
TL448BG9MrQXfVRka2,Happy Good Vibes GIF by OneFootball Heads,football-generic,slug,,2026-05-18,2026-09-08,87667,775.8,669.6,8
QTRlMVKXeT15fGVLbk,World Cup Football GIF by OneFootball Heads,country,upload-log,IRAQ_FLAG,2026-06-18,2026-09-08,75481,920.5,668.0,8
yBUiOi29DnkVtPnSck,Hold On Brb Sticker by OneFootball Heads,uncategorised,none,,2026-08-05,2026-09-08,28493,838.0,664.9,8
TKD59tLZwJjpInRhVE,Bruno Fernandes Portugal Sticker by OneFootball Heads,player,title,,2026-08-18,2026-09-08,15733,749.2,663.8,8
yK7UnYilNJehrLYsIm,World Cup Football GIF by OneFootball Heads,country,upload-log,MOROCCO_ATLAS_LIONS,2026-06-18,2026-09-08,88642,1081.0,663.4,8
4iwyORJpVG7GLfMZvu,South Korea Football Sticker by OneFootball Heads,country,title,,2026-07-22,2026-09-08,49145,1023.9,662.6,8
wyVRFz9fJaE5B8IZ2I,France Football GIF by OneFootball Heads,country,upload-log,FRANCE_BARCOLA,2026-06-18,2026-09-08,37064,452.0,661.0,8
toz148aIki3hNi79mi,World Cup Football GIF by OneFootball Heads,player,upload-log,CROATIA_MODRIC_NT,2026-07-05,2026-09-08,57137,879.0,659.8,8
hJHziY8ehiG4m6HxSV,Alphonso Davies Football Sticker by OneFootball Heads,player,title,,2026-07-22,2026-09-08,21184,441.3,652.8,8
kQRBgO3pn3vEnFTgXa,World Cup Football GIF by OneFootball Heads,player,upload-log,SPAIN_YAMAL_NT,2026-07-05,2026-09-08,85242,1311.4,652.2,8
mYNEpIFkBXXyA3E2SJ,World Cup Football GIF by OneFootball Heads,country,upload-log,NORWAY_ODEGAARD,2026-06-18,2026-09-08,119486,1457.1,651.4,8
t8SxzpqSbWCkZscsKZ,France Football Sticker by OneFootball Heads,country,title,,2026-07-22,2026-09-08,42505,885.5,650.4,8
uZzDdw53yMluV0UWVF,Excited Here We Go Sticker by OneFootball Heads,uncategorised,none,,2026-07-22,2026-09-08,38255,797.0,645.4,8
6o7c1nxSuBTp6XIMzm,Football Soccer GIF by OneFootball Heads,football-generic,slug,,2026-03-26,2026-09-08,715560,4310.6,644.5,8
kFnvhvvnxA6KwTnIzA,Hat-Trick Football GIF by OneFootball Heads,football-generic,slug,,2026-03-26,2026-09-08,472072,2843.8,643.5,8
tgLpK2WbZhGe0D6UbT,Slow Motion Boom GIF by OneFootball Heads,reaction,slug,,2025-06-18,2026-09-08,436218,975.9,642.0,8
2OZgYoYD7xUPQjGmsl,World Cup Football GIF by OneFootball Heads,player,upload-log,GHANA_SEMENYO_NT,2026-07-05,2026-09-08,42622,655.7,640.1,8
pQxOnCwLvTBG4uf3KD,Angry Over It GIF by OneFootball Heads,reaction,slug,,2025-07-01,2026-09-08,963476,2220.0,635.6,8
MODuEqgpv6IROKtJrO,Roblox GIF by OneFootball Heads,football-generic,slug,,2026-01-20,2026-09-08,198310,858.5,635.1,8
2ltRBrU98eB6SOCvlL,Football Argentina Sticker by OneFootball Heads,country,title,,2026-07-22,2026-09-08,34602,720.9,633.1,8
CznAgEDyLaic6yT3it,No Money Im Broke Sticker by OneFootball Heads,uncategorised,none,,2026-08-10,2026-09-08,18462,636.6,632.4,8
BKBmjqo7OhXyBwjnJ1,World Cup Football GIF by OneFootball Heads,player,upload-log,TURKIYE_GULER_NT,2026-07-05,2026-09-08,40883,629.0,626.6,8
dfwpUHP88TTodHV7xY,Premier League Football GIF by OneFootball Heads,country,upload-log,NORWAY_HESBACK_NT,2026-07-22,2026-09-08,39108,814.8,626.4,8
aZhAXcAN33Makb02CK,World Cup Football GIF by OneFootball Heads,country,upload-log,EGYPT_PHARAOHS,2026-06-18,2026-09-08,157596,1921.9,622.9,8
A3LVoOEQrusFFssX5m,Slay Serving Sticker by OneFootball Heads,uncategorised,none,,2026-08-18,2026-09-08,12479,594.2,622.0,8
TCYSBvF1McWeOViTdS,World Cup Football GIF by OneFootball Heads,country,upload-log,SPAIN_CUBARSI,2026-06-18,2026-09-08,269768,3289.9,618.5,8
dgXu5U7aMzbfILnDcj,World Cup Football GIF by OneFootball Heads,country,upload-log,EGYPT_YALLA_MASR,2026-06-18,2026-09-08,260196,3173.1,615.8,8
TWBEBifNIlRw3WZysb,Happy Champions League GIF by OneFootball Heads,reaction,slug,,2025-08-04,2026-09-08,568934,1422.3,615.0,8
pMfKSHdT0qvK2OJJKD,Sleepy Football GIF by OneFootball Heads,reaction,upload-log,REACTION_FIVEMOREMINS,2026-08-18,2026-09-08,16971,808.1,611.1,8
yVkY5XkSGEbmGkqKlt,Foodie Watermelon GIF by OneFootball Heads,football-generic,slug,,2025-09-11,2026-09-08,459370,1269.0,608.5,8
cwXLRZXXoL0np7eb72,Bubbles Childhood GIF by OneFootball Heads,football-generic,slug,,2025-09-11,2026-09-08,294025,812.2,605.5,8
6DHkm44QfaRU4jjkTd,France Football GIF by OneFootball Heads,player,upload-log,FRANCE_SALIBA_NT,2026-07-05,2026-09-08,48912,752.5,600.5,8
xNJVAiSsa1wtC14act,Angry Soccer GIF by OneFootball Heads,reaction,slug,,2025-07-01,2026-09-08,625541,1441.3,599.8,8
R60s9NrOwv5eTrRPzV,Game Day Chips GIF by OneFootball Heads,reaction,slug,,2025-07-01,2026-09-08,251224,578.9,599.1,8
NZNjSEXDfUQbmupjJW,World Cup Football GIF by OneFootball Heads,country,upload-log,PORTUGAL_VAMOS,2026-06-18,2026-09-08,90687,1105.9,594.2,8
XPN3II0GRNvYBEbxqs,World Cup Football GIF by OneFootball Heads,player,upload-log,ENGLAND_FODEN_NT,2026-07-05,2026-09-08,57421,883.4,594.1,8
0DWKPIIDI9sWSoKa5F,Lionel Messi Football Sticker by OneFootball Heads,uncategorised,none,,2026-07-22,2026-09-08,28290,589.4,593.8,8
GXeaCeLxr1Vgcurw78,Serving Main Character GIF by OneFootball Heads,reaction,upload-log,REACTION_SLAY_NT,2026-08-18,2026-09-08,12255,583.6,593.5,8
ZeK2ek6RtyEL73iY0B,World Cup Football GIF by OneFootball Heads,country,upload-log,JORDAN_NASHAMA_AR,2026-06-18,2026-09-08,57007,695.2,591.4,8
6UDc6ioncYRxWDnp0G,Signing Football Fan GIF by OneFootball Heads,football-generic,slug,,2026-05-22,2026-09-08,269241,2470.1,590.2,8
go703FNMkaozEq7tqJ,World Cup Football GIF by OneFootball Heads,player,upload-log,ENGLAND_BELLINGHAM_BELLINGHAM,2026-07-06,2026-09-08,83062,1297.8,589.2,8
ZfzDxoltZ5FyWrmTJl,Celebrate World Cup GIF by OneFootball Heads,football-generic,slug,,2026-01-20,2026-09-08,1138884,4930.2,584.5,8
fVPVSpEApPhaPTBlFK,Bruno Fernandes Shrug Sticker by OneFootball Heads,player,title,,2026-07-22,2026-09-08,24556,511.6,581.2,8
smYcsWrx7gVuOkY5QQ,Lets Go Football GIF by OneFootball Heads,country,upload-log,EGYPT_YALLA,2026-08-18,2026-09-08,12697,604.6,581.1,8
6nKHuV12HeAYk5Qyry,Football Searching GIF by OneFootball Heads,country,upload-log,EGYPT_WHERESMO,2026-08-18,2026-09-08,14177,675.1,580.6,8
zC1NmByT5WMiTaMHQS,Germany Football GIF by OneFootball Heads,player,upload-log,GERMANY_WIRTZ_NT,2026-07-05,2026-09-08,58263,896.4,578.8,8
NU5arjj8ut7RpNelJ9,World Cup Football GIF by OneFootball Heads,country,upload-log,IRAQ_YALLA,2026-06-18,2026-09-08,85742,1045.6,573.2,8
Lg6tJBqeg7Z8iHTvJK,World Cup Football GIF by OneFootball Heads,country,upload-log,ALGERIA_TAHYA,2026-06-18,2026-09-08,222955,2719.0,572.9,8
b7B608uSFXLuR9yWYH,France Football GIF by OneFootball Heads,player,upload-log,FRANCE_DOUE,2026-07-05,2026-09-08,69662,1071.7,571.6,8
kc5sCk8smIzR9bEVmq,World Cup Football GIF by OneFootball Heads,player,upload-log,ENGLAND_KANE_NT,2026-07-05,2026-09-08,49856,767.0,571.6,8
8HsLMUNvbQnVzLWcty,World Cup Football GIF by OneFootball Heads,country,upload-log,BOSNIA_FLAG,2026-06-18,2026-09-08,68230,832.1,569.6,8
nDcAtQrrztB6tjk8d1,Big Brain Football Sticker by OneFootball Heads,uncategorised,none,,2026-07-22,2026-09-08,41872,872.3,569.6,8
JYGndXVhK5n2aZ2mne,La Liga Aura Sticker by OneFootball Heads,uncategorised,none,,2026-08-18,2026-09-08,12532,596.8,566.0,8
N8j7uvd3K7ewojOxxY,Accuse He Did It GIF by OneFootball Heads,reaction,slug,,2025-08-03,2026-09-08,206996,516.2,565.0,8
epsrwYgPyUV4qhCquP,Fantasy Football GIF by OneFootball Heads,reaction,upload-log,REACTION_TRIPLECAPTAIN,2026-08-18,2026-09-08,17454,831.1,563.1,8
Dv4oKPwiykQqHhZr1W,Football England Sticker by OneFootball Heads,country,title,,2026-07-22,2026-09-08,26663,555.5,561.8,8
obqQ7nCPajM1XwGMzH,Suspicious Side Eye Sticker by OneFootball Heads,uncategorised,none,,2026-08-05,2026-09-08,21830,642.1,560.1,8
QGy9WgPA5wdXUx7yKE,Nara Superfans GIF by OneFootball Heads,reaction,slug,,2026-02-09,2026-09-08,199228,944.2,558.9,8
m7sXoT4sjUcHqlfqFS,Football Spain Sticker by OneFootball Heads,country,title,,2026-07-22,2026-09-08,31009,646.0,552.6,8
6RL11R4fio6tTZS5B3,Labor Day Chill Sticker by OneFootball Heads,uncategorised,none,,2026-07-22,2026-09-08,19350,403.1,552.0,8
hBt0VjWkZbFRBrBACu,Refreshing Water Bottle GIF by OneFootball Heads,reaction,slug,,2025-06-18,2026-09-08,3460554,7741.7,551.4,8
FE082NASfhS5hGoRfm,Tired Back To School GIF by OneFootball Heads,reaction,upload-log,REACTION_BACKTOSCHOOL,2026-07-22,2026-09-08,9839,205.0,549.5,8
QytjwhKBE2ObyydwQb,Big Game Matchday GIF by OneFootball Heads,football-generic,slug,,2026-05-22,2026-09-08,159012,1458.8,549.1,8
RvcR0cRgecgpmgCjti,Germany Football GIF by OneFootball Heads,country,upload-log,GERMANY_STILLHERE,2026-08-18,2026-09-08,14280,680.0,548.4,8
hhL4cErWygGzv0PMwl,Pool Party Summer GIF by OneFootball Heads,reaction,slug,,2026-01-20,2026-09-08,436193,1888.3,546.5,8
v2rHslWUoSF5p6UAlH,Football Soccer GIF by OneFootball Heads,other,upload-log,POLAND_JAZDA,2026-08-18,2026-09-08,27767,1322.2,543.5,8
eRX5a3BHg4ezXw0UCh,Football Argentina Sticker by OneFootball Heads,country,title,,2026-07-22,2026-09-08,30813,641.9,543.2,8
9x7iTJfqgFQMCs0cvY,World Cup Football GIF by OneFootball Heads,player,upload-log,SPAIN_PEDRI_NT,2026-07-05,2026-09-08,59150,910.0,540.1,8
kg26UxATxZow3AsKZZ,World Cup Football GIF by OneFootball Heads,country,upload-log,BRAZIL_MARTINELLI,2026-06-18,2026-09-08,230010,2805.0,536.9,8
oxj2Z1k2cHtR0oZkqj,Coffee Time Reaction Gif GIF by OneFootball Heads,reaction,slug,,2025-06-20,2026-09-08,246522,554.0,536.9,8
hUgUnBmpjUXA8w2eBC,World Cup Football GIF by OneFootball Heads,country,upload-log,MEXICO_VIVA,2026-06-18,2026-09-08,74895,913.4,535.8,8
4BK8VPhK3i3iJZFVPl,Process Believe Sticker by OneFootball Heads,uncategorised,none,,2026-08-18,2026-09-08,10861,517.2,535.0,8
RTfnIv6gEMX6qqTUtt,Nervous Under Pressure Sticker by OneFootball Heads,uncategorised,none,,2026-08-18,2026-09-08,11162,531.5,533.0,8
9joM0t278fxmxw63iM,Mohamed Salah Football Sticker by OneFootball Heads,uncategorised,none,,2026-07-22,2026-09-08,39602,825.0,531.0,8
4LSRc6JcAvdcJvOele,Awkward Cringe Sticker by OneFootball Heads,uncategorised,none,,2026-08-05,2026-09-08,15494,455.7,528.4,8
vgMxyT3D5Nf7YtgLEN,World Cup Football GIF by OneFootball Heads,country,upload-log,ECUADOR_ESTUPINAN,2026-06-18,2026-09-08,39519,481.9,527.0,8
3fSVzda67xbuHj0jFc,Sleepy Good Night GIF by OneFootball Heads,reaction,upload-log,REACTION_GOODNIGHT,2026-08-18,2026-09-08,11744,559.2,524.6,8
uN8wdjnLJ5oRknSFQz,Football Defending GIF by OneFootball Heads,reaction,upload-log,REACTION_PARKTHEBUS_NT,2026-08-10,2026-09-08,24969,861.0,524.4,8
no6Mm0U0L9Mv9tzvN9,Nara Superfans GIF by OneFootball Heads,reaction,slug,,2026-02-09,2026-09-08,177267,840.1,524.2,8
4yGaQKJE08kHXPuyMn,Celebrate World Cup GIF by OneFootball Heads,football-generic,slug,,2026-01-20,2026-09-08,955954,4138.3,520.0,8
V2iTAiTz1UENEuooXW,World Cup Football GIF by OneFootball Heads,player,upload-log,SPAIN_PEDRI,2026-07-05,2026-09-08,51720,795.7,519.8,8
rqRCINmIhqekY7cxwt,World Cup Football GIF by OneFootball Heads,player,upload-log,EGYPT_SALAH,2026-07-05,2026-09-08,57108,878.6,518.5,8
mruAYNxpRfWT7zWOVa,World Cup Football GIF by OneFootball Heads,country,upload-log,EGYPT_YALLA_MASR_AR,2026-06-18,2026-09-08,95661,1166.6,516.1,8
0S2uKh8lb7S9fwEimR,Germany Football Sticker by OneFootball Heads,country,title,,2026-07-22,2026-09-08,10692,222.8,515.9,8
R3h2NcJNbFNBpS4g6q,Out Of Office Season GIF by OneFootball Heads,football-generic,slug,,2026-05-22,2026-09-08,162474,1490.6,511.9,8
r1CQkqGt4aI7wr1Ohw,Celebrate World Cup GIF by OneFootball Heads,country,slug,,2026-01-20,2026-09-08,218191,944.5,509.9,8
jQgLlzy0ZT54ZCBLTt,World Cup Football GIF by OneFootball Heads,player,upload-log,ENGLAND_MAINOO_NT,2026-07-05,2026-09-08,52747,811.5,507.1,8
y2QSRInUPq9f5evJVB,Stay Calm Market Crash GIF by OneFootball Heads,reaction,slug,,2025-06-18,2026-09-08,290182,649.2,507.1,8
81EGk29eiw9H1hpqdY,Feel Better Take Care GIF by OneFootball Heads,reaction,upload-log,REACTION_GETWELL_NT,2026-08-10,2026-09-08,18411,634.9,503.4,8
H1bTEEl6lDeQC55aJ7,Football Belgium Sticker by OneFootball Heads,country,title,,2026-07-22,2026-09-08,24533,511.1,503.0,8
rcKw9ZKuo0lLFzIuuZ,Warning Red Flag GIF by OneFootball Heads,reaction,slug,,2026-02-09,2026-09-08,288499,1367.3,501.2,8
UEKfzPmN5PVlXlteZ6,Fight Football GIF by OneFootball Heads,other,upload-log,PHILIPPINES_LABAN_NT,2026-08-18,2026-09-08,20674,984.5,499.2,8
eGITs6JOnYa9vtjIwc,World Cup Football GIF by OneFootball Heads,country,upload-log,BRAZIL_VAI_BRASIL,2026-06-18,2026-09-08,109133,1330.9,498.5,8
JzWgXU8rTwWUH8tbYo,Screen Time Scrolling Sticker by OneFootball Heads,uncategorised,none,,2026-08-18,2026-09-08,10473,498.7,497.9,8
HBz4ZFEBOWzRdBO70e,World Cup Football GIF by OneFootball Heads,country,upload-log,SPAIN_CUCURELLA,2026-06-18,2026-09-08,1156790,14107.2,489.6,8
LmZ1eYxkhzjwAdg5QL,Saudi Arabia Football GIF by OneFootball Heads,country,upload-log,SAUDI_ARABIA_NATIONALDAY_NT,2026-08-18,2026-09-08,8891,423.4,489.6,8
KdGrZVeuGKH1GUuc29,Locked In Focus Sticker by OneFootball Heads,uncategorised,none,,2026-08-18,2026-09-08,12204,581.1,488.1,8
0LBI2fJsWSO88UZip6,World Cup Football GIF by OneFootball Heads,player,upload-log,SPAIN_RODRI,2026-07-05,2026-09-08,234502,3607.7,486.8,8
b40vcDOn7iizajr2oM,Football Fan Scout GIF by OneFootball Heads,football-generic,slug,,2026-05-22,2026-09-08,185421,1701.1,481.5,8
kCbiTm717MlCNnAxeU,France Football GIF by OneFootball Heads,player,upload-log,FRANCE_OLISE,2026-07-05,2026-09-08,52310,804.8,479.6,8
p2siAywa55FzDHbCvQ,Germany Football GIF by OneFootball Heads,country,upload-log,GERMANY_STILLHERE_NT,2026-08-18,2026-09-08,12513,595.9,478.6,8
4I8DiIUSUnnTBauMmF,World Cup Football GIF by OneFootball Heads,country,upload-log,ECUADOR_PACHO,2026-06-18,2026-09-08,55469,676.5,478.1,8
6nsJtjKzfX0DYG6Fg8,World Cup Football GIF by OneFootball Heads,country,upload-log,SCOTLAND_FLOWER,2026-06-18,2026-09-08,55520,677.1,477.5,8
UxIqUYwwUampJ8DTtS,World Cup Football GIF by OneFootball Heads,player,upload-log,BRAZIL_ALISSON,2026-07-05,2026-09-08,39188,602.9,477.1,8
xkc4OjlkEu20QRCgt1,Log Off Fresh Air GIF by OneFootball Heads,reaction,upload-log,REACTION_TOUCHGRASS,2026-08-18,2026-09-08,12868,612.8,476.9,8
4XEUw17xG7OGK9nuJw,Happy Lets Go GIF by OneFootball Heads,reaction,slug,,2025-06-26,2026-09-08,2526920,5756.1,474.9,8
1VoVsG6WlTCqUv2uSU,Bruno Fernandes Shrug Sticker by OneFootball Heads,player,title,,2026-07-22,2026-09-08,21018,437.9,473.5,8
KtttnFu2Mr4fZKCeJe,Football Mane Sticker by OneFootball Heads,uncategorised,none,,2026-07-22,2026-09-08,51467,1072.2,472.5,8
GJEvTVbP5UFX1rqFKc,Frustrated Video Games GIF by OneFootball Heads,football-generic,slug,,2025-09-11,2026-09-08,240147,663.4,471.5,8
6qI2NYWngdAxxVX1zJ,Good Vibes Thank You GIF by OneFootball Heads,reaction,slug,,2025-08-03,2026-09-08,85465,213.1,470.2,8
lZZ0LAMaAEOTY0ERz9,Best Friend Football GIF by OneFootball Heads,reaction,upload-log,REACTION_FRIENDSHIPDAY,2026-07-28,2026-09-08,179076,4263.7,467.5,8
eEsEr5zx8SiFZxNOFO,Grilling Labor Day Sticker by OneFootball Heads,uncategorised,none,,2026-08-05,2026-09-08,11398,335.2,467.1,8
KyUIjPQuLolO6vfaFD,World Cup Football GIF by OneFootball Heads,player,upload-log,BRAZIL_VINI,2026-07-05,2026-09-08,61720,949.5,465.5,8
UsmbteOniFBYGWTrHx,Football Treat Yourself GIF by OneFootball Heads,reaction,upload-log,REACTION_SELFCARE,2026-08-18,2026-09-08,11362,541.0,465.2,8
EsTiklBWYzosIzPluo,World Cup Football GIF by OneFootball Heads,country,upload-log,COLUMBIA_MI_COLOMBIA,2026-06-18,2026-09-08,46832,571.1,464.0,8
85pJRIDsWcRCRBKFhd,Happy Birthday Football Sticker by OneFootball Heads,uncategorised,none,,2026-07-22,2026-09-08,13836,288.2,462.2,8
gGTnOmNz9RWBhLAOww,Hungry Bad Day GIF by OneFootball Heads,football-generic,slug,,2025-09-11,2026-09-08,329305,909.7,461.1,8
b9iyHY2H42ewQGxDWD,Spanish Football GIF by OneFootball Heads,country,upload-log,SPAIN_FIESTA,2026-08-18,2026-09-08,9558,455.1,460.9,8
3bdT6rswZrdJAAXyIY,World Cup Football GIF by OneFootball Heads,country,upload-log,NEW_ZEALAND_KIA_KAHA,2026-06-18,2026-09-08,29403,358.6,459.9,8
ju4JqzNVQrJQULIrQQ,Leo Messi Football Sticker by OneFootball Heads,player,title,,2026-07-22,2026-09-08,22812,475.2,455.6,8
QBgFxeacBb59LMX5su,Celebrate World Cup GIF by OneFootball Heads,football-generic,slug,,2026-01-20,2026-09-08,627923,2718.3,453.0,8
XVluxxVNlvj7mOkHVD,Germany Football Sticker by OneFootball Heads,country,title,,2026-07-22,2026-09-08,42278,880.8,452.5,8
4Z5Et8yinfeZ1jfuJF,World Cup Shrug GIF by OneFootball Heads,player,upload-log,PORTUGAL_BRUNO_NT,2026-07-05,2026-09-08,32068,493.4,452.1,8
BqKx9z6SmgH9xfzMoU,Football Spain Sticker by OneFootball Heads,country,title,,2026-07-22,2026-09-08,27069,563.9,451.9,8
bnqEjEUGGVrwEqWNJ0,World Cup Football GIF by OneFootball Heads,player,upload-log,NETHERLANDS_VANDIJK,2026-07-05,2026-09-08,57741,888.3,449.0,8
6vaqqwTzS6SuR36oIW,Tidy Up GIF by OneFootball Heads,reaction,slug,,2025-08-04,2026-09-08,226257,565.6,447.6,8
LM6727wPq5tzhvVLMJ,World Cup Football GIF by OneFootball Heads,country,upload-log,AUSTRALIA_OI_OI_OI,2026-06-18,2026-09-08,128279,1564.4,446.1,8
2PSJbtzGkCGH4bR9Md,Not Listening La La La GIF by OneFootball Heads,reaction,upload-log,REACTION_NOSPOILERS,2026-08-10,2026-09-08,17543,604.9,446.1,8
vh8iTiG94nQbvh7KU8,Lets Go Football GIF by OneFootball Heads,country,upload-log,EGYPT_YALLA_NT,2026-08-18,2026-09-08,10620,505.7,442.9,8
GREZfNqe681gUp8ECl,Miss You Football GIF by OneFootball Heads,reaction,upload-log,REACTION_MISSYOU,2026-08-10,2026-09-08,15960,550.3,442.1,8
ahzheVVpPPdCwejdOe,Football Scrolling GIF by OneFootball Heads,reaction,upload-log,REACTION_DOOMSCROLL_NT,2026-08-18,2026-09-08,12944,616.4,440.8,8
C932EjtWrmuYbX5KYd,Tired Back To School GIF by OneFootball Heads,reaction,upload-log,REACTION_BACKTOSCHOOL_NT,2026-07-22,2026-09-08,12721,265.0,440.6,8
4p4coQ86ez7Ru85vou,Real Madrid Football GIF by OneFootball Heads,country,upload-log,ENGLAND_BELLINGOAL_NT,2026-07-22,2026-09-08,22443,467.6,440.2,8
UwKnpGaeFmihxIEt4Z,World Cup Football GIF by OneFootball Heads,country,upload-log,SCOTLAND_BOOGIE,2026-06-18,2026-09-08,60976,743.6,438.0,8
0k7iBVimZCliGYjdfK,Believe Inner Peace GIF by OneFootball Heads,reaction,upload-log,REACTION_TRUSTPROCESS,2026-08-18,2026-09-08,10958,521.8,438.0,8
gmEnnJ3Cj1fBPirnyp,World Cup Football GIF by OneFootball Heads,country,upload-log,PORTUGAL_RAMOS,2026-06-18,2026-09-08,118163,1441.0,437.8,8
xsrxivJCfbyxTsmAzA,Sleepy Good Night GIF by OneFootball Heads,reaction,upload-log,REACTION_GOODNIGHT_NT,2026-08-18,2026-09-08,11704,557.3,437.4,8
APgneCdOW1Reh0qaf0,Referee Var Sticker by OneFootball Heads,uncategorised,none,,2026-08-05,2026-09-08,14886,437.8,436.0,8
ew2RAEkOVb0O643Wtj,Good Vibes Dancing GIF by OneFootball Heads,football-generic,slug,,2025-09-11,2026-09-08,123136,340.2,434.4,8
iU3b4pC0P1BXj0q33u,Lets Go Egypt Sticker by OneFootball Heads,country,title,,2026-08-18,2026-09-08,9266,441.2,433.4,8
PdVb9g4MVTNgQ2OL26,World Cup Football GIF by OneFootball Heads,country,upload-log,IRAQ_MESOPOTAMIA,2026-06-18,2026-09-08,60589,738.9,431.0,8
FjOH5YsFZv0M1wuIBb,Metal Detector GIF by OneFootball Heads,reaction,slug,,2026-02-09,2026-09-08,1479327,7011.0,424.2,8
MOFcWviiXfudeIwlN5,Nervous Under Pressure GIF by OneFootball Heads,reaction,upload-log,REACTION_PRESSURE,2026-08-18,2026-09-08,11842,563.9,420.5,8
MkWIIlx3OJUj6dte7h,Screen Time Scrolling Sticker by OneFootball Heads,uncategorised,none,,2026-08-18,2026-09-08,9071,432.0,418.8,8
vfeGz24qxWeBGpJkzg,Viet Nam Football GIF by OneFootball Heads,other,upload-log,VIETNAM_VODICH_NT,2026-08-18,2026-09-08,37981,1808.6,416.9,8
PnqbhEnqfDEUnOi5cH,Football Searching GIF by OneFootball Heads,country,upload-log,EGYPT_WHERESMO_NT,2026-08-18,2026-09-08,9784,465.9,414.8,8
vhCeQWMJEmFvfjONgE,Germany Football Sticker by OneFootball Heads,country,title,,2026-07-22,2026-09-08,24186,503.9,412.0,8
QyRWxP3YleogvGmo01,Jack O Lantern Smile GIF by OneFootball Heads,football-generic,slug,,2025-10-19,2026-09-08,93432,288.4,411.9,8
J3HhbqcC2mKM6eetbu,World Cup Football GIF by OneFootball Heads,country,upload-log,MEXICO_CIELITO,2026-06-18,2026-09-08,55533,677.2,411.5,8
RWX2nTNdXEnrfWiZa4,The Wall Football Sticker by OneFootball Heads,uncategorised,none,,2026-07-22,2026-09-08,25229,525.6,409.6,8
nqEtJ6z9u3zHbdmFq9,Tired Barbecue GIF by OneFootball Heads,football-generic,slug,,2025-09-11,2026-09-08,131756,364.0,408.1,8
sTKnZMlZKwYbtflXQq,Angry Watch Out GIF by OneFootball Heads,reaction,slug,,2025-08-04,2026-09-08,322082,805.2,405.9,8
TiuUji4KiJvFuzPFYg,Hungry Noodles GIF by OneFootball Heads,reaction,slug,,2025-06-20,2026-09-08,548909,1233.5,404.5,8
0citpjho00ObF3pMEm,World Cup Football GIF by OneFootball Heads,country,upload-log,IRAQ_LETSGO,2026-06-18,2026-09-08,48089,586.5,403.1,8
9L7p0XupqB44TIXms9,Germany Football GIF by OneFootball Heads,player,upload-log,GERMANY_NEUER_NT,2026-07-05,2026-09-08,42743,657.6,399.8,8
vaKM2dq2diEh9vUBQP,OneFootball Heads GIF,reaction,slug,,2025-06-13,2026-09-08,219806,486.3,399.5,8
9HtqtBJIrXjEyDlqtp,Scoring Football Game GIF by OneFootball Heads,football-generic,slug,,2025-09-11,2026-09-08,401879,1110.2,398.6,8
1pnf06KKMM2qlRmCIj,Football Fist Bump GIF by OneFootball Heads,reaction,upload-log,REACTION_RESPECT,2026-07-28,2026-09-08,25874,616.0,397.0,8
BAvIhFpn2zXzDlaAKV,World Cup Football GIF by OneFootball Heads,country,upload-log,IRAQ_RAFIDAIN,2026-06-18,2026-09-08,87978,1072.9,396.4,8
sGkjKXy02jm6wjrij1,I Love You Kiss GIF by OneFootball Heads,reaction,slug,,2025-08-03,2026-09-08,302522,754.4,396.2,8
N4Aef2XhTGp692NZx7,World Cup Football GIF by OneFootball Heads,player,upload-log,ENGLAND_FODEN_V0705204827,2026-07-06,2026-09-08,64714,1011.2,396.0,8
VUJFF1jbhxVFyUtLTJ,World Cup Football GIF by OneFootball Heads,country,upload-log,SPAIN_MERINO,2026-06-18,2026-09-08,700928,8547.9,395.8,8
zx3ayFaNycGyE1nZ01,La Roja Celebration Sticker by OneFootball Heads,uncategorised,none,,2026-07-22,2026-09-08,32548,678.1,394.6,8
9U6b6gMXIeBroW6Uyr,Save Rocket League GIF by OneFootball Heads,reaction,upload-log,REACTION_WHATASAVE,2026-08-18,2026-09-08,10112,481.5,394.6,8
YSGYAhBJmO8fZiDyMH,Miss You Football GIF by OneFootball Heads,reaction,upload-log,REACTION_MISSYOU_NT,2026-08-10,2026-09-08,13641,470.4,394.4,8
aFQPmNaCbkCl3EdYeY,Suspicious Side Eye Sticker by OneFootball Heads,uncategorised,none,,2026-08-05,2026-09-08,20325,597.8,394.2,8
5050Byd8dZiD8S7OQo,World Cup Football GIF by OneFootball Heads,player,upload-log,ENGLAND_MAINOO,2026-07-05,2026-09-08,39709,610.9,392.1,8
s0qV5J5dP5lzZkpC1r,Unveiling English GIF by OneFootball Heads,country,upload-log,ENGLAND_GORDONBARCA_NT,2026-07-22,2026-09-08,25542,532.1,391.4,8
8Ju2XpAU8kax6RU9pd,Digital Art Crypto GIF by OneFootball Heads,football-generic,slug,,2026-05-18,2026-09-08,89999,796.5,387.6,8
NtixrPKVBoWUbOH7fu,Believe Inner Peace GIF by OneFootball Heads,reaction,upload-log,REACTION_TRUSTPROCESS_NT,2026-08-18,2026-09-08,10276,489.3,382.6,8
4bXiLL05WASnteKd7V,France Football GIF by OneFootball Heads,player,upload-log,FRANCE_DEMBELE,2026-07-05,2026-09-08,43256,665.5,382.2,8
ZtAisAoRQRuf0wlOqe,Proud Celebration GIF by OneFootball Heads,football-generic,slug,,2025-10-19,2026-09-08,610246,1883.5,381.6,8
x6TIee2JM9pBwc4MBG,Excited Video Game GIF by OneFootball Heads,reaction,slug,,2025-08-03,2026-09-08,264814,660.4,380.9,8
lExaka5k8Jvbdv8DSx,Lets Go Egypt Sticker by OneFootball Heads,country,title,,2026-08-18,2026-09-08,8624,410.7,380.9,8
dQxNr6ZzGMHanmSGNo,Football Smells Good GIF by OneFootball Heads,reaction,upload-log,REACTION_BBQSNIFF_NT,2026-08-05,2026-09-08,19883,584.8,380.0,8
20LOqJQZdFCTJzrMA9,Happy Birthday Football GIF by OneFootball Heads,country,upload-log,ENGLAND_KANEBDAY_NT,2026-07-22,2026-09-08,38576,803.7,377.0,8
LUgxmNMnZ1OaYHqZGW,Tired Game Over GIF by OneFootball Heads,football-generic,slug,,2025-09-11,2026-09-08,186340,514.8,375.8,8
V5xSpg6PoKMeC6mvhG,Stay Cool Chill GIF by OneFootball Heads,football-generic,slug,,2025-09-11,2026-09-08,225628,623.3,373.0,8
8tQLdg1TjgKBuuPbco,World Cup Football GIF by OneFootball Heads,country,upload-log,CABO_VERDE_FORCA,2026-06-18,2026-09-08,462063,5634.9,372.2,8
gzUNmzVfGkKdMxyHrF,Real Madrid Football Sticker by OneFootball Heads,uncategorised,none,,2026-07-22,2026-09-08,29772,620.2,370.9,8
ADV5RUY8deNWvKXmg9,Excited Here We Go GIF by OneFootball Heads,reaction,upload-log,REACTION_HEREWEGO,2026-07-22,2026-09-08,43796,912.4,369.9,8
z2oQtqJei1ayrEiYcH,Slay Serving Sticker by OneFootball Heads,uncategorised,none,,2026-08-18,2026-09-08,8925,425.0,369.4,8
KyJWoY8DDDBnJMn5fY,Frustrated Video Game GIF by OneFootball Heads,football-generic,slug,,2025-09-11,2026-09-08,578581,1598.3,368.8,8
iRowpDxl0o0Qs0f422,Germany Football GIF by OneFootball Heads,player,upload-log,GERMANY_KIMMICH_NT,2026-07-05,2026-09-08,31630,486.6,368.2,8
Vtg7zkTTczN2bvodCG,Stay Hydrated Drink Water GIF by OneFootball Heads,reaction,slug,,2025-07-01,2026-09-08,285886,658.7,367.5,8
wDqy3MMG6OulHguob9,Dutch Football GIF by OneFootball Heads,country,upload-log,NETHERLANDS_HUP,2026-08-18,2026-09-08,9521,453.4,367.2,8
3Vvcnjhme1hwqwMNke,Whats Going On Hello GIF by OneFootball Heads,reaction,slug,,2025-07-01,2026-09-08,320877,739.3,366.8,8
a8ZxCyyxdwfSsqTwsL,World Cup Football GIF by OneFootball Heads,country,upload-log,PORTUGAL_FORCA,2026-06-18,2026-09-08,107737,1313.9,366.4,8
x1YB30hC9QDiEToWA1,Grilling Labor Day GIF by OneFootball Heads,reaction,upload-log,REACTION_BBQTIME,2026-08-05,2026-09-08,8314,244.5,365.8,8
ejYsZu3TWsZPu9FeHo,Best Friend Bff Sticker by OneFootball Heads,uncategorised,none,,2026-07-28,2026-09-08,38964,927.7,365.2,8
vRiyDA4IVaT77hjzor,Viet Nam Champion Sticker by OneFootball Heads,uncategorised,none,,2026-08-18,2026-09-08,12336,587.4,363.1,8
3lTznm8qcjuD0dOyof,Celebrate World Cup GIF by OneFootball Heads,football-generic,slug,,2026-01-20,2026-09-08,2281726,9877.6,362.1,8
toIRQFAFFCtAWwJveB,Whats Up Hello GIF by OneFootball Heads,reaction,slug,,2025-06-18,2026-09-08,332658,744.2,360.9,8
SjvWVpHkfwMFdgXoBR,Bruno Fernandes Portugal Sticker by OneFootball Heads,player,title,,2026-08-18,2026-09-08,11585,551.7,359.9,8
zQxSWfx8MQYyxMzLTW,France Football GIF by OneFootball Heads,country,upload-log,FRANCE_COCORICO,2026-06-18,2026-09-08,41076,500.9,359.2,8
QZ7VxYXlPLhiWYe26G,Out Of Office Football GIF by OneFootball Heads,reaction,upload-log,REACTION_OUTOFOFFICE,2026-08-10,2026-09-08,16438,566.8,359.2,8
WDTFmWErrBo9vvuMJ5,World Cup Football GIF by OneFootball Heads,player,upload-log,COLUMBIA_DIAZ,2026-07-05,2026-09-08,66005,1015.5,357.5,8
U2RkG4c7Vpaz9UnSuZ,World Cup Football GIF by OneFootball Heads,country,upload-log,PORTUGAL_DIAS,2026-06-18,2026-09-08,41067,500.8,353.5,8
RZrRtVNSxivmiqc4ms,World Cup Football GIF by OneFootball Heads,country,upload-log,CZECHIA_FLAG,2026-06-18,2026-09-08,28111,342.8,352.5,8
n20QOGJq9Smmy5c5Yx,Happy Love It GIF by OneFootball Heads,football-generic,slug,,2025-10-19,2026-09-08,3910776,12070.3,351.6,8
KDKNDBHabbk60REZnB,Sad End Of Summer GIF by OneFootball Heads,reaction,upload-log,REACTION_BYESUMMER_NT,2026-07-22,2026-09-08,24731,515.2,350.8,8
WI86dbD53DB2Ya13yE,Football Applause GIF by OneFootball Heads,reaction,upload-log,REACTION_SLOWCLAP_NT,2026-08-10,2026-09-08,13860,477.9,350.5,8
RHu5cVwkEKODGJMFhD,World Cup Football GIF by OneFootball Heads,player,upload-log,MEXICO_JIMENEZ,2026-07-05,2026-09-08,36156,556.2,347.2,8
IMNgh51iJQHDWSoMm2,Football England Sticker by OneFootball Heads,country,title,,2026-07-22,2026-09-08,19378,403.7,346.8,8
SMe2S4rJE2Wdze1myZ,Sleepy Monday Sticker by OneFootball Heads,uncategorised,none,,2026-08-18,2026-09-08,7365,350.7,342.8,8
GQnycCHR2tSSMXS9oh,Too Fast Football Sticker by OneFootball Heads,uncategorised,none,,2026-07-22,2026-09-08,19914,414.9,342.6,8
MmwWuKZzjxYw05RF8z,Celebrate World Cup GIF by OneFootball Heads,football-generic,slug,,2026-01-20,2026-09-08,1412310,6113.9,341.4,8
gS1Ap1qSUAuXOzcXTe,Picture Smile Sticker by OneFootball Heads,uncategorised,none,,2026-08-10,2026-09-08,9832,339.0,340.9,8
w0t4WTCyVJfbNIAwdR,Celebrate World Cup GIF by OneFootball Heads,football-generic,slug,,2026-01-20,2026-09-08,766042,3316.2,339.5,8
5grsDwlqX4kfy71Rdj,Shake Hands Yes GIF by OneFootball Heads,reaction,slug,,2025-08-03,2026-09-08,204881,510.9,339.5,8
d07pfKl4LYFx9eOGnG,World Cup Football GIF by OneFootball Heads,country,upload-log,DRCONGO_LEOPARDS,2026-06-18,2026-09-08,47194,575.5,338.8,8
zbFMPSL8EgDfqeBgWZ,Save Football Game GIF by OneFootball Heads,football-generic,slug,,2025-09-11,2026-09-08,1285220,3550.3,338.5,8
mwnu1QWfjuMZbKdgcp,Celebrate World Cup GIF by OneFootball Heads,football-generic,slug,,2026-01-20,2026-09-08,1034586,4478.7,336.2,8
S8nncQt2T539fDIA0b,World Cup Football GIF by OneFootball Heads,player,upload-log,EGYPT_SALAH_NT,2026-07-05,2026-09-08,44484,684.4,336.1,8
hb9nhr6m3rjQeRs9jp,Tired Game Over GIF by OneFootball Heads,football-generic,slug,,2025-09-11,2026-09-08,182776,504.9,335.6,8
tv2iN6Zg5iW3bEBuSR,Relax Treat Yourself Sticker by OneFootball Heads,uncategorised,none,,2026-08-18,2026-09-08,6876,327.4,334.8,8
lUrvU5C0ui1UixvK9l,World Cup Football GIF by OneFootball Heads,country,upload-log,BOSNIA_HAJDE,2026-06-18,2026-09-08,47268,576.4,333.1,8
3QOaNhNb8TA085CDrI,Raul Jimenez Football Sticker by OneFootball Heads,uncategorised,none,,2026-07-22,2026-09-08,26708,556.4,332.9,8
s6eCu3KXqkq8sKt2pD,World Cup Win GIF by OneFootball Heads,football-generic,slug,,2026-01-20,2026-09-08,5806634,25136.9,330.9,8
NlQfFCNhxuArwRa0yg,Best Friend Football GIF by OneFootball Heads,reaction,upload-log,REACTION_TAGBESTIE,2026-07-28,2026-09-08,30945,736.8,330.9,8
ki9w0hQae7VtoRnFmi,Football Soccer GIF by OneFootball Heads,reaction,upload-log,REACTION_HANDBALL,2026-08-10,2026-09-08,11514,397.0,330.0,8
x3BOQ7gVdAFs1DyHjc,Independence Day Football GIF by OneFootball Heads,other,upload-log,NIGERIA_NAIJA_NT,2026-08-18,2026-09-08,9452,450.1,328.1,8
oVgehCwEPrMbYJAeuH,France Football GIF by OneFootball Heads,country,upload-log,FRANCE_KOUNDE,2026-06-18,2026-09-08,33914,413.6,327.1,8
WLzt1JWtKef6R4MBNx,Fight Philippines Sticker by OneFootball Heads,uncategorised,none,,2026-08-18,2026-09-08,8540,406.7,327.0,8
xoGxhyhEQOp0jXphxx,World Cup Football GIF by OneFootball Heads,country,upload-log,MOROCCO_DIMA_AR,2026-06-18,2026-09-08,185990,2268.2,326.9,8
evwZTXQ9eTaIaMq5mV,Bruno Fernandes Football GIF by OneFootball Heads,country,upload-log,PORTUGAL_CAPTAIN_NT,2026-08-18,2026-09-08,11314,538.8,326.1,8
QED7OaVB6S127veeBk,Germany Football Sticker by OneFootball Heads,country,title,,2026-07-22,2026-09-08,21032,438.2,326.0,8
TkAIyyDEx6r2Qrm007,Well Done Good Job GIF by OneFootball Heads,reaction,slug,,2025-08-03,2026-09-08,214657,535.3,325.1,8
cxbUMUj2i7eJ7yuA4i,Good Game Football GIF by OneFootball Heads,reaction,upload-log,REACTION_GG,2026-08-18,2026-09-08,8431,401.5,324.9,8
TLNXOTG5HpwUpM0AKc,Saudi Arabia Football GIF by OneFootball Heads,country,upload-log,SAUDI_ARABIA_NATIONALDAY,2026-08-18,2026-09-08,10198,485.6,324.9,8
D41XyjutopurXno57q,World Cup Football GIF by OneFootball Heads,player,upload-log,COLUMBIA_DIAZ,2026-06-18,2026-09-08,48960,597.1,324.5,8
mbf00vMY6UbT9h86hi,Locked In Cooking GIF by OneFootball Heads,reaction,upload-log,REACTION_LETHIMCOOK,2026-08-10,2026-09-08,14005,482.9,324.5,8
oSFm8lbzxn8pSFiI5c,Canadian Sticker by OneFootball Heads,country,title,,2026-08-18,2026-09-08,5956,283.6,324.0,8
nuT670sPtTkLpJGpxW,March Madness Football GIF by OneFootball Heads,reaction,upload-log,REACTION_BUCKETS_NT,2026-08-18,2026-09-08,7410,352.9,323.4,8
ZqZUWuxULL0IZ3XdCW,Celebrate World Cup GIF by OneFootball Heads,football-generic,slug,,2026-01-20,2026-09-08,425878,1843.6,322.1,8
RYjyZx74LQ511YUxgW,World Cup Football GIF by OneFootball Heads,country,upload-log,SPAIN_ZUBIMENDI,2026-06-18,2026-09-08,70158,855.6,321.5,8
PmswRSnBQr0RWZ4Bf4,France Football Sticker by OneFootball Heads,country,title,,2026-07-22,2026-09-08,16591,345.6,320.6,8
3v4WsAL4dC4aMtTKdU,Soccer Wow GIF by OneFootball Heads,reaction,slug,,2025-07-01,2026-09-08,201528,464.4,316.8,8
QJ4gYE5K7A8FPhPHuX,Celebrate World Cup GIF by OneFootball Heads,football-generic,slug,,2026-01-20,2026-09-08,313833,1358.6,316.5,8
33ZJlVdrJfJqeZ8YAd,World Cup Football GIF by OneFootball Heads,country,upload-log,SPAIN_NICO_WILLIAMS,2026-06-18,2026-09-08,106676,1300.9,315.6,8
x6rwajoFHoTnDGEBmG,Not Listening La La La GIF by OneFootball Heads,reaction,upload-log,REACTION_NOSPOILERS_NT,2026-08-10,2026-09-08,9924,342.2,315.5,8
czdCrCBERAQKBOfOLo,Football Soccer GIF by OneFootball Heads,football-generic,slug,,2026-03-26,2026-09-08,216553,1304.5,315.4,8
WnwDnEpBSVBu0PVCaD,Fantasy Football GIF by OneFootball Heads,reaction,upload-log,REACTION_TRIPLECAPTAIN_NT,2026-08-18,2026-09-08,9800,466.7,315.0,8
jFL0Jku8oke1gRzhUF,J League Fight GIF by OneFootball Heads,country,upload-log,JAPAN_GANBARE_NT,2026-08-18,2026-09-08,9463,450.6,314.8,8
Oa4QJT3Fb0zQ037mov,Shock Whats That GIF by OneFootball Heads,reaction,slug,,2026-02-09,2026-09-08,347251,1645.7,311.5,8
obWFB2xqw0881G6uwU,Break Time Football GIF by OneFootball Heads,reaction,upload-log,REACTION_HALFTIME,2026-08-10,2026-09-08,15921,549.0,309.8,8
lqlcs6sggqbBo2FSm2,Good Game Gamer Sticker by OneFootball Heads,uncategorised,none,,2026-08-18,2026-09-08,7008,333.7,308.0,8
1d6N0pb13wv2X6Qqhh,World Cup Football GIF by OneFootball Heads,country,upload-log,SWEDEN_GYOKERES,2026-06-18,2026-09-08,42130,513.8,307.0,8
QBNF6zlAHH46DTIM8A,Football England Sticker by OneFootball Heads,country,title,,2026-07-22,2026-09-08,26302,548.0,306.9,8
ASrST0gOqd9ZQEQUcY,Locked In Football GIF by OneFootball Heads,reaction,upload-log,REACTION_LOCKIN,2026-08-18,2026-09-08,7961,379.1,306.8,8
YhWN4jrl9saWCBtYVs,World Cup Football GIF by OneFootball Heads,player,upload-log,PORTUGAL_VITINHA_NT,2026-07-05,2026-09-08,21537,331.3,306.6,8
z0sj3DuV3ttRPfVYRQ,Nervous Under Pressure Sticker by OneFootball Heads,uncategorised,none,,2026-08-18,2026-09-08,8183,389.7,306.0,8
JdCL1IXkf3ObMe1SIJ,World Cup Football GIF by OneFootball Heads,player,upload-log,URUGUAY_VALVERDE,2026-07-05,2026-09-08,24121,371.1,304.4,8
gSJLxCRJSAtTesQIH2,Game Over Football GIF by OneFootball Heads,reaction,slug,,2025-07-01,2026-09-08,379152,873.6,303.9,8
yIJmaX2vtYP7W3pG5N,Manuel Neuer Legend Sticker by OneFootball Heads,player,title,,2026-08-18,2026-09-08,6949,330.9,303.1,8
CaMmxb3XIcnjsNcooW,Break Time Halftime Sticker by OneFootball Heads,uncategorised,none,,2026-08-10,2026-09-08,10005,345.0,302.6,8
0jVa8eudaK9tG5KOUh,Nervous World Cup GIF by OneFootball Heads,football-generic,slug,,2026-05-18,2026-09-08,170240,1506.5,302.5,8
6jMy4ML3746kQCwDNl,Tired Sleep Well GIF by OneFootball Heads,football-generic,slug,,2025-09-11,2026-09-08,142927,394.8,302.5,8
mVtnczUmQEvSF3sOSS,Germany Football GIF by OneFootball Heads,country,upload-log,GERMANY_SHOWTIME,2026-08-18,2026-09-08,7478,356.1,302.4,8
gUn5uaz4fhAKi45l4u,OneFootball Heads GIF,player,slug,,2025-06-13,2026-09-08,277233,613.3,301.8,8
01gaL9yoKUBxA6lLSx,I Love You Flowers GIF by OneFootball Heads,football-generic,slug,,2026-01-20,2026-09-08,114933,497.5,301.2,8
fT2ecOvmXPJxFkTbWJ,Too Fast Football Sticker by OneFootball Heads,uncategorised,none,,2026-07-22,2026-09-08,18043,375.9,299.8,8
0f7MezZNdfdf09G5MR,Keeper Penalty GIF by OneFootball Heads,reaction,slug,,2026-02-09,2026-09-08,122663,581.3,299.6,8
CPApJWHvsT3o5VuKVK,Football Fan Bubbles GIF by OneFootball Heads,football-generic,slug,,2025-09-11,2026-09-08,147730,408.1,299.2,8
48lOBPTz2RBZlk6s5K,Friendship Fist Bump Sticker by OneFootball Heads,uncategorised,none,,2026-07-28,2026-09-08,14744,351.0,299.1,8
Pg9FLF1hIKRfew3hKh,France Football Sticker by OneFootball Heads,country,title,,2026-07-22,2026-09-08,16149,336.4,298.6,8
31mHgJnJUAJXIB62kJ,World Cup Football GIF by OneFootball Heads,player,upload-log,ENGLAND_FODEN,2026-07-05,2026-09-08,34974,538.1,297.5,8
ArFOjTGDqq45OKCAo4,Breathe Slow Down GIF by OneFootball Heads,reaction,slug,,2025-07-01,2026-09-08,112139,258.4,297.2,8
F0VrUFmKKrBimQ9woR,Out Of Office Ooo Sticker by OneFootball Heads,uncategorised,none,,2026-08-10,2026-09-08,10051,346.6,295.6,8
g9LibgOagcZAvPML8w,Leo Messi Football Sticker by OneFootball Heads,player,title,,2026-07-22,2026-09-08,17556,365.8,295.0,8
X29WgAKGLutorgO69Y,France Football GIF by OneFootball Heads,player,upload-log,FRANCE_DEMBELE_NT,2026-07-05,2026-09-08,33659,517.8,294.4,8
c7HRyBlJet2bFWn5zF,South Korea Football GIF by OneFootball Heads,country,upload-log,SOUTH_KOREA_SALUTE,2026-08-18,2026-09-08,7122,339.1,294.0,8
lJGL45KeCLzPSaUgTV,France Football GIF by OneFootball Heads,player,upload-log,FRANCE_DOUE_NT,2026-07-05,2026-09-08,48864,751.8,292.5,8
xTsdxIAnggFtww1tbS,Friendship Fist Bump Sticker by OneFootball Heads,uncategorised,none,,2026-07-28,2026-09-08,14893,354.6,292.1,8
9bIcqjJn0WBjTCqQOT,Dance Football GIF by OneFootball Heads,football-generic,slug,,2026-03-26,2026-09-08,211151,1272.0,290.9,8
WCIkiuYpS3S6XKV8Rn,Cope Football Fan GIF by OneFootball Heads,football-generic,slug,,2026-05-22,2026-09-08,53109,487.2,290.8,8
5QdOBPO3tLl2QnMEml,Come On Football Sticker by OneFootball Heads,uncategorised,none,,2026-07-22,2026-09-08,15706,327.2,290.1,8
wvmHbFg1ExLSSKMaOD,World Cup Football GIF by OneFootball Heads,country,upload-log,CABO_VERDE_TUBAROES,2026-06-18,2026-09-08,144541,1762.7,289.9,8
3aLfwXXdaxpvQLE10A,J League Fight Sticker by OneFootball Heads,uncategorised,none,,2026-08-18,2026-09-08,7886,375.5,288.5,8
Y0aIHKXBQx9NLXemZI,Lets Go Yes GIF by OneFootball Heads,reaction,upload-log,REACTION_GETIN_NT,2026-08-10,2026-09-08,9736,335.7,287.5,8
hHU8cP569TFwoWcrl0,Vamos Buenos Aires GIF by OneFootball Heads,country,upload-log,ARGENTINA_DALE,2026-08-18,2026-09-08,6414,305.4,287.5,8
yDFFScheemyrD4zgrE,Sleepy Good Night Sticker by OneFootball Heads,uncategorised,none,,2026-08-18,2026-09-08,6507,309.9,286.6,8
O42P37uJNFbMzRuV98,Best Friend Football GIF by OneFootball Heads,reaction,upload-log,REACTION_FRIENDSFOREVER,2026-07-28,2026-09-08,35598,847.6,285.9,8
sGr4yrFK3BHDsEhSAM,Game Time Football GIF by OneFootball Heads,football-generic,slug,,2025-09-11,2026-09-08,545149,1505.9,285.5,8
RwHdKDHMgbReieccJ4,World Cup Football GIF by OneFootball Heads,player,upload-log,CANADA_DAVIES_NT,2026-07-05,2026-09-08,23910,367.8,285.4,8
Ph7plOOKJNbslxKyrP,Referee Var Sticker by OneFootball Heads,uncategorised,none,,2026-08-05,2026-09-08,11382,334.8,283.6,8
05Mij0VgizXqLbBhIg,Salah Searching Sticker by OneFootball Heads,uncategorised,none,,2026-08-18,2026-09-08,5475,260.7,283.0,8
CPfrrA6I7wi4q0blhk,Come On Football Sticker by OneFootball Heads,uncategorised,none,,2026-07-22,2026-09-08,15547,323.9,282.6,8
Zyd6JmTFfvjCT90VWW,France Football GIF by OneFootball Heads,country,upload-log,FRANCE_ALLEZ,2026-08-18,2026-09-08,7454,355.0,282.5,8
QoVAe2QifgvhK2rnTG,Si Se Puede World Cup GIF by OneFootball Heads,country,upload-log,ECUADOR_SI_SE_PUEDE,2026-06-18,2026-09-08,191900,2340.2,282.4,8
pUnbgneAsAFpw9wmzw,Game Time Goalkeeper GIF by OneFootball Heads,football-generic,slug,,2025-09-11,2026-09-08,340210,939.8,282.1,8
zysC5B66n65evvIv2j,World Cup Football GIF by OneFootball Heads,player,upload-log,BRAZIL_RAPHINHA,2026-07-05,2026-09-08,21393,329.1,282.0,8
B6FP8NtO4tVmogFbTB,Republic Day Turkey Sticker by OneFootball Heads,country,title,,2026-08-18,2026-09-08,6308,300.4,281.1,8
VaHgVrzYDaGrz7JRiX,Sorry Leave Me Alone GIF by OneFootball Heads,reaction,slug,,2025-07-01,2026-09-08,289732,667.6,281.0,8
BhVLSNtusGv4xTi0WR,Keep Calm Van Dijk GIF by OneFootball Heads,country,upload-log,NETHERLANDS_RELAX,2026-08-18,2026-09-08,6365,303.1,280.4,8
8WBfBgNcz3Ep1OvSUC,Happy Fan Reaction GIF by OneFootball Heads,reaction,slug,,2025-07-01,2026-09-08,154182,355.3,276.0,8
Pfyd6FlS0bB9kVARxB,Salah Searching Sticker by OneFootball Heads,uncategorised,none,,2026-08-18,2026-09-08,5612,267.2,275.6,8
TVw6bjoUTlxRk8FSwM,Pumpkin Spice Football GIF by OneFootball Heads,reaction,upload-log,REACTION_SWEATERWEATHER,2026-08-18,2026-09-08,12786,608.9,274.8,8
FxFgVET0GLKFojvrla,France Football GIF by OneFootball Heads,player,upload-log,FRANCE_SALIBA,2026-07-05,2026-09-08,33561,516.3,274.4,8
xd0DzHA90wF0QspRKE,World Cup Football GIF by OneFootball Heads,country,upload-log,COLUMBIA_VAMOS,2026-06-18,2026-09-08,204742,2496.9,273.5,8
zuMnz0s1el2MO30gjg,Celebrate World Cup GIF by OneFootball Heads,football-generic,slug,,2026-01-20,2026-09-08,761276,3295.6,273.1,8
HNrd0RQYe1KzL6nmf6,Canadian Football GIF by OneFootball Heads,country,upload-log,CANADA_EH,2026-08-18,2026-09-08,5975,284.5,271.9,8
c0JrW3Th0N1wNuPFsQ,Football Smile GIF by OneFootball Heads,reaction,upload-log,REACTION_SELFIE_NT,2026-08-10,2026-09-08,7453,257.0,271.8,8
tiqNAs5cs6O0h36elo,Game On Football GIF by OneFootball Heads,reaction,slug,,2025-07-01,2026-09-08,252674,582.2,270.6,8
Py3gKjdj74yZ1xYUDc,Football Soccer GIF by OneFootball Heads,reaction,upload-log,REACTION_OFFSIDE,2026-08-05,2026-09-08,15138,445.2,268.8,8
6Zo8j3dDBwQsYvhISc,Pizza Time Eating GIF by OneFootball Heads,reaction,slug,,2025-08-04,2026-09-08,72371,180.9,267.9,8
EMrPMmyufe1a1Tz1A5,Full Time Football GIF by OneFootball Heads,football-generic,slug,,2026-03-26,2026-09-08,167515,1009.1,267.6,8
YfVEEx3kXDGBe8YKi8,Podcast Tune In GIF by OneFootball Heads,football-generic,slug,,2025-10-19,2026-09-08,201386,621.6,267.1,8
pKd7pqkQCBuTbHx879,Manuel Neuer Legend Sticker by OneFootball Heads,player,title,,2026-08-18,2026-09-08,6505,309.8,266.4,8
DYwNxxZXbBlCDPb8Ef,Germany Football Sticker by OneFootball Heads,country,title,,2026-07-22,2026-09-08,7270,151.5,266.0,8
23kKeMgwQdsTaTefn7,Germany Football Sticker by OneFootball Heads,country,title,,2026-07-22,2026-09-08,15243,317.6,265.4,8
ZlBrZ2naavOtI2qSAr,Happy Game Over GIF by OneFootball Heads,reaction,slug,,2025-07-01,2026-09-08,211854,488.1,265.1,8
pUVuTcZHMGVaSaK1Ck,Nervous Under Pressure GIF by OneFootball Heads,reaction,upload-log,REACTION_PRESSURE_NT,2026-08-18,2026-09-08,9545,454.5,264.6,8
0kjZf6pew3SqzrzHH7,Too Strong Football Sticker by OneFootball Heads,uncategorised,none,,2026-07-22,2026-09-08,24816,517.0,263.6,8
9IwfTwulCPEiDADHzx,World Cup Football GIF by OneFootball Heads,country,upload-log,PORTUGAL_NEVES,2026-06-18,2026-09-08,60457,737.3,262.6,8
4hGHgXEoALrkYlKW9m,Handball Referee Sticker by OneFootball Heads,uncategorised,none,,2026-08-10,2026-09-08,8680,299.3,262.5,8
cR1Bnk7j1OAqINYtOY,World Cup Football GIF by OneFootball Heads,player,upload-log,BRAZIL_ALISSON_NT,2026-07-05,2026-09-08,25155,387.0,261.6,8
v4mRkaIx4POC0DHgUM,Unveiling La Liga Sticker by OneFootball Heads,uncategorised,none,,2026-07-22,2026-09-08,16585,345.5,261.5,8
Dvhqeip8jHmf9ivoQi,Celebrate Happy Birthday Sticker by OneFootball Heads,uncategorised,none,,2026-08-18,2026-09-08,4181,199.1,261.4,8
WpmwMRDzK6t5HcmzCJ,Canadian Football GIF by OneFootball Heads,country,upload-log,CANADA_EH_NT,2026-08-18,2026-09-08,6750,321.4,256.8,8
98ehMD8kX9bLkq9Gcw,Angry Watch Out GIF by OneFootball Heads,reaction,slug,,2025-08-04,2026-09-08,149026,372.6,256.5,8
JGbVQO4No1vjY8SRwp,Soccer Warning GIF by OneFootball Heads,football-generic,slug,,2025-10-19,2026-09-08,143185,441.9,256.1,8
QdS9KpyCg26gLoaS1P,France Football GIF by OneFootball Heads,country,upload-log,FRANCE_ALLEZ_NT,2026-08-18,2026-09-08,6648,316.6,256.1,8
3WtvsRqbAJO3p0nxNG,Football Applause GIF by OneFootball Heads,reaction,upload-log,REACTION_SLOWCLAP,2026-08-10,2026-09-08,12856,443.3,256.0,8
93ZBUB81lQlO28oAU3,Awkward Cringe Sticker by OneFootball Heads,uncategorised,none,,2026-08-05,2026-09-08,10528,309.6,255.9,8
Obpk3J2ge7JTNHLlsG,Alisson Becker Football Sticker by OneFootball Heads,player,title,,2026-07-22,2026-09-08,14586,303.9,254.5,8
oEgmDtYesxKZLeYfbk,France Football Sticker by OneFootball Heads,country,title,,2026-07-22,2026-09-08,14977,312.0,253.8,8
0QcUioJ7k6T2xRT6dI,Celebrate World Cup GIF by OneFootball Heads,football-generic,slug,,2026-01-20,2026-09-08,243641,1054.7,252.5,8
9Ls9XsHDxEiICpkIWJ,Best Friend Bff Sticker by OneFootball Heads,uncategorised,none,,2026-07-28,2026-09-08,32152,765.5,251.9,8
al9NLseK6dPr8Q0mZz,Bored Tv Sports GIF by OneFootball Heads,reaction,slug,,2025-07-01,2026-09-08,204755,471.8,251.6,8
9F3kTka3lWs1MoyUW4,World Cup Football GIF by OneFootball Heads,country,upload-log,JAPAN_GANBARE,2026-06-18,2026-09-08,52845,644.5,251.2,8
GReEXRa7nHZrsUhkff,Fight Philippines Sticker by OneFootball Heads,uncategorised,none,,2026-08-18,2026-09-08,7672,365.3,250.9,8
MgeNDcgT4gXYn338jR,Happy Birthday Gift GIF by OneFootball Heads,reaction,slug,,2026-02-09,2026-09-08,99314,470.7,250.1,8
cPeIETb5b6zKnkngts,Serious Red Card GIF by OneFootball Heads,football-generic,slug,,2025-10-19,2026-09-08,406843,1255.7,249.8,8
YeGuStp7fomlR6Gj8o,World Cup Football GIF by OneFootball Heads,country,upload-log,SWEDEN_HEJA,2026-06-18,2026-09-08,42942,523.7,249.4,8
ApgAv4fFKYE5zQmdet,World Cup Football GIF by OneFootball Heads,country,upload-log,NETHERLANDS_REIJNDERS,2026-06-18,2026-09-08,25176,307.0,249.4,8
XpipO7EiW0OXecyZOv,Spanish Football GIF by OneFootball Heads,country,upload-log,SPAIN_EGOYAMAL,2026-08-18,2026-09-08,6840,325.7,248.1,8
ifOOtGdoahRmSdfh4k,Germany Football GIF by OneFootball Heads,player,upload-log,GERMANY_NEUER,2026-07-05,2026-09-08,29147,448.4,247.6,8
vilClGRTjSHu0GtpnI,Best Friends Squad Sticker by OneFootball Heads,uncategorised,none,,2026-07-28,2026-09-08,17167,408.7,247.2,8
aYIodIqG1nmbH1MPuI,Vamos Buenos Aires Sticker by OneFootball Heads,uncategorised,none,,2026-08-18,2026-09-08,5931,282.4,247.2,8
JfYHNaMLT2Our6QZoh,Luka Modric Football Sticker by OneFootball Heads,player,title,,2026-07-22,2026-09-08,11852,246.9,246.9,8
1YIOwyDs2IK6MPvs3f,World Cup Football GIF by OneFootball Heads,player,upload-log,TURKIYE_GULER,2026-07-05,2026-09-08,17393,267.6,245.9,8
kg7ti21Zmn5y1AtniN,World Cup Football GIF by OneFootball Heads,country,upload-log,IRAN_TEAM_MELLI,2026-06-18,2026-09-08,65033,793.1,244.4,8
l1mRHDgvYzHZVRI4M0,Lionel Messi Football Sticker by OneFootball Heads,uncategorised,none,,2026-07-22,2026-09-08,18126,377.6,244.4,8
sN3d7kXdPbvjlidiJz,World Cup Football GIF by OneFootball Heads,player,upload-log,BRAZIL_VINI_NT,2026-07-05,2026-09-08,32581,501.2,243.9,8
64biIPpOpL0RUNkvRQ,Unveiling La Liga Sticker by OneFootball Heads,uncategorised,none,,2026-07-22,2026-09-08,16159,336.6,243.9,8
VWeSrHKWQs9WHgEkvh,Well Done Yes GIF by OneFootball Heads,football-generic,slug,,2025-10-19,2026-09-08,93983,290.1,243.0,8
Ei2OUMXIhbpl8zcg07,World Cup Football GIF by OneFootball Heads,country,upload-log,BRAZIL_PRA_FRENTE,2026-06-18,2026-09-08,35010,427.0,242.9,8
9HORd4teDGhOt46fEz,Youre Cute Love You GIF by OneFootball Heads,reaction,slug,,2025-06-18,2026-09-08,132103,295.5,242.8,8
XrVIIbHzGO01bZXhfP,Suspicious Football GIF by OneFootball Heads,reaction,upload-log,REACTION_SIDEEYE_NT,2026-08-05,2026-09-08,9837,289.3,242.6,8
jKPairXn7E0xJEqa05,Locked In Cooking Sticker by OneFootball Heads,uncategorised,none,,2026-08-10,2026-09-08,8064,278.1,241.2,8
VtZku1FNcJfdfJLPya,Lets Go Football GIF by OneFootball Heads,reaction,slug,,2025-07-01,2026-09-08,304871,702.5,241.0,8
1Brq4LvOtRMIBJQi4U,Bored Game Time GIF by OneFootball Heads,reaction,slug,,2025-07-01,2026-09-08,126107,290.6,240.2,8
cpWDzbkGXinjazXAsQ,6 7 Football GIF by OneFootball Heads,reaction,slug,,2026-06-18,2026-09-08,27222,332.0,239.2,8
Jj6MUSSOBIS7iy4cHl,World Cup Football GIF by OneFootball Heads,country,upload-log,PORTUGAL_BERNARDO,2026-06-18,2026-09-08,62722,764.9,238.0,8
FQaUqL5cxE07TVmEbM,World Cup Football GIF by OneFootball Heads,player,upload-log,GHANA_SEMENYO,2026-06-18,2026-09-08,26269,320.4,237.9,8
Gs7S4vm03HWudtCUxT,World Cup Football GIF by OneFootball Heads,country,upload-log,SOUTH_AFRICA_BAFANA,2026-06-18,2026-09-08,84206,1026.9,237.4,8
BUkQuFqMIKmPbzBBH6,Tired Football GIF by OneFootball Heads,reaction,upload-log,REACTION_MONDAYAGAIN,2026-07-22,2026-09-08,14439,300.8,237.0,8
P6CpYQD8EQVdHmbBB7,Game Night Football GIF by OneFootball Heads,reaction,slug,,2025-07-01,2026-09-08,122695,282.7,236.0,8
wdwglOfifi6NYq9tjO,World Cup Football GIF by OneFootball Heads,country,upload-log,ALGERIA_LES_FENNECS,2026-06-18,2026-09-08,52463,639.8,235.1,8
fJ9p947OpjYoUJv4pq,Pumpkin Spice Halloween GIF by OneFootball Heads,football-generic,slug,,2025-10-19,2026-09-08,76435,235.9,234.1,8
51xCLRv58gqjYM63YV,World Cup Football GIF by OneFootball Heads,country,upload-log,BOSNIA_CEVAPI,2026-06-18,2026-09-08,60093,732.8,233.9,8
XYGeNuYFTJxYanc1ij,Celebrate World Cup GIF by OneFootball Heads,football-generic,slug,,2026-01-20,2026-09-08,1036376,4486.5,233.6,8
6LwTAchE2sAFi1Acvr,Grilling Labor Day GIF by OneFootball Heads,reaction,upload-log,REACTION_BBQTIME_NT,2026-08-05,2026-09-08,5950,175.0,233.6,8
5IYv7MHczMNdqnxWa1,Celebrate World Cup GIF by OneFootball Heads,football-generic,slug,,2026-01-20,2026-09-08,887278,3841.0,233.1,8
g2KaTr5PnaMjjBUagH,Celebrate World Cup GIF by OneFootball Heads,football-generic,slug,,2026-01-20,2026-09-08,892740,3864.7,233.1,8
U6zenm1kWFjycNTkdz,France Football GIF by OneFootball Heads,player,upload-log,FRANCE_DOUE,2026-06-18,2026-09-08,52382,638.8,232.9,8
KwNfsOWbOOb5KqStiH,Serie A Football GIF by OneFootball Heads,other,upload-log,ITALY_FORZA,2026-08-18,2026-09-08,5274,251.1,232.1,8
7uuBgvGPs6E5EttML4,World Cup Football GIF by OneFootball Heads,player,upload-log,BRAZIL_RAPHINHA,2026-06-18,2026-09-08,17816,217.3,231.6,8
Wotgrzr1tPTdfJTrp9,Break Time Football GIF by OneFootball Heads,reaction,upload-log,REACTION_HALFTIME_NT,2026-08-10,2026-09-08,12352,425.9,231.2,8
Lv5WcXLqEaEuaTO1ZQ,Hold On Football GIF by OneFootball Heads,reaction,upload-log,REACTION_BRB_NT,2026-08-05,2026-09-08,17957,528.1,230.8,8
NeC3tEfdVwAx9KLUM0,College Football Saturday Sticker by OneFootball Heads,uncategorised,none,,2026-08-05,2026-09-08,7034,206.9,230.6,8
YABTKYIAmeJSaLr2kV,Good Game Gamer Sticker by OneFootball Heads,uncategorised,none,,2026-08-18,2026-09-08,5807,276.5,228.9,8
oEK27lR1AH4L1uw531,Fantasy Football GIF by OneFootball Heads,reaction,slug,,2026-05-18,2026-09-08,37806,334.6,228.8,8
HoEkTdvUpnS9WvVPcF,Football Waiting GIF by OneFootball Heads,football-generic,slug,,2026-05-18,2026-09-08,214281,1896.3,228.2,8
5Cniu3sjAb3IHZD5Bh,World Cup Football GIF by OneFootball Heads,player,upload-log,EGYPT_SALAH,2026-06-18,2026-09-08,75433,919.9,227.6,8
cltZFv7xOOVgJUOrOP,La Roja Celebration Sticker by OneFootball Heads,uncategorised,none,,2026-07-22,2026-09-08,25210,525.2,227.1,8
2XhJxylc2hyATdyLCy,World Cup Football GIF by OneFootball Heads,country,upload-log,PORTUGAL_PORTUGAL,2026-06-18,2026-09-08,57472,700.9,226.8,8
KcWVxQd0HvsbqguiXS,France Football GIF by OneFootball Heads,country,upload-log,FRANCE_CHERKI,2026-06-18,2026-09-08,102638,1251.7,223.4,8
vtBtvkJFk09naDtqBk,Football Frown GIF by OneFootball Heads,football-generic,slug,,2026-03-26,2026-09-08,108654,654.5,222.9,8
ZmQW2HIzjSKv4646wY,Excited Here We Go GIF by OneFootball Heads,reaction,upload-log,REACTION_HEREWEGO_NT,2026-07-22,2026-09-08,31697,660.4,222.6,8
s4hSWA7C4PRGJwjwkp,World Cup Football GIF by OneFootball Heads,country,upload-log,AUSTRIA_IMMER_WIEDER,2026-06-18,2026-09-08,28171,343.5,222.1,8
eSsZhIN2fbG9cZ4qhI,Out Of Office Football GIF by OneFootball Heads,reaction,upload-log,REACTION_OUTOFOFFICE_NT,2026-08-10,2026-09-08,12475,430.2,222.1,8
hPd95ZhVUZRpaqfS71,World Cup Football GIF by OneFootball Heads,player,upload-log,PORTUGAL_RONALDO,2026-07-05,2026-09-08,22892,352.2,222.0,8
BP9MV9M2iTOdPP2szZ,France Football Sticker by OneFootball Heads,country,title,,2026-07-22,2026-09-08,10679,222.5,221.0,8
kmGi3ucTvgLv6pA7rE,World Cup Football GIF by OneFootball Heads,country,upload-log,PORTUGAL_MENDES,2026-06-18,2026-09-08,46697,569.5,220.5,8
ByodclSkYIdxh8KmGl,Work From Home Hello GIF by OneFootball Heads,football-generic,slug,,2025-09-11,2026-09-08,161710,446.7,220.1,8
e0tqAwofWcxXx9iIN2,World Cup Football GIF by OneFootball Heads,player,upload-log,NORWAY_HAALAND,2026-07-05,2026-09-08,42865,659.5,219.2,8
UHX8Z1xxM7q95ifvMN,World Cup Football GIF by OneFootball Heads,country,upload-log,CZECHIA_POJD,2026-06-18,2026-09-08,21035,256.5,217.2,8
cZYcjyCHHn2mk1ikmK,World Cup Football GIF by OneFootball Heads,player,upload-log,URUGUAY_VALVERDE_NT,2026-07-05,2026-09-08,24836,382.1,216.9,8
unRjgoWoUAFhPVQLY9,Support Love GIF by OneFootball Heads,football-generic,slug,,2025-10-19,2026-09-08,100021,308.7,216.1,8
Xy1embN5dYLxDL7J1h,Ronaldo Flick GIF by OneFootball Heads,reaction,slug,,2026-02-09,2026-09-08,124010,587.7,215.8,8
ncRqGV6vGvUMh7oR7x,World Cup Football GIF by OneFootball Heads,country,upload-log,IVORY_COAST_COTE_DIVOIRE,2026-06-18,2026-09-08,154174,1880.2,215.5,8
Bxcl70C77s26jBHwjz,Canadian Sticker by OneFootball Heads,country,title,,2026-08-18,2026-09-08,4320,205.7,214.4,8
RJZFIKDrvM9UVstlHg,World Cup Football GIF by OneFootball Heads,country,upload-log,ARGENTINA_ALBICELESTE,2026-06-18,2026-09-08,112361,1370.3,214.0,8
0fBwgKVBedJHFJzAQF,Football Treat Yourself GIF by OneFootball Heads,reaction,upload-log,REACTION_SELFCARE_NT,2026-08-18,2026-09-08,7124,339.2,213.9,8
XYiDNupHyw1MaXyFbY,World Cup Football GIF by OneFootball Heads,country,upload-log,SPAIN_OLMO,2026-06-18,2026-09-08,70411,858.7,212.8,8
gEjdVfmchsJIDdNhHn,Football Soccer GIF by OneFootball Heads,reaction,upload-log,REACTION_OFFSIDE_NT,2026-08-05,2026-09-08,9993,293.9,212.8,8
y4clWEz09eNed1WsX8,Football England Sticker by OneFootball Heads,country,title,,2026-07-22,2026-09-08,10791,224.8,212.5,8
25t5X5WThVq2itzMQv,J League Fight Sticker by OneFootball Heads,uncategorised,none,,2026-08-18,2026-09-08,4303,204.9,212.5,8
HviuxhG9WFXzbBpjJe,World Cup Football GIF by OneFootball Heads,country,upload-log,PORTUGAL_FERNANDES,2026-06-18,2026-09-08,34182,416.9,211.8,8
BxCTf1cNDlhFUdurmO,Celebrate World Cup GIF by OneFootball Heads,football-generic,slug,,2026-01-20,2026-09-08,500806,2168.0,211.8,8
PCp60Cx6Gi4nyLdAgN,Wall Defending Sticker by OneFootball Heads,uncategorised,none,,2026-08-10,2026-09-08,7768,267.9,210.9,8
MzgtF00ibDEZHZkNPV,Feel Better Take Care Sticker by OneFootball Heads,uncategorised,none,,2026-08-10,2026-09-08,7631,263.1,210.9,8
x6u2P1xWEqpnimsun6,World Cup Football GIF by OneFootball Heads,country,upload-log,SAUDI_YALLA_AKHDAR_AR,2026-06-18,2026-09-08,66066,805.7,209.8,8
iVj1jzisyn9qoy0HwT,World Cup Football GIF by OneFootball Heads,player,upload-log,COLUMBIA_DIAZ_NT,2026-07-05,2026-09-08,43961,676.3,209.5,8
uYAAG52VMeqNbeKxrw,World Cup Football GIF by OneFootball Heads,country,upload-log,SCOTLAND_MCTOMINAY,2026-06-18,2026-09-08,25457,310.5,209.1,8
V2cgY6r7FOSTkCgBS1,Germany Football GIF by OneFootball Heads,country,upload-log,GERMANY_RUDIGER,2026-06-18,2026-09-08,19348,236.0,207.4,8
2rEutmU73snFW7dedc,Save Rocket League Sticker by OneFootball Heads,uncategorised,none,,2026-08-18,2026-09-08,4607,219.4,207.4,8
An7uqeayxR5J8dKHu4,Level Up Football Meme GIF by OneFootball Heads,football-generic,slug,,2026-05-22,2026-09-08,146952,1348.2,207.0,8
aow0lDW9gAStommdsS,World Cup Football GIF by OneFootball Heads,country,upload-log,BRAZIL_GABRIEL,2026-06-18,2026-09-08,68312,833.1,206.9,8
ysB7TRjZlCfK705Qsx,World Cup Football GIF by OneFootball Heads,player,upload-log,SOUTH_KOREA_SON,2026-06-18,2026-09-08,21447,261.5,206.8,8
fKD57YqKPZ3oA7M4xG,Locked In Football GIF by OneFootball Heads,reaction,upload-log,REACTION_LOCKIN_NT,2026-08-18,2026-09-08,6577,313.2,206.4,8
9dJzU7bFwJBIWjvWO0,Celebrate World Cup GIF by OneFootball Heads,football-generic,slug,,2026-01-20,2026-09-08,901186,3901.2,205.8,8
ocQq23oTR3xieuMKVv,Football England Sticker by OneFootball Heads,country,title,,2026-07-22,2026-09-08,10768,224.3,205.8,8
WHFiPP52PG9th1XmMP,World Cup Football GIF by OneFootball Heads,player,upload-log,SWITZERLAND_XHAKA_NT,2026-07-05,2026-09-08,18900,290.8,205.5,8
2gXb2GoR2fu58PIHhV,Football England Sticker by OneFootball Heads,country,title,,2026-07-22,2026-09-08,11563,240.9,205.1,8
4agkjC6mUqzk4Ij9jS,Shocked No Way GIF by OneFootball Heads,reaction,slug,,2025-08-04,2026-09-08,102896,257.2,204.9,8
99L1Ri4cmx4aZ82imT,World Cup Football GIF by OneFootball Heads,country,upload-log,SWITZERLAND_FORZA_SVIZZERA,2026-06-18,2026-09-08,70062,854.4,203.0,8
pWYoNgRTTOcpQEGdh4,World Cup Football GIF by OneFootball Heads,country,upload-log,SWEDEN_FIKA,2026-06-18,2026-09-08,26806,326.9,202.9,8
IbdIiqy5nHTtHJKeuA,World Cup Football GIF by OneFootball Heads,country,upload-log,BOSNIA_ZMAJEVI,2026-06-18,2026-09-08,43821,534.4,202.8,8
67KY9IKgii3mZDcGQS,Excited Lets Go GIF by OneFootball Heads,football-generic,slug,,2025-10-19,2026-09-08,501643,1548.3,202.8,8
WEC8B0JL2IifWaSoOn,Too Strong Football Sticker by OneFootball Heads,uncategorised,none,,2026-07-22,2026-09-08,20902,435.5,201.9,8
IhRt3YlSBJDDGKmVfA,World Cup Football GIF by OneFootball Heads,country,upload-log,GHANA_AYEKOO,2026-06-18,2026-09-08,21669,264.3,201.4,8
Ksyo02KzynpxSGIdiu,World Cup Football GIF by OneFootball Heads,country,upload-log,COLUMBIA_GOOOL,2026-06-18,2026-09-08,50519,616.1,201.1,8
92MweENg9NFVV2IS5I,Serie A Football GIF by OneFootball Heads,other,upload-log,ITALY_FORZA_NT,2026-08-18,2026-09-08,5401,257.2,201.0,8
HVDscexF0PPZxgBh4M,Spanish Football GIF by OneFootball Heads,country,upload-log,SPAIN_EGOYAMAL_NT,2026-08-18,2026-09-08,5288,251.8,199.5,8
ZVptXMYcNilTxHPwcx,Sleepy Football GIF by OneFootball Heads,reaction,upload-log,REACTION_FIVEMOREMINS_NT,2026-08-18,2026-09-08,7531,358.6,198.9,8
x61sB9WoV0TIwRSfsR,World Cup Football GIF by OneFootball Heads,player,upload-log,CANADA_DAVIES,2026-07-05,2026-09-08,14295,219.9,198.8,8
iUmxhJqvJmf1ytmdok,World Cup Football GIF by OneFootball Heads,country,upload-log,DRCONGO_LETSGO,2026-06-18,2026-09-08,265168,3233.8,198.5,8
XTYH75Q2sO9K1quzVc,Happy Birthday Football GIF by OneFootball Heads,country,upload-log,USA_PULISICBDAY_NT,2026-08-18,2026-09-08,7652,364.4,198.2,8
MSUZpSsPXDiTRUuHTL,World Cup Football GIF by OneFootball Heads,player,upload-log,SENEGAL_MANE_NT,2026-07-05,2026-09-08,20000,307.7,196.5,8
Lovih36S5jU5y6aJht,Relax Treat Yourself Sticker by OneFootball Heads,uncategorised,none,,2026-08-18,2026-09-08,5153,245.4,195.9,8
xbI1zrZd1QJXsqpByW,Pumpkin Spice Football GIF by OneFootball Heads,reaction,upload-log,REACTION_SWEATERWEATHER_NT,2026-08-18,2026-09-08,5857,278.9,195.4,8
CKVjlqUmBZdyT7d3W7,World Cup Football GIF by OneFootball Heads,player,upload-log,ENGLAND_BELLINGHAM_BELLINGHAM_NT,2026-07-06,2026-09-08,53646,838.2,195.1,8
GxQiKyAy9kzwWgAClZ,World Cup Football GIF by OneFootball Heads,player,upload-log,SOUTH_KOREA_SON,2026-07-05,2026-09-08,31286,481.3,194.8,8
FXlBfysZeccejSPXLN,World Cup Football GIF by OneFootball Heads,player,upload-log,PORTUGAL_VITINHA,2026-06-18,2026-09-08,42621,519.8,194.6,8
z2RmddzZET8w5zZtyb,World Cup Football GIF by OneFootball Heads,player,upload-log,PORTUGAL_RONALDO,2026-06-18,2026-09-08,80161,977.6,194.4,8
6SPE2NmJboU2RJtzU7,Celebrate World Cup GIF by OneFootball Heads,football-generic,slug,,2026-01-20,2026-09-08,248654,1076.4,193.9,8
MZExsocb7ggfMPqiBk,Football Soccer GIF by OneFootball Heads,football-generic,slug,,2026-03-26,2026-09-08,61136,368.3,193.6,8
i1LQPrMHxfoOzHBFpC,Vamos Buenos Aires Sticker by OneFootball Heads,uncategorised,none,,2026-08-18,2026-09-08,4149,197.6,193.5,8
T0MPbboDiC4fnKtpKF,World Cup Football GIF by OneFootball Heads,country,upload-log,SWITZERLAND_ALLEZ_SUISSE,2026-06-18,2026-09-08,79098,964.6,193.2,8
bbd845md4bBhtzxnP2,World Cup Football GIF by OneFootball Heads,country,upload-log,GHANA_GHANA_GHANA,2026-06-18,2026-09-08,24187,295.0,193.2,8
PEi1oQIIty4TOpuwD6,Fantasy Football Captain Sticker by OneFootball Heads,uncategorised,none,,2026-08-18,2026-09-08,5689,270.9,190.5,8
f2ZHXrodz3RRcuqTOo,Good Game Football GIF by OneFootball Heads,reaction,upload-log,REACTION_GG_NT,2026-08-18,2026-09-08,6292,299.6,190.4,8
JbyrV7bzRuZeOpzb30,World Cup Football GIF by OneFootball Heads,country,upload-log,DRCONGO_RUMBA,2026-06-18,2026-09-08,29132,355.3,189.4,8
oLP7BIj99u0sFUlnsV,World Cup Football GIF by OneFootball Heads,country,upload-log,NETHERLANDS_ORANJE,2026-06-18,2026-09-08,24984,304.7,188.6,8
GW5HlgHeRXwbcIRTAO,World Cup Football GIF by OneFootball Heads,country,upload-log,SENEGAL_TERANGA_POWER,2026-06-18,2026-09-08,23804,290.3,187.9,8
54Lr6tnL43zux7QcZh,Celebrate World Cup GIF by OneFootball Heads,football-generic,slug,,2026-01-20,2026-09-08,225712,977.1,187.9,8
hgbSrqxMdAeAILp5Q6,Son Heung Min Korea Sticker by OneFootball Heads,uncategorised,none,,2026-08-18,2026-09-08,3871,184.3,187.9,8
8lSG7jt9Y9Cp31wkzs,Handball Pen Sticker by OneFootball Heads,uncategorised,none,,2026-08-05,2026-09-08,7636,224.6,186.8,8
CQF6AFxLK2g5y2B2NN,Celebrate World Cup GIF by OneFootball Heads,football-generic,slug,,2026-01-20,2026-09-08,1429776,6189.5,186.0,8
ZUwEmP2EchPgZetmps,Celebrate World Cup GIF by OneFootball Heads,football-generic,slug,,2026-01-20,2026-09-08,623053,2697.2,185.1,8
pKUmbMGZ5eNwfcEOwB,World Cup Football GIF by OneFootball Heads,country,upload-log,NETHERLANDS_GAKPO,2026-06-18,2026-09-08,25220,307.6,183.1,8
SQwDBfwWSCoRe4PcNJ,World Cup Football GIF by OneFootball Heads,country,upload-log,SCOTLAND_TARTAN_ARMY,2026-06-18,2026-09-08,32616,397.8,182.5,8
nRd5z0hIeY7xQz1yai,World Cup Football GIF by OneFootball Heads,player,upload-log,MEXICO_JIMENEZ,2026-06-18,2026-09-08,65606,800.1,182.4,8
FCtjJQzZME69CW6ttp,Football Soccer GIF by OneFootball Heads,reaction,slug,,2025-07-01,2026-09-08,280350,646.0,181.9,8
pfDwG4T0vC4IxqS2eN,World Cup Football GIF by OneFootball Heads,player,upload-log,PORTUGAL_VITINHA,2026-07-05,2026-09-08,18855,290.1,181.2,8
Zw9IYZoi4lR40x6kOh,World Cup Football GIF by OneFootball Heads,player,upload-log,SPAIN_PEDRI,2026-06-18,2026-09-08,68305,833.0,180.4,8
Zil84rm4wvlWsJqo9C,Celebrate World Cup GIF by OneFootball Heads,football-generic,slug,,2026-01-20,2026-09-08,9612930,41614.4,180.2,8
uRu8dFMCWLKNRlMCmu,Luis Diaz Football Sticker by OneFootball Heads,player,title,,2026-07-22,2026-09-08,11767,245.1,179.8,8
5dhF60l8tjO4UUuTTz,France Football Sticker by OneFootball Heads,country,title,,2026-07-22,2026-09-08,10167,211.8,179.6,8
lZpO7Do65wTMyL6pTw,Independence Day Football GIF by OneFootball Heads,other,upload-log,NIGERIA_NAIJA,2026-08-18,2026-09-08,5630,268.1,179.1,8
dCqQrUmPgICwfSYzgi,Well Done Yes GIF by OneFootball Heads,reaction,slug,,2025-06-18,2026-09-08,61225,137.0,179.0,8
FS1BfSHSEcBM7oXgnd,OneFootball Heads GIF,reaction,slug,,2025-06-13,2026-09-08,117846,260.7,178.9,8
oU1Fo2c50feGpaWwDh,World Cup Football GIF by OneFootball Heads,player,upload-log,SENEGAL_MANE,2026-06-18,2026-09-08,23163,282.5,178.6,8
u3yUNMoKcvZ5mFEDJu,South Korea Football GIF by OneFootball Heads,country,upload-log,SOUTH_KOREA_SALUTE_NT,2026-08-18,2026-09-08,5193,247.3,178.2,8
ykoTW1SqAFoUKMXfwl,Celebrate World Cup GIF by OneFootball Heads,football-generic,slug,,2026-01-20,2026-09-08,1653347,7157.3,178.0,8
YnYONchMFPBkNcWSv4,Celebrate Happy Birthday Sticker by OneFootball Heads,uncategorised,none,,2026-08-18,2026-09-08,3503,166.8,177.5,8
MyCyi89mx9JPC9bHv7,Football Smells Good GIF by OneFootball Heads,reaction,upload-log,REACTION_BBQSNIFF,2026-08-05,2026-09-08,8758,257.6,177.2,8
eSfJodS0foTOVqrBg1,6 7 Football GIF by OneFootball Heads,reaction,slug,,2026-06-18,2026-09-08,23273,283.8,177.1,8
cIJp8Y1yZVnCzjXSjQ,World Cup Football GIF by OneFootball Heads,country,upload-log,TURKIYE_HAYDI,2026-06-18,2026-09-08,25969,316.7,177.0,8
xW6AwwdTobQgDZ3nAU,World Cup Football GIF by OneFootball Heads,player,upload-log,SCOTLAND_ROBERTSON,2026-07-05,2026-09-08,16449,253.1,176.9,8
fFcZ7GbvG7949eU5xg,World Cup Football GIF by OneFootball Heads,player,upload-log,ARGENTINA_MESSI,2026-07-05,2026-09-08,41689,641.4,176.4,8
7g6qMNgDoURhrDLIa1,Sleepy Monday Sticker by OneFootball Heads,uncategorised,none,,2026-08-18,2026-09-08,4605,219.3,173.4,8
kqkgYGr6YOULDs5Fcn,World Cup Shrug GIF by OneFootball Heads,player,upload-log,PORTUGAL_BRUNO,2026-07-05,2026-09-08,13642,209.9,172.8,8
dRdbbodInaw9ngy2et,World Cup Football GIF by OneFootball Heads,country,upload-log,PORTUGAL_CANCELO,2026-06-18,2026-09-08,39163,477.6,172.8,8
tZ7DeEmaE9nn2rqcF3,World Cup Football GIF by OneFootball Heads,country,upload-log,ARGENTINA_MUCHACHOS,2026-06-18,2026-09-08,132717,1618.5,172.8,8
4mTE4i8Zui0pfyN6Tj,Federico Valverde Football Sticker by OneFootball Heads,player,title,,2026-07-22,2026-09-08,10462,218.0,172.4,8
KksuC9fn8zo5RlERgg,World Cup Football GIF by OneFootball Heads,player,upload-log,SENEGAL_MANE,2026-07-05,2026-09-08,19067,293.3,171.9,8
ptWaTNOtCbJyFoPOsI,Run Fall Over GIF by OneFootball Heads,reaction,slug,,2026-02-09,2026-09-08,84593,400.9,171.6,8
G0FL2jcpanSQMex6pQ,Lets Go Football GIF by OneFootball Heads,reaction,upload-log,REACTION_MATCHDAY,2026-07-22,2026-09-08,22026,458.9,171.5,8
kkOBICGZgUnawZm7If,Spanish Football GIF by OneFootball Heads,country,upload-log,SPAIN_CAMPEONES,2026-07-22,2026-09-08,12782,266.3,171.2,8
jOD0UBpJJ0cWe7HWpk,Save Rocket League GIF by OneFootball Heads,reaction,upload-log,REACTION_WHATASAVE_NT,2026-08-18,2026-09-08,5447,259.4,171.0,8
kfjRVgBKSfpje8yaL1,World Cup Football GIF by OneFootball Heads,country,upload-log,BOSNIA_LETSGO,2026-06-18,2026-09-08,47239,576.1,170.8,8
5sWddKfNN6ISDvkDWK,Andy Robertson Football Sticker by OneFootball Heads,player,title,,2026-07-22,2026-09-08,12669,263.9,170.8,8
p7frzFr9aRRxgCAjSd,Spanish Football GIF by OneFootball Heads,country,upload-log,SPAIN_FIESTA_NT,2026-08-18,2026-09-08,4204,200.2,170.4,8
h236Gf0jar0p1NaZhz,Save Rocket League Sticker by OneFootball Heads,uncategorised,none,,2026-08-18,2026-09-08,4252,202.5,169.9,8
6KAGK2RnpkpBJCM8pW,Luka Modric Football Sticker by OneFootball Heads,player,title,,2026-07-22,2026-09-08,11304,235.5,169.2,8
DBNUsVBmNhdqMaetuc,Champions League Knockout GIF by OneFootball Heads,football-generic,slug,,2026-05-22,2026-09-08,38967,357.5,169.0,8
tG40NFJ94fjjn3vRXR,World Cup Football GIF by OneFootball Heads,country,upload-log,SOUTH_AFRICA_GO_BAFANA,2026-06-18,2026-09-08,73951,901.8,168.6,8
N4HpPRFRixdNxu1Fg8,Celebration Hype GIF by OneFootball Heads,football-generic,slug,,2025-09-11,2026-09-08,195942,541.3,167.2,8
EbEX6H0ZYbCTI9nI25,Sad Mistake GIF by OneFootball Heads,reaction,slug,,2026-02-09,2026-09-08,58309,276.3,166.9,8
n4eta4zIkCRr6xbK2f,Celebrate Germany GIF by OneFootball Heads,football-generic,slug,,2026-01-20,2026-09-08,710267,3074.7,166.1,8
FRKnlYZ5Sc1GyYRhym,Andy Robertson Football Sticker by OneFootball Heads,player,title,,2026-07-22,2026-09-08,12424,258.8,166.1,8
woNoaZZ9V12dyjYjJo,Game Over Football GIF by OneFootball Heads,reaction,slug,,2025-07-01,2026-09-08,316498,729.3,166.0,8
5NxsFyN2WM2HjI1BpK,Celebrate World Cup GIF by OneFootball Heads,country,slug,,2026-01-20,2026-09-08,170870,739.7,165.6,8
zvQsooz0XRnldcroLB,Football England Sticker by OneFootball Heads,country,title,,2026-07-22,2026-09-08,8658,180.4,165.4,8
e0s868pPHJojxQ4Vgs,Football Mane Sticker by OneFootball Heads,uncategorised,none,,2026-07-22,2026-09-08,30463,634.6,164.9,8
ioikNOK6094SPdG2gY,World Cup Football GIF by OneFootball Heads,country,upload-log,CZECHIA_CESKO,2026-06-18,2026-09-08,22474,274.1,164.0,8
LcCD3TkQe4SJroMYz5,France Football GIF by OneFootball Heads,player,upload-log,FRANCE_OLISE_NT,2026-07-05,2026-09-08,29966,461.0,163.9,8
DvT1BeIHu3ChyybxkR,World Cup Football GIF by OneFootball Heads,player,upload-log,SPAIN_RODRI_NT,2026-07-05,2026-09-08,60000,923.1,163.8,8
M3DQRSj2ZR4BSXZMlX,World Cup Football GIF by OneFootball Heads,country,upload-log,NETHERLANDS_VAN_DIJK,2026-06-18,2026-09-08,33795,412.1,163.8,8
DArpiMDTC0np9ytWe8,World Cup Football GIF by OneFootball Heads,country,upload-log,MEXICO_MEXICO_MEXICO,2026-06-18,2026-09-08,41000,500.0,162.6,8
RlkKf5MBzEjqzqN3Pt,Excited Crypto GIF by OneFootball Heads,football-generic,slug,,2026-05-18,2026-09-08,46737,413.6,162.4,8
zFIKTZM31QPyQrkzji,12 October Spain Sticker by OneFootball Heads,country,title,,2026-08-18,2026-09-08,2763,131.6,162.0,8
MoUvrMYhXbXOYMTXOs,Federico Valverde Football Sticker by OneFootball Heads,player,title,,2026-07-22,2026-09-08,9434,196.5,161.4,8
AJYr4bWzAFjdGH9q0o,Lets Go Please GIF by OneFootball Heads,reaction,slug,,2025-08-04,2026-09-08,185632,464.1,160.5,8
lckVXkNU5pajkTH2Y4,La Albiceleste Football GIF by OneFootball Heads,country,upload-log,ARGENTINA_MESSITIME,2026-07-22,2026-09-08,8804,183.4,159.0,8
gWRf9HI5C42rN1HirJ,World Cup Football GIF by OneFootball Heads,country,upload-log,MOROCCO_DIMA,2026-06-18,2026-09-08,106497,1298.7,158.9,8
LIqRddsJ488WR7JkgG,World Cup Football GIF by OneFootball Heads,country,upload-log,BELGIUM_DIABLES_ROUGES,2026-06-18,2026-09-08,148185,1807.1,158.1,8
bOLdbJxTL32fzUfQ79,Germany Football GIF by OneFootball Heads,player,upload-log,GERMANY_WIRTZ,2026-07-05,2026-09-08,20122,309.6,157.5,8
dBEeUL0mbzScibZaSv,World Cup Football GIF by OneFootball Heads,country,upload-log,AUSTRIA_HOPP,2026-06-18,2026-09-08,25679,313.2,157.1,8
SOWhGIHwM7je4YNVsz,You Got This Cheer Up GIF by OneFootball Heads,reaction,upload-log,REACTION_YOUGOTTHIS,2026-08-18,2026-09-08,4257,202.7,157.1,8
sgLnfOIYS7BUIHXUxC,World Cup Football GIF by OneFootball Heads,country,upload-log,URUGUAY_GARRA,2026-06-18,2026-09-08,27827,339.4,156.2,8
RcKxMa4JVupSJSMnhX,OneFootball Heads GIF,reaction,slug,,2025-06-13,2026-09-08,279454,618.3,155.9,8
QIpziLuXhTywLdbIkQ,Happy We Did It GIF by OneFootball Heads,reaction,slug,,2025-08-03,2026-09-08,85455,213.1,154.9,8
G4bRYCUE94lLd7ftFC,World Cup Football GIF by OneFootball Heads,country,upload-log,SWEDEN_BLAGULT,2026-06-18,2026-09-08,24376,297.3,154.6,8
XCGc4SGOCWsIxXCteW,World Cup Football GIF by OneFootball Heads,country,upload-log,SWITZERLAND_HOPP_SCHWIIZ,2026-06-18,2026-09-08,115803,1412.2,153.8,8
IvciiQcSOnH7gFlwnK,World Cup Football GIF by OneFootball Heads,country,upload-log,JAPAN_NIPPON_JP,2026-06-18,2026-09-08,54518,664.9,153.6,8
ywVDodGGYpgsU7vb0Q,World Cup Football GIF by OneFootball Heads,country,upload-log,BELGIUM_RODE_DUIVELS,2026-06-18,2026-09-08,58237,710.2,151.5,8
3oDwGbxOLEg8bEEJIQ,Football Omg GIF by OneFootball Heads,reaction,slug,,2025-07-01,2026-09-08,195421,450.3,151.5,8
HDcKa4AKZLIbXnJgVg,Bravo Applause Sticker by OneFootball Heads,uncategorised,none,,2026-08-10,2026-09-08,5144,177.4,151.5,8
BEH8snVdAHDiqrRvhv,World Cup Football GIF by OneFootball Heads,country,upload-log,NETHERLANDS_DE_JONG,2026-06-18,2026-09-08,32870,400.9,151.4,8
0r0YUGcSj97ueZws1I,World Cup Football GIF by OneFootball Heads,player,upload-log,BELGIUM_DOKU_NT,2026-07-05,2026-09-08,29088,447.5,151.2,8
w59SdHiwZO84yaEl4U,World Cup Football GIF by OneFootball Heads,country,upload-log,ARGENTINA_LISANDRO,2026-06-18,2026-09-08,85141,1038.3,151.1,8
x3LVct059nDJWWHnBs,World Cup Football GIF by OneFootball Heads,country,upload-log,NETHERLANDS_HUP_HOLLAND,2026-06-18,2026-09-08,26231,319.9,150.9,8
HU5ZX6NCZHrKdAkGtf,Celebrate World Cup GIF by OneFootball Heads,football-generic,slug,,2026-01-20,2026-09-08,418217,1810.5,150.8,8
7HumoY5K6oo1enpFWe,Easter Bunny Football GIF by OneFootball Heads,football-generic,slug,,2026-03-26,2026-09-08,180525,1087.5,150.6,8
1gsEMwwsNPO36OxOQK,World Cup Football GIF by OneFootball Heads,player,upload-log,MOROCCO_HAKIMI,2026-07-05,2026-09-08,25586,393.6,150.5,8
Pd6VbhzYBpVXqj1D2b,World Cup Football GIF by OneFootball Heads,player,upload-log,SWITZERLAND_XHAKA,2026-07-05,2026-09-08,15257,234.7,150.2,8
kSQgxps254FWBwB2pO,Football Soccer GIF by OneFootball Heads,other,upload-log,POLAND_JAZDA_NT,2026-08-18,2026-09-08,5159,245.7,149.8,8
9YVJ3QFI0T2T1huuOt,World Cup Football GIF by OneFootball Heads,country,upload-log,CROATIA_VATRENI,2026-06-18,2026-09-08,31791,387.7,149.6,8
QrkLDmJgzsxpI6Lfv0,Basketball Nba Sticker by OneFootball Heads,uncategorised,none,,2026-08-18,2026-09-08,4053,193.0,149.6,8
vWQ3cNvlZdFGn4P8mC,World Cup Football GIF by OneFootball Heads,country,upload-log,SOUTH_KOREA_HWAITING,2026-06-18,2026-09-08,23549,287.2,149.4,8
lGjWSowFgfSI3Q7CuM,World Cup Football GIF by OneFootball Heads,country,upload-log,ARGENTINA_MAC_ALLISTER,2026-06-18,2026-09-08,169260,2064.1,146.6,8
2Tmk43f9xbaX1HX5XW,Celebrate World Cup GIF by OneFootball Heads,reaction,slug,,2026-01-20,2026-09-08,515598,2232.0,144.4,8
sUB4mT5lYLiasBJttS,France Football Sticker by OneFootball Heads,country,title,,2026-07-22,2026-09-08,8890,185.2,144.4,8
DoNIRpsowBXVQjshzI,Best Friends Squad Sticker by OneFootball Heads,uncategorised,none,,2026-07-28,2026-09-08,11567,275.4,144.1,8
R4gBgTFknn0FdAer3c,Germany Football GIF by OneFootball Heads,country,upload-log,GERMANY_SHOWTIME_NT,2026-08-18,2026-09-08,5231,249.1,144.0,8
s5mc5b4QlA0GqxfiMn,Best Friends Football GIF by OneFootball Heads,reaction,upload-log,REACTION_MYTEAM,2026-07-28,2026-09-08,16402,390.5,143.5,8
TnYyD0Y5gHcxxIs60O,Notes Notebook GIF by OneFootball Heads,reaction,slug,,2025-10-23,2026-09-08,114532,357.9,143.1,8
1ui7bi7c2bgkwLOVkt,Hold On Football GIF by OneFootball Heads,reaction,upload-log,REACTION_BRB,2026-08-05,2026-09-08,9268,272.6,143.1,8
PMny68XCKFiABxd1SZ,Hat Trick Football GIF by OneFootball Heads,football-generic,slug,,2026-03-26,2026-09-08,572242,3447.2,143.0,8
ob50T7GkSbkLLSRhQn,World Cup Football GIF by OneFootball Heads,country,upload-log,GHANA_BLACK_STARS,2026-06-18,2026-09-08,21249,259.1,141.6,8
65WZEH3DbzTOskjZ9F,World Cup Football GIF by OneFootball Heads,country,upload-log,DRCONGO_FLAG,2026-06-18,2026-09-08,34836,424.8,141.4,8
YOy4wfZdVp39GaHWHa,World Cup Football GIF by OneFootball Heads,country,upload-log,ENGLAND_REECE_JAMES,2026-06-18,2026-09-08,25377,309.5,141.4,8
Oy3HDm5jfdMkgrHwrf,Football Soccer GIF by OneFootball Heads,reaction,upload-log,REACTION_PENALTY_NT,2026-08-05,2026-09-08,10733,315.7,141.1,8
uCLrRaHsmPHmSNVkY8,World Cup Football GIF by OneFootball Heads,country,upload-log,SPAIN_A_POR_ELLOS,2026-06-18,2026-09-08,81736,996.8,140.6,8
rWdKQ4rLROfKD3cdLI,Best Friend Friends Sticker by OneFootball Heads,uncategorised,none,,2026-07-28,2026-09-08,345597,8228.5,140.6,8
maNlF3eSXasPrO4QdO,Time Out Football GIF by OneFootball Heads,football-generic,slug,,2026-03-26,2026-09-08,106628,642.3,140.2,8
A1yl317Qn9BkRcNDyq,Germany Football GIF by OneFootball Heads,player,upload-log,GERMANY_MUSIALA,2026-07-05,2026-09-08,14445,222.2,140.0,8
qvGvze34SYzFy0IOjo,World Cup Football GIF by OneFootball Heads,country,upload-log,BRAZIL_VINICIUS,2026-06-18,2026-09-08,32173,392.4,139.8,8
M9BHBduBnOdhaDQf0e,You Got This Cheer Up Sticker by OneFootball Heads,uncategorised,none,,2026-08-18,2026-09-08,3583,170.6,139.8,8
ua2tdLivRUMCD0UCcu,Dutch Football Amsterdam Sticker by OneFootball Heads,country,title,,2026-08-18,2026-09-08,2143,102.0,139.4,8
YoWUM76JMiAUKm9ggl,Good Vibes Thank You GIF by OneFootball Heads,reaction,slug,,2025-08-03,2026-09-08,67335,167.9,139.1,8
LOVAgqCndxbF0yVSvH,Red Flag Toxic Relationship GIF by OneFootball Heads,reaction,slug,,2026-02-09,2026-09-08,75658,358.6,138.5,8
k8u0YOIFdyRsTb950U,World Cup Football GIF by OneFootball Heads,player,upload-log,MOROCCO_HAKIMI_NT,2026-07-05,2026-09-08,16412,252.5,137.8,8
2KDnf1jZTUJlrrasTZ,Fifa Swirling GIF by OneFootball Heads,reaction,slug,,2025-08-04,2026-09-08,114969,287.4,137.8,8
2FbqKii3sahcmtOgU2,Opening Day Hype GIF by OneFootball Heads,football-generic,slug,,2026-05-22,2026-09-08,43979,403.5,136.2,8
8vyjogwsr45jBNjzfS,Germany Showtime Sticker by OneFootball Heads,country,title,,2026-08-18,2026-09-08,3375,160.7,136.1,8
z3cQyCScaa6eQAPGxM,World Cup Football GIF by OneFootball Heads,country,upload-log,HAITI_ANN_ALE,2026-06-18,2026-09-08,33757,411.7,136.0,8
pPqefCee0DWoNtfPaN,Final Match Kiss GIF by OneFootball Heads,reaction,slug,,2025-07-01,2026-09-08,130361,300.4,135.9,8
5DIPupkmxQqmITQtN1,World Cup Football GIF by OneFootball Heads,country,upload-log,SPAIN_OYARZABAL,2026-06-18,2026-09-08,238735,2911.4,135.2,8
cfLHHFi62dBMYsloN7,Shocked Whats That GIF by OneFootball Heads,reaction,slug,,2026-02-09,2026-09-08,66344,314.4,135.1,8
xal2XkbIQo668lc27M,Goalkeeper Save GIF by OneFootball Heads,football-generic,slug,,2025-09-11,2026-09-08,114765,317.0,133.8,8
8hx8uoZR5mx3pAnEre,Luis Diaz Football Sticker by OneFootball Heads,player,title,,2026-07-22,2026-09-08,9921,206.7,133.6,8
z7SQKvGQvXrAtw9e0b,Best Friend Teammates Sticker by OneFootball Heads,uncategorised,none,,2026-07-28,2026-09-08,12590,299.8,133.2,8
yiNGJnacgioeujOFDw,France Football GIF by OneFootball Heads,player,upload-log,FRANCE_DEMBELE,2026-06-18,2026-09-08,33776,411.9,132.1,8
aFoEcC8r12zpxNNvSz,World Cup Football GIF by OneFootball Heads,country,upload-log,QATAR_ANNABI,2026-06-18,2026-09-08,16273,198.5,132.1,8
oC6Cx1YXBtvdoYXmZr,Celebration Wow GIF by OneFootball Heads,reaction,slug,,2025-08-04,2026-09-08,231409,578.5,131.5,8
d6UTJkeCNSuMgArYQg,Granit Xhaka Football Sticker by OneFootball Heads,player,title,,2026-07-22,2026-09-08,7916,164.9,131.5,8
5pLT73wZ9Lom3W19N1,Happy Birthday Sticker by OneFootball Heads,uncategorised,none,,2026-08-18,2026-09-08,2741,130.5,131.2,8
QQeMYCJmSK3CvnW69G,World Cup Football GIF by OneFootball Heads,player,upload-log,ENGLAND_RICE,2026-06-18,2026-09-08,29040,354.1,130.8,8
XbEj9EvaOwUas4Zfkd,Celebrate World Cup GIF by OneFootball Heads,country,slug,,2026-01-20,2026-09-08,504147,2182.5,130.2,8
jKFcYsEGnQcAUJrto3,Best Friends Football GIF by OneFootball Heads,reaction,upload-log,REACTION_BESTFRIENDS,2026-07-28,2026-09-08,22054,525.1,130.1,8
U0K68elO5NOob4q372,World Cup Football GIF by OneFootball Heads,player,upload-log,BELGIUM_DOKU,2026-07-05,2026-09-08,27427,422.0,129.6,8
FLCbk99ECzXQJ1IPDM,You Got This Cheer Up Sticker by OneFootball Heads,uncategorised,none,,2026-08-18,2026-09-08,3524,167.8,129.4,8
2fhhHvDo2dUJMgJFW6,World Cup Football GIF by OneFootball Heads,player,upload-log,SOUTH_KOREA_SON_NT,2026-07-05,2026-09-08,18370,282.6,129.2,8
Jzp6EmR66Abn9ExWls,Football Fan Transfer GIF by OneFootball Heads,football-generic,slug,,2026-05-22,2026-09-08,53644,492.1,128.6,8
rShS2A9N2fJxhddR73,Happy Birthday Football Sticker by OneFootball Heads,uncategorised,none,,2026-07-22,2026-09-08,11240,234.2,128.4,8
V6nWD8hjJ0NqRkwKwf,The Wall Football Sticker by OneFootball Heads,uncategorised,none,,2026-07-22,2026-09-08,12691,264.4,127.5,8
1CtnvXO5JJQFN6DhpR,Captain America Football Sticker by OneFootball Heads,uncategorised,none,,2026-07-22,2026-09-08,8768,182.7,127.4,8
AOXdCCwtj3Jeic1FY0,Germany Football Sticker by OneFootball Heads,country,title,,2026-07-22,2026-09-08,10205,212.6,127.4,8
zeuNkxbzImr0pwvW40,12 October Spain Sticker by OneFootball Heads,country,title,,2026-08-18,2026-09-08,2461,117.2,127.2,8
hIP7IxySDujDjTcCgk,Locked In Cooking GIF by OneFootball Heads,reaction,upload-log,REACTION_LETHIMCOOK_NT,2026-08-10,2026-09-08,6457,222.7,126.6,8
A2z7pVURqwz3BlQdQp,World Cup Football GIF by OneFootball Heads,country,upload-log,BRAZIL_GUIMARAES,2026-06-18,2026-09-08,55238,673.6,126.4,8
4iC6WmsVhfZAeGj178,World Cup Football GIF by OneFootball Heads,country,upload-log,SENEGAL_SARR,2026-06-18,2026-09-08,25113,306.3,126.1,8
BnZxWweEjsyxjol0Wg,Process Believe Sticker by OneFootball Heads,uncategorised,none,,2026-08-18,2026-09-08,3977,189.4,125.4,8
EkcxDEfhpQPDEHLjwJ,Handball Pen Sticker by OneFootball Heads,uncategorised,none,,2026-08-05,2026-09-08,5897,173.4,125.1,8
WhOTaSjCzQyMAMBn5v,Podcast Commentator GIF by OneFootball Heads,reaction,slug,,2026-02-09,2026-09-08,144767,686.1,125.0,8
jx0IjA7UNnD8Caul88,Son Heung Min Korea Sticker by OneFootball Heads,uncategorised,none,,2026-08-18,2026-09-08,2939,140.0,125.0,8
hLlrlSXRBLz2a3Fa9b,World Cup Football GIF by OneFootball Heads,country,upload-log,ENGLAND_EZE,2026-06-18,2026-09-08,24270,296.0,124.6,8
UpPyFzWrRSSCDjWW5S,France Football GIF by OneFootball Heads,country,upload-log,FRANCE_KONATE,2026-06-18,2026-09-08,16772,204.5,124.5,8
Do7K8nCJQrwf7gsrRm,World Cup Football GIF by OneFootball Heads,country,upload-log,DRCONGO_LEOPARDS2,2026-06-18,2026-09-08,32525,396.6,122.2,8
XzFg2ZpcLiS4s3N1KC,Football Winning GIF by OneFootball Heads,reaction,slug,,2026-05-18,2026-09-08,67011,593.0,122.2,8
cj0jRYyipLPlzwLs0i,Celebrate World Cup GIF by OneFootball Heads,football-generic,slug,,2026-01-20,2026-09-08,626973,2714.2,122.2,8
2fR6fBgW6BZU1CPIqG,Easter Bunny Football GIF by OneFootball Heads,football-generic,slug,,2026-03-26,2026-09-08,91371,550.4,122.1,8
KPVPfTOGhR4ZDXsBWA,Angry Football Fan GIF by OneFootball Heads,reaction,slug,,2025-07-01,2026-09-08,66167,152.5,120.8,8
ItO7l3CTSHgpeB4Ywp,Well Done Celebration Sticker by OneFootball Heads,uncategorised,none,,2026-08-05,2026-09-08,4545,133.7,120.2,8
mN9I9lpyxfZ8Gtkapj,Suspicious Football GIF by OneFootball Heads,reaction,upload-log,REACTION_SIDEEYE,2026-08-05,2026-09-08,5795,170.4,119.9,8
8rDd90ItBDko5IMjqu,Celebrating Game Time GIF by OneFootball Heads,football-generic,slug,,2025-09-11,2026-09-08,98353,271.7,118.9,8
GT9cgAAAtfM5JgcZpQ,I Love You Flowers GIF by OneFootball Heads,football-generic,slug,,2026-01-20,2026-09-08,59348,256.9,118.5,8
uejerzhWkT2nfV4ekh,Var Whistle GIF by OneFootball Heads,reaction,slug,,2025-08-04,2026-09-08,151688,379.2,116.8,8
5BgFFHb09dESx7zqli,Football England Sticker by OneFootball Heads,country,title,,2026-07-22,2026-09-08,5562,115.9,116.6,8
MMQp5dVRWpDk5TKSk3,World Cup Football GIF by OneFootball Heads,country,upload-log,TURKIYE_YILDIZ,2026-06-18,2026-09-08,15520,189.3,116.5,8
bff86XIkSNuway0pUU,World Cup Football GIF by OneFootball Heads,country,upload-log,JAPAN_SAMURAI_BLUE,2026-06-18,2026-09-08,95360,1162.9,116.5,8
P4mW1PplxZFjLv81SQ,Happy We Got This GIF by OneFootball Heads,reaction,slug,,2025-08-04,2026-09-08,128442,321.1,116.5,8
uZ7GOHTYg3w6hAPN9v,Unity We Agree GIF by OneFootball Heads,reaction,slug,,2025-08-03,2026-09-08,320264,798.7,115.8,8
KR0ABF8z9pul0Xn1vj,World Cup Football GIF by OneFootball Heads,country,upload-log,NETHERLANDS_DUMFRIES,2026-06-18,2026-09-08,20728,252.8,115.4,8
j70G4xGbIAyl69HjSG,World Cup Football GIF by OneFootball Heads,player,upload-log,MOROCCO_HAKIMI,2026-06-18,2026-09-08,50594,617.0,115.2,8
M466iBsWoTlNojJbyk,World Cup Football GIF by OneFootball Heads,country,upload-log,CROATIA_IDEMO,2026-06-18,2026-09-08,41477,505.8,114.9,8
Zfddxu8Y4dgWz6ABMI,Well Done Thumbs Up GIF by OneFootball Heads,football-generic,slug,,2025-10-19,2026-09-08,158695,489.8,114.5,8
VOuTYkX8OhXjetxwQ5,World Cup Football GIF by OneFootball Heads,country,upload-log,CZECHIA_PIVO,2026-06-18,2026-09-08,14072,171.6,114.2,8
xQNauBqQ1WrqCAPuRE,World Cup Football GIF by OneFootball Heads,player,upload-log,CROATIA_MODRIC,2026-06-18,2026-09-08,29279,357.1,114.0,8
pzLy6Kcx9jyVz05UxB,World Cup Football GIF by OneFootball Heads,country,upload-log,BRAZIL_MARQUINHOS,2026-06-18,2026-09-08,22301,272.0,113.9,8
ZUtSEAyBuCcewmA29F,Champions League Celebration GIF by OneFootball Heads,reaction,slug,,2025-08-04,2026-09-08,56559,141.4,113.4,8
3CjwLHLooBGmDorkzF,Celebrate World Cup GIF by OneFootball Heads,football-generic,slug,,2026-01-20,2026-09-08,575689,2492.2,112.5,8
RBTu09kkFBlNEd3DGg,Republic Day Football GIF by OneFootball Heads,country,upload-log,TURKIYE_CUMHURIYET_NT,2026-08-18,2026-09-08,2714,129.2,112.5,8
TUUonB8EmRCv8seKuk,Keep Calm Van Dijk GIF by OneFootball Heads,country,upload-log,NETHERLANDS_RELAX_NT,2026-08-18,2026-09-08,3036,144.6,112.5,8
nlRq8kEVEGEqLhJXS6,Football Soccer GIF by OneFootball Heads,reaction,upload-log,REACTION_PENALTY,2026-08-05,2026-09-08,10859,319.4,112.4,8
DtzZaTXJmluGoVaJzL,Cristiano Ronaldo Football Sticker by OneFootball Heads,player,title,,2026-07-22,2026-09-08,15245,317.6,110.9,8
hkJqI1Z2eMIZGjaLGr,World Cup Football GIF by OneFootball Heads,player,upload-log,TURKIYE_GULER,2026-06-18,2026-09-08,15712,191.6,110.0,8
bfb6MDov8wj5qopEZC,Sad Sorry GIF by OneFootball Heads,reaction,slug,,2026-02-09,2026-09-08,64979,308.0,109.1,8
Brkoiafxyzb94gXrMa,Celebrate World Cup GIF by OneFootball Heads,country,slug,,2026-01-20,2026-09-08,577832,2501.4,109.1,8
lBbWkhDD3jH4oiqBJe,Voting Election Day GIF by OneFootball Heads,reaction,upload-log,REACTION_IVOTED,2026-08-18,2026-09-08,3121,148.6,108.8,8
rI4yCkQXsGkvkN6qQy,World Cup Football GIF by OneFootball Heads,country,upload-log,SAUDI_AKHDAR_AR,2026-06-18,2026-09-08,24130,294.3,108.5,8
6guW2txh6RAr0RCnTP,April Fools Football GIF by OneFootball Heads,football-generic,slug,,2026-03-26,2026-09-08,139611,841.0,108.4,8
lo0xHsbZsqAXm3DxRm,France Football GIF by OneFootball Heads,player,upload-log,FRANCE_SALIBA,2026-06-18,2026-09-08,15635,190.7,107.2,8
tbM0KkSZBNwDUqlqde,March Madness Football GIF by OneFootball Heads,reaction,upload-log,REACTION_BUCKETS,2026-08-18,2026-09-08,4574,217.8,107.2,8
jzppiGwPog15PVElfH,Good Vibes Chill GIF by OneFootball Heads,reaction,slug,,2025-06-20,2026-09-08,97638,219.4,106.8,8
pPGGvsQjn9xJb55F8i,Hat Trick Football GIF by OneFootball Heads,football-generic,slug,,2026-03-26,2026-09-08,99737,600.8,106.0,8
1djpUfuj1q5zamopKb,Football England Sticker by OneFootball Heads,country,title,,2026-07-22,2026-09-08,5232,109.0,105.5,8
XQGaZGKKKFL5DGdt4Y,Vamos Argentina World Cup GIF by OneFootball Heads,country,upload-log,ARGENTINA_VAMOS,2026-06-18,2026-09-08,156000,1902.4,105.2,8
CbojCyfv0Pg02Bogxn,Make It Rain Money Sticker by OneFootball Heads,uncategorised,none,,2026-08-10,2026-09-08,3332,114.9,105.1,8
m6uaoa7xX7Dg2HnF6p,World Cup Football GIF by OneFootball Heads,country,upload-log,SOUTH_KOREA_DAEHAN,2026-06-18,2026-09-08,14559,177.5,104.9,8
RjBXlk32cZwWJwL4gS,World Cup Football GIF by OneFootball Heads,country,upload-log,JORDAN_NASHAMA,2026-06-18,2026-09-08,24119,294.1,104.9,8
BjiE1R8mHXxYRRhY0m,Work From Home Swag GIF by OneFootball Heads,football-generic,slug,,2025-09-11,2026-09-08,102004,281.8,104.5,8
MVdhlDm19paYqtsMfF,Germany Football GIF by OneFootball Heads,player,upload-log,GERMANY_KIMMICH,2026-06-18,2026-09-08,14951,182.3,104.4,8
mOfr7vCOfkmMgNZfhM,Grilling Labor Day Sticker by OneFootball Heads,uncategorised,none,,2026-08-05,2026-09-08,5760,169.4,104.2,8
X2tAL568gaKEgB9Anv,Football Popping In GIF by OneFootball Heads,reaction,slug,,2025-07-01,2026-09-08,125468,289.1,104.1,8
dxie0mdUARIwhn2yee,Champions League Uefa GIF by OneFootball Heads,football-generic,slug,,2026-05-22,2026-09-08,45513,417.6,103.6,8
TBERH8SbfqimWzO26A,Miss You Hug Sticker by OneFootball Heads,uncategorised,none,,2026-07-28,2026-09-08,11606,276.3,103.1,8
RUcKKOR9LAGm3Sy9CY,World Cup Football GIF by OneFootball Heads,player,upload-log,SPAIN_YAMAL,2026-06-18,2026-09-08,195680,2386.3,102.1,8
dUdU0hkoyxafxasQEY,Vamos Buenos Aires GIF by OneFootball Heads,country,upload-log,ARGENTINA_DALE_NT,2026-08-18,2026-09-08,3918,186.6,101.9,8
WxxWLGWv6UUZdsT2lS,World Cup Football GIF by OneFootball Heads,country,upload-log,NORWAY_NORGE,2026-06-18,2026-09-08,84206,1026.9,101.4,8
RKSWD89SckpaCkF7lB,World Cup Waiting GIF by OneFootball Heads,football-generic,slug,,2026-05-18,2026-09-08,52214,462.1,101.1,8
JfqESuqy1kOf3HTr8Y,Frustration Swirling GIF by OneFootball Heads,reaction,slug,,2025-08-04,2026-09-08,56974,142.4,101.0,8
d6ZMxXqdHwzsYsjIfP,World Cup Football GIF by OneFootball Heads,country,upload-log,ECUADOR_LA_TRI,2026-06-18,2026-09-08,27332,333.3,98.6,8
XB8mTbeXNfl7OIlAkt,World Cup Football GIF by OneFootball Heads,country,upload-log,NETHERLANDS_GRAVENBERCH,2026-06-18,2026-09-08,13612,166.0,98.5,8
zSoJATxvNy74D0WE4l,World Cup Football GIF by OneFootball Heads,country,upload-log,SPAIN_LA_ROJA,2026-06-18,2026-09-08,81266,991.0,98.0,8
pUCY24xEv3FuNvWA54,Happy Football GIF by OneFootball Heads,reaction,slug,,2026-02-09,2026-09-08,40216,190.6,97.5,8
PAHScnX9IEczmvTWFx,Locked In Running GIF by OneFootball Heads,football-generic,slug,,2025-09-11,2026-09-08,97509,269.4,97.4,8
w4nv4DunM9a4tOEi3Y,Excited Game Time GIF by OneFootball Heads,reaction,slug,,2025-07-01,2026-09-08,132663,305.7,97.0,8
ymR0THwsC0ryufBoCC,World Cup Football GIF by OneFootball Heads,country,upload-log,NORWAY_HEIA,2026-06-18,2026-09-08,117692,1435.3,96.8,8
swXwzpLVqMM4Eop4OM,Granit Xhaka Football Sticker by OneFootball Heads,player,title,,2026-07-22,2026-09-08,6934,144.5,96.6,8
MibqmLIdqxwQepv1u4,France Football GIF by OneFootball Heads,country,upload-log,FRANCE_ON_EST_EN_FINALE,2026-06-18,2026-09-08,22622,275.9,95.6,8
15dUdBxg7yHfnRNU7Y,College Football Saturday Sticker by OneFootball Heads,uncategorised,none,,2026-08-05,2026-09-08,5486,161.4,95.4,8
hZtR0YEJJ66b1a0Yrb,World Cup Football GIF by OneFootball Heads,country,upload-log,TUNISIA_EAGLES,2026-06-18,2026-09-08,14362,175.1,94.8,8
lMtSWlhMBsTkmUot5s,April Fools Football GIF by OneFootball Heads,football-generic,slug,,2026-03-26,2026-09-08,149328,899.6,94.5,8
PictPG2QUCZqYQ7QJm,Celebrate World Cup GIF by OneFootball Heads,football-generic,slug,,2026-01-20,2026-09-08,101280,438.4,94.2,8
BG3Zejm7Xdx6wWUf1s,Cant Believe It No Way GIF by OneFootball Heads,reaction,slug,,2025-08-04,2026-09-08,79131,197.8,94.2,8
29Z7C8nHD9ijZuMqTV,World Cup Football GIF by OneFootball Heads,player,upload-log,ARGENTINA_MESSI,2026-06-18,2026-09-08,65315,796.5,94.1,8
XniMEEmJBr9ukfaFPg,World Cup Football GIF by OneFootball Heads,country,upload-log,HAITI_GRENADYE,2026-06-18,2026-09-08,19398,236.6,94.1,8
xjLbBByLJ19X487OlI,World Cup Football GIF by OneFootball Heads,country,upload-log,SENEGAL_FLAG,2026-06-18,2026-09-08,23317,284.4,93.6,8
NCXTJOeB6clLl1XIHm,Frustrated Football Fan GIF by OneFootball Heads,football-generic,slug,,2026-05-18,2026-09-08,42762,378.4,93.6,8
tUcJ0CqH4BsIKAIDrB,Germany Football GIF by OneFootball Heads,country,upload-log,GERMANY_AUF_GEHTS,2026-06-18,2026-09-08,23273,283.8,93.5,8
mHwma9gZf9Anp5nnVR,Raul Jimenez Football Sticker by OneFootball Heads,uncategorised,none,,2026-07-22,2026-09-08,8083,168.4,92.9,8
x7ukpMi4J3VotdbBxy,Celebrate World Cup GIF by OneFootball Heads,football-generic,slug,,2026-01-20,2026-09-08,68256,295.5,92.5,8
vD4z3r9MdSeHguZlde,Basketball Nba Sticker by OneFootball Heads,uncategorised,none,,2026-08-18,2026-09-08,2626,125.0,92.2,8
ej3ZCWbOwLxwRNC2Kg,Celebrate World Cup GIF by OneFootball Heads,football-generic,slug,,2026-01-20,2026-09-08,163076,706.0,92.1,8
UpKZHAIHaom7m8oqEG,College Football GIF by OneFootball Heads,reaction,upload-log,REACTION_GAMEDAY,2026-08-05,2026-09-08,4737,139.3,91.9,8
V7KYS0VPWVdhPFUj9Z,Celebrate World Cup GIF by OneFootball Heads,football-generic,slug,,2026-01-20,2026-09-08,465889,2016.8,90.6,8
Z9OWqReW3I4Jr4MEdB,World Cup Football GIF by OneFootball Heads,country,upload-log,SENEGAL_LIONS,2026-06-18,2026-09-08,17092,208.4,90.5,8
euaeWpbP4QCQhgVvqm,Fantasy Football Captain Sticker by OneFootball Heads,uncategorised,none,,2026-08-18,2026-09-08,2619,124.7,90.5,8
VTG38I0RqkksEgqTdJ,Celebrate World Cup GIF by OneFootball Heads,football-generic,slug,,2026-01-20,2026-09-08,68584,296.9,90.1,8
wKpDZ0jYNeVMxM6rSb,You Got This Cheer Up GIF by OneFootball Heads,reaction,upload-log,REACTION_YOUGOTTHIS_NT,2026-08-18,2026-09-08,2963,141.1,90.0,8
zkn7BLV7uUc5Orkzzr,Happy Football GIF by OneFootball Heads,player,upload-log,NORWAY_HAALAND_HAALAND,2026-07-06,2026-09-08,34383,537.2,89.8,8
NAZYVzLH4TyUPo7KZa,Football Soccer GIF by OneFootball Heads,reaction,upload-log,REACTION_HANDBALL_NT,2026-08-10,2026-09-08,7504,258.8,89.8,8
QHoxSv5YXlXOtuE4DW,Awkward Football GIF by OneFootball Heads,reaction,upload-log,REACTION_AWKWARD,2026-08-05,2026-09-08,4968,146.1,88.9,8
nfDB8cFWhS4Dee2sgL,France Football GIF by OneFootball Heads,player,upload-log,FRANCE_OLISE,2026-06-18,2026-09-08,26395,321.9,88.5,8
JvYE3fk8Mdwx0AFGr9,Poland Polish Sticker by OneFootball Heads,uncategorised,none,,2026-08-18,2026-09-08,1956,93.1,88.0,8
V65BD1iwdbErs5NDw7,World Cup Football GIF by OneFootball Heads,country,upload-log,BELGIUM_DE_BRUYNE,2026-06-18,2026-09-08,36586,446.2,87.6,8
ry6PYSjQZO6MRrR4mP,Well Done Football GIF by OneFootball Heads,reaction,upload-log,REACTION_CONGRATS_NT,2026-08-05,2026-09-08,9468,278.5,87.1,8
pTNVcut8Um4qfqAn0v,Celebrate World Cup GIF by OneFootball Heads,football-generic,slug,,2026-01-20,2026-09-08,849275,3676.5,86.1,8
wulH1pzgOUFXQQNyor,World Cup Football GIF by OneFootball Heads,country,upload-log,ECUADOR_CAICEDO,2026-06-18,2026-09-08,18778,229.0,85.5,8
kAZI2CjoJeDdkShdIp,World Cup Football GIF by OneFootball Heads,country,upload-log,PANAMA_MAREA_ROJA,2026-06-18,2026-09-08,15697,191.4,85.5,8
tA9rysiKx5ifhNfO2T,Halloween Smile GIF by OneFootball Heads,football-generic,slug,,2025-10-19,2026-09-08,93536,288.7,85.1,8
tRWPZFwfKYTcaQ0Vut,World Cup Football GIF by OneFootball Heads,country,upload-log,PANAMA_ARRIBA,2026-06-18,2026-09-08,21347,260.3,84.8,8
cYELoocQoVRmY2GRJq,World Cup Football GIF by OneFootball Heads,country,upload-log,PARAGUAY_VAMOS,2026-06-18,2026-09-08,230845,2815.2,84.6,8
tsiV9e5BNYJs9N63xu,World Cup Football GIF by OneFootball Heads,country,upload-log,SPAIN_VAMOS,2026-06-18,2026-09-08,426824,5205.2,84.4,8
1zXfmeVx5OsXfSPXZb,College Football GIF by OneFootball Heads,reaction,upload-log,REACTION_GAMEDAY_NT,2026-08-05,2026-09-08,4692,138.0,83.2,8
hVlGeCHhXYdIj5VuGy,World Cup Football GIF by OneFootball Heads,country,upload-log,PANAMA_VAMOS,2026-06-18,2026-09-08,20474,249.7,82.9,8
BCu7HM8TzjOxYRWxCB,Pumpkin Spice Smile GIF by OneFootball Heads,football-generic,slug,,2025-10-19,2026-09-08,38355,118.4,82.4,8
JJeQWqCysrgl8pxNh0,Football Norway Sticker by OneFootball Heads,country,title,,2026-07-22,2026-09-08,10166,211.8,81.9,8
qhb6MgP55rZQIiJPFf,Celebrate World Cup GIF by OneFootball Heads,country,slug,,2026-01-20,2026-09-08,831752,3600.7,81.8,8
hvHkkgdpNyYBCNwWii,World Cup Football GIF by OneFootball Heads,country,upload-log,URUGUAY_CELESTE,2026-06-18,2026-09-08,28663,349.5,81.6,8
QRjjMsJCac6scXy6s4,Republic Day Football GIF by OneFootball Heads,country,upload-log,TURKIYE_CUMHURIYET,2026-08-18,2026-09-08,2006,95.5,81.2,8
JhkFcH98uvMrnDgmn6,Sarcastic Football Fan GIF by OneFootball Heads,football-generic,slug,,2026-05-22,2026-09-08,49492,454.1,81.1,8
9UHt6If8rRUWpqieQ6,Work From Home Meeting Sticker by OneFootball Heads,uncategorised,none,,2026-08-05,2026-09-08,5631,165.6,81.1,8
sT7JTqgV96345rxK6n,Nervous Football GIF by OneFootball Heads,reaction,slug,,2026-05-18,2026-09-08,24908,220.4,81.0,8
1qJHVFYH15SpmhSykp,Believe World Cup GIF by OneFootball Heads,country,upload-log,USA_BELIEVE,2026-06-18,2026-09-08,38887,474.2,80.9,8
2jcJ3HFGUHkTyioaUT,World Cup Football GIF by OneFootball Heads,country,upload-log,TURKIYE_COCUKLAR,2026-06-18,2026-09-08,19399,236.6,80.4,8
tFyjXDG8DdgV7jbV1B,World Cup Football GIF by OneFootball Heads,country,upload-log,TURKIYE_CAY,2026-06-18,2026-09-08,21452,261.6,80.0,8
7rQgGRpH9LkbU36mwh,Voting Election Day GIF by OneFootball Heads,reaction,upload-log,REACTION_IVOTED_NT,2026-08-18,2026-09-08,2931,139.6,79.5,8
g1TgPevFB2j9fFhIUv,World Cup Football GIF by OneFootball Heads,country,upload-log,TURKIYE_FLAG,2026-06-18,2026-09-08,13094,159.7,79.1,8
NFlNPPsEU6FSGuOk3e,World Cup Football GIF by OneFootball Heads,country,upload-log,ECUADOR_VAMOS,2026-06-18,2026-09-08,120319,1467.3,79.0,8
PJDjRlqkTOWG8CAWNa,World Cup Football GIF by OneFootball Heads,country,upload-log,PARAGUAY_ARRIBA,2026-06-18,2026-09-08,71089,866.9,78.8,8
GMibniHgHabH5FsvSf,Football Soccer GIF by OneFootball Heads,football-generic,slug,,2026-03-26,2026-09-08,240628,1449.6,78.5,8
DGjlGcceVl5RDQC6v7,Football Podcast GIF by OneFootball Heads,reaction,slug,,2026-02-09,2026-09-08,39991,189.5,78.4,8
btR3gAi7NqgMjA2aNz,World Cup Football GIF by OneFootball Heads,country,upload-log,NEW_ZEALAND_CMON_KIWIS,2026-06-18,2026-09-08,12805,156.2,78.1,8
UR5a8u78Xa7VdtyJIS,World Cup Football GIF by OneFootball Heads,player,upload-log,ENGLAND_BELLINGHAM,2026-06-18,2026-09-08,40016,488.0,77.6,8
z6IQFfFdVnCWKtTaRv,Awkward Football GIF by OneFootball Heads,reaction,upload-log,REACTION_AWKWARD_NT,2026-08-05,2026-09-08,5348,157.3,77.4,8
TfKAAlWTfJBh06kQ5S,World Cup Football GIF by OneFootball Heads,country,upload-log,SAUDI_GREEN_FALCONS,2026-06-18,2026-09-08,34470,420.4,76.9,8
Zd7hy7VoGaOTlTsANK,Work From Home Football GIF by OneFootball Heads,reaction,upload-log,REACTION_ONMUTE_NT,2026-08-05,2026-09-08,9983,293.6,76.6,8
0OVzKdoHvIwJL7RduN,World Cup Football GIF by OneFootball Heads,country,upload-log,SPAIN_FABIAN_RUIZ,2026-06-18,2026-09-08,62116,757.5,75.8,8
4QXKOejCxZAOvUfjxZ,World Cup Football GIF by OneFootball Heads,player,upload-log,SPAIN_RODRI,2026-06-18,2026-09-08,65217,795.3,75.2,8
HeFCcdgF37XybNbJM1,World Cup Football GIF by OneFootball Heads,country,upload-log,HAITI_VIV_AYITI,2026-06-18,2026-09-08,32976,402.1,75.1,8
iARwGwY4GGQvwt3TsB,Happy Birthday Sticker by OneFootball Heads,uncategorised,none,,2026-08-18,2026-09-08,1895,90.2,75.0,8
592ZMrdelj8j8DlQ2w,Football Fan Summer GIF by OneFootball Heads,football-generic,slug,,2026-05-22,2026-09-08,62278,571.4,74.9,8
ylQtCW6zrlfGS8glXw,Best Friends Bff Sticker by OneFootball Heads,uncategorised,none,,2026-07-28,2026-09-08,9241,220.0,74.9,8
lHQGU1fP8dCpgZhRQ8,Sad Its Over GIF by OneFootball Heads,reaction,slug,,2025-08-03,2026-09-08,125053,311.9,74.6,8
j4tl0BRFWySCPi8I98,World Cup Football GIF by OneFootball Heads,country,upload-log,SENEGAL_TERANGA,2026-06-18,2026-09-08,22262,271.5,74.5,8
5ssoenGB420wQegvln,April Fools Football GIF by OneFootball Heads,football-generic,slug,,2026-03-26,2026-09-08,123171,742.0,74.2,8
77darDRCvKYK3108SW,Well Done Football GIF by OneFootball Heads,reaction,upload-log,REACTION_CONGRATS,2026-08-05,2026-09-08,4513,132.7,74.1,8
x1wUUVLTWSgjb61Drl,Harry Kane Football Sticker by OneFootball Heads,player,title,,2026-07-22,2026-09-08,5252,109.4,74.0,8
zwhh70RrzFm6xIkbty,Football Norway Sticker by OneFootball Heads,country,title,,2026-07-22,2026-09-08,8982,187.1,73.9,8
GMsykn2kFJhMIBPMb9,World Cup Football GIF by OneFootball Heads,player,upload-log,BELGIUM_DOKU,2026-06-18,2026-09-08,29051,354.3,73.2,8
TFVI6cSKjVwPaqZVKR,Football Fan Celebration GIF by OneFootball Heads,football-generic,slug,,2025-10-19,2026-09-08,60322,186.2,72.9,8
nSbqs9LRfXGcnpxZSo,Football Portugal Sticker by OneFootball Heads,country,title,,2026-07-22,2026-09-08,3658,76.2,72.8,8
qeTcrWW3wozMaIX6Af,Celebrate World Cup GIF by OneFootball Heads,football-generic,slug,,2026-01-20,2026-09-08,131271,568.3,72.4,8
i09kDxdM8snHxPKl1i,Celebrate World Cup GIF by OneFootball Heads,football-generic,slug,,2026-01-20,2026-09-08,326691,1414.2,71.8,8
Fh1YBOMQy8ivv5QNzd,World Cup Football GIF by OneFootball Heads,country,upload-log,ENGLAND_SAKA,2026-06-18,2026-09-08,20762,253.2,71.2,8
TGQHtxrjS5GuOOdx5W,La Albiceleste Football GIF by OneFootball Heads,country,upload-log,ARGENTINA_MESSITIME_NT,2026-07-22,2026-09-08,6120,127.5,71.1,8
QWxKVnd7vJclaO5KD4,Work From Home Meeting Sticker by OneFootball Heads,uncategorised,none,,2026-08-05,2026-09-08,5113,150.4,71.1,8
9Se0FcKFZFCt7lM2x3,World Cup Football GIF by OneFootball Heads,country,upload-log,CURACAO_DUSHI,2026-06-18,2026-09-08,12411,151.4,71.0,8
lIhncDYcQj8Irh7hiL,Germany Showtime Sticker by OneFootball Heads,country,title,,2026-08-18,2026-09-08,2337,111.3,70.2,8
rFFMgUw7o0MdXN0Lcv,Spanish Football GIF by OneFootball Heads,country,upload-log,SPAIN_CAMPEONES_NT,2026-07-22,2026-09-08,10052,209.4,70.1,8
tPrbmCVHFFg7K72O3L,World Cup Football GIF by OneFootball Heads,country,upload-log,NEW_ZEALAND_ALL_WHITES,2026-06-18,2026-09-08,11347,138.4,69.0,8
gMAqaGlYLH1LnHhSQu,World Cup Football GIF by OneFootball Heads,country,upload-log,IVORY_COAST_ELEPHANTS,2026-06-18,2026-09-08,25908,316.0,68.8,8
QgBxz4jlNWpq4U0VBL,France Football GIF by OneFootball Heads,country,upload-log,FRANCE_ALLEZ_LES_BLEUS,2026-06-18,2026-09-08,33329,406.5,68.6,8
prWnSRzSzVrBZLv41A,Celebrate World Cup GIF by OneFootball Heads,country,slug,,2026-01-20,2026-09-08,259589,1123.8,68.4,8
vkwh9ULskLJXWptoSI,Football Smile GIF by OneFootball Heads,reaction,upload-log,REACTION_SELFIE,2026-08-10,2026-09-08,4821,166.2,67.9,8
X4AaDMS42L6wqp9I4S,Celebrate World Cup GIF by OneFootball Heads,football-generic,slug,,2026-01-20,2026-09-08,23676,102.5,67.8,8
VV5t8tfDi28sKVeaOj,Football England Sticker by OneFootball Heads,country,title,,2026-07-22,2026-09-08,4349,90.6,67.4,8
Lx8INvzlMMlQ8bQNbo,Tired Football GIF by OneFootball Heads,reaction,upload-log,REACTION_MONDAYAGAIN_NT,2026-07-22,2026-09-08,4934,102.8,67.4,8
3Ej0FdtgfzHznxfoaW,Celebrate World Cup GIF by OneFootball Heads,football-generic,slug,,2026-01-20,2026-09-08,114051,493.7,67.2,8
K4y1b339hvcqk45WJ9,World Cup Football GIF by OneFootball Heads,country,upload-log,NETHERLANDS_KOM_OP,2026-06-18,2026-09-08,238822,2912.5,66.9,8
UPnKAxvJFJWIJn1NNK,Happy Football GIF by OneFootball Heads,player,upload-log,NORWAY_HAALAND_HAALAND_NT,2026-07-06,2026-09-08,17811,278.3,65.8,8
bKDPhQuR4aMtOTfzSz,Celebrate World Cup GIF by OneFootball Heads,football-generic,slug,,2026-01-20,2026-09-08,425504,1842.0,65.6,8
Z43RfKcmhr06OQ5ae2,Easter Eggs Football GIF by OneFootball Heads,football-generic,slug,,2026-03-26,2026-09-08,94054,566.6,65.1,8
zAo4CHpNAaNDg27lmG,Celebrate World Cup GIF by OneFootball Heads,football-generic,slug,,2026-01-20,2026-09-08,227688,985.7,65.0,8
SglBDgyXDRttbNrLM2,Soccer Warning GIF by OneFootball Heads,football-generic,slug,,2025-10-19,2026-09-08,79080,244.1,64.9,8
B1AR811Im6IVrbjfbH,Football Portugal Sticker by OneFootball Heads,country,title,,2026-07-22,2026-09-08,3180,66.2,64.5,8
gV15dSeODe88bn6qQR,Best Friends Bff Sticker by OneFootball Heads,uncategorised,none,,2026-07-28,2026-09-08,5165,123.0,63.9,8
qpJtW9XMVylfz7N32c,Celebrate World Cup GIF by OneFootball Heads,football-generic,slug,,2026-01-20,2026-09-08,516068,2234.1,63.8,8
f2A4QbhaMnmCOac22T,Tired Back To School Sticker by OneFootball Heads,uncategorised,none,,2026-07-22,2026-09-08,4057,84.5,63.8,8
P2dP3D2kAzqcRPPaWr,World Cup Football GIF by OneFootball Heads,country,upload-log,SENEGAL_LETSGO,2026-06-18,2026-09-08,12704,154.9,63.6,8
QSA6gWBwyyXJIzo0gE,World Cup Football GIF by OneFootball Heads,country,upload-log,TUNISIA_QARTAJ_AR,2026-06-18,2026-09-08,17912,218.4,63.6,8
5bLSkn2OEV2LU4IPHI,World Cup Football GIF by OneFootball Heads,country,upload-log,PARAGUAY_ALBIRROJA,2026-06-18,2026-09-08,46094,562.1,63.2,8
akR7RsXOEBsCpVxsp6,World Cup Football GIF by OneFootball Heads,country,upload-log,ENGLAND_THREE_LIONS,2026-06-18,2026-09-08,18656,227.5,62.9,8
mp178ZHLC4sHfOgO12,Excited Good Vibes GIF by OneFootball Heads,football-generic,slug,,2025-09-11,2026-09-08,43659,120.6,62.9,8
NMa7tlk37iWeBOSmwr,World Cup Football GIF by OneFootball Heads,country,upload-log,SOUTH_KOREA_KIM_MIN_JAE,2026-06-18,2026-09-08,16677,203.4,62.8,8
ZEleEa4pY0l7ufKnSY,Hat Trick Football GIF by OneFootball Heads,football-generic,slug,,2026-03-26,2026-09-08,51272,308.9,62.2,8
9h1jNCrbYXENVlj1FP,Happy Game Day GIF by OneFootball Heads,football-generic,slug,,2025-09-11,2026-09-08,77249,213.4,62.2,8
mSUqzqKJXnQJGn8E0u,Tired Coffee Sticker by OneFootball Heads,uncategorised,none,,2026-07-22,2026-09-08,5749,119.8,62.1,8
c14InbFxtr5gAFCZfy,World Cup Football GIF by OneFootball Heads,country,upload-log,BELGIUM_COURTOIS,2026-06-18,2026-09-08,26757,326.3,61.9,8
vXbH7KQWGqNe9heXju,Excited Soccer GIF by OneFootball Heads,reaction,slug,,2025-07-01,2026-09-08,63864,147.2,61.9,8
xdfUlTMvx8p3k8Taet,World Cup Football GIF by OneFootball Heads,country,upload-log,USA_SOCCER,2026-06-18,2026-09-08,22611,275.7,61.0,8
TgzPQznnOCOG8NIE5T,Harry Kane Football Sticker by OneFootball Heads,player,title,,2026-07-22,2026-09-08,5969,124.4,61.0,8
WmTuF4gz4C3ZfoHQGw,Celebrate World Cup GIF by OneFootball Heads,football-generic,slug,,2026-01-20,2026-09-08,220134,953.0,60.1,8
vIo7Jz8nfzb8krTpw1,Lets Go Football GIF by OneFootball Heads,reaction,upload-log,REACTION_MATCHDAY_NT,2026-07-22,2026-09-08,4909,102.3,59.4,8
Foo1QLxlFskrsgYXD8,World Cup Football GIF by OneFootball Heads,country,upload-log,ENGLAND_COME_ON,2026-06-18,2026-09-08,68003,829.3,57.9,8
1XZi1EWSQLY3rMU5hb,Around The World Football Culture GIF by OneFootball Heads,football-generic,slug,,2025-09-11,2026-09-08,71249,196.8,57.9,8
HKNFJD7cAwpvlYa6p1,World Cup Football GIF by OneFootball Heads,country,upload-log,SWEDEN_LETSGO,2026-06-18,2026-09-08,14061,171.5,57.4,8
sKf6fbM0Fhn4keHMYX,Big Game Outta This World GIF by OneFootball Heads,football-generic,slug,,2025-09-11,2026-09-08,143854,397.4,57.2,8
KSIkAZ1MLHevjSqt4O,Lets Go Yes GIF by OneFootball Heads,reaction,upload-log,REACTION_GETIN,2026-08-10,2026-09-08,2855,98.4,56.5,8
FrixhPI7XEfr3wS5yp,World Cup Football GIF by OneFootball Heads,player,upload-log,USA_PULISIC_NT,2026-07-05,2026-09-08,9240,142.2,56.2,8
NzJ2mFSbkzVkj29CYP,World Cup Football GIF by OneFootball Heads,player,upload-log,USA_PULISIC,2026-07-05,2026-09-08,8391,129.1,55.8,8
pq5a9erYX0mupYAw0r,World Cup Football GIF by OneFootball Heads,country,upload-log,CURACAO_BON,2026-06-18,2026-09-08,11347,138.4,55.6,8
YIVMHeeUzrNYt7qSqJ,World Cup Football GIF by OneFootball Heads,country,upload-log,BRAZIL_CASEMIRO,2026-06-18,2026-09-08,48936,596.8,55.5,8
nNlKQlqY4lK6qAxiQV,World Cup Football GIF by OneFootball Heads,country,upload-log,USA_USA_USA,2026-06-18,2026-09-08,116880,1425.4,55.0,8
6cX7vet4YAxk5XCPgB,Football Happy Dance Sticker by OneFootball Heads,uncategorised,none,,2026-07-22,2026-09-08,4712,98.2,55.0,8
WxKKJGKsUUWPJgkf4N,World Cup Football GIF by OneFootball Heads,country,upload-log,NORWAY_KOM_IGJEN,2026-06-18,2026-09-08,62925,767.4,54.9,8
qY5hBUyiQSBf79ntVr,France Football GIF by OneFootball Heads,country,upload-log,FRANCE_KANTE,2026-06-18,2026-09-08,14129,172.3,53.8,8
mLYuk0RvMxWAISGnCA,Celebrate World Cup GIF by OneFootball Heads,football-generic,slug,,2026-01-20,2026-09-08,63750,276.0,53.2,8
HOOTxxN5gUjEhJDUzT,Germany Football GIF by OneFootball Heads,country,upload-log,GERMANY_SCHLAND,2026-06-18,2026-09-08,15043,183.5,53.0,8
HnlfCfCe0qhe4M0E2I,Keep Calm Van Dijk Sticker by OneFootball Heads,uncategorised,none,,2026-08-18,2026-09-08,1443,68.7,52.8,8
XIxeCLHT9zVohiL4T9,World Cup Football GIF by OneFootball Heads,player,upload-log,NORWAY_HAALAND,2026-06-18,2026-09-08,76866,937.4,52.4,8
0iqkjAyJgiCpPLy3Fq,World Cup Football GIF by OneFootball Heads,country,upload-log,CZECHIA_LETSGO,2026-06-18,2026-09-08,15575,189.9,52.2,8
K53ka9tKBWvdlEmEiQ,World Cup Football GIF by OneFootball Heads,country,upload-log,TURKIYE_LETSGO,2026-06-18,2026-09-08,14912,181.9,52.1,8
WoJ1KruDxKQ1TdT7LG,Celebrate World Cup GIF by OneFootball Heads,football-generic,slug,,2026-01-20,2026-09-08,503306,2178.8,52.1,8
UGSaXOiJokVFwXEoAT,Confused Crypto GIF by OneFootball Heads,football-generic,slug,,2026-05-18,2026-09-08,17881,158.2,51.8,8
2MJOk63MZDgJLnCWbP,Germany Football GIF by OneFootball Heads,country,upload-log,GERMANY_DEUTSCHLAND,2026-06-18,2026-09-08,10540,128.5,50.8,8
tMZ7ky54PGeypqgalT,Surprise Represent GIF by OneFootball Heads,football-generic,slug,,2025-10-19,2026-09-08,82715,255.3,50.8,8
Xl33ygtw7ZElNbVTch,Celebrate World Cup GIF by OneFootball Heads,football-generic,slug,,2026-01-20,2026-09-08,146276,633.2,50.6,8
YEzgbuQKP7ilTDmGni,World Cup Football GIF by OneFootball Heads,player,upload-log,ENGLAND_RICE,2026-07-05,2026-09-08,12058,185.5,50.4,8
LgaosMJFuBdaBg4Zqw,World Cup Football GIF by OneFootball Heads,player,upload-log,BRAZIL_ALISSON,2026-06-18,2026-09-08,17506,213.5,50.2,8
JcOB2VB2OeXB5ExpHH,Gerald Calm Down GIF by OneFootball Heads,reaction,slug,,2025-10-31,2026-09-08,45898,147.1,50.2,8
JkGNpFYB3cY7FHn9sx,Champions League Vibes GIF by OneFootball Heads,football-generic,slug,,2026-05-22,2026-09-08,24749,227.1,50.1,8
MrHh6mgOcdoAAO4tz0,Football Player Running GIF by OneFootball Heads,football-generic,slug,,2025-09-11,2026-09-08,49983,138.1,50.0,8
Px3XFOmPDLjRvP9YeG,Celebrate World Cup GIF by OneFootball Heads,football-generic,slug,,2026-01-20,2026-09-08,321090,1390.0,49.8,8
9nTYBv0s5jp8KfSEFi,Sleepy Good Night Sticker by OneFootball Heads,uncategorised,none,,2026-08-18,2026-09-08,1573,74.9,49.6,8
hftSnrV7jiNn6MkQk4,France Football GIF by OneFootball Heads,country,upload-log,FRANCE_MAIGNAN,2026-06-18,2026-09-08,29026,354.0,49.5,8
2AHzoH7CI4TQeyzYCD,France Football GIF by OneFootball Heads,player,upload-log,FRANCE_MBAPPE,2026-06-18,2026-09-08,19786,241.3,49.4,8
UwNQiWgvPbgwTqfqTm,Poland Polish Sticker by OneFootball Heads,uncategorised,none,,2026-08-18,2026-09-08,1519,72.3,49.2,8
m6Ldp765JS1TOc1epw,Celebrate World Cup GIF by OneFootball Heads,football-generic,slug,,2026-01-20,2026-09-08,71475,309.4,49.0,8
7t1kN8b7GyZljUC36u,Football Fan Wow GIF by OneFootball Heads,football-generic,slug,,2025-09-11,2026-09-08,54619,150.9,48.9,8
ZzOwQgO7FL2HlAGNPK,Best Friend Friends Sticker by OneFootball Heads,uncategorised,none,,2026-07-28,2026-09-08,20451,486.9,48.6,8
5b6DvVHMPq5kG9QBE7,World Cup Football GIF by OneFootball Heads,player,upload-log,URUGUAY_VALVERDE,2026-06-18,2026-09-08,13475,164.3,47.8,8
KlL7G6C1HWtdM3YHse,Germany Football GIF by OneFootball Heads,player,upload-log,GERMANY_MUSIALA,2026-06-18,2026-09-08,11706,142.8,47.4,8
14ECCAb4qF0qrICpNz,Keep Calm Van Dijk Sticker by OneFootball Heads,uncategorised,none,,2026-08-18,2026-09-08,1386,66.0,47.4,8
h3LXEuX6X5Oyq34byu,Football Chill Sticker by OneFootball Heads,uncategorised,none,,2026-07-22,2026-09-08,8311,173.1,47.0,8
Ad00UhfBWCrf6iIraA,World Cup Football GIF by OneFootball Heads,country,upload-log,ENGLAND_GUEHI,2026-06-18,2026-09-08,20013,244.1,46.6,8
qNokvWhj3oqF4D5q3D,World Cup Football GIF by OneFootball Heads,country,upload-log,SWEDEN_FLAG,2026-06-18,2026-09-08,13567,165.5,46.5,8
kAVvf8QMmCmXU7NDA6,World Cup Football GIF by OneFootball Heads,country,upload-log,AUSTRALIA_CMON_AUSSIE,2026-06-18,2026-09-08,12480,152.2,46.4,8
AhaWzd6OjdlgzY8poL,World Cup Football GIF by OneFootball Heads,country,upload-log,CANADA_CMON,2026-06-18,2026-09-08,17937,218.7,46.1,8
VSmo1UmSEnNBOkzzKN,Celebrate World Cup GIF by OneFootball Heads,football-generic,slug,,2026-01-20,2026-09-08,524052,2268.6,45.8,8
pxIwqllLtTqwkP3P7q,France Football GIF by OneFootball Heads,country,upload-log,FRANCE_THURAM,2026-06-18,2026-09-08,14491,176.7,45.2,8
zIf83ye6vDhxzHKtUd,Germany Football GIF by OneFootball Heads,player,upload-log,GERMANY_WIRTZ,2026-06-18,2026-09-08,17362,211.7,44.8,8
xD1vpKInrkzJ3Fxael,Space Time GIF by OneFootball Heads,reaction,slug,,2026-02-09,2026-09-08,26102,123.7,44.5,8
uvS9Kxhvl7f3EvtOQI,Sweater Weather Fall Sticker by OneFootball Heads,uncategorised,none,,2026-08-18,2026-09-08,1004,47.8,43.5,8
zdfDUrgmjZWA1HNsfu,Celebrate France GIF by OneFootball Heads,football-generic,slug,,2026-01-20,2026-09-08,90367,391.2,43.4,8
XjiCTell4KeSfAqaQZ,Celebrate World Cup GIF by OneFootball Heads,football-generic,slug,,2026-01-20,2026-09-08,83851,363.0,40.9,8
fAP7QAJ1xFD6JTFM1e,Celebration Wow GIF by OneFootball Heads,reaction,slug,,2025-08-04,2026-09-08,77883,194.7,40.9,8
QMURE94hXAkHthSP1q,France Football Sticker by OneFootball Heads,country,title,,2026-08-18,2026-09-08,1079,51.4,40.2,8
0VAnp4aPWLxiLgUZl8,Sweater Weather Fall Sticker by OneFootball Heads,uncategorised,none,,2026-08-18,2026-09-08,1216,57.9,39.9,8
shE8kiyTqgMBGFmkLs,April Fools Football GIF by OneFootball Heads,football-generic,slug,,2026-03-26,2026-09-08,80515,485.0,39.8,8
y9JLObWA6FDyT60nRE,Football Chill Sticker by OneFootball Heads,uncategorised,none,,2026-07-22,2026-09-08,7256,151.2,38.2,8
iiWYdLwTil62xyNtge,France Football Sticker by OneFootball Heads,country,title,,2026-08-18,2026-09-08,1147,54.6,38.2,8
H5b7aOpD0MCxbT3jFO,Celebrate World Cup GIF by OneFootball Heads,football-generic,slug,,2026-01-20,2026-09-08,277707,1202.2,38.0,8
JGpns399tHOQYO7P9u,World Cup Football GIF by OneFootball Heads,country,upload-log,ENGLAND_COMING_HOME,2026-06-18,2026-09-08,27423,334.4,37.9,8
QMj3VgVVShzZkjSxTd,Jack O Lantern Fun GIF by OneFootball Heads,football-generic,slug,,2025-10-19,2026-09-08,79594,245.7,37.9,8
Wn5z9un3Nv5gIepz38,Tired Coffee Sticker by OneFootball Heads,uncategorised,none,,2026-07-22,2026-09-08,2360,49.2,37.9,8
wDcx1Rm1hXxGKefyTR,Celebrate World Cup GIF by OneFootball Heads,football-generic,slug,,2026-01-20,2026-09-08,335219,1451.2,37.4,8
nDLvxkW2XE2ZjcVKQR,World Cup Football GIF by OneFootball Heads,country,upload-log,USA_LETSGO,2026-06-18,2026-09-08,13671,166.7,36.6,8
a3sOeDI1ZuE2UEGEjr,Happy Football GIF by OneFootball Heads,reaction,slug,,2025-07-01,2026-09-08,51895,119.6,36.0,8
XCB5P8yCHz9CiAl41q,I Love You Couple GIF by OneFootball Heads,football-generic,slug,,2026-01-20,2026-09-08,55340,239.6,35.9,8
3DDxEpa9LhhPXbXpoY,Celebrate World Cup GIF by OneFootball Heads,football-generic,slug,,2026-01-20,2026-09-08,100110,433.4,35.9,8
bktvFDtSnncI1w598s,Celebrate World Cup GIF by OneFootball Heads,football-generic,slug,,2026-01-20,2026-09-08,308667,1336.2,35.9,8
q28otU4WUdpleg49zb,Football Vamos Sticker by OneFootball Heads,uncategorised,none,,2026-07-22,2026-09-08,1602,33.4,35.9,8
USPTPyzyOMCwrK5zXw,Best Friend Teammates Sticker by OneFootball Heads,uncategorised,none,,2026-07-28,2026-09-08,6720,160.0,35.9,8
QozR1lmgh6PNPxiPDH,World Cup Football GIF by OneFootball Heads,country,upload-log,USA_MCKENNIE,2026-06-18,2026-09-08,10565,128.8,35.8,8
wMeQ3go50ahhciuZwK,Celebrate World Cup GIF by OneFootball Heads,football-generic,slug,,2026-01-20,2026-09-08,145467,629.7,35.5,8
jCb2I9TIDuTGehdSHx,World Cup Football GIF by OneFootball Heads,player,upload-log,ENGLAND_KANE,2026-07-05,2026-09-08,13103,201.6,35.4,8
ffBALknaLlrJIb1DRg,Dutch Football GIF by OneFootball Heads,country,upload-log,NETHERLANDS_HUP_NT,2026-08-18,2026-09-08,1070,51.0,35.4,8
Atdw4UUjkYNWJaCahh,World Cup Football GIF by OneFootball Heads,country,upload-log,QATAR_ANNABI_AR,2026-06-18,2026-09-08,15498,189.0,35.1,8
ocHIQm4HwUXQHcA1U0,World Cup Football GIF by OneFootball Heads,country,upload-log,URUGUAY_VAMOS,2026-06-18,2026-09-08,12436,151.7,35.0,8
OlLlVUZxrcqZm6RPza,Excited Digital Art GIF by OneFootball Heads,football-generic,slug,,2026-05-18,2026-09-08,15447,136.7,35.0,8
cxkFjp3QZGzSh1Iyxz,World Cup Football GIF by OneFootball Heads,player,upload-log,NORWAY_HAALAND_NT,2026-07-05,2026-09-08,27615,424.8,34.4,8
NKb9LW9MrxO48Cd9Mu,Not Funny Football GIF by OneFootball Heads,football-generic,slug,,2026-03-26,2026-09-08,28553,172.0,34.4,8
W2qRsuV2W45gij9eyQ,Spotlight Beacon GIF by OneFootball Heads,reaction,slug,,2026-02-05,2026-09-08,17469,81.3,34.0,8
SAyhOhXMo16hk1ceaB,Celebrate World Cup GIF by OneFootball Heads,country,slug,,2026-01-20,2026-09-08,144593,625.9,34.0,8
UeWsyojUXHXZZbB2bZ,Lets Go Football Sticker by OneFootball Heads,country,title,,2026-07-22,2026-09-08,2523,52.6,33.9,8
soFxWwpvpFThVlZGd4,Celebrate World Cup GIF by OneFootball Heads,football-generic,slug,,2026-01-20,2026-09-08,342775,1483.9,33.8,8
IipkQotlmo8Sh1ABvk,Valentines Day Love GIF by OneFootball Heads,football-generic,slug,,2026-01-20,2026-09-08,21459,92.9,33.6,8
AQEp02jE2jHBvFDuTC,Voting Election Day Sticker by OneFootball Heads,uncategorised,none,,2026-08-18,2026-09-08,1225,58.3,33.6,8
FzxAj0hfgyAdsW40AC,Lets Go Success GIF by OneFootball Heads,reaction,slug,,2025-06-18,2026-09-08,39162,87.6,33.4,8
fsCP6Oda0qmhcNPKE1,Tag4 Tag5 GIF by OneFootball Heads,football-generic,slug,,2026-05-18,2026-09-08,35183,311.4,32.4,8
ATiZp8tOfAvn28QQ1m,Germany Football Sticker by OneFootball Heads,country,title,,2026-07-22,2026-09-08,6660,138.8,32.4,8
XHby9xOM0HPzPJ6tqF,World Cup Football GIF by OneFootball Heads,country,upload-log,AUSTRALIA_SOCCEROOS,2026-06-18,2026-09-08,13356,162.9,32.0,8
aW3mqoINZ433Rj4TMz,Happy Green Flag GIF by OneFootball Heads,reaction,slug,,2026-02-09,2026-09-08,44748,212.1,32.0,8
fLLDOs1PXL5od8aETL,World Cup Football GIF by OneFootball Heads,country,upload-log,CANADA_ALLEZ,2026-06-18,2026-09-08,11148,136.0,31.6,8
R4K3oSgQ7goRV5dQW2,Celebrate World Cup GIF by OneFootball Heads,football-generic,slug,,2026-01-20,2026-09-08,64012,277.1,31.1,8
kkOOWhftIUKH1gRFI3,Hype Celebrate GIF by OneFootball Heads,reaction,slug,,2025-10-23,2026-09-08,68280,213.4,29.9,8
jRRG7jt2Js6MacrDGd,Celebrate France GIF by OneFootball Heads,football-generic,slug,,2026-01-20,2026-09-08,76891,332.9,29.6,8
aA455rZHUzTePr7fRv,Happy Holidays GIF by OneFootball Heads,reaction,slug,,2026-02-09,2026-09-08,21165,100.3,29.1,8
v5PJmNVxWOTTThmnQg,Excited World Cup GIF by OneFootball Heads,football-generic,slug,,2026-05-18,2026-09-08,89906,795.6,28.9,8
Gizdqrs09PZXeoD16N,Football Happy Dance Sticker by OneFootball Heads,uncategorised,none,,2026-07-22,2026-09-08,2782,58.0,28.9,8
Smkq4gh20rTCo9XA5K,Football Celebration Superfans GIF by OneFootball Heads,reaction,slug,,2025-10-23,2026-09-08,61175,191.2,28.8,8
l23aOmdgpH4PVpPOOF,Celebrate World Cup GIF by OneFootball Heads,football-generic,slug,,2026-01-20,2026-09-08,303405,1313.4,28.4,8
W4ZiN0w5JKJF4oK36b,Celebrate World Cup GIF by OneFootball Heads,football-generic,slug,,2026-01-20,2026-09-08,437220,1892.7,27.9,8
BYbzy4UJj3jZGQzObN,Captain America Football Sticker by OneFootball Heads,uncategorised,none,,2026-07-22,2026-09-08,4095,85.3,27.8,8
oowpSQYkmY8zkkApHu,Celebrate World Cup GIF by OneFootball Heads,football-generic,slug,,2026-01-20,2026-09-08,715170,3096.0,27.6,8
GAczcLkdTCTPS01kQy,Celebrate World Cup GIF by OneFootball Heads,football-generic,slug,,2026-01-20,2026-09-08,424712,1838.6,27.5,8
sMa0zxu3qzQffmagHF,Voting Election Day Sticker by OneFootball Heads,uncategorised,none,,2026-08-18,2026-09-08,909,43.3,27.1,8
ETRiqfIqLgrKzy4eOO,Football England Sticker by OneFootball Heads,country,title,,2026-07-22,2026-09-08,1587,33.1,26.5,8
fkhqUwfGzSYOrSTJp9,Excited Lets Go GIF by OneFootball Heads,reaction,slug,,2025-08-03,2026-09-08,22606,56.4,25.8,8
o582qaiYg31UCY2MHB,World Cup Football GIF by OneFootball Heads,player,upload-log,CANADA_DAVIES,2026-06-18,2026-09-08,9876,120.4,25.4,8
4kS6IZ8afwMArzMNt3,Lets Go Football Sticker by OneFootball Heads,country,title,,2026-07-22,2026-09-08,1701,35.4,24.1,8
N6xT6C3SVJJSwH8Mgl,Celebrate World Cup GIF by OneFootball Heads,football-generic,slug,,2026-01-20,2026-09-08,49787,215.5,24.0,8
PlShyiN5tlquexvBB2,Celebrate World Cup GIF by OneFootball Heads,football-generic,slug,,2026-01-20,2026-09-08,54398,235.5,23.4,8
W04ps2Hb3KrzSRGeh6,World Cup Football GIF by OneFootball Heads,country,upload-log,USA_FLAG,2026-06-18,2026-09-08,7804,95.2,23.0,8
IXMc63EIZGgNlNQNZD,Celebrate World Cup GIF by OneFootball Heads,football-generic,slug,,2026-01-20,2026-09-08,83465,361.3,22.8,8
C4yn5gQdilKTzToTFh,Football Vamos Sticker by OneFootball Heads,uncategorised,none,,2026-07-22,2026-09-08,1305,27.2,22.8,8
MU4wAQ5AZqlBJTyGFw,Celebrate World Cup GIF by OneFootball Heads,country,slug,,2026-01-20,2026-09-08,61326,265.5,22.4,8
hwIq8i6Qi7UnUGbacf,Angry Game Time GIF by OneFootball Heads,reaction,slug,,2025-07-01,2026-09-08,22402,51.6,21.4,8
clODkNL8QqeiiLV871,Celebrate World Cup GIF by OneFootball Heads,football-generic,slug,,2026-01-20,2026-09-08,352293,1525.1,21.2,8
qpNx80ykZ145lqdEuh,Well Done Celebration Sticker by OneFootball Heads,uncategorised,none,,2026-08-05,2026-09-08,2046,60.2,20.8,8
ujzbmxCome2mkPrd2s,Tired Back To School Sticker by OneFootball Heads,uncategorised,none,,2026-07-22,2026-09-08,3286,68.5,20.1,8
vnuMwvlswGMW38poq2,Celebrate World Cup GIF by OneFootball Heads,football-generic,slug,,2026-01-20,2026-09-08,43919,190.1,20.0,8
2XtaKuSyUmADvFNWeB,Lets Go Please GIF by OneFootball Heads,reaction,slug,,2025-08-04,2026-09-08,35402,88.5,20.0,8
0rAnJ9bILAp2bIGcpT,Celebrate World Cup GIF by OneFootball Heads,football-generic,slug,,2026-01-20,2026-09-08,49174,212.9,19.8,8
F0x8UfLG8yOQPPRCj9,World Cup Football GIF by OneFootball Heads,player,upload-log,USA_PULISIC,2026-06-18,2026-09-08,9973,121.6,19.4,8
weu7IIXaeX1xtKGHgz,Football Norway Sticker by OneFootball Heads,country,title,,2026-07-22,2026-09-08,4606,96.0,18.9,8
rE9fjHUYxF3j0PQfLn,Republic Day Turkey Sticker by OneFootball Heads,country,title,,2026-08-18,2026-09-08,755,36.0,18.8,8
9C0eEDiObWC3COXjXj,No Way What GIF by OneFootball Heads,reaction,slug,,2025-08-04,2026-09-08,24462,61.2,18.4,8
UM7sju7MO1wK6KpVdR,World Cup Football GIF by OneFootball Heads,player,upload-log,ENGLAND_KANE,2026-06-18,2026-09-08,15639,190.7,17.0,8
E7J4gMgNzH8P5fJIir,Excuse Me What GIF by OneFootball Heads,reaction,slug,,2025-08-04,2026-09-08,28586,71.5,16.9,8
CaEoDtcNHxY0y3Ll4k,Valentines Day GIF by OneFootball Heads,football-generic,slug,,2026-01-20,2026-09-08,36739,159.0,16.4,8
AkjBpF1TnoWQNI57N8,World Cup Football GIF by OneFootball Heads,country,upload-log,CANADA_GO_CANADA,2026-06-18,2026-09-08,16086,196.2,16.0,8
QU3jtBvOsGT110czty,Celebrate World Cup GIF by OneFootball Heads,football-generic,slug,,2026-01-20,2026-09-08,47100,203.9,14.6,8
VErfqZkulaxhehX9uN,Lets Go Football GIF by OneFootball Heads,reaction,slug,,2025-07-01,2026-09-08,22307,51.4,14.4,8
kIF7T5i5o9pEglhEHa,Celebrate World Cup GIF by OneFootball Heads,football-generic,slug,,2026-01-20,2026-09-08,32453,140.5,13.8,8
znORHj4fd8MAN7gbLr,Excuse Me What GIF by OneFootball Heads,reaction,slug,,2025-08-04,2026-09-08,27167,67.9,12.2,8
Y88yhiJDH6tRpPaQ9Y,Celebrate World Cup GIF by OneFootball Heads,football-generic,slug,,2026-01-20,2026-09-08,25460,110.2,11.4,8
7rJDG9tWHp7KA9rDDq,Celebrate World Cup GIF by OneFootball Heads,football-generic,slug,,2026-01-20,2026-09-08,38904,168.4,11.2,8
3So6FuGb7wVk14P481,Happy Holidays GIF by OneFootball Heads,reaction,slug,,2026-02-09,2026-09-08,18043,85.5,11.0,8
jxA1BBEg6NzTQL7pvd,Football Love GIF by OneFootball Heads,football-generic,slug,,2026-05-18,2026-09-08,115176,1019.3,9.5,8
ZIv6jXtuNWmqe8i4d8,Celebrate World Cup GIF by OneFootball Heads,football-generic,slug,,2026-01-20,2026-09-08,26694,115.6,8.5,8
oT8h0iLmJVj4OORrVw,Football Celebrate GIF by OneFootball Heads,reaction,slug,,2026-05-18,2026-09-08,5789,51.2,7.2,8
StRtbzWfsgs33wpW3M,Excited Team Spirit GIF by OneFootball Heads,football-generic,slug,,2025-10-19,2026-09-08,49028,151.3,5.6,8
vCNrzo4QHBeNKnRr53,Dutch Football Amsterdam Sticker by OneFootball Heads,country,title,,2026-08-18,2026-09-08,219,10.4,3.0,8
Sfiri0PXigpGueBftO,Happy Pizza Time GIF by OneFootball Heads,reaction,slug,,2025-08-04,2026-09-08,24,0.1,0.1,8
uKuw4epL1KjAqERkXv,Germany Football GIF by OneFootball Heads,player,upload-log,GERMANY_KIMMICH,2026-07-05,2026-09-08,4,0.1,0.0,8
B7HEiOs673jZ4sYq3q,Betting Game On GIF by OneFootball Heads,reaction,slug,,2025-08-03,2026-09-08,0,0.0,0.0,8
49lmGu0eQ7ISpToUTU,Betting All In GIF by OneFootball Heads,reaction,slug,,2025-08-03,2026-09-08,2,0.0,0.0,8
T7gZaafLBt8KMPK8wh,Locked In Cooking Sticker by OneFootball Heads,uncategorised,none,,2026-08-10,2026-08-10,0,0.0,0.0,1
AyG6nRB4g0YK2lJoV5,Miss You Sticker by OneFootball Heads,uncategorised,none,,2026-08-10,2026-08-10,0,0.0,0.0,1
CCGgsc0z57RbpdylOe,Not Listening La La La Sticker by OneFootball Heads,uncategorised,none,,2026-08-10,2026-08-10,0,0.0,0.0,1
ftMttAy9HcOXqrsdIM,Picture Smile Sticker by OneFootball Heads,uncategorised,none,,2026-08-10,2026-08-10,0,0.0,0.0,1
FsGw6Rw5M9vZAVLP0U,Wall Defending Sticker by OneFootball Heads,uncategorised,none,,2026-08-10,2026-08-10,0,0.0,0.0,1
aNJKxYTgx7grVYVGNa,Feel Better Take Care Sticker by OneFootball Heads,uncategorised,none,,2026-08-10,2026-08-10,0,0.0,0.0,1
B4wnohI7W32vyveGfm,Out Of Office Ooo Sticker by OneFootball Heads,uncategorised,none,,2026-08-10,2026-08-10,0,0.0,0.0,1
7EDotDOXM1vYYh2xuF,No Money Im Broke Sticker by OneFootball Heads,uncategorised,none,,2026-08-10,2026-08-10,0,0.0,0.0,1
v2HG6nFioXmOxAIkyr,Bravo Applause Sticker by OneFootball Heads,uncategorised,none,,2026-08-10,2026-08-10,0,0.0,0.0,1
tm5l4WMs9tEp8q7QY6,Break Time Halftime Sticker by OneFootball Heads,uncategorised,none,,2026-08-10,2026-08-10,0,0.0,0.0,1
iukCYnYG1nt8mH7EXg,Make It Rain Money Sticker by OneFootball Heads,uncategorised,none,,2026-08-10,2026-08-10,0,0.0,0.0,1
YU9e03AF2cZgLWELZe,Handball Referee Sticker by OneFootball Heads,uncategorised,none,,2026-08-10,2026-08-10,0,0.0,0.0,1
bJwdqCk6AqsMblCImv,Lets Go Yes Sticker by OneFootball Heads,country,title,,2026-08-10,2026-08-10,0,0.0,0.0,1
n3WVO1CbdjJjbPygWv,Lets Go Yes Sticker by OneFootball Heads,country,title,,2026-08-10,2026-08-10,0,0.0,0.0,1
q2pMvxOicWZAx4fa0Q,No Money Football GIF by OneFootball Heads,reaction,upload-log,REACTION_IMBROKE_NT,2026-08-10,2026-09-08,0,0.0,0.0,8
Io9eZ3VN6CBoH1Q83q,No Money Football GIF by OneFootball Heads,reaction,upload-log,REACTION_IMBROKE,2026-08-10,2026-09-08,0,0.0,0.0,8
pgLuh2aB48Q4ZQQfwV,Make It Rain Football GIF by OneFootball Heads,reaction,upload-log,REACTION_PAYDAY_NT,2026-08-10,2026-09-08,0,0.0,0.0,8
SD1LVb6H1U0PxIxHbS,Make It Rain Football GIF by OneFootball Heads,reaction,upload-log,REACTION_PAYDAY,2026-08-10,2026-09-08,0,0.0,0.0,8
