snapshot_date,rank,gif_id,content_type,views
2026-07-08,1,S0GO7wvqciKU6znbFW,GIF,25269090
2026-07-08,2,VeQ7R5eLzOiZwny95R,GIF,11799564
2026-07-08,3,YFsvkuJTxLc0uuNrhO,GIF,9678460
2026-07-08,4,Zil84rm4wvlWsJqo9C,GIF,9523034
2026-07-08,5,1MTfxcyrTyUFK9Zp3S,GIF,9113534
2026-07-08,6,z1dXRwDsqrjs5KDOML,GIF,6927470
2026-07-08,7,s6eCu3KXqkq8sKt2pD,GIF,5700772
2026-07-08,8,6A9hefwTjvCDMURljb,GIF,5377235
2026-07-08,9,vFAra3l66GR59S9K40,GIF,4667659
2026-07-08,10,n20QOGJq9Smmy5c5Yx,GIF,3830407
2026-07-08,11,7UCWuilJRYlAu15j7U,GIF,3649628
2026-07-08,12,Tp7JErC4Ak5ZrF8ciK,GIF,3610631
2026-07-08,13,HXbjrTClytGyPjam3M,GIF,3379151
2026-07-08,14,hBt0VjWkZbFRBrBACu,GIF,3372494
2026-07-08,15,zFJd9Sp0856KS6dVtv,GIF,3110746
2026-07-08,16,VZ9JDjblGrqOCxqVFT,GIF,3036555
2026-07-08,17,01KHA2KdMQLQi136pi,GIF,2896011
2026-07-08,18,l8eIHDVeTwEm5VOjb1,GIF,2516870
2026-07-08,19,4XEUw17xG7OGK9nuJw,GIF,2491498
2026-07-08,20,ba5JMnrKk4o9z7yiP0,GIF,2298593
2026-07-08,21,kvrucA56Ge96PitAIf,GIF,2003262
2026-07-08,22,4yd3gQjXGb9aFks0bS,GIF,1989303
2026-07-08,23,3lTznm8qcjuD0dOyof,GIF,1908869
2026-07-08,24,gfv9pQSjyN83iR0zM0,GIF,1798017
2026-07-08,25,H1SV8pkPwh24wqRfyd,GIF,1603880
2026-07-08,26,Atd0AOMP5wrkqhYQpM,GIF,1468037
2026-07-08,27,FjOH5YsFZv0M1wuIBb,GIF,1422253
2026-07-08,28,NnvB50iO7TqUyBzFvl,GIF,1421632
2026-07-08,29,ykoTW1SqAFoUKMXfwl,GIF,1349575
2026-07-08,30,CQF6AFxLK2g5y2B2NN,GIF,1335248
2026-07-08,31,MmwWuKZzjxYw05RF8z,GIF,1315151
2026-07-08,32,AZgI9GQ4S4ul6qcA9u,GIF,1281147
2026-07-08,33,Wmu62LX7EfEYjeZFom,GIF,1265443
2026-07-08,34,zbFMPSL8EgDfqeBgWZ,GIF,1231511
2026-07-08,35,bbQA9p31wBCfGP7Lqq,GIF,1193293
2026-07-08,36,IvJvPYEXDOoV3ju64N,GIF,1179014
2026-07-08,37,BuT7JDz3OLtImz82QE,GIF,1111770
2026-07-08,38,N20tM6nrrXQMl4HYWz,GIF,1092859
2026-07-08,39,ZfzDxoltZ5FyWrmTJl,GIF,1080750
2026-07-08,40,zbcPsquuTZdA0tMKBx,GIF,1048609
2026-07-08,41,XCdhyRfbj2GvgufO0u,GIF,956132
2026-07-08,42,mwnu1QWfjuMZbKdgcp,GIF,952858
2026-07-08,43,XYGeNuYFTJxYanc1ij,GIF,925626
2026-07-08,44,pQxOnCwLvTBG4uf3KD,GIF,902329
2026-07-08,45,4yGaQKJE08kHXPuyMn,GIF,890379
2026-07-08,46,4zCNON1K71s6JXOFd5,GIF,871973
2026-07-08,47,z7kuboVsFhWrC6gJDp,GIF,861064
2026-07-08,48,pTNVcut8Um4qfqAn0v,GIF,836140
2026-07-08,49,qhb6MgP55rZQIiJPFf,GIF,820485
2026-07-08,50,6YX6lFHrE3n78eBvRu,GIF,816905
2026-07-08,51,g2KaTr5PnaMjjBUagH,GIF,771901
2026-07-08,52,9dJzU7bFwJBIWjvWO0,GIF,741466
2026-07-08,53,zuMnz0s1el2MO30gjg,GIF,730528
2026-07-08,54,WT9XlpCYQY7PtmCLT4,GIF,673198
2026-07-08,55,6o7c1nxSuBTp6XIMzm,GIF,666345
2026-07-08,56,n4eta4zIkCRr6xbK2f,GIF,662875
2026-07-08,57,5IYv7MHczMNdqnxWa1,GIF,641867
2026-07-08,58,oowpSQYkmY8zkkApHu,GIF,635383
2026-07-08,59,w0t4WTCyVJfbNIAwdR,GIF,631454
2026-07-08,60,cj0jRYyipLPlzwLs0i,GIF,604900
2026-07-08,61,ZUwEmP2EchPgZetmps,GIF,587610
2026-07-08,62,xNJVAiSsa1wtC14act,GIF,578660
2026-07-08,63,ZtAisAoRQRuf0wlOqe,GIF,576804
2026-07-08,64,3CjwLHLooBGmDorkzF,GIF,552623
2026-07-08,65,QBgFxeacBb59LMX5su,GIF,552552
2026-07-08,66,Brkoiafxyzb94gXrMa,GIF,549593
2026-07-08,67,PMny68XCKFiABxd1SZ,GIF,527825
2026-07-08,68,TWBEBifNIlRw3WZysb,GIF,526265
2026-07-08,69,I70wiKkwEVZWC2HFAO,GIF,521599
2026-07-08,70,TiuUji4KiJvFuzPFYg,GIF,519174
2026-07-08,71,KyJWoY8DDDBnJMn5fY,GIF,516436
2026-07-08,72,VFmjfFzMv0JETVuokv,GIF,515102
2026-07-08,73,C2wLIBhg6rnF2Vk5p3,GIF,507868
2026-07-08,74,p5EoYWZd7rXnSrk3A4,GIF,505749
2026-07-08,75,sGr4yrFK3BHDsEhSAM,GIF,503154
2026-07-08,76,qpJtW9XMVylfz7N32c,GIF,498941
2026-07-08,77,WoJ1KruDxKQ1TdT7LG,GIF,491387
2026-07-08,78,2Tmk43f9xbaX1HX5XW,GIF,491014
2026-07-08,79,XbEj9EvaOwUas4Zfkd,GIF,487730
2026-07-08,80,eEEVPZVPzXY9ceK13z,GIF,486201
2026-07-08,81,67KY9IKgii3mZDcGQS,GIF,478264
2026-07-08,82,VSmo1UmSEnNBOkzzKN,GIF,475862
2026-07-08,83,BxCTf1cNDlhFUdurmO,GIF,464938
2026-07-08,84,CLsZfPTw3az9SfokNz,GIF,457227
2026-07-08,85,W4ZiN0w5JKJF4oK36b,GIF,416210
2026-07-08,86,yVkY5XkSGEbmGkqKlt,GIF,415029
2026-07-08,87,GAczcLkdTCTPS01kQy,GIF,410419
2026-07-08,88,ZqZUWuxULL0IZ3XdCW,GIF,409059
2026-07-08,89,8tQLdg1TjgKBuuPbco,GIF,408380
2026-07-08,90,uXV0BqmxAJt7VKNgZh,GIF,408020
2026-07-08,91,VUJFF1jbhxVFyUtLTJ,GIF,403815
2026-07-08,92,V7KYS0VPWVdhPFUj9Z,GIF,403342
2026-07-08,93,hhL4cErWygGzv0PMwl,GIF,388964
2026-07-08,94,HU5ZX6NCZHrKdAkGtf,GIF,388743
2026-07-08,95,tgLpK2WbZhGe0D6UbT,GIF,382721
2026-07-08,96,kFnvhvvnxA6KwTnIzA,GIF,381783
2026-07-08,97,cPeIETb5b6zKnkngts,GIF,379784
2026-07-08,98,9HtqtBJIrXjEyDlqtp,GIF,352892
2026-07-08,99,bKDPhQuR4aMtOTfzSz,GIF,350945
2026-07-08,100,N2GUDdRZbdCdUzYkuw,GIF,350175
2026-07-08,101,gSJLxCRJSAtTesQIH2,GIF,347891
2026-07-08,102,clODkNL8QqeiiLV871,GIF,344859
2026-07-08,103,i09kDxdM8snHxPKl1i,GIF,317012
2026-07-08,104,Oa4QJT3Fb0zQ037mov,GIF,316482
2026-07-08,105,9sKA3ibq7zX02Os7y4,GIF,312964
2026-07-08,106,Px3XFOmPDLjRvP9YeG,GIF,305593
2026-07-08,107,uZ7GOHTYg3w6hAPN9v,GIF,305337
2026-07-08,108,toIRQFAFFCtAWwJveB,GIF,304892
2026-07-08,109,pUnbgneAsAFpw9wmzw,GIF,303210
2026-07-08,110,wDcx1Rm1hXxGKefyTR,GIF,302769
2026-07-08,111,bktvFDtSnncI1w598s,GIF,294697
2026-07-08,112,3Vvcnjhme1hwqwMNke,GIF,293870
2026-07-08,113,woNoaZZ9V12dyjYjJo,GIF,293089
2026-07-08,114,soFxWwpvpFThVlZGd4,GIF,290873
2026-07-08,115,gGTnOmNz9RWBhLAOww,GIF,289855
2026-07-08,116,l23aOmdgpH4PVpPOOF,GIF,285476
2026-07-08,117,sTKnZMlZKwYbtflXQq,GIF,284020
2026-07-08,118,VtZku1FNcJfdfJLPya,GIF,278215
2026-07-08,119,H5b7aOpD0MCxbT3jFO,GIF,272424
2026-07-08,120,VaHgVrzYDaGrz7JRiX,GIF,267012
2026-07-08,121,sGkjKXy02jm6wjrij1,GIF,265974
2026-07-08,122,FCtjJQzZME69CW6ttp,GIF,265933
2026-07-08,123,RcKxMa4JVupSJSMnhX,GIF,261876
2026-07-08,124,m0RdfAX3ZVq56g6Ufb,GIF,258056
2026-07-08,125,QJ4gYE5K7A8FPhPHuX,GIF,251977
2026-07-08,126,cwXLRZXXoL0np7eb72,GIF,251793
2026-07-08,127,prWnSRzSzVrBZLv41A,GIF,247525
2026-07-08,128,gUn5uaz4fhAKi45l4u,GIF,246964
2026-07-08,129,iUmxhJqvJmf1ytmdok,GIF,246098
2026-07-08,130,rcKw9ZKuo0lLFzIuuZ,GIF,242448
2026-07-08,131,y2QSRInUPq9f5evJVB,GIF,242054
2026-07-08,132,49UXvksd1mD6ivtzSS,GIF,237663
2026-07-08,133,x6TIee2JM9pBwc4MBG,GIF,237434
2026-07-08,134,K4y1b339hvcqk45WJ9,GIF,233574
2026-07-08,135,Vtg7zkTTczN2bvodCG,GIF,232938
2026-07-08,136,0QcUioJ7k6T2xRT6dI,GIF,228725
2026-07-08,137,zAo4CHpNAaNDg27lmG,GIF,224019
2026-07-08,138,oC6Cx1YXBtvdoYXmZr,GIF,222540
2026-07-08,139,ydtlZT2ZGwRKUS7k90,GIF,222506
2026-07-08,140,tiqNAs5cs6O0h36elo,GIF,220860
2026-07-08,141,R60s9NrOwv5eTrRPzV,GIF,217544
2026-07-08,142,54Lr6tnL43zux7QcZh,GIF,214276
2026-07-08,143,6SPE2NmJboU2RJtzU7,GIF,213991
2026-07-08,144,GMibniHgHabH5FsvSf,GIF,212764
2026-07-08,145,kg26UxATxZow3AsKZZ,GIF,208584
2026-07-08,146,cYELoocQoVRmY2GRJq,GIF,207407
2026-07-08,147,WmTuF4gz4C3ZfoHQGw,GIF,201206
2026-07-08,148,oxj2Z1k2cHtR0oZkqj,GIF,199662
2026-07-08,149,GJEvTVbP5UFX1rqFKc,GIF,199039
2026-07-08,150,6UDc6ioncYRxWDnp0G,GIF,195977
2026-07-08,151,6vaqqwTzS6SuR36oIW,GIF,190447
2026-07-08,152,fOGrNl1SGyw9ZF5Qeh,GIF,188073
2026-07-08,153,vaKM2dq2diEh9vUBQP,GIF,185982
2026-07-08,154,TkAIyyDEx6r2Qrm007,GIF,185262
2026-07-08,155,3oDwGbxOLEg8bEEJIQ,GIF,184046
2026-07-08,156,ZlBrZ2naavOtI2qSAr,GIF,183927
2026-07-08,157,al9NLseK6dPr8Q0mZz,GIF,182686
2026-07-08,158,czdCrCBERAQKBOfOLo,GIF,182430
2026-07-08,159,V5xSpg6PoKMeC6mvhG,GIF,182160
2026-07-08,160,r1CQkqGt4aI7wr1Ohw,GIF,179044
2026-07-08,161,9bIcqjJn0WBjTCqQOT,GIF,179014
2026-07-08,162,YfVEEx3kXDGBe8YKi8,GIF,178949
2026-07-08,163,IJSJIxvbADdqn7J4Y3,GIF,178697
2026-07-08,164,MODuEqgpv6IROKtJrO,GIF,178464
2026-07-08,165,5grsDwlqX4kfy71Rdj,GIF,176615
2026-07-08,166,HoEkTdvUpnS9WvVPcF,GIF,175599
2026-07-08,167,N4HpPRFRixdNxu1Fg8,GIF,174799
2026-07-08,168,3v4WsAL4dC4aMtTKdU,GIF,172444
2026-07-08,169,6C7KiVEfI724uCVi7b,GIF,170763
2026-07-08,170,AJYr4bWzAFjdGH9q0o,GIF,169275
2026-07-08,171,5NxsFyN2WM2HjI1BpK,GIF,166886
2026-07-08,172,X8U2NmVTuTntFxGesd,GIF,165104
2026-07-08,173,7HumoY5K6oo1enpFWe,GIF,163888
2026-07-08,174,Lg6tJBqeg7Z8iHTvJK,GIF,160880
2026-07-08,175,N8j7uvd3K7ewojOxxY,GIF,160311
2026-07-08,176,LUgxmNMnZ1OaYHqZGW,GIF,157567
2026-07-08,177,QGy9WgPA5wdXUx7yKE,GIF,156973
2026-07-08,178,zKf31joKvY23SQdSTF,GIF,156891
2026-07-08,179,QoVAe2QifgvhK2rnTG,GIF,155282
2026-07-08,180,dgXu5U7aMzbfILnDcj,GIF,151901
2026-07-08,181,ej3ZCWbOwLxwRNC2Kg,GIF,149773
2026-07-08,182,EMrPMmyufe1a1Tz1A5,GIF,148774
2026-07-08,183,b40vcDOn7iizajr2oM,GIF,146333
2026-07-08,184,ByodclSkYIdxh8KmGl,GIF,144223
2026-07-08,185,0jVa8eudaK9tG5KOUh,GIF,143736
2026-07-08,186,no6Mm0U0L9Mv9tzvN9,GIF,140424
2026-07-08,187,Zfddxu8Y4dgWz6ABMI,GIF,140422
2026-07-08,188,xd0DzHA90wF0QspRKE,GIF,139767
2026-07-08,189,uejerzhWkT2nfV4ekh,GIF,139124
2026-07-08,190,lMtSWlhMBsTkmUot5s,GIF,139099
2026-07-08,191,sKf6fbM0Fhn4keHMYX,GIF,137579
2026-07-08,192,8WBfBgNcz3Ep1OvSUC,GIF,137190
2026-07-08,193,hb9nhr6m3rjQeRs9jp,GIF,134863
2026-07-08,194,Xl33ygtw7ZElNbVTch,GIF,131378
2026-07-08,195,WhOTaSjCzQyMAMBn5v,GIF,130456
2026-07-08,196,6guW2txh6RAr0RCnTP,GIF,128587
2026-07-08,197,98ehMD8kX9bLkq9Gcw,GIF,127452
2026-07-08,198,CPApJWHvsT3o5VuKVK,GIF,124339
2026-07-08,199,w4nv4DunM9a4tOEi3Y,GIF,124207
2026-07-08,200,wMeQ3go50ahhciuZwK,GIF,121485
2026-07-08,201,JGbVQO4No1vjY8SRwp,GIF,119852
2026-07-08,202,pPqefCee0DWoNtfPaN,GIF,119015
2026-07-08,203,lHQGU1fP8dCpgZhRQ8,GIF,118234
2026-07-08,204,P4mW1PplxZFjLv81SQ,GIF,118101
2026-07-08,205,6jMy4ML3746kQCwDNl,GIF,117643
2026-07-08,206,DWuxEYZBw978LKWG1b,GIF,117331
2026-07-08,207,9HORd4teDGhOt46fEz,GIF,116655
2026-07-08,208,wvmHbFg1ExLSSKMaOD,GIF,115115
2026-07-08,209,5ssoenGB420wQegvln,GIF,114669
2026-07-08,210,X2tAL568gaKEgB9Anv,GIF,114624
2026-07-08,211,jxA1BBEg6NzTQL7pvd,GIF,113144
2026-07-08,212,nNlKQlqY4lK6qAxiQV,GIF,111852
2026-07-08,213,R3h2NcJNbFNBpS4g6q,GIF,111724
2026-07-08,214,QytjwhKBE2ObyydwQb,GIF,110702
2026-07-08,215,xoGxhyhEQOp0jXphxx,GIF,110584
2026-07-08,216,aZhAXcAN33Makb02CK,GIF,109657
2026-07-08,217,SAyhOhXMo16hk1ceaB,GIF,109619
2026-07-08,218,1Brq4LvOtRMIBJQi4U,GIF,108216
2026-07-08,219,qeTcrWW3wozMaIX6Af,GIF,108151
2026-07-08,220,nqEtJ6z9u3zHbdmFq9,GIF,105699
2026-07-08,221,P6CpYQD8EQVdHmbBB7,GIF,105336
2026-07-08,222,TnYyD0Y5gHcxxIs60O,GIF,103737
2026-07-08,223,FS1BfSHSEcBM7oXgnd,GIF,103259
2026-07-08,224,2KDnf1jZTUJlrrasTZ,GIF,102362
2026-07-08,225,xal2XkbIQo668lc27M,GIF,99541
2026-07-08,226,An7uqeayxR5J8dKHu4,GIF,98305
2026-07-08,227,3Ej0FdtgfzHznxfoaW,GIF,98098
2026-07-08,228,ncRqGV6vGvUMh7oR7x,GIF,97510
2026-07-08,229,Xy1embN5dYLxDL7J1h,GIF,96968
2026-07-08,230,0f7MezZNdfdf09G5MR,GIF,95694
2026-07-08,231,maNlF3eSXasPrO4QdO,GIF,94824
2026-07-08,232,01gaL9yoKUBxA6lLSx,GIF,94678
2026-07-08,233,ew2RAEkOVb0O643Wtj,GIF,93432
2026-07-08,234,PictPG2QUCZqYQ7QJm,GIF,92298
2026-07-08,235,ArFOjTGDqq45OKCAo4,GIF,92074
2026-07-08,236,BjiE1R8mHXxYRRhY0m,GIF,90610
2026-07-08,237,eGITs6JOnYa9vtjIwc,GIF,90385
2026-07-08,238,pGYHslrw9ZTEMk9Sn2,GIF,89521
2026-07-08,239,jzppiGwPog15PVElfH,GIF,88826
2026-07-08,240,vtBtvkJFk09naDtqBk,GIF,88666
2026-07-08,241,3DDxEpa9LhhPXbXpoY,GIF,87779
2026-07-08,242,PAHScnX9IEczmvTWFx,GIF,86754
2026-07-08,243,pPGGvsQjn9xJb55F8i,GIF,86179
2026-07-08,244,gmEnnJ3Cj1fBPirnyp,GIF,85946
2026-07-08,245,8rDd90ItBDko5IMjqu,GIF,85692
2026-07-08,246,MgeNDcgT4gXYn338jR,GIF,84200
2026-07-08,247,unRjgoWoUAFhPVQLY9,GIF,83862
2026-07-08,248,tA9rysiKx5ifhNfO2T,GIF,83717
2026-07-08,249,v5PJmNVxWOTTThmnQg,GIF,83672
2026-07-08,250,KcWVxQd0HvsbqguiXS,GIF,82862
2026-07-08,251,4agkjC6mUqzk4Ij9jS,GIF,81874
2026-07-08,252,Z43RfKcmhr06OQ5ae2,GIF,81791
2026-07-08,253,4zJ0Gf0UHqoyJTiJij,GIF,81296
2026-07-08,254,zdfDUrgmjZWA1HNsfu,GIF,79738
2026-07-08,255,5DIPupkmxQqmITQtN1,GIF,79555
2026-07-08,256,XjiCTell4KeSfAqaQZ,GIF,79261
2026-07-08,257,bff86XIkSNuway0pUU,GIF,79155
2026-07-08,258,IXMc63EIZGgNlNQNZD,GIF,78559
2026-07-08,259,tMZ7ky54PGeypqgalT,GIF,77289
2026-07-08,260,NFlNPPsEU6FSGuOk3e,GIF,76905
2026-07-08,261,2fR6fBgW6BZU1CPIqG,GIF,76606
2026-07-08,262,VWeSrHKWQs9WHgEkvh,GIF,76387
2026-07-08,263,gWRf9HI5C42rN1HirJ,GIF,76064
2026-07-08,264,shE8kiyTqgMBGFmkLs,GIF,75521
2026-07-08,265,QMj3VgVVShzZkjSxTd,GIF,75113
2026-07-08,266,a8ZxCyyxdwfSsqTwsL,GIF,74879
2026-07-08,267,mYNEpIFkBXXyA3E2SJ,GIF,74523
2026-07-08,268,QIpziLuXhTywLdbIkQ,GIF,74044
2026-07-08,269,fAP7QAJ1xFD6JTFM1e,GIF,74037
2026-07-08,270,SglBDgyXDRttbNrLM2,GIF,73352
2026-07-08,271,ptWaTNOtCbJyFoPOsI,GIF,72564
2026-07-08,272,9h1jNCrbYXENVlj1FP,GIF,72074
2026-07-08,273,QyRWxP3YleogvGmo01,GIF,71051
2026-07-08,274,BG3Zejm7Xdx6wWUf1s,GIF,70363
2026-07-08,275,ymR0THwsC0ryufBoCC,GIF,69226
2026-07-08,276,m6Ldp765JS1TOc1epw,GIF,69111
2026-07-08,277,jRRG7jt2Js6MacrDGd,GIF,66322
2026-07-08,278,1XZi1EWSQLY3rMU5hb,GIF,66124
2026-07-08,279,GGxYV9J86hAuLOftmX,GIF,66084
2026-07-08,280,LOVAgqCndxbF0yVSvH,GIF,65141
2026-07-08,281,fJ9p947OpjYoUJv4pq,GIF,64891
2026-07-08,282,1L3Mvo7LQ6VfgJJT6I,GIF,64877
2026-07-08,283,kkOOWhftIUKH1gRFI3,GIF,64850
2026-07-08,284,BAvIhFpn2zXzDlaAKV,GIF,63331
2026-07-08,285,x7ukpMi4J3VotdbBxy,GIF,62334
2026-07-08,286,R4K3oSgQ7goRV5dQW2,GIF,61462
2026-07-08,287,VTG38I0RqkksEgqTdJ,GIF,61390
2026-07-08,288,Gs7S4vm03HWudtCUxT,GIF,60303
2026-07-08,289,mLYuk0RvMxWAISGnCA,GIF,60243
2026-07-08,290,TL448BG9MrQXfVRka2,GIF,59506
2026-07-08,291,hUgUnBmpjUXA8w2eBC,GIF,59324
2026-07-08,292,Smkq4gh20rTCo9XA5K,GIF,58294
2026-07-08,293,MU4wAQ5AZqlBJTyGFw,GIF,58148
2026-07-08,294,bfb6MDov8wj5qopEZC,GIF,57862
2026-07-08,295,8Ju2XpAU8kax6RU9pd,GIF,57637
2026-07-08,296,WxxWLGWv6UUZdsT2lS,GIF,57397
2026-07-08,297,vXbH7KQWGqNe9heXju,GIF,56993
2026-07-08,298,YoWUM76JMiAUKm9ggl,GIF,56798
2026-07-08,299,KPVPfTOGhR4ZDXsBWA,GIF,56234
2026-07-08,300,XIxeCLHT9zVohiL4T9,GIF,55092
2026-07-08,301,592ZMrdelj8j8DlQ2w,GIF,54403
2026-07-08,302,TFVI6cSKjVwPaqZVKR,GIF,54385
2026-07-08,303,cfLHHFi62dBMYsloN7,GIF,54308
2026-07-08,304,XQGaZGKKKFL5DGdt4Y,GIF,54249
2026-07-08,305,tG40NFJ94fjjn3vRXR,GIF,54163
2026-07-08,306,aow0lDW9gAStommdsS,GIF,53205
2026-07-08,307,6Zo8j3dDBwQsYvhISc,GIF,53117
2026-07-08,308,6qI2NYWngdAxxVX1zJ,GIF,52908
2026-07-08,309,PlShyiN5tlquexvBB2,GIF,52867
2026-07-08,310,mruAYNxpRfWT7zWOVa,GIF,52094
2026-07-08,311,PJDjRlqkTOWG8CAWNa,GIF,52056
2026-07-08,312,XCB5P8yCHz9CiAl41q,GIF,51849
2026-07-08,313,yK7UnYilNJehrLYsIm,GIF,51615
2026-07-08,314,EbEX6H0ZYbCTI9nI25,GIF,50296
2026-07-08,315,nRd5z0hIeY7xQz1yai,GIF,50041
2026-07-08,316,GT9cgAAAtfM5JgcZpQ,GIF,49590
2026-07-08,317,XzFg2ZpcLiS4s3N1KC,GIF,49540
2026-07-08,318,7t1kN8b7GyZljUC36u,GIF,49129
2026-07-08,319,NU5arjj8ut7RpNelJ9,GIF,48705
2026-07-08,320,StRtbzWfsgs33wpW3M,GIF,48407
2026-07-08,321,JfqESuqy1kOf3HTr8Y,GIF,48389
2026-07-08,322,XCGc4SGOCWsIxXCteW,GIF,48360
2026-07-08,323,LIqRddsJ488WR7JkgG,GIF,48219
2026-07-08,324,NZNjSEXDfUQbmupjJW,GIF,48148
2026-07-08,325,a3sOeDI1ZuE2UEGEjr,GIF,47724
2026-07-08,326,ZUtSEAyBuCcewmA29F,GIF,47158
2026-07-08,327,ZEleEa4pY0l7ufKnSY,GIF,46766
2026-07-08,328,N6xT6C3SVJJSwH8Mgl,GIF,46570
2026-07-08,329,dCqQrUmPgICwfSYzgi,GIF,45818
2026-07-08,330,QU3jtBvOsGT110czty,GIF,45464
2026-07-08,331,O2iEG5r6EhWWPVCIMl,GIF,45383
2026-07-08,332,YIVMHeeUzrNYt7qSqJ,GIF,45223
2026-07-08,333,lGjWSowFgfSI3Q7CuM,GIF,45097
2026-07-08,334,RKSWD89SckpaCkF7lB,GIF,43992
2026-07-08,335,0rAnJ9bILAp2bIGcpT,GIF,43921
2026-07-08,336,MZExsocb7ggfMPqiBk,GIF,43901
2026-07-08,337,MrHh6mgOcdoAAO4tz0,GIF,43827
2026-07-08,338,YRgKKGuDWNqdVKUsJK,GIF,43667
2026-07-08,339,w59SdHiwZO84yaEl4U,GIF,43622
2026-07-08,340,WxKKJGKsUUWPJgkf4N,GIF,43164
2026-07-08,341,5Cniu3sjAb3IHZD5Bh,GIF,42621
2026-07-08,342,JcOB2VB2OeXB5ExpHH,GIF,42411
2026-07-08,343,vnuMwvlswGMW38poq2,GIF,42095
2026-07-08,344,aW3mqoINZ433Rj4TMz,GIF,41705
2026-07-08,345,tZ7DeEmaE9nn2rqcF3,GIF,40771
2026-07-08,346,JhkFcH98uvMrnDgmn6,GIF,40689
2026-07-08,347,5bLSkn2OEV2LU4IPHI,GIF,40301
2026-07-08,348,VaSaGr35NjXb2lexto,GIF,40196
2026-07-08,349,XR7PHHrmVHtqEK1gol,GIF,39942
2026-07-08,350,Jzp6EmR66Abn9ExWls,GIF,39838
2026-07-08,351,z2RmddzZET8w5zZtyb,GIF,39067
2026-07-08,352,mp178ZHLC4sHfOgO12,GIF,38661
2026-07-08,353,IvciiQcSOnH7gFlwnK,GIF,38564
2026-07-08,354,HBz4ZFEBOWzRdBO70e,GIF,38365
2026-07-08,355,7rJDG9tWHp7KA9rDDq,GIF,37656
2026-07-08,356,ZeK2ek6RtyEL73iY0B,GIF,37411
2026-07-08,357,9IwfTwulCPEiDADHzx,GIF,36731
2026-07-08,358,RJZFIKDrvM9UVstlHg,GIF,36339
2026-07-08,359,FzxAj0hfgyAdsW40AC,GIF,36166
2026-07-08,360,DArpiMDTC0np9ytWe8,GIF,35823
2026-07-08,361,J3HhbqcC2mKM6eetbu,GIF,35741
2026-07-08,362,CaEoDtcNHxY0y3Ll4k,GIF,35692
2026-07-08,363,WCIkiuYpS3S6XKV8Rn,GIF,35566
2026-07-08,364,2XhJxylc2hyATdyLCy,GIF,35562
2026-07-08,365,dxie0mdUARIwhn2yee,GIF,35272
2026-07-08,366,A2z7pVURqwz3BlQdQp,GIF,35171
2026-07-08,367,BCu7HM8TzjOxYRWxCB,GIF,34567
2026-07-08,368,p6hxl3FX2QtPN1eWsj,GIF,34503
2026-07-08,369,RUcKKOR9LAGm3Sy9CY,GIF,34460
2026-07-08,370,pUCY24xEv3FuNvWA54,GIF,34305
2026-07-08,371,NCXTJOeB6clLl1XIHm,GIF,34160
2026-07-08,372,T0MPbboDiC4fnKtpKF,GIF,34155
2026-07-08,373,2XtaKuSyUmADvFNWeB,GIF,33509
2026-07-08,374,DGjlGcceVl5RDQC6v7,GIF,33336
2026-07-08,375,tsiV9e5BNYJs9N63xu,GIF,32750
2026-07-08,376,RlkKf5MBzEjqzqN3Pt,GIF,32196
2026-07-08,377,fsCP6Oda0qmhcNPKE1,GIF,32085
2026-07-08,378,kIF7T5i5o9pEglhEHa,GIF,31352
2026-07-08,379,2FbqKii3sahcmtOgU2,GIF,31241
2026-07-08,380,wdwglOfifi6NYq9tjO,GIF,31002
2026-07-08,381,kfjRVgBKSfpje8yaL1,GIF,30942
2026-07-08,382,QTRlMVKXeT15fGVLbk,GIF,30889
2026-07-08,383,9F3kTka3lWs1MoyUW4,GIF,30079
2026-07-08,384,M466iBsWoTlNojJbyk,GIF,29794
2026-07-08,385,WDTFmWErrBo9vvuMJ5,GIF,29494
2026-07-08,386,99L1Ri4cmx4aZ82imT,GIF,29369
2026-07-08,387,kmGi3ucTvgLv6pA7rE,GIF,29180
2026-07-08,388,Foo1QLxlFskrsgYXD8,GIF,28465
2026-07-08,389,29Z7C8nHD9ijZuMqTV,GIF,28407
2026-07-08,390,Ksyo02KzynpxSGIdiu,GIF,28367
2026-07-08,391,1qJHVFYH15SpmhSykp,GIF,28245
2026-07-08,392,j70G4xGbIAyl69HjSG,GIF,28245
2026-07-08,393,d07pfKl4LYFx9eOGnG,GIF,27188
2026-07-08,394,TCYSBvF1McWeOViTdS,GIF,27044
2026-07-08,395,D41XyjutopurXno57q,GIF,26972
2026-07-08,396,YeGuStp7fomlR6Gj8o,GIF,26834
2026-07-08,397,lDvigQV6SivDb1PP17,GIF,26744
2026-07-08,398,E7J4gMgNzH8P5fJIir,GIF,26702
2026-07-08,399,ywVDodGGYpgsU7vb0Q,GIF,26586
2026-07-08,400,Do7K8nCJQrwf7gsrRm,GIF,26344
2026-07-08,401,UwKnpGaeFmihxIEt4Z,GIF,26018
2026-07-08,402,znORHj4fd8MAN7gbLr,GIF,25562
2026-07-08,403,qvGvze34SYzFy0IOjo,GIF,25506
2026-07-08,404,NKb9LW9MrxO48Cd9Mu,GIF,25468
2026-07-08,405,dRdbbodInaw9ngy2et,GIF,25368
2026-07-08,406,Ei2OUMXIhbpl8zcg07,GIF,25180
2026-07-08,407,ZIv6jXtuNWmqe8i4d8,GIF,25118
2026-07-08,408,IbdIiqy5nHTtHJKeuA,GIF,24713
2026-07-08,409,HeFCcdgF37XybNbJM1,GIF,24652
2026-07-08,410,1knediJpPduWeBBS7N,GIF,24090
2026-07-08,411,65WZEH3DbzTOskjZ9F,GIF,24083
2026-07-08,412,FXlBfysZeccejSPXLN,GIF,24000
2026-07-08,413,Y88yhiJDH6tRpPaQ9Y,GIF,23790
2026-07-08,414,DBNUsVBmNhdqMaetuc,GIF,23667
2026-07-08,415,8HsLMUNvbQnVzLWcty,GIF,23566
2026-07-08,416,lUrvU5C0ui1UixvK9l,GIF,23529
2026-07-08,417,9C0eEDiObWC3COXjXj,GIF,23158
2026-07-08,418,51xCLRv58gqjYM63YV,GIF,22869
2026-07-08,419,6nsJtjKzfX0DYG6Fg8,GIF,22487
2026-07-08,420,4I8DiIUSUnnTBauMmF,GIF,22479
2026-07-08,421,EsTiklBWYzosIzPluo,GIF,22138
2026-07-08,422,xD1vpKInrkzJ3Fxael,GIF,22077
2026-07-08,423,d6ZMxXqdHwzsYsjIfP,GIF,21953
2026-07-08,424,BEH8snVdAHDiqrRvhv,GIF,21713
2026-07-08,425,VErfqZkulaxhehX9uN,GIF,21437
2026-07-08,426,oEK27lR1AH4L1uw531,GIF,21401
2026-07-08,427,9YVJ3QFI0T2T1huuOt,GIF,21152
2026-07-08,428,hwIq8i6Qi7UnUGbacf,GIF,21046
2026-07-08,429,z3cQyCScaa6eQAPGxM,GIF,20894
2026-07-08,430,V65BD1iwdbErs5NDw7,GIF,20886
2026-07-08,431,X4AaDMS42L6wqp9I4S,GIF,20862
2026-07-08,432,LM6727wPq5tzhvVLMJ,GIF,20713
2026-07-08,433,zSoJATxvNy74D0WE4l,GIF,20406
2026-07-08,434,Jj6MUSSOBIS7iy4cHl,GIF,20268
2026-07-08,435,fkhqUwfGzSYOrSTJp9,GIF,19958
2026-07-08,436,1d6N0pb13wv2X6Qqhh,GIF,19748
2026-07-08,437,IipkQotlmo8Sh1ABvk,GIF,19629
2026-07-08,438,uCLrRaHsmPHmSNVkY8,GIF,19380
2026-07-08,439,sT7JTqgV96345rxK6n,GIF,19252
2026-07-08,440,kg7ti21Zmn5y1AtniN,GIF,19247
2026-07-08,441,aA455rZHUzTePr7fRv,GIF,18504
2026-07-08,442,gMAqaGlYLH1LnHhSQu,GIF,18355
2026-07-08,443,l5ZWNLnfskv9LTE03S,GIF,18206
2026-07-08,444,JbyrV7bzRuZeOpzb30,GIF,18138
2026-07-08,445,xQNauBqQ1WrqCAPuRE,GIF,17980
2026-07-08,446,HviuxhG9WFXzbBpjJe,GIF,17955
2026-07-08,447,JkGNpFYB3cY7FHn9sx,GIF,17828
2026-07-08,448,SQwDBfwWSCoRe4PcNJ,GIF,17085
2026-07-08,449,3So6FuGb7wVk14P481,GIF,17019
2026-07-08,450,Zw9IYZoi4lR40x6kOh,GIF,16950
2026-07-08,451,U2RkG4c7Vpaz9UnSuZ,GIF,16287
2026-07-08,452,XYiDNupHyw1MaXyFbY,GIF,16219
2026-07-08,453,iVj1jzisyn9qoy0HwT,GIF,16121
2026-07-08,454,PdVb9g4MVTNgQ2OL26,GIF,16061
2026-07-08,455,KB4yS05ErAJldfsNj8,GIF,15972
2026-07-08,456,GMsykn2kFJhMIBPMb9,GIF,15666
2026-07-08,457,sgLnfOIYS7BUIHXUxC,GIF,15587
2026-07-08,458,W2qRsuV2W45gij9eyQ,GIF,15409
2026-07-08,459,0citpjho00ObF3pMEm,GIF,15339
2026-07-08,460,yiNGJnacgioeujOFDw,GIF,15128
2026-07-08,461,33ZJlVdrJfJqeZ8YAd,GIF,15015
2026-07-08,462,x6u2P1xWEqpnimsun6,GIF,14947
2026-07-08,463,tUcJ0CqH4BsIKAIDrB,GIF,14871
2026-07-08,464,AhaWzd6OjdlgzY8poL,GIF,14772
2026-07-08,465,x3LVct059nDJWWHnBs,GIF,14693
2026-07-08,466,pzLy6Kcx9jyVz05UxB,GIF,14666
2026-07-08,467,pKUmbMGZ5eNwfcEOwB,GIF,14603
2026-07-08,468,xdfUlTMvx8p3k8Taet,GIF,14555
2026-07-08,469,oLP7BIj99u0sFUlnsV,GIF,14530
2026-07-08,470,AkjBpF1TnoWQNI57N8,GIF,14204
2026-07-08,471,M3DQRSj2ZR4BSXZMlX,GIF,14182
2026-07-08,472,hvHkkgdpNyYBCNwWii,GIF,14002
2026-07-08,473,UR5a8u78Xa7VdtyJIS,GIF,13996
2026-07-08,474,c14InbFxtr5gAFCZfy,GIF,13896
2026-07-08,475,tFyjXDG8DdgV7jbV1B,GIF,13865
2026-07-08,476,LgaosMJFuBdaBg4Zqw,GIF,13774
2026-07-08,477,wulH1pzgOUFXQQNyor,GIF,13512
2026-07-08,478,2jcJ3HFGUHkTyioaUT,GIF,13361
2026-07-08,479,wyVRFz9fJaE5B8IZ2I,GIF,12860
2026-07-08,480,OlLlVUZxrcqZm6RPza,GIF,12775
2026-07-08,481,j4tl0BRFWySCPi8I98,GIF,12743
2026-07-08,482,UGSaXOiJokVFwXEoAT,GIF,12634
2026-07-08,483,dBEeUL0mbzScibZaSv,GIF,12627
2026-07-08,484,KyUIjPQuLolO6vfaFD,GIF,12436
2026-07-08,485,RYjyZx74LQ511YUxgW,GIF,12434
2026-07-08,486,vgMxyT3D5Nf7YtgLEN,GIF,12278
2026-07-08,487,U6zenm1kWFjycNTkdz,GIF,12277
2026-07-08,488,uYAAG52VMeqNbeKxrw,GIF,12215
2026-07-08,489,hftSnrV7jiNn6MkQk4,GIF,12211
2026-07-08,490,QgBxz4jlNWpq4U0VBL,GIF,12192
2026-07-08,491,bbd845md4bBhtzxnP2,GIF,12178
2026-07-08,492,s4hSWA7C4PRGJwjwkp,GIF,12006
2026-07-08,493,hVlGeCHhXYdIj5VuGy,GIF,11962
2026-07-08,494,4QXKOejCxZAOvUfjxZ,GIF,11895
2026-07-08,495,UiN6zWG0ArXRCn52L0,GIF,11505
2026-07-08,496,xjLbBByLJ19X487OlI,GIF,11489
2026-07-08,497,7uuBgvGPs6E5EttML4,GIF,11410
2026-07-08,498,rqRCINmIhqekY7cxwt,GIF,11262
2026-07-08,499,tRWPZFwfKYTcaQ0Vut,GIF,11197
2026-07-08,500,Atdw4UUjkYNWJaCahh,GIF,11117
2026-07-08,501,nfDB8cFWhS4Dee2sgL,GIF,11115
2026-07-08,502,pWYoNgRTTOcpQEGdh4,GIF,11105
2026-07-08,503,ApgAv4fFKYE5zQmdet,GIF,11081
2026-07-08,504,cpWDzbkGXinjazXAsQ,GIF,10811
2026-07-08,505,mnFrveFv1O0NCcXXRg,GIF,10798
2026-07-08,506,XniMEEmJBr9ukfaFPg,GIF,10642
2026-07-08,507,G4bRYCUE94lLd7ftFC,GIF,10612
2026-07-08,508,4iC6WmsVhfZAeGj178,GIF,10391
2026-07-08,509,K53ka9tKBWvdlEmEiQ,GIF,10319
2026-07-08,510,zIf83ye6vDhxzHKtUd,GIF,10263
2026-07-08,511,QQeMYCJmSK3CvnW69G,GIF,10200
2026-07-08,512,oVgehCwEPrMbYJAeuH,GIF,10163
2026-07-08,513,RjBXlk32cZwWJwL4gS,GIF,10071
2026-07-08,514,ob50T7GkSbkLLSRhQn,GIF,9973
2026-07-08,515,JGpns399tHOQYO7P9u,GIF,9956
2026-07-08,516,QSA6gWBwyyXJIzo0gE,GIF,9879
2026-07-08,517,V2cgY6r7FOSTkCgBS1,GIF,9847
2026-07-08,518,0OVzKdoHvIwJL7RduN,GIF,9643
2026-07-08,519,XHby9xOM0HPzPJ6tqF,GIF,9609
2026-07-08,520,nDLvxkW2XE2ZjcVKQR,GIF,9558
2026-07-08,521,cIJp8Y1yZVnCzjXSjQ,GIF,9519
2026-07-08,522,HOOTxxN5gUjEhJDUzT,GIF,9506
2026-07-08,523,ysB7TRjZlCfK705Qsx,GIF,9403
2026-07-08,524,IhRt3YlSBJDDGKmVfA,GIF,9310
2026-07-08,525,eSfJodS0foTOVqrBg1,GIF,9239
2026-07-08,526,FQaUqL5cxE07TVmEbM,GIF,9207
2026-07-08,527,ocHIQm4HwUXQHcA1U0,GIF,9053
2026-07-08,528,zQxSWfx8MQYyxMzLTW,GIF,9053
2026-07-08,529,hLlrlSXRBLz2a3Fa9b,GIF,8965
2026-07-08,530,rI4yCkQXsGkvkN6qQy,GIF,8832
2026-07-08,531,5b6DvVHMPq5kG9QBE7,GIF,8660
2026-07-08,532,YOy4wfZdVp39GaHWHa,GIF,8647
2026-07-08,533,vWQ3cNvlZdFGn4P8mC,GIF,8568
2026-07-08,534,fLLDOs1PXL5od8aETL,GIF,8566
2026-07-08,535,S8nncQt2T539fDIA0b,GIF,8546
2026-07-08,536,MVdhlDm19paYqtsMfF,GIF,8526
2026-07-08,537,TfKAAlWTfJBh06kQ5S,GIF,8490
2026-07-08,538,HKNFJD7cAwpvlYa6p1,GIF,8391
2026-07-08,539,oU1Fo2c50feGpaWwDh,GIF,8382
2026-07-08,540,kAVvf8QMmCmXU7NDA6,GIF,8377
2026-07-08,541,2AHzoH7CI4TQeyzYCD,GIF,8350
2026-07-08,542,XB8mTbeXNfl7OIlAkt,GIF,8096
2026-07-08,543,MibqmLIdqxwQepv1u4,GIF,8068
2026-07-08,544,KR0ABF8z9pul0Xn1vj,GIF,7968
2026-07-08,545,Z9OWqReW3I4Jr4MEdB,GIF,7848
2026-07-08,546,Ad00UhfBWCrf6iIraA,GIF,7843
2026-07-08,547,e0tqAwofWcxXx9iIN2,GIF,7805
2026-07-08,548,GW5HlgHeRXwbcIRTAO,GIF,7735
2026-07-08,549,cxkFjp3QZGzSh1Iyxz,GIF,7706
2026-07-08,550,Fh1YBOMQy8ivv5QNzd,GIF,7665
2026-07-08,551,qNokvWhj3oqF4D5q3D,GIF,7653
2026-07-08,552,o582qaiYg31UCY2MHB,GIF,7647
2026-07-08,553,hkJqI1Z2eMIZGjaLGr,GIF,7443
2026-07-08,554,akR7RsXOEBsCpVxsp6,GIF,7430
2026-07-08,555,MMQp5dVRWpDk5TKSk3,GIF,7394
2026-07-08,556,kAZI2CjoJeDdkShdIp,GIF,7241
2026-07-08,557,g1TgPevFB2j9fFhIUv,GIF,7215
2026-07-08,558,KlL7G6C1HWtdM3YHse,GIF,7192
2026-07-08,559,F0x8UfLG8yOQPPRCj9,GIF,7053
2026-07-08,560,RZrRtVNSxivmiqc4ms,GIF,6596
2026-07-08,561,UM7sju7MO1wK6KpVdR,GIF,6496
2026-07-08,562,6JNI1PXys4vMII0f9A,GIF,6482
2026-07-08,563,hZtR0YEJJ66b1a0Yrb,GIF,6478
2026-07-08,564,pxIwqllLtTqwkP3P7q,GIF,6433
2026-07-08,565,m6uaoa7xX7Dg2HnF6p,GIF,6393
2026-07-08,566,pq5a9erYX0mupYAw0r,GIF,6263
2026-07-08,567,QozR1lmgh6PNPxiPDH,GIF,6238
2026-07-08,568,kQRBgO3pn3vEnFTgXa,GIF,6052
2026-07-08,569,2MJOk63MZDgJLnCWbP,GIF,6038
2026-07-08,570,9Se0FcKFZFCt7lM2x3,GIF,5951
2026-07-08,571,3bdT6rswZrdJAAXyIY,GIF,5916
2026-07-08,572,UHX8Z1xxM7q95ifvMN,GIF,5859
2026-07-08,573,P2dP3D2kAzqcRPPaWr,GIF,5747
2026-07-08,574,NMa7tlk37iWeBOSmwr,GIF,5721
2026-07-08,575,aFoEcC8r12zpxNNvSz,GIF,5684
2026-07-08,576,qY5hBUyiQSBf79ntVr,GIF,5570
2026-07-08,577,ioikNOK6094SPdG2gY,GIF,5503
2026-07-08,578,tPrbmCVHFFg7K72O3L,GIF,5431
2026-07-08,579,0LBI2fJsWSO88UZip6,GIF,5240
2026-07-08,580,btR3gAi7NqgMjA2aNz,GIF,5209
2026-07-08,581,lo0xHsbZsqAXm3DxRm,GIF,5186
2026-07-08,582,W04ps2Hb3KrzSRGeh6,GIF,5140
2026-07-08,583,oT8h0iLmJVj4OORrVw,GIF,5076
2026-07-08,584,UpPyFzWrRSSCDjWW5S,GIF,5043
2026-07-08,585,0iqkjAyJgiCpPLy3Fq,GIF,4895
2026-07-08,586,VOuTYkX8OhXjetxwQ5,GIF,4705
2026-07-08,587,0r0YUGcSj97ueZws1I,GIF,4586
2026-07-08,588,U0K68elO5NOob4q372,GIF,4419
2026-07-08,589,RHu5cVwkEKODGJMFhD,GIF,3788
2026-07-08,590,uZCGmkB8j9Y2LrKCgC,GIF,3739
2026-07-08,591,V2iTAiTz1UENEuooXW,GIF,3637
2026-07-08,592,DvT1BeIHu3ChyybxkR,GIF,3509
2026-07-08,593,9x7iTJfqgFQMCs0cvY,GIF,3499
2026-07-08,594,fFcZ7GbvG7949eU5xg,GIF,3425
2026-07-08,595,sN3d7kXdPbvjlidiJz,GIF,3363
2026-07-08,596,nohvpMrEwXy468gDFR,GIF,3208
2026-07-08,597,imjTWu6Vx9k0QJwpv4,GIF,3154
2026-07-08,598,1yWBEir2xnNtXtsIt9,GIF,2956
2026-07-08,599,WHFiPP52PG9th1XmMP,GIF,2956
2026-07-08,600,ybF46HrsLDFuMrg0NO,GIF,2797
2026-07-08,601,bnqEjEUGGVrwEqWNJ0,GIF,2772
2026-07-08,602,saM8smyVfRy2WxXNf3,GIF,2690
2026-07-08,603,hPd95ZhVUZRpaqfS71,GIF,2687
2026-07-08,604,Pd6VbhzYBpVXqj1D2b,GIF,2344
2026-07-08,605,6a3eNd7DeaD1dk11hn,GIF,2307
2026-07-08,606,kc5sCk8smIzR9bEVmq,GIF,2184
2026-07-08,607,hRRHZWBCM1iGz8W69i,GIF,2164
2026-07-08,608,jCb2I9TIDuTGehdSHx,GIF,2130
2026-07-08,609,jJjpM5aG60awjoTpKb,GIF,1831
2026-07-08,610,4Z5Et8yinfeZ1jfuJF,GIF,1802
2026-07-08,611,kCbiTm717MlCNnAxeU,GIF,1767
2026-07-08,612,pfDwG4T0vC4IxqS2eN,GIF,1669
2026-07-08,613,lJGL45KeCLzPSaUgTV,GIF,1649
2026-07-08,614,jQgLlzy0ZT54ZCBLTt,GIF,1569
2026-07-08,615,kqkgYGr6YOULDs5Fcn,GIF,1546
2026-07-08,616,NzJ2mFSbkzVkj29CYP,GIF,1518
2026-07-08,617,LcCD3TkQe4SJroMYz5,GIF,1502
2026-07-08,618,5050Byd8dZiD8S7OQo,GIF,1494
2026-07-08,619,b7B608uSFXLuR9yWYH,GIF,1485
2026-07-08,620,1gsEMwwsNPO36OxOQK,GIF,1476
2026-07-08,621,UxIqUYwwUampJ8DTtS,GIF,1469
2026-07-08,622,X29WgAKGLutorgO69Y,GIF,1450
2026-07-08,623,FrixhPI7XEfr3wS5yp,GIF,1408
2026-07-08,624,ifOOtGdoahRmSdfh4k,GIF,1404
2026-07-08,625,4bXiLL05WASnteKd7V,GIF,1372
2026-07-08,626,XPN3II0GRNvYBEbxqs,GIF,1362
2026-07-08,627,YhWN4jrl9saWCBtYVs,GIF,1360
2026-07-08,628,9L7p0XupqB44TIXms9,GIF,1312
2026-07-08,629,5IVmTwSUBkM26gnwiT,GIF,1307
2026-07-08,630,zysC5B66n65evvIv2j,GIF,1300
2026-07-08,631,k8u0YOIFdyRsTb950U,GIF,1284
2026-07-08,632,zkn7BLV7uUc5Orkzzr,GIF,1212
2026-07-08,633,31mHgJnJUAJXIB62kJ,GIF,1200
2026-07-08,634,YEzgbuQKP7ilTDmGni,GIF,1199
2026-07-08,635,cR1Bnk7j1OAqINYtOY,GIF,1067
2026-07-08,636,UPnKAxvJFJWIJn1NNK,GIF,1016
2026-07-08,637,zC1NmByT5WMiTaMHQS,GIF,1007
2026-07-08,638,UzKPSpSLYsY3sTLQ7e,GIF,996
2026-07-08,639,syTxsyJjCeublic7d4,GIF,923
2026-07-08,640,bOLdbJxTL32fzUfQ79,GIF,916
2026-07-08,641,FxFgVET0GLKFojvrla,GIF,902
2026-07-08,642,6DHkm44QfaRU4jjkTd,GIF,861
2026-07-08,643,iRowpDxl0o0Qs0f422,GIF,783
2026-07-08,644,go703FNMkaozEq7tqJ,GIF,746
2026-07-08,645,cZYcjyCHHn2mk1ikmK,GIF,720
2026-07-08,646,JdCL1IXkf3ObMe1SIJ,GIF,692
2026-07-08,647,CKVjlqUmBZdyT7d3W7,GIF,681
2026-07-08,648,mp4uQj1yhchE0FJb19,GIF,649
2026-07-08,649,GxQiKyAy9kzwWgAClZ,GIF,582
2026-07-08,650,U4iDELyXogCfzk2SPc,GIF,579
2026-07-08,651,1YIOwyDs2IK6MPvs3f,GIF,566
2026-07-08,652,toz148aIki3hNi79mi,GIF,555
2026-07-08,653,2OZgYoYD7xUPQjGmsl,GIF,547
2026-07-08,654,dszvmLR6BjdJ3cN3B5,GIF,524
2026-07-08,655,KksuC9fn8zo5RlERgg,GIF,516
2026-07-08,656,N4Aef2XhTGp692NZx7,GIF,514
2026-07-08,657,bzs9ftqVS6wCqrRuWx,GIF,511
2026-07-08,658,2fhhHvDo2dUJMgJFW6,GIF,500
2026-07-08,659,xW6AwwdTobQgDZ3nAU,GIF,496
2026-07-08,660,x61sB9WoV0TIwRSfsR,GIF,490
2026-07-08,661,7HLrdcksEhIrZa9Zir,GIF,481
2026-07-08,662,MSUZpSsPXDiTRUuHTL,GIF,472
2026-07-08,663,A1yl317Qn9BkRcNDyq,GIF,454
2026-07-08,664,BKBmjqo7OhXyBwjnJ1,GIF,410
2026-07-08,665,RwHdKDHMgbReieccJ4,GIF,362
2026-07-08,666,Sfiri0PXigpGueBftO,GIF,15
2026-07-08,667,49lmGu0eQ7ISpToUTU,GIF,2
2026-07-13,1,S0GO7wvqciKU6znbFW,GIF,25367712
2026-07-13,2,VeQ7R5eLzOiZwny95R,GIF,11884952
2026-07-13,3,1MTfxcyrTyUFK9Zp3S,GIF,10889997
2026-07-13,4,YFsvkuJTxLc0uuNrhO,GIF,9785981
2026-07-13,5,Zil84rm4wvlWsJqo9C,GIF,9559286
2026-07-13,6,z1dXRwDsqrjs5KDOML,GIF,6978114
2026-07-13,7,s6eCu3KXqkq8sKt2pD,GIF,5750424
2026-07-13,8,6A9hefwTjvCDMURljb,GIF,5398771
2026-07-13,9,vFAra3l66GR59S9K40,GIF,4701627
2026-07-13,10,n20QOGJq9Smmy5c5Yx,GIF,3837829
2026-07-13,11,7UCWuilJRYlAu15j7U,GIF,3666965
2026-07-13,12,Tp7JErC4Ak5ZrF8ciK,GIF,3657391
2026-07-13,13,HXbjrTClytGyPjam3M,GIF,3446273
2026-07-13,14,hBt0VjWkZbFRBrBACu,GIF,3396881
2026-07-13,15,zFJd9Sp0856KS6dVtv,GIF,3134990
2026-07-13,16,VZ9JDjblGrqOCxqVFT,GIF,3076852
2026-07-13,17,01KHA2KdMQLQi136pi,GIF,3000213
2026-07-13,18,l8eIHDVeTwEm5VOjb1,GIF,2536256
2026-07-13,19,4XEUw17xG7OGK9nuJw,GIF,2498667
2026-07-13,20,ba5JMnrKk4o9z7yiP0,GIF,2330681
2026-07-13,21,3lTznm8qcjuD0dOyof,GIF,2146876
2026-07-13,22,kvrucA56Ge96PitAIf,GIF,2054632
2026-07-13,23,4yd3gQjXGb9aFks0bS,GIF,2000457
2026-07-13,24,gfv9pQSjyN83iR0zM0,GIF,1833835
2026-07-13,25,ykoTW1SqAFoUKMXfwl,GIF,1628548
2026-07-13,26,H1SV8pkPwh24wqRfyd,GIF,1614210
2026-07-13,27,Atd0AOMP5wrkqhYQpM,GIF,1555065
2026-07-13,28,FjOH5YsFZv0M1wuIBb,GIF,1433094
2026-07-13,29,NnvB50iO7TqUyBzFvl,GIF,1431269
2026-07-13,30,CQF6AFxLK2g5y2B2NN,GIF,1383845
2026-07-13,31,MmwWuKZzjxYw05RF8z,GIF,1334929
2026-07-13,32,AZgI9GQ4S4ul6qcA9u,GIF,1325742
2026-07-13,33,Wmu62LX7EfEYjeZFom,GIF,1301956
2026-07-13,34,zbFMPSL8EgDfqeBgWZ,GIF,1249176
2026-07-13,35,XCdhyRfbj2GvgufO0u,GIF,1231847
2026-07-13,36,IvJvPYEXDOoV3ju64N,GIF,1219428
2026-07-13,37,bbQA9p31wBCfGP7Lqq,GIF,1207187
2026-07-13,38,BuT7JDz3OLtImz82QE,GIF,1126209
2026-07-13,39,N20tM6nrrXQMl4HYWz,GIF,1112384
2026-07-13,40,ZfzDxoltZ5FyWrmTJl,GIF,1103531
2026-07-13,41,zbcPsquuTZdA0tMKBx,GIF,1063762
2026-07-13,42,XYGeNuYFTJxYanc1ij,GIF,985620
2026-07-13,43,mwnu1QWfjuMZbKdgcp,GIF,979289
2026-07-13,44,pQxOnCwLvTBG4uf3KD,GIF,907999
2026-07-13,45,4yGaQKJE08kHXPuyMn,GIF,907676
2026-07-13,46,4zCNON1K71s6JXOFd5,GIF,880311
2026-07-13,47,z7kuboVsFhWrC6gJDp,GIF,868372
2026-07-13,48,pTNVcut8Um4qfqAn0v,GIF,838376
2026-07-13,49,6YX6lFHrE3n78eBvRu,GIF,825504
2026-07-13,50,qhb6MgP55rZQIiJPFf,GIF,824207
2026-07-13,51,9dJzU7bFwJBIWjvWO0,GIF,812027
2026-07-13,52,5IYv7MHczMNdqnxWa1,GIF,800352
2026-07-13,53,g2KaTr5PnaMjjBUagH,GIF,799234
2026-07-13,54,zuMnz0s1el2MO30gjg,GIF,740337
2026-07-13,55,w0t4WTCyVJfbNIAwdR,GIF,731254
2026-07-13,56,oowpSQYkmY8zkkApHu,GIF,705279
2026-07-13,57,n4eta4zIkCRr6xbK2f,GIF,689589
2026-07-13,58,WT9XlpCYQY7PtmCLT4,GIF,677759
2026-07-13,59,6o7c1nxSuBTp6XIMzm,GIF,676641
2026-07-13,60,cj0jRYyipLPlzwLs0i,GIF,610913
2026-07-13,61,ZUwEmP2EchPgZetmps,GIF,592146
2026-07-13,62,xNJVAiSsa1wtC14act,GIF,583815
2026-07-13,63,ZtAisAoRQRuf0wlOqe,GIF,582350
2026-07-13,64,VUJFF1jbhxVFyUtLTJ,GIF,577359
2026-07-13,65,QBgFxeacBb59LMX5su,GIF,562617
2026-07-13,66,3CjwLHLooBGmDorkzF,GIF,558115
2026-07-13,67,Brkoiafxyzb94gXrMa,GIF,556139
2026-07-13,68,PMny68XCKFiABxd1SZ,GIF,552754
2026-07-13,69,I70wiKkwEVZWC2HFAO,GIF,536708
2026-07-13,70,TWBEBifNIlRw3WZysb,GIF,534382
2026-07-13,71,VFmjfFzMv0JETVuokv,GIF,531726
2026-07-13,72,C2wLIBhg6rnF2Vk5p3,GIF,524775
2026-07-13,73,TiuUji4KiJvFuzPFYg,GIF,523064
2026-07-13,74,KyJWoY8DDDBnJMn5fY,GIF,519815
2026-07-13,75,VSmo1UmSEnNBOkzzKN,GIF,517724
2026-07-13,76,p5EoYWZd7rXnSrk3A4,GIF,514385
2026-07-13,77,sGr4yrFK3BHDsEhSAM,GIF,506953
2026-07-13,78,qpJtW9XMVylfz7N32c,GIF,501891
2026-07-13,79,2Tmk43f9xbaX1HX5XW,GIF,499650
2026-07-13,80,XbEj9EvaOwUas4Zfkd,GIF,496434
2026-07-13,81,WoJ1KruDxKQ1TdT7LG,GIF,494533
2026-07-13,82,eEEVPZVPzXY9ceK13z,GIF,490158
2026-07-13,83,67KY9IKgii3mZDcGQS,GIF,484474
2026-07-13,84,CLsZfPTw3az9SfokNz,GIF,474935
2026-07-13,85,BxCTf1cNDlhFUdurmO,GIF,473882
2026-07-13,86,W4ZiN0w5JKJF4oK36b,GIF,432091
2026-07-13,87,V7KYS0VPWVdhPFUj9Z,GIF,429038
2026-07-13,88,yVkY5XkSGEbmGkqKlt,GIF,420768
2026-07-13,89,GAczcLkdTCTPS01kQy,GIF,420636
2026-07-13,90,uXV0BqmxAJt7VKNgZh,GIF,414097
2026-07-13,91,8tQLdg1TjgKBuuPbco,GIF,413165
2026-07-13,92,ZqZUWuxULL0IZ3XdCW,GIF,411627
2026-07-13,93,HU5ZX6NCZHrKdAkGtf,GIF,393845
2026-07-13,94,hhL4cErWygGzv0PMwl,GIF,393139
2026-07-13,95,kFnvhvvnxA6KwTnIzA,GIF,391936
2026-07-13,96,tgLpK2WbZhGe0D6UbT,GIF,386757
2026-07-13,97,cPeIETb5b6zKnkngts,GIF,386464
2026-07-13,98,bKDPhQuR4aMtOTfzSz,GIF,363223
2026-07-13,99,N2GUDdRZbdCdUzYkuw,GIF,358072
2026-07-13,100,9HtqtBJIrXjEyDlqtp,GIF,357105
2026-07-13,101,gSJLxCRJSAtTesQIH2,GIF,351430
2026-07-13,102,clODkNL8QqeiiLV871,GIF,349546
2026-07-13,103,wDcx1Rm1hXxGKefyTR,GIF,320127
2026-07-13,104,i09kDxdM8snHxPKl1i,GIF,319706
2026-07-13,105,Oa4QJT3Fb0zQ037mov,GIF,318910
2026-07-13,106,9sKA3ibq7zX02Os7y4,GIF,318471
2026-07-13,107,Px3XFOmPDLjRvP9YeG,GIF,314562
2026-07-13,108,soFxWwpvpFThVlZGd4,GIF,309863
2026-07-13,109,uZ7GOHTYg3w6hAPN9v,GIF,309280
2026-07-13,110,pUnbgneAsAFpw9wmzw,GIF,307859
2026-07-13,111,toIRQFAFFCtAWwJveB,GIF,306950
2026-07-13,112,bktvFDtSnncI1w598s,GIF,304790
2026-07-13,113,woNoaZZ9V12dyjYjJo,GIF,296356
2026-07-13,114,3Vvcnjhme1hwqwMNke,GIF,296200
2026-07-13,115,gGTnOmNz9RWBhLAOww,GIF,293603
2026-07-13,116,l23aOmdgpH4PVpPOOF,GIF,292141
2026-07-13,117,sTKnZMlZKwYbtflXQq,GIF,287603
2026-07-13,118,VtZku1FNcJfdfJLPya,GIF,281947
2026-07-13,119,H5b7aOpD0MCxbT3jFO,GIF,273101
2026-07-13,120,sGkjKXy02jm6wjrij1,GIF,269659
2026-07-13,121,VaHgVrzYDaGrz7JRiX,GIF,269258
2026-07-13,122,FCtjJQzZME69CW6ttp,GIF,267283
2026-07-13,123,m0RdfAX3ZVq56g6Ufb,GIF,264334
2026-07-13,124,QJ4gYE5K7A8FPhPHuX,GIF,263520
2026-07-13,125,RcKxMa4JVupSJSMnhX,GIF,263391
2026-07-13,126,prWnSRzSzVrBZLv41A,GIF,255113
2026-07-13,127,cwXLRZXXoL0np7eb72,GIF,254867
2026-07-13,128,gUn5uaz4fhAKi45l4u,GIF,251179
2026-07-13,129,imjTWu6Vx9k0QJwpv4,GIF,250735
2026-07-13,130,iUmxhJqvJmf1ytmdok,GIF,247596
2026-07-13,131,rcKw9ZKuo0lLFzIuuZ,GIF,246413
2026-07-13,132,y2QSRInUPq9f5evJVB,GIF,246002
2026-07-13,133,Vtg7zkTTczN2bvodCG,GIF,242680
2026-07-13,134,x6TIee2JM9pBwc4MBG,GIF,239651
2026-07-13,135,49UXvksd1mD6ivtzSS,GIF,237663
2026-07-13,136,K4y1b339hvcqk45WJ9,GIF,234142
2026-07-13,137,ydtlZT2ZGwRKUS7k90,GIF,230844
2026-07-13,138,0QcUioJ7k6T2xRT6dI,GIF,229826
2026-07-13,139,GMibniHgHabH5FsvSf,GIF,229741
2026-07-13,140,6SPE2NmJboU2RJtzU7,GIF,228319
2026-07-13,141,zAo4CHpNAaNDg27lmG,GIF,225058
2026-07-13,142,tiqNAs5cs6O0h36elo,GIF,224501
2026-07-13,143,oC6Cx1YXBtvdoYXmZr,GIF,223381
2026-07-13,144,R60s9NrOwv5eTrRPzV,GIF,220830
2026-07-13,145,54Lr6tnL43zux7QcZh,GIF,215190
2026-07-13,146,cYELoocQoVRmY2GRJq,GIF,214968
2026-07-13,147,WmTuF4gz4C3ZfoHQGw,GIF,210125
2026-07-13,148,kg26UxATxZow3AsKZZ,GIF,209674
2026-07-13,149,GJEvTVbP5UFX1rqFKc,GIF,208607
2026-07-13,150,6UDc6ioncYRxWDnp0G,GIF,205684
2026-07-13,151,oxj2Z1k2cHtR0oZkqj,GIF,203338
2026-07-13,152,dgXu5U7aMzbfILnDcj,GIF,200756
2026-07-13,153,6vaqqwTzS6SuR36oIW,GIF,193399
2026-07-13,154,fOGrNl1SGyw9ZF5Qeh,GIF,192370
2026-07-13,155,vaKM2dq2diEh9vUBQP,GIF,188696
2026-07-13,156,TkAIyyDEx6r2Qrm007,GIF,187671
2026-07-13,157,V5xSpg6PoKMeC6mvhG,GIF,187550
2026-07-13,158,czdCrCBERAQKBOfOLo,GIF,186627
2026-07-13,159,ZlBrZ2naavOtI2qSAr,GIF,186442
2026-07-13,160,3oDwGbxOLEg8bEEJIQ,GIF,185101
2026-07-13,161,al9NLseK6dPr8Q0mZz,GIF,184264
2026-07-13,162,HoEkTdvUpnS9WvVPcF,GIF,184070
2026-07-13,163,9bIcqjJn0WBjTCqQOT,GIF,182364
2026-07-13,164,r1CQkqGt4aI7wr1Ohw,GIF,180886
2026-07-13,165,YfVEEx3kXDGBe8YKi8,GIF,180373
2026-07-13,166,MODuEqgpv6IROKtJrO,GIF,179848
2026-07-13,167,5grsDwlqX4kfy71Rdj,GIF,178835
2026-07-13,168,IJSJIxvbADdqn7J4Y3,GIF,178697
2026-07-13,169,N4HpPRFRixdNxu1Fg8,GIF,178277
2026-07-13,170,X8U2NmVTuTntFxGesd,GIF,176295
2026-07-13,171,3v4WsAL4dC4aMtTKdU,GIF,174910
2026-07-13,172,AJYr4bWzAFjdGH9q0o,GIF,172683
2026-07-13,173,6C7KiVEfI724uCVi7b,GIF,170763
2026-07-13,174,5NxsFyN2WM2HjI1BpK,GIF,167274
2026-07-13,175,Lg6tJBqeg7Z8iHTvJK,GIF,165395
2026-07-13,176,7HumoY5K6oo1enpFWe,GIF,165291
2026-07-13,177,N8j7uvd3K7ewojOxxY,GIF,164191
2026-07-13,178,QoVAe2QifgvhK2rnTG,GIF,160867
2026-07-13,179,LUgxmNMnZ1OaYHqZGW,GIF,160174
2026-07-13,180,zKf31joKvY23SQdSTF,GIF,159822
2026-07-13,181,QGy9WgPA5wdXUx7yKE,GIF,159747
2026-07-13,182,xd0DzHA90wF0QspRKE,GIF,159206
2026-07-13,183,ej3ZCWbOwLxwRNC2Kg,GIF,154221
2026-07-13,184,b40vcDOn7iizajr2oM,GIF,153251
2026-07-13,185,xoGxhyhEQOp0jXphxx,GIF,153179
2026-07-13,186,EMrPMmyufe1a1Tz1A5,GIF,150950
2026-07-13,187,0jVa8eudaK9tG5KOUh,GIF,149908
2026-07-13,188,ByodclSkYIdxh8KmGl,GIF,145871
2026-07-13,189,hb9nhr6m3rjQeRs9jp,GIF,145604
2026-07-13,190,no6Mm0U0L9Mv9tzvN9,GIF,142803
2026-07-13,191,Zfddxu8Y4dgWz6ABMI,GIF,142094
2026-07-13,192,lMtSWlhMBsTkmUot5s,GIF,141256
2026-07-13,193,uejerzhWkT2nfV4ekh,GIF,140690
2026-07-13,194,Xl33ygtw7ZElNbVTch,GIF,140549
2026-07-13,195,sKf6fbM0Fhn4keHMYX,GIF,139548
2026-07-13,196,8WBfBgNcz3Ep1OvSUC,GIF,138611
2026-07-13,197,wMeQ3go50ahhciuZwK,GIF,138155
2026-07-13,198,pGYHslrw9ZTEMk9Sn2,GIF,134823
2026-07-13,199,6guW2txh6RAr0RCnTP,GIF,132437
2026-07-13,200,WhOTaSjCzQyMAMBn5v,GIF,131815
2026-07-13,201,lGjWSowFgfSI3Q7CuM,GIF,131324
2026-07-13,202,98ehMD8kX9bLkq9Gcw,GIF,129210
2026-07-13,203,CPApJWHvsT3o5VuKVK,GIF,126211
2026-07-13,204,w4nv4DunM9a4tOEi3Y,GIF,124875
2026-07-13,205,JGbVQO4No1vjY8SRwp,GIF,123353
2026-07-13,206,aZhAXcAN33Makb02CK,GIF,123312
2026-07-13,207,R3h2NcJNbFNBpS4g6q,GIF,121676
2026-07-13,208,pPqefCee0DWoNtfPaN,GIF,120183
2026-07-13,209,6jMy4ML3746kQCwDNl,GIF,119959
2026-07-13,210,p6hxl3FX2QtPN1eWsj,GIF,119609
2026-07-13,211,P4mW1PplxZFjLv81SQ,GIF,119153
2026-07-13,212,lHQGU1fP8dCpgZhRQ8,GIF,118912
2026-07-13,213,wvmHbFg1ExLSSKMaOD,GIF,118067
2026-07-13,214,9HORd4teDGhOt46fEz,GIF,117759
2026-07-13,215,DWuxEYZBw978LKWG1b,GIF,117331
2026-07-13,216,QytjwhKBE2ObyydwQb,GIF,116877
2026-07-13,217,5ssoenGB420wQegvln,GIF,116055
2026-07-13,218,X2tAL568gaKEgB9Anv,GIF,115765
2026-07-13,219,SAyhOhXMo16hk1ceaB,GIF,114656
2026-07-13,220,jxA1BBEg6NzTQL7pvd,GIF,114062
2026-07-13,221,qeTcrWW3wozMaIX6Af,GIF,112963
2026-07-13,222,nNlKQlqY4lK6qAxiQV,GIF,112423
2026-07-13,223,1Brq4LvOtRMIBJQi4U,GIF,109964
2026-07-13,224,3Ej0FdtgfzHznxfoaW,GIF,107950
2026-07-13,225,nqEtJ6z9u3zHbdmFq9,GIF,107849
2026-07-13,226,ncRqGV6vGvUMh7oR7x,GIF,107370
2026-07-13,227,P6CpYQD8EQVdHmbBB7,GIF,107029
2026-07-13,228,2KDnf1jZTUJlrrasTZ,GIF,104853
2026-07-13,229,TnYyD0Y5gHcxxIs60O,GIF,104840
2026-07-13,230,An7uqeayxR5J8dKHu4,GIF,104808
2026-07-13,231,FS1BfSHSEcBM7oXgnd,GIF,104691
2026-07-13,232,xal2XkbIQo668lc27M,GIF,100902
2026-07-13,233,Xy1embN5dYLxDL7J1h,GIF,99547
2026-07-13,234,XCGc4SGOCWsIxXCteW,GIF,98409
2026-07-13,235,0f7MezZNdfdf09G5MR,GIF,97890
2026-07-13,236,ymR0THwsC0ryufBoCC,GIF,96819
2026-07-13,237,mYNEpIFkBXXyA3E2SJ,GIF,96526
2026-07-13,238,01gaL9yoKUBxA6lLSx,GIF,96132
2026-07-13,239,maNlF3eSXasPrO4QdO,GIF,95810
2026-07-13,240,ew2RAEkOVb0O643Wtj,GIF,95189
2026-07-13,241,3DDxEpa9LhhPXbXpoY,GIF,94881
2026-07-13,242,ArFOjTGDqq45OKCAo4,GIF,93658
2026-07-13,243,PictPG2QUCZqYQ7QJm,GIF,93220
2026-07-13,244,BjiE1R8mHXxYRRhY0m,GIF,91817
2026-07-13,245,eGITs6JOnYa9vtjIwc,GIF,91064
2026-07-13,246,gWRf9HI5C42rN1HirJ,GIF,90711
2026-07-13,247,NFlNPPsEU6FSGuOk3e,GIF,90510
2026-07-13,248,vtBtvkJFk09naDtqBk,GIF,90323
2026-07-13,249,5DIPupkmxQqmITQtN1,GIF,90229
2026-07-13,250,jzppiGwPog15PVElfH,GIF,89774
2026-07-13,251,PAHScnX9IEczmvTWFx,GIF,88995
2026-07-13,252,gmEnnJ3Cj1fBPirnyp,GIF,87858
2026-07-13,253,pPGGvsQjn9xJb55F8i,GIF,87586
2026-07-13,254,v5PJmNVxWOTTThmnQg,GIF,87499
2026-07-13,255,8rDd90ItBDko5IMjqu,GIF,87343
2026-07-13,256,KcWVxQd0HvsbqguiXS,GIF,85982
2026-07-13,257,MgeNDcgT4gXYn338jR,GIF,85409
2026-07-13,258,unRjgoWoUAFhPVQLY9,GIF,85361
2026-07-13,259,zdfDUrgmjZWA1HNsfu,GIF,85053
2026-07-13,260,tA9rysiKx5ifhNfO2T,GIF,84496
2026-07-13,261,LIqRddsJ488WR7JkgG,GIF,83326
2026-07-13,262,4agkjC6mUqzk4Ij9jS,GIF,83144
2026-07-13,263,Z43RfKcmhr06OQ5ae2,GIF,82875
2026-07-13,264,IXMc63EIZGgNlNQNZD,GIF,81690
2026-07-13,265,4zJ0Gf0UHqoyJTiJij,GIF,81296
2026-07-13,266,bff86XIkSNuway0pUU,GIF,80392
2026-07-13,267,XjiCTell4KeSfAqaQZ,GIF,79584
2026-07-13,268,1L3Mvo7LQ6VfgJJT6I,GIF,79449
2026-07-13,269,tMZ7ky54PGeypqgalT,GIF,78568
2026-07-13,270,a8ZxCyyxdwfSsqTwsL,GIF,78186
2026-07-13,271,VWeSrHKWQs9WHgEkvh,GIF,78161
2026-07-13,272,2fR6fBgW6BZU1CPIqG,GIF,77905
2026-07-13,273,shE8kiyTqgMBGFmkLs,GIF,75912
2026-07-13,274,QMj3VgVVShzZkjSxTd,GIF,75542
2026-07-13,275,XQGaZGKKKFL5DGdt4Y,GIF,75147
2026-07-13,276,QIpziLuXhTywLdbIkQ,GIF,74959
2026-07-13,277,fAP7QAJ1xFD6JTFM1e,GIF,74449
2026-07-13,278,SglBDgyXDRttbNrLM2,GIF,73973
2026-07-13,279,WxxWLGWv6UUZdsT2lS,GIF,73804
2026-07-13,280,ptWaTNOtCbJyFoPOsI,GIF,73503
2026-07-13,281,jRRG7jt2Js6MacrDGd,GIF,73093
2026-07-13,282,9h1jNCrbYXENVlj1FP,GIF,72555
2026-07-13,283,QyRWxP3YleogvGmo01,GIF,72420
2026-07-13,284,BG3Zejm7Xdx6wWUf1s,GIF,71220
2026-07-13,285,m6Ldp765JS1TOc1epw,GIF,69651
2026-07-13,286,XIxeCLHT9zVohiL4T9,GIF,68967
2026-07-13,287,GGxYV9J86hAuLOftmX,GIF,67870
2026-07-13,288,1XZi1EWSQLY3rMU5hb,GIF,66733
2026-07-13,289,LOVAgqCndxbF0yVSvH,GIF,65927
2026-07-13,290,fJ9p947OpjYoUJv4pq,GIF,65924
2026-07-13,291,kkOOWhftIUKH1gRFI3,GIF,65340
2026-07-13,292,BAvIhFpn2zXzDlaAKV,GIF,64540
2026-07-13,293,Gs7S4vm03HWudtCUxT,GIF,64110
2026-07-13,294,yK7UnYilNJehrLYsIm,GIF,63455
2026-07-13,295,mruAYNxpRfWT7zWOVa,GIF,63295
2026-07-13,296,x7ukpMi4J3VotdbBxy,GIF,62874
2026-07-13,297,VTG38I0RqkksEgqTdJ,GIF,62176
2026-07-13,298,hRRHZWBCM1iGz8W69i,GIF,61883
2026-07-13,299,R4K3oSgQ7goRV5dQW2,GIF,61774
2026-07-13,300,tZ7DeEmaE9nn2rqcF3,GIF,61405
2026-07-13,301,8Ju2XpAU8kax6RU9pd,GIF,61199
2026-07-13,302,hUgUnBmpjUXA8w2eBC,GIF,60715
2026-07-13,303,mLYuk0RvMxWAISGnCA,GIF,60577
2026-07-13,304,TL448BG9MrQXfVRka2,GIF,60546
2026-07-13,305,99L1Ri4cmx4aZ82imT,GIF,60476
2026-07-13,306,Smkq4gh20rTCo9XA5K,GIF,58742
2026-07-13,307,MU4wAQ5AZqlBJTyGFw,GIF,58513
2026-07-13,308,bfb6MDov8wj5qopEZC,GIF,58418
2026-07-13,309,XR7PHHrmVHtqEK1gol,GIF,58078
2026-07-13,310,vXbH7KQWGqNe9heXju,GIF,57935
2026-07-13,311,YoWUM76JMiAUKm9ggl,GIF,57604
2026-07-13,312,KPVPfTOGhR4ZDXsBWA,GIF,57435
2026-07-13,313,592ZMrdelj8j8DlQ2w,GIF,56370
2026-07-13,314,tG40NFJ94fjjn3vRXR,GIF,56027
2026-07-13,315,PJDjRlqkTOWG8CAWNa,GIF,55960
2026-07-13,316,WxKKJGKsUUWPJgkf4N,GIF,55694
2026-07-13,317,6qI2NYWngdAxxVX1zJ,GIF,55479
2026-07-13,318,cfLHHFi62dBMYsloN7,GIF,55075
2026-07-13,319,TFVI6cSKjVwPaqZVKR,GIF,54976
2026-07-13,320,TCYSBvF1McWeOViTdS,GIF,54578
2026-07-13,321,6Zo8j3dDBwQsYvhISc,GIF,54491
2026-07-13,322,w59SdHiwZO84yaEl4U,GIF,54449
2026-07-13,323,aow0lDW9gAStommdsS,GIF,54292
2026-07-13,324,5Cniu3sjAb3IHZD5Bh,GIF,54084
2026-07-13,325,O2iEG5r6EhWWPVCIMl,GIF,53218
2026-07-13,326,PlShyiN5tlquexvBB2,GIF,53104
2026-07-13,327,XCB5P8yCHz9CiAl41q,GIF,52620
2026-07-13,328,XzFg2ZpcLiS4s3N1KC,GIF,51886
2026-07-13,329,NZNjSEXDfUQbmupjJW,GIF,51829
2026-07-13,330,T0MPbboDiC4fnKtpKF,GIF,51772
2026-07-13,331,nRd5z0hIeY7xQz1yai,GIF,51746
2026-07-13,332,NU5arjj8ut7RpNelJ9,GIF,51575
2026-07-13,333,EbEX6H0ZYbCTI9nI25,GIF,50898
2026-07-13,334,GT9cgAAAtfM5JgcZpQ,GIF,50668
2026-07-13,335,7t1kN8b7GyZljUC36u,GIF,49750
2026-07-13,336,JfqESuqy1kOf3HTr8Y,GIF,49099
2026-07-13,337,StRtbzWfsgs33wpW3M,GIF,48675
2026-07-13,338,a3sOeDI1ZuE2UEGEjr,GIF,48414
2026-07-13,339,RJZFIKDrvM9UVstlHg,GIF,48091
2026-07-13,340,ZUtSEAyBuCcewmA29F,GIF,47871
2026-07-13,341,ZEleEa4pY0l7ufKnSY,GIF,47094
2026-07-13,342,HBz4ZFEBOWzRdBO70e,GIF,46801
2026-07-13,343,N6xT6C3SVJJSwH8Mgl,GIF,46748
2026-07-13,344,tsiV9e5BNYJs9N63xu,GIF,46558
2026-07-13,345,dCqQrUmPgICwfSYzgi,GIF,46496
2026-07-13,346,RKSWD89SckpaCkF7lB,GIF,45848
2026-07-13,347,QU3jtBvOsGT110czty,GIF,45687
2026-07-13,348,YIVMHeeUzrNYt7qSqJ,GIF,45605
2026-07-13,349,MZExsocb7ggfMPqiBk,GIF,45493
2026-07-13,350,YRgKKGuDWNqdVKUsJK,GIF,44558
2026-07-13,351,MrHh6mgOcdoAAO4tz0,GIF,44369
2026-07-13,352,0rAnJ9bILAp2bIGcpT,GIF,44119
2026-07-13,353,JcOB2VB2OeXB5ExpHH,GIF,42850
2026-07-13,354,VaSaGr35NjXb2lexto,GIF,42799
2026-07-13,355,JhkFcH98uvMrnDgmn6,GIF,42649
2026-07-13,356,vnuMwvlswGMW38poq2,GIF,42314
2026-07-13,357,Jzp6EmR66Abn9ExWls,GIF,42121
2026-07-13,358,Foo1QLxlFskrsgYXD8,GIF,42106
2026-07-13,359,aW3mqoINZ433Rj4TMz,GIF,42056
2026-07-13,360,z2RmddzZET8w5zZtyb,GIF,41542
2026-07-13,361,5bLSkn2OEV2LU4IPHI,GIF,40934
2026-07-13,362,RUcKKOR9LAGm3Sy9CY,GIF,40425
2026-07-13,363,IvciiQcSOnH7gFlwnK,GIF,39880
2026-07-13,364,mp178ZHLC4sHfOgO12,GIF,39112
2026-07-13,365,9IwfTwulCPEiDADHzx,GIF,38821
2026-07-13,366,ZeK2ek6RtyEL73iY0B,GIF,38096
2026-07-13,367,WCIkiuYpS3S6XKV8Rn,GIF,37923
2026-07-13,368,7rJDG9tWHp7KA9rDDq,GIF,37857
2026-07-13,369,j70G4xGbIAyl69HjSG,GIF,37810
2026-07-13,370,A2z7pVURqwz3BlQdQp,GIF,37769
2026-07-13,371,2XhJxylc2hyATdyLCy,GIF,37596
2026-07-13,372,J3HhbqcC2mKM6eetbu,GIF,37526
2026-07-13,373,dxie0mdUARIwhn2yee,GIF,36661
2026-07-13,374,FzxAj0hfgyAdsW40AC,GIF,36380
2026-07-13,375,DArpiMDTC0np9ytWe8,GIF,36342
2026-07-13,376,ywVDodGGYpgsU7vb0Q,GIF,35892
2026-07-13,377,CaEoDtcNHxY0y3Ll4k,GIF,35827
2026-07-13,378,NCXTJOeB6clLl1XIHm,GIF,35763
2026-07-13,379,9F3kTka3lWs1MoyUW4,GIF,35022
2026-07-13,380,LM6727wPq5tzhvVLMJ,GIF,34896
2026-07-13,381,BCu7HM8TzjOxYRWxCB,GIF,34856
2026-07-13,382,pUCY24xEv3FuNvWA54,GIF,34734
2026-07-13,383,DGjlGcceVl5RDQC6v7,GIF,34134
2026-07-13,384,RlkKf5MBzEjqzqN3Pt,GIF,33950
2026-07-13,385,2XtaKuSyUmADvFNWeB,GIF,33841
2026-07-13,386,29Z7C8nHD9ijZuMqTV,GIF,33780
2026-07-13,387,QTRlMVKXeT15fGVLbk,GIF,33732
2026-07-13,388,WDTFmWErrBo9vvuMJ5,GIF,33537
2026-07-13,389,fsCP6Oda0qmhcNPKE1,GIF,33073
2026-07-13,390,wdwglOfifi6NYq9tjO,GIF,32940
2026-07-13,391,kfjRVgBKSfpje8yaL1,GIF,32550
2026-07-13,392,2FbqKii3sahcmtOgU2,GIF,32501
2026-07-13,393,Ksyo02KzynpxSGIdiu,GIF,32019
2026-07-13,394,kIF7T5i5o9pEglhEHa,GIF,31461
2026-07-13,395,kmGi3ucTvgLv6pA7rE,GIF,30883
2026-07-13,396,lDvigQV6SivDb1PP17,GIF,30696
2026-07-13,397,M466iBsWoTlNojJbyk,GIF,30639
2026-07-13,398,1qJHVFYH15SpmhSykp,GIF,30470
2026-07-13,399,D41XyjutopurXno57q,GIF,29535
2026-07-13,400,UwKnpGaeFmihxIEt4Z,GIF,29149
2026-07-13,401,d07pfKl4LYFx9eOGnG,GIF,28682
2026-07-13,402,YeGuStp7fomlR6Gj8o,GIF,28478
2026-07-13,403,V65BD1iwdbErs5NDw7,GIF,27098
2026-07-13,404,Do7K8nCJQrwf7gsrRm,GIF,27026
2026-07-13,405,E7J4gMgNzH8P5fJIir,GIF,26993
2026-07-13,406,dRdbbodInaw9ngy2et,GIF,26499
2026-07-13,407,IbdIiqy5nHTtHJKeuA,GIF,26105
2026-07-13,408,Ei2OUMXIhbpl8zcg07,GIF,25999
2026-07-13,409,qvGvze34SYzFy0IOjo,GIF,25895
2026-07-13,410,znORHj4fd8MAN7gbLr,GIF,25888
2026-07-13,411,51xCLRv58gqjYM63YV,GIF,25887
2026-07-13,412,NKb9LW9MrxO48Cd9Mu,GIF,25724
2026-07-13,413,8HsLMUNvbQnVzLWcty,GIF,25666
2026-07-13,414,1knediJpPduWeBBS7N,GIF,25620
2026-07-13,415,FXlBfysZeccejSPXLN,GIF,25604
2026-07-13,416,6nsJtjKzfX0DYG6Fg8,GIF,25585
2026-07-13,417,HeFCcdgF37XybNbJM1,GIF,25397
2026-07-13,418,lUrvU5C0ui1UixvK9l,GIF,25389
2026-07-13,419,ZIv6jXtuNWmqe8i4d8,GIF,25376
2026-07-13,420,U6zenm1kWFjycNTkdz,GIF,25201
2026-07-13,421,zSoJATxvNy74D0WE4l,GIF,25193
2026-07-13,422,DBNUsVBmNhdqMaetuc,GIF,25124
2026-07-13,423,65WZEH3DbzTOskjZ9F,GIF,25057
2026-07-13,424,uCLrRaHsmPHmSNVkY8,GIF,25010
2026-07-13,425,4I8DiIUSUnnTBauMmF,GIF,24759
2026-07-13,426,Y88yhiJDH6tRpPaQ9Y,GIF,23971
2026-07-13,427,EsTiklBWYzosIzPluo,GIF,23830
2026-07-13,428,9C0eEDiObWC3COXjXj,GIF,23391
2026-07-13,429,yiNGJnacgioeujOFDw,GIF,22825
2026-07-13,430,1d6N0pb13wv2X6Qqhh,GIF,22708
2026-07-13,431,BEH8snVdAHDiqrRvhv,GIF,22615
2026-07-13,432,d6ZMxXqdHwzsYsjIfP,GIF,22502
2026-07-13,433,oEK27lR1AH4L1uw531,GIF,22499
2026-07-13,434,xD1vpKInrkzJ3Fxael,GIF,22388
2026-07-13,435,UR5a8u78Xa7VdtyJIS,GIF,22275
2026-07-13,436,z3cQyCScaa6eQAPGxM,GIF,22230
2026-07-13,437,Jj6MUSSOBIS7iy4cHl,GIF,22005
2026-07-13,438,9YVJ3QFI0T2T1huuOt,GIF,21828
2026-07-13,439,Zw9IYZoi4lR40x6kOh,GIF,21682
2026-07-13,440,hvHkkgdpNyYBCNwWii,GIF,21622
2026-07-13,441,VErfqZkulaxhehX9uN,GIF,21549
2026-07-13,442,XYiDNupHyw1MaXyFbY,GIF,21409
2026-07-13,443,hwIq8i6Qi7UnUGbacf,GIF,21211
2026-07-13,444,kg7ti21Zmn5y1AtniN,GIF,21095
2026-07-13,445,X4AaDMS42L6wqp9I4S,GIF,21082
2026-07-13,446,GMsykn2kFJhMIBPMb9,GIF,20986
2026-07-13,447,33ZJlVdrJfJqeZ8YAd,GIF,20969
2026-07-13,448,0OVzKdoHvIwJL7RduN,GIF,20265
2026-07-13,449,fkhqUwfGzSYOrSTJp9,GIF,20231
2026-07-13,450,sT7JTqgV96345rxK6n,GIF,19986
2026-07-13,451,IipkQotlmo8Sh1ABvk,GIF,19760
2026-07-13,452,hftSnrV7jiNn6MkQk4,GIF,19759
2026-07-13,453,oVgehCwEPrMbYJAeuH,GIF,19533
2026-07-13,454,l5ZWNLnfskv9LTE03S,GIF,19422
2026-07-13,455,PdVb9g4MVTNgQ2OL26,GIF,19369
2026-07-13,456,QgBxz4jlNWpq4U0VBL,GIF,19251
2026-07-13,457,zkn7BLV7uUc5Orkzzr,GIF,19219
2026-07-13,458,HviuxhG9WFXzbBpjJe,GIF,19218
2026-07-13,459,c14InbFxtr5gAFCZfy,GIF,19055
2026-07-13,460,JbyrV7bzRuZeOpzb30,GIF,19029
2026-07-13,461,xQNauBqQ1WrqCAPuRE,GIF,18962
2026-07-13,462,iVj1jzisyn9qoy0HwT,GIF,18898
2026-07-13,463,gMAqaGlYLH1LnHhSQu,GIF,18873
2026-07-13,464,JkGNpFYB3cY7FHn9sx,GIF,18832
2026-07-13,465,aA455rZHUzTePr7fRv,GIF,18793
2026-07-13,466,SQwDBfwWSCoRe4PcNJ,GIF,18550
2026-07-13,467,e0tqAwofWcxXx9iIN2,GIF,18303
2026-07-13,468,U2RkG4c7Vpaz9UnSuZ,GIF,17964
2026-07-13,469,KB4yS05ErAJldfsNj8,GIF,17888
2026-07-13,470,go703FNMkaozEq7tqJ,GIF,17887
2026-07-13,471,M3DQRSj2ZR4BSXZMlX,GIF,17613
2026-07-13,472,cxkFjp3QZGzSh1Iyxz,GIF,17275
2026-07-13,473,3So6FuGb7wVk14P481,GIF,17189
2026-07-13,474,KyUIjPQuLolO6vfaFD,GIF,17045
2026-07-13,475,rqRCINmIhqekY7cxwt,GIF,16629
2026-07-13,476,0citpjho00ObF3pMEm,GIF,16508
2026-07-13,477,sgLnfOIYS7BUIHXUxC,GIF,16487
2026-07-13,478,nfDB8cFWhS4Dee2sgL,GIF,16447
2026-07-13,479,RYjyZx74LQ511YUxgW,GIF,16044
2026-07-13,480,x3LVct059nDJWWHnBs,GIF,16043
2026-07-13,481,wyVRFz9fJaE5B8IZ2I,GIF,16033
2026-07-13,482,x6u2P1xWEqpnimsun6,GIF,15961
2026-07-13,483,4QXKOejCxZAOvUfjxZ,GIF,15832
2026-07-13,484,xdfUlTMvx8p3k8Taet,GIF,15734
2026-07-13,485,tUcJ0CqH4BsIKAIDrB,GIF,15585
2026-07-13,486,W2qRsuV2W45gij9eyQ,GIF,15544
2026-07-13,487,nohvpMrEwXy468gDFR,GIF,15489
2026-07-13,488,JGpns399tHOQYO7P9u,GIF,15313
2026-07-13,489,pKUmbMGZ5eNwfcEOwB,GIF,15257
2026-07-13,490,pzLy6Kcx9jyVz05UxB,GIF,15230
2026-07-13,491,oLP7BIj99u0sFUlnsV,GIF,15179
2026-07-13,492,AhaWzd6OjdlgzY8poL,GIF,15040
2026-07-13,493,mnFrveFv1O0NCcXXRg,GIF,14945
2026-07-13,494,tFyjXDG8DdgV7jbV1B,GIF,14563
2026-07-13,495,AkjBpF1TnoWQNI57N8,GIF,14463
2026-07-13,496,LgaosMJFuBdaBg4Zqw,GIF,14116
2026-07-13,497,QQeMYCJmSK3CvnW69G,GIF,14027
2026-07-13,498,2jcJ3HFGUHkTyioaUT,GIF,14015
2026-07-13,499,wulH1pzgOUFXQQNyor,GIF,13935
2026-07-13,500,j4tl0BRFWySCPi8I98,GIF,13752
2026-07-13,501,xjLbBByLJ19X487OlI,GIF,13725
2026-07-13,502,CKVjlqUmBZdyT7d3W7,GIF,13697
2026-07-13,503,dBEeUL0mbzScibZaSv,GIF,13332
2026-07-13,504,uYAAG52VMeqNbeKxrw,GIF,13286
2026-07-13,505,UGSaXOiJokVFwXEoAT,GIF,13282
2026-07-13,506,zQxSWfx8MQYyxMzLTW,GIF,13182
2026-07-13,507,s4hSWA7C4PRGJwjwkp,GIF,13157
2026-07-13,508,S8nncQt2T539fDIA0b,GIF,13095
2026-07-13,509,bbd845md4bBhtzxnP2,GIF,13077
2026-07-13,510,OlLlVUZxrcqZm6RPza,GIF,13073
2026-07-13,511,pWYoNgRTTOcpQEGdh4,GIF,12974
2026-07-13,512,6JNI1PXys4vMII0f9A,GIF,12865
2026-07-13,513,YOy4wfZdVp39GaHWHa,GIF,12839
2026-07-13,514,uZCGmkB8j9Y2LrKCgC,GIF,12623
2026-07-13,515,vgMxyT3D5Nf7YtgLEN,GIF,12620
2026-07-13,516,cpWDzbkGXinjazXAsQ,GIF,12594
2026-07-13,517,hVlGeCHhXYdIj5VuGy,GIF,12557
2026-07-13,518,hLlrlSXRBLz2a3Fa9b,GIF,12498
2026-07-13,519,UiN6zWG0ArXRCn52L0,GIF,12381
2026-07-13,520,2AHzoH7CI4TQeyzYCD,GIF,12281
2026-07-13,521,U0K68elO5NOob4q372,GIF,12113
2026-07-13,522,kQRBgO3pn3vEnFTgXa,GIF,12076
2026-07-13,523,tRWPZFwfKYTcaQ0Vut,GIF,12001
2026-07-13,524,0LBI2fJsWSO88UZip6,GIF,11971
2026-07-13,525,G4bRYCUE94lLd7ftFC,GIF,11970
2026-07-13,526,Atdw4UUjkYNWJaCahh,GIF,11950
2026-07-13,527,4iC6WmsVhfZAeGj178,GIF,11758
2026-07-13,528,ApgAv4fFKYE5zQmdet,GIF,11752
2026-07-13,529,7uuBgvGPs6E5EttML4,GIF,11698
2026-07-13,530,RjBXlk32cZwWJwL4gS,GIF,11530
2026-07-13,531,XniMEEmJBr9ukfaFPg,GIF,11324
2026-07-13,532,1yWBEir2xnNtXtsIt9,GIF,11249
2026-07-13,533,eSfJodS0foTOVqrBg1,GIF,11169
2026-07-13,534,ob50T7GkSbkLLSRhQn,GIF,11138
2026-07-13,535,MibqmLIdqxwQepv1u4,GIF,11087
2026-07-13,536,QSA6gWBwyyXJIzo0gE,GIF,11070
2026-07-13,537,Ad00UhfBWCrf6iIraA,GIF,10955
2026-07-13,538,0r0YUGcSj97ueZws1I,GIF,10790
2026-07-13,539,zIf83ye6vDhxzHKtUd,GIF,10771
2026-07-13,540,K53ka9tKBWvdlEmEiQ,GIF,10769
2026-07-13,541,Fh1YBOMQy8ivv5QNzd,GIF,10621
2026-07-13,542,N4Aef2XhTGp692NZx7,GIF,10553
2026-07-13,543,V2cgY6r7FOSTkCgBS1,GIF,10550
2026-07-13,544,cIJp8Y1yZVnCzjXSjQ,GIF,10507
2026-07-13,545,akR7RsXOEBsCpVxsp6,GIF,10478
2026-07-13,546,XHby9xOM0HPzPJ6tqF,GIF,10230
2026-07-13,547,IhRt3YlSBJDDGKmVfA,GIF,10229
2026-07-13,548,ysB7TRjZlCfK705Qsx,GIF,10209
2026-07-13,549,ybF46HrsLDFuMrg0NO,GIF,10198
2026-07-13,550,FQaUqL5cxE07TVmEbM,GIF,10161
2026-07-13,551,nDLvxkW2XE2ZjcVKQR,GIF,10001
2026-07-13,552,HOOTxxN5gUjEhJDUzT,GIF,9966
2026-07-13,553,vWQ3cNvlZdFGn4P8mC,GIF,9745
2026-07-13,554,saM8smyVfRy2WxXNf3,GIF,9642
2026-07-13,555,rI4yCkQXsGkvkN6qQy,GIF,9585
2026-07-13,556,bnqEjEUGGVrwEqWNJ0,GIF,9544
2026-07-13,557,X29WgAKGLutorgO69Y,GIF,9498
2026-07-13,558,oU1Fo2c50feGpaWwDh,GIF,9497
2026-07-13,559,GW5HlgHeRXwbcIRTAO,GIF,9428
2026-07-13,560,4bXiLL05WASnteKd7V,GIF,9369
2026-07-13,561,ocHIQm4HwUXQHcA1U0,GIF,9286
2026-07-13,562,TfKAAlWTfJBh06kQ5S,GIF,9276
2026-07-13,563,UM7sju7MO1wK6KpVdR,GIF,9118
2026-07-13,564,MVdhlDm19paYqtsMfF,GIF,9082
2026-07-13,565,HKNFJD7cAwpvlYa6p1,GIF,9075
2026-07-13,566,5b6DvVHMPq5kG9QBE7,GIF,8977
2026-07-13,567,kCbiTm717MlCNnAxeU,GIF,8875
2026-07-13,568,kAVvf8QMmCmXU7NDA6,GIF,8779
2026-07-13,569,pxIwqllLtTqwkP3P7q,GIF,8732
2026-07-13,570,fLLDOs1PXL5od8aETL,GIF,8715
2026-07-13,571,Z9OWqReW3I4Jr4MEdB,GIF,8681
2026-07-13,572,XB8mTbeXNfl7OIlAkt,GIF,8593
2026-07-13,573,KR0ABF8z9pul0Xn1vj,GIF,8588
2026-07-13,574,qNokvWhj3oqF4D5q3D,GIF,8316
2026-07-13,575,lJGL45KeCLzPSaUgTV,GIF,8208
2026-07-13,576,hkJqI1Z2eMIZGjaLGr,GIF,8118
2026-07-13,577,MMQp5dVRWpDk5TKSk3,GIF,8082
2026-07-13,578,RZrRtVNSxivmiqc4ms,GIF,7945
2026-07-13,579,kAZI2CjoJeDdkShdIp,GIF,7863
2026-07-13,580,o582qaiYg31UCY2MHB,GIF,7801
2026-07-13,581,DvT1BeIHu3ChyybxkR,GIF,7772
2026-07-13,582,V2iTAiTz1UENEuooXW,GIF,7749
2026-07-13,583,g1TgPevFB2j9fFhIUv,GIF,7739
2026-07-13,584,fFcZ7GbvG7949eU5xg,GIF,7687
2026-07-13,585,b7B608uSFXLuR9yWYH,GIF,7662
2026-07-13,586,KlL7G6C1HWtdM3YHse,GIF,7642
2026-07-13,587,qY5hBUyiQSBf79ntVr,GIF,7625
2026-07-13,588,9x7iTJfqgFQMCs0cvY,GIF,7563
2026-07-13,589,5IVmTwSUBkM26gnwiT,GIF,7421
2026-07-13,590,WHFiPP52PG9th1XmMP,GIF,7414
2026-07-13,591,LcCD3TkQe4SJroMYz5,GIF,7405
2026-07-13,592,F0x8UfLG8yOQPPRCj9,GIF,7370
2026-07-13,593,UPnKAxvJFJWIJn1NNK,GIF,7279
2026-07-13,594,hZtR0YEJJ66b1a0Yrb,GIF,7205
2026-07-13,595,lo0xHsbZsqAXm3DxRm,GIF,7024
2026-07-13,596,m6uaoa7xX7Dg2HnF6p,GIF,7020
2026-07-13,597,UHX8Z1xxM7q95ifvMN,GIF,7008
2026-07-13,598,UpPyFzWrRSSCDjWW5S,GIF,6987
2026-07-13,599,3bdT6rswZrdJAAXyIY,GIF,6974
2026-07-13,600,RHu5cVwkEKODGJMFhD,GIF,6949
2026-07-13,601,aFoEcC8r12zpxNNvSz,GIF,6916
2026-07-13,602,mp4uQj1yhchE0FJb19,GIF,6893
2026-07-13,603,1gsEMwwsNPO36OxOQK,GIF,6780
2026-07-13,604,pq5a9erYX0mupYAw0r,GIF,6713
2026-07-13,605,QozR1lmgh6PNPxiPDH,GIF,6696
2026-07-13,606,btR3gAi7NqgMjA2aNz,GIF,6549
2026-07-13,607,9Se0FcKFZFCt7lM2x3,GIF,6467
2026-07-13,608,ioikNOK6094SPdG2gY,GIF,6447
2026-07-13,609,kc5sCk8smIzR9bEVmq,GIF,6372
2026-07-13,610,NMa7tlk37iWeBOSmwr,GIF,6353
2026-07-13,611,2MJOk63MZDgJLnCWbP,GIF,6349
2026-07-13,612,jJjpM5aG60awjoTpKb,GIF,6262
2026-07-13,613,P2dP3D2kAzqcRPPaWr,GIF,6252
2026-07-13,614,jQgLlzy0ZT54ZCBLTt,GIF,6233
2026-07-13,615,k8u0YOIFdyRsTb950U,GIF,6084
2026-07-13,616,Pd6VbhzYBpVXqj1D2b,GIF,6002
2026-07-13,617,tPrbmCVHFFg7K72O3L,GIF,5982
2026-07-13,618,5050Byd8dZiD8S7OQo,GIF,5922
2026-07-13,619,sN3d7kXdPbvjlidiJz,GIF,5908
2026-07-13,620,0iqkjAyJgiCpPLy3Fq,GIF,5515
2026-07-13,621,bzs9ftqVS6wCqrRuWx,GIF,5504
2026-07-13,622,W04ps2Hb3KrzSRGeh6,GIF,5442
2026-07-13,623,VOuTYkX8OhXjetxwQ5,GIF,5436
2026-07-13,624,XPN3II0GRNvYBEbxqs,GIF,5420
2026-07-13,625,FxFgVET0GLKFojvrla,GIF,5238
2026-07-13,626,syTxsyJjCeublic7d4,GIF,5203
2026-07-13,627,oT8h0iLmJVj4OORrVw,GIF,5168
2026-07-13,628,jCb2I9TIDuTGehdSHx,GIF,5134
2026-07-13,629,GxQiKyAy9kzwWgAClZ,GIF,5051
2026-07-13,630,6a3eNd7DeaD1dk11hn,GIF,4981
2026-07-13,631,hPd95ZhVUZRpaqfS71,GIF,4979
2026-07-13,632,6DHkm44QfaRU4jjkTd,GIF,4813
2026-07-13,633,zC1NmByT5WMiTaMHQS,GIF,4788
2026-07-13,634,ifOOtGdoahRmSdfh4k,GIF,4419
2026-07-13,635,9L7p0XupqB44TIXms9,GIF,4404
2026-07-13,636,31mHgJnJUAJXIB62kJ,GIF,4314
2026-07-13,637,UxIqUYwwUampJ8DTtS,GIF,4059
2026-07-13,638,4Z5Et8yinfeZ1jfuJF,GIF,3955
2026-07-13,639,U4iDELyXogCfzk2SPc,GIF,3809
2026-07-13,640,YEzgbuQKP7ilTDmGni,GIF,3641
2026-07-13,641,iRowpDxl0o0Qs0f422,GIF,3523
2026-07-13,642,2OZgYoYD7xUPQjGmsl,GIF,3296
2026-07-13,643,pfDwG4T0vC4IxqS2eN,GIF,3283
2026-07-13,644,toz148aIki3hNi79mi,GIF,3262
2026-07-13,645,2fhhHvDo2dUJMgJFW6,GIF,3161
2026-07-13,646,bOLdbJxTL32fzUfQ79,GIF,3135
2026-07-13,647,YhWN4jrl9saWCBtYVs,GIF,2938
2026-07-13,648,dszvmLR6BjdJ3cN3B5,GIF,2935
2026-07-13,649,UzKPSpSLYsY3sTLQ7e,GIF,2878
2026-07-13,650,kqkgYGr6YOULDs5Fcn,GIF,2662
2026-07-13,651,zysC5B66n65evvIv2j,GIF,2516
2026-07-13,652,cR1Bnk7j1OAqINYtOY,GIF,2475
2026-07-13,653,JdCL1IXkf3ObMe1SIJ,GIF,2334
2026-07-13,654,NzJ2mFSbkzVkj29CYP,GIF,2314
2026-07-13,655,FrixhPI7XEfr3wS5yp,GIF,2262
2026-07-13,656,KksuC9fn8zo5RlERgg,GIF,2262
2026-07-13,657,cZYcjyCHHn2mk1ikmK,GIF,2261
2026-07-13,658,MSUZpSsPXDiTRUuHTL,GIF,2146
2026-07-13,659,BKBmjqo7OhXyBwjnJ1,GIF,2101
2026-07-13,660,A1yl317Qn9BkRcNDyq,GIF,1949
2026-07-13,661,1YIOwyDs2IK6MPvs3f,GIF,1844
2026-07-13,662,7HLrdcksEhIrZa9Zir,GIF,1803
2026-07-13,663,x61sB9WoV0TIwRSfsR,GIF,1780
2026-07-13,664,RwHdKDHMgbReieccJ4,GIF,1702
2026-07-13,665,xW6AwwdTobQgDZ3nAU,GIF,1619
2026-07-13,666,Sfiri0PXigpGueBftO,GIF,15
2026-07-13,667,uKuw4epL1KjAqERkXv,GIF,3
2026-07-13,668,49lmGu0eQ7ISpToUTU,GIF,2
2026-07-20,1,S0GO7wvqciKU6znbFW,GIF,25440339
2026-07-20,2,VeQ7R5eLzOiZwny95R,GIF,11918396
2026-07-20,3,1MTfxcyrTyUFK9Zp3S,GIF,11047247
2026-07-20,4,YFsvkuJTxLc0uuNrhO,GIF,9806393
2026-07-20,5,Zil84rm4wvlWsJqo9C,GIF,9572591
2026-07-20,6,z1dXRwDsqrjs5KDOML,GIF,6988900
2026-07-20,7,s6eCu3KXqkq8sKt2pD,GIF,5762632
2026-07-20,8,6A9hefwTjvCDMURljb,GIF,5418314
2026-07-20,9,vFAra3l66GR59S9K40,GIF,4711084
2026-07-20,10,n20QOGJq9Smmy5c5Yx,GIF,3846330
2026-07-20,11,Tp7JErC4Ak5ZrF8ciK,GIF,3688686
2026-07-20,12,7UCWuilJRYlAu15j7U,GIF,3679307
2026-07-20,13,HXbjrTClytGyPjam3M,GIF,3486192
2026-07-20,14,hBt0VjWkZbFRBrBACu,GIF,3410512
2026-07-20,15,zFJd9Sp0856KS6dVtv,GIF,3151587
2026-07-20,16,VZ9JDjblGrqOCxqVFT,GIF,3091830
2026-07-20,17,01KHA2KdMQLQi136pi,GIF,3044002
2026-07-20,18,l8eIHDVeTwEm5VOjb1,GIF,2545471
2026-07-20,19,4XEUw17xG7OGK9nuJw,GIF,2501427
2026-07-20,20,ba5JMnrKk4o9z7yiP0,GIF,2373289
2026-07-20,21,3lTznm8qcjuD0dOyof,GIF,2206341
2026-07-20,22,kvrucA56Ge96PitAIf,GIF,2062007
2026-07-20,23,4yd3gQjXGb9aFks0bS,GIF,2012523
2026-07-20,24,gfv9pQSjyN83iR0zM0,GIF,1851756
2026-07-20,25,ykoTW1SqAFoUKMXfwl,GIF,1634213
2026-07-20,26,H1SV8pkPwh24wqRfyd,GIF,1621696
2026-07-20,27,Atd0AOMP5wrkqhYQpM,GIF,1592592
2026-07-20,28,NnvB50iO7TqUyBzFvl,GIF,1440296
2026-07-20,29,FjOH5YsFZv0M1wuIBb,GIF,1437638
2026-07-20,30,CQF6AFxLK2g5y2B2NN,GIF,1403878
2026-07-20,31,MmwWuKZzjxYw05RF8z,GIF,1372168
2026-07-20,32,AZgI9GQ4S4ul6qcA9u,GIF,1347941
2026-07-20,33,Wmu62LX7EfEYjeZFom,GIF,1308578
2026-07-20,34,XCdhyRfbj2GvgufO0u,GIF,1295629
2026-07-20,35,zbFMPSL8EgDfqeBgWZ,GIF,1255065
2026-07-20,36,IvJvPYEXDOoV3ju64N,GIF,1254204
2026-07-20,37,bbQA9p31wBCfGP7Lqq,GIF,1217986
2026-07-20,38,N20tM6nrrXQMl4HYWz,GIF,1143605
2026-07-20,39,BuT7JDz3OLtImz82QE,GIF,1135330
2026-07-20,40,ZfzDxoltZ5FyWrmTJl,GIF,1114276
2026-07-20,41,zbcPsquuTZdA0tMKBx,GIF,1078746
2026-07-20,42,XYGeNuYFTJxYanc1ij,GIF,1002177
2026-07-20,43,mwnu1QWfjuMZbKdgcp,GIF,1000824
2026-07-20,44,4yGaQKJE08kHXPuyMn,GIF,920810
2026-07-20,45,pQxOnCwLvTBG4uf3KD,GIF,914862
2026-07-20,46,4zCNON1K71s6JXOFd5,GIF,913755
2026-07-20,47,9dJzU7bFwJBIWjvWO0,GIF,886540
2026-07-20,48,z7kuboVsFhWrC6gJDp,GIF,876589
2026-07-20,49,pTNVcut8Um4qfqAn0v,GIF,840157
2026-07-20,50,5IYv7MHczMNdqnxWa1,GIF,837120
2026-07-20,51,6YX6lFHrE3n78eBvRu,GIF,832239
2026-07-20,52,qhb6MgP55rZQIiJPFf,GIF,825830
2026-07-20,53,g2KaTr5PnaMjjBUagH,GIF,824575
2026-07-20,54,w0t4WTCyVJfbNIAwdR,GIF,745621
2026-07-20,55,zuMnz0s1el2MO30gjg,GIF,743987
2026-07-20,56,oowpSQYkmY8zkkApHu,GIF,712735
2026-07-20,57,n4eta4zIkCRr6xbK2f,GIF,693252
2026-07-20,58,WT9XlpCYQY7PtmCLT4,GIF,687932
2026-07-20,59,6o7c1nxSuBTp6XIMzm,GIF,683430
2026-07-20,60,VUJFF1jbhxVFyUtLTJ,GIF,630114
2026-07-20,61,cj0jRYyipLPlzwLs0i,GIF,613462
2026-07-20,62,ZUwEmP2EchPgZetmps,GIF,596831
2026-07-20,63,xNJVAiSsa1wtC14act,GIF,588545
2026-07-20,64,ZtAisAoRQRuf0wlOqe,GIF,585039
2026-07-20,65,QBgFxeacBb59LMX5su,GIF,566188
2026-07-20,66,Brkoiafxyzb94gXrMa,GIF,564476
2026-07-20,67,3CjwLHLooBGmDorkzF,GIF,560515
2026-07-20,68,PMny68XCKFiABxd1SZ,GIF,560291
2026-07-20,69,I70wiKkwEVZWC2HFAO,GIF,559260
2026-07-20,70,VFmjfFzMv0JETVuokv,GIF,545450
2026-07-20,71,TWBEBifNIlRw3WZysb,GIF,537412
2026-07-20,72,C2wLIBhg6rnF2Vk5p3,GIF,532929
2026-07-20,73,TiuUji4KiJvFuzPFYg,GIF,525097
2026-07-20,74,KyJWoY8DDDBnJMn5fY,GIF,524379
2026-07-20,75,p5EoYWZd7rXnSrk3A4,GIF,523706
2026-07-20,76,VSmo1UmSEnNBOkzzKN,GIF,519927
2026-07-20,77,sGr4yrFK3BHDsEhSAM,GIF,510916
2026-07-20,78,qpJtW9XMVylfz7N32c,GIF,503607
2026-07-20,79,2Tmk43f9xbaX1HX5XW,GIF,503515
2026-07-20,80,WoJ1KruDxKQ1TdT7LG,GIF,498060
2026-07-20,81,XbEj9EvaOwUas4Zfkd,GIF,497447
2026-07-20,82,eEEVPZVPzXY9ceK13z,GIF,492828
2026-07-20,83,67KY9IKgii3mZDcGQS,GIF,486231
2026-07-20,84,CLsZfPTw3az9SfokNz,GIF,485533
2026-07-20,85,BxCTf1cNDlhFUdurmO,GIF,483208
2026-07-20,86,V7KYS0VPWVdhPFUj9Z,GIF,443817
2026-07-20,87,W4ZiN0w5JKJF4oK36b,GIF,433474
2026-07-20,88,yVkY5XkSGEbmGkqKlt,GIF,424906
2026-07-20,89,GAczcLkdTCTPS01kQy,GIF,421610
2026-07-20,90,8tQLdg1TjgKBuuPbco,GIF,420695
2026-07-20,91,uXV0BqmxAJt7VKNgZh,GIF,417947
2026-07-20,92,ZqZUWuxULL0IZ3XdCW,GIF,412958
2026-07-20,93,pGYHslrw9ZTEMk9Sn2,GIF,405810
2026-07-20,94,hhL4cErWygGzv0PMwl,GIF,397213
2026-07-20,95,kFnvhvvnxA6KwTnIzA,GIF,397148
2026-07-20,96,HU5ZX6NCZHrKdAkGtf,GIF,396067
2026-07-20,97,bKDPhQuR4aMtOTfzSz,GIF,393671
2026-07-20,98,tgLpK2WbZhGe0D6UbT,GIF,392115
2026-07-20,99,cPeIETb5b6zKnkngts,GIF,389413
2026-07-20,100,N2GUDdRZbdCdUzYkuw,GIF,367846
2026-07-20,101,9HtqtBJIrXjEyDlqtp,GIF,365337
2026-07-20,102,gSJLxCRJSAtTesQIH2,GIF,355746
2026-07-20,103,clODkNL8QqeiiLV871,GIF,350057
2026-07-20,104,wDcx1Rm1hXxGKefyTR,GIF,327836
2026-07-20,105,soFxWwpvpFThVlZGd4,GIF,327763
2026-07-20,106,9sKA3ibq7zX02Os7y4,GIF,324020
2026-07-20,107,Oa4QJT3Fb0zQ037mov,GIF,320784
2026-07-20,108,i09kDxdM8snHxPKl1i,GIF,320326
2026-07-20,109,Px3XFOmPDLjRvP9YeG,GIF,316301
2026-07-20,110,pUnbgneAsAFpw9wmzw,GIF,313873
2026-07-20,111,imjTWu6Vx9k0QJwpv4,GIF,310868
2026-07-20,112,uZ7GOHTYg3w6hAPN9v,GIF,310579
2026-07-20,113,toIRQFAFFCtAWwJveB,GIF,309770
2026-07-20,114,bktvFDtSnncI1w598s,GIF,305473
2026-07-20,115,woNoaZZ9V12dyjYjJo,GIF,300744
2026-07-20,116,3Vvcnjhme1hwqwMNke,GIF,299291
2026-07-20,117,gGTnOmNz9RWBhLAOww,GIF,297955
2026-07-20,118,l23aOmdgpH4PVpPOOF,GIF,293406
2026-07-20,119,sTKnZMlZKwYbtflXQq,GIF,291992
2026-07-20,120,VtZku1FNcJfdfJLPya,GIF,285865
2026-07-20,121,QJ4gYE5K7A8FPhPHuX,GIF,279227
2026-07-20,122,H5b7aOpD0MCxbT3jFO,GIF,273975
2026-07-20,123,m0RdfAX3ZVq56g6Ufb,GIF,273333
2026-07-20,124,sGkjKXy02jm6wjrij1,GIF,273216
2026-07-20,125,VaHgVrzYDaGrz7JRiX,GIF,271693
2026-07-20,126,FCtjJQzZME69CW6ttp,GIF,268642
2026-07-20,127,RcKxMa4JVupSJSMnhX,GIF,264838
2026-07-20,128,cwXLRZXXoL0np7eb72,GIF,259087
2026-07-20,129,gUn5uaz4fhAKi45l4u,GIF,256006
2026-07-20,130,prWnSRzSzVrBZLv41A,GIF,255939
2026-07-20,131,Vtg7zkTTczN2bvodCG,GIF,253239
2026-07-20,132,y2QSRInUPq9f5evJVB,GIF,251464
2026-07-20,133,iUmxhJqvJmf1ytmdok,GIF,249577
2026-07-20,134,rcKw9ZKuo0lLFzIuuZ,GIF,248916
2026-07-20,135,x6TIee2JM9pBwc4MBG,GIF,242307
2026-07-20,136,ydtlZT2ZGwRKUS7k90,GIF,240043
2026-07-20,137,6SPE2NmJboU2RJtzU7,GIF,238205
2026-07-20,138,49UXvksd1mD6ivtzSS,GIF,237663
2026-07-20,139,K4y1b339hvcqk45WJ9,GIF,234678
2026-07-20,140,GMibniHgHabH5FsvSf,GIF,233228
2026-07-20,141,0QcUioJ7k6T2xRT6dI,GIF,230812
2026-07-20,142,tiqNAs5cs6O0h36elo,GIF,229864
2026-07-20,143,zAo4CHpNAaNDg27lmG,GIF,225432
2026-07-20,144,R60s9NrOwv5eTrRPzV,GIF,224531
2026-07-20,145,oC6Cx1YXBtvdoYXmZr,GIF,224406
2026-07-20,146,cYELoocQoVRmY2GRJq,GIF,220541
2026-07-20,147,WmTuF4gz4C3ZfoHQGw,GIF,216870
2026-07-20,148,54Lr6tnL43zux7QcZh,GIF,216145
2026-07-20,149,GJEvTVbP5UFX1rqFKc,GIF,214476
2026-07-20,150,dgXu5U7aMzbfILnDcj,GIF,214320
2026-07-20,151,6UDc6ioncYRxWDnp0G,GIF,211348
2026-07-20,152,kg26UxATxZow3AsKZZ,GIF,210409
2026-07-20,153,oxj2Z1k2cHtR0oZkqj,GIF,209011
2026-07-20,154,fOGrNl1SGyw9ZF5Qeh,GIF,198114
2026-07-20,155,6vaqqwTzS6SuR36oIW,GIF,196864
2026-07-20,156,V5xSpg6PoKMeC6mvhG,GIF,196739
2026-07-20,157,5DIPupkmxQqmITQtN1,GIF,196321
2026-07-20,158,vaKM2dq2diEh9vUBQP,GIF,192180
2026-07-20,159,czdCrCBERAQKBOfOLo,GIF,191295
2026-07-20,160,TkAIyyDEx6r2Qrm007,GIF,190315
2026-07-20,161,ZlBrZ2naavOtI2qSAr,GIF,188739
2026-07-20,162,al9NLseK6dPr8Q0mZz,GIF,188431
2026-07-20,163,HoEkTdvUpnS9WvVPcF,GIF,187799
2026-07-20,164,X8U2NmVTuTntFxGesd,GIF,186862
2026-07-20,165,3oDwGbxOLEg8bEEJIQ,GIF,186526
2026-07-20,166,9bIcqjJn0WBjTCqQOT,GIF,186085
2026-07-20,167,r1CQkqGt4aI7wr1Ohw,GIF,182979
2026-07-20,168,YfVEEx3kXDGBe8YKi8,GIF,182287
2026-07-20,169,MODuEqgpv6IROKtJrO,GIF,181272
2026-07-20,170,N4HpPRFRixdNxu1Fg8,GIF,181054
2026-07-20,171,5grsDwlqX4kfy71Rdj,GIF,180548
2026-07-20,172,IJSJIxvbADdqn7J4Y3,GIF,178697
2026-07-20,173,3v4WsAL4dC4aMtTKdU,GIF,178007
2026-07-20,174,Lg6tJBqeg7Z8iHTvJK,GIF,174496
2026-07-20,175,AJYr4bWzAFjdGH9q0o,GIF,174219
2026-07-20,176,6C7KiVEfI724uCVi7b,GIF,170763
2026-07-20,177,xd0DzHA90wF0QspRKE,GIF,169405
2026-07-20,178,N8j7uvd3K7ewojOxxY,GIF,168272
2026-07-20,179,QoVAe2QifgvhK2rnTG,GIF,168144
2026-07-20,180,5NxsFyN2WM2HjI1BpK,GIF,167708
2026-07-20,181,7HumoY5K6oo1enpFWe,GIF,167331
2026-07-20,182,tsiV9e5BNYJs9N63xu,GIF,165118
2026-07-20,183,zKf31joKvY23SQdSTF,GIF,163845
2026-07-20,184,LUgxmNMnZ1OaYHqZGW,GIF,163759
2026-07-20,185,QGy9WgPA5wdXUx7yKE,GIF,163442
2026-07-20,186,b40vcDOn7iizajr2oM,GIF,157307
2026-07-20,187,xoGxhyhEQOp0jXphxx,GIF,157093
2026-07-20,188,ej3ZCWbOwLxwRNC2Kg,GIF,156056
2026-07-20,189,hb9nhr6m3rjQeRs9jp,GIF,154643
2026-07-20,190,0jVa8eudaK9tG5KOUh,GIF,152964
2026-07-20,191,EMrPMmyufe1a1Tz1A5,GIF,152620
2026-07-20,192,lGjWSowFgfSI3Q7CuM,GIF,150263
2026-07-20,193,ByodclSkYIdxh8KmGl,GIF,147732
2026-07-20,194,no6Mm0U0L9Mv9tzvN9,GIF,145933
2026-07-20,195,p6hxl3FX2QtPN1eWsj,GIF,144625
2026-07-20,196,Zfddxu8Y4dgWz6ABMI,GIF,143336
2026-07-20,197,uejerzhWkT2nfV4ekh,GIF,142252
2026-07-20,198,lMtSWlhMBsTkmUot5s,GIF,142201
2026-07-20,199,Xl33ygtw7ZElNbVTch,GIF,141692
2026-07-20,200,sKf6fbM0Fhn4keHMYX,GIF,140232
2026-07-20,201,8WBfBgNcz3Ep1OvSUC,GIF,139952
2026-07-20,202,wMeQ3go50ahhciuZwK,GIF,139759
2026-07-20,203,TCYSBvF1McWeOViTdS,GIF,134624
2026-07-20,204,WhOTaSjCzQyMAMBn5v,GIF,134007
2026-07-20,205,6guW2txh6RAr0RCnTP,GIF,133297
2026-07-20,206,98ehMD8kX9bLkq9Gcw,GIF,131328
2026-07-20,207,CPApJWHvsT3o5VuKVK,GIF,128765
2026-07-20,208,R3h2NcJNbFNBpS4g6q,GIF,127409
2026-07-20,209,JGbVQO4No1vjY8SRwp,GIF,127379
2026-07-20,210,aZhAXcAN33Makb02CK,GIF,127121
2026-07-20,211,qeTcrWW3wozMaIX6Af,GIF,126502
2026-07-20,212,XR7PHHrmVHtqEK1gol,GIF,125929
2026-07-20,213,w4nv4DunM9a4tOEi3Y,GIF,125498
2026-07-20,214,SAyhOhXMo16hk1ceaB,GIF,124581
2026-07-20,215,6jMy4ML3746kQCwDNl,GIF,123154
2026-07-20,216,wvmHbFg1ExLSSKMaOD,GIF,122534
2026-07-20,217,pPqefCee0DWoNtfPaN,GIF,121618
2026-07-20,218,ncRqGV6vGvUMh7oR7x,GIF,120944
2026-07-20,219,QytjwhKBE2ObyydwQb,GIF,120319
2026-07-20,220,P4mW1PplxZFjLv81SQ,GIF,120209
2026-07-20,221,XQGaZGKKKFL5DGdt4Y,GIF,120206
2026-07-20,222,lHQGU1fP8dCpgZhRQ8,GIF,119695
2026-07-20,223,9HORd4teDGhOt46fEz,GIF,119258
2026-07-20,224,HBz4ZFEBOWzRdBO70e,GIF,117768
2026-07-20,225,DWuxEYZBw978LKWG1b,GIF,117331
2026-07-20,226,5ssoenGB420wQegvln,GIF,116913
2026-07-20,227,X2tAL568gaKEgB9Anv,GIF,116905
2026-07-20,228,jxA1BBEg6NzTQL7pvd,GIF,114191
2026-07-20,229,1L3Mvo7LQ6VfgJJT6I,GIF,113214
2026-07-20,230,nNlKQlqY4lK6qAxiQV,GIF,113072
2026-07-20,231,1Brq4LvOtRMIBJQi4U,GIF,112088
2026-07-20,232,An7uqeayxR5J8dKHu4,GIF,110925
2026-07-20,233,LIqRddsJ488WR7JkgG,GIF,110462
2026-07-20,234,nqEtJ6z9u3zHbdmFq9,GIF,110172
2026-07-20,235,P6CpYQD8EQVdHmbBB7,GIF,108964
2026-07-20,236,3Ej0FdtgfzHznxfoaW,GIF,108520
2026-07-20,237,2KDnf1jZTUJlrrasTZ,GIF,106623
2026-07-20,238,FS1BfSHSEcBM7oXgnd,GIF,106538
2026-07-20,239,TnYyD0Y5gHcxxIs60O,GIF,105882
2026-07-20,240,xal2XkbIQo668lc27M,GIF,103715
2026-07-20,241,NFlNPPsEU6FSGuOk3e,GIF,103496
2026-07-20,242,XCGc4SGOCWsIxXCteW,GIF,103419
2026-07-20,243,Xy1embN5dYLxDL7J1h,GIF,103179
2026-07-20,244,ymR0THwsC0ryufBoCC,GIF,102663
2026-07-20,245,0f7MezZNdfdf09G5MR,GIF,100949
2026-07-20,246,mYNEpIFkBXXyA3E2SJ,GIF,99724
2026-07-20,247,01gaL9yoKUBxA6lLSx,GIF,97964
2026-07-20,248,ew2RAEkOVb0O643Wtj,GIF,97939
2026-07-20,249,maNlF3eSXasPrO4QdO,GIF,96967
2026-07-20,250,tZ7DeEmaE9nn2rqcF3,GIF,95885
2026-07-20,251,ArFOjTGDqq45OKCAo4,GIF,95813
2026-07-20,252,3DDxEpa9LhhPXbXpoY,GIF,95476
2026-07-20,253,PictPG2QUCZqYQ7QJm,GIF,94163
2026-07-20,254,BjiE1R8mHXxYRRhY0m,GIF,93048
2026-07-20,255,gWRf9HI5C42rN1HirJ,GIF,92979
2026-07-20,256,vtBtvkJFk09naDtqBk,GIF,92559
2026-07-20,257,eGITs6JOnYa9vtjIwc,GIF,91917
2026-07-20,258,jzppiGwPog15PVElfH,GIF,90654
2026-07-20,259,gmEnnJ3Cj1fBPirnyp,GIF,90107
2026-07-20,260,KcWVxQd0HvsbqguiXS,GIF,90075
2026-07-20,261,PAHScnX9IEczmvTWFx,GIF,89944
2026-07-20,262,LM6727wPq5tzhvVLMJ,GIF,89312
2026-07-20,263,RUcKKOR9LAGm3Sy9CY,GIF,88949
2026-07-20,264,8rDd90ItBDko5IMjqu,GIF,88612
2026-07-20,265,pPGGvsQjn9xJb55F8i,GIF,88528
2026-07-20,266,zdfDUrgmjZWA1HNsfu,GIF,87989
2026-07-20,267,v5PJmNVxWOTTThmnQg,GIF,87982
2026-07-20,268,hRRHZWBCM1iGz8W69i,GIF,87872
2026-07-20,269,unRjgoWoUAFhPVQLY9,GIF,86895
2026-07-20,270,MgeNDcgT4gXYn338jR,GIF,86838
2026-07-20,271,4agkjC6mUqzk4Ij9jS,GIF,84791
2026-07-20,272,tA9rysiKx5ifhNfO2T,GIF,84707
2026-07-20,273,Z43RfKcmhr06OQ5ae2,GIF,84477
2026-07-20,274,IXMc63EIZGgNlNQNZD,GIF,82121
2026-07-20,275,a8ZxCyyxdwfSsqTwsL,GIF,81871
2026-07-20,276,bff86XIkSNuway0pUU,GIF,81775
2026-07-20,277,4zJ0Gf0UHqoyJTiJij,GIF,81296
2026-07-20,278,nohvpMrEwXy468gDFR,GIF,80978
2026-07-20,279,XjiCTell4KeSfAqaQZ,GIF,79877
2026-07-20,280,2fR6fBgW6BZU1CPIqG,GIF,79728
2026-07-20,281,VWeSrHKWQs9WHgEkvh,GIF,79670
2026-07-20,282,tMZ7ky54PGeypqgalT,GIF,79049
2026-07-20,283,shE8kiyTqgMBGFmkLs,GIF,76462
2026-07-20,284,QIpziLuXhTywLdbIkQ,GIF,76091
2026-07-20,285,QMj3VgVVShzZkjSxTd,GIF,76017
2026-07-20,286,WxxWLGWv6UUZdsT2lS,GIF,75901
2026-07-20,287,jRRG7jt2Js6MacrDGd,GIF,75485
2026-07-20,288,fAP7QAJ1xFD6JTFM1e,GIF,74901
2026-07-20,289,SglBDgyXDRttbNrLM2,GIF,74610
2026-07-20,290,ptWaTNOtCbJyFoPOsI,GIF,74607
2026-07-20,291,QyRWxP3YleogvGmo01,GIF,74221
2026-07-20,292,RJZFIKDrvM9UVstlHg,GIF,73849
2026-07-20,293,9h1jNCrbYXENVlj1FP,GIF,73104
2026-07-20,294,BG3Zejm7Xdx6wWUf1s,GIF,72044
2026-07-20,295,XIxeCLHT9zVohiL4T9,GIF,70889
2026-07-20,296,m6Ldp765JS1TOc1epw,GIF,70091
2026-07-20,297,GGxYV9J86hAuLOftmX,GIF,70049
2026-07-20,298,O2iEG5r6EhWWPVCIMl,GIF,69807
2026-07-20,299,w59SdHiwZO84yaEl4U,GIF,67874
2026-07-20,300,Gs7S4vm03HWudtCUxT,GIF,67635
2026-07-20,301,1XZi1EWSQLY3rMU5hb,GIF,67487
2026-07-20,302,mruAYNxpRfWT7zWOVa,GIF,67044
2026-07-20,303,LOVAgqCndxbF0yVSvH,GIF,66889
2026-07-20,304,fJ9p947OpjYoUJv4pq,GIF,66786
2026-07-20,305,BAvIhFpn2zXzDlaAKV,GIF,66424
2026-07-20,306,yK7UnYilNJehrLYsIm,GIF,65762
2026-07-20,307,kkOOWhftIUKH1gRFI3,GIF,65675
2026-07-20,308,8Ju2XpAU8kax6RU9pd,GIF,65230
2026-07-20,309,x7ukpMi4J3VotdbBxy,GIF,63462
2026-07-20,310,Foo1QLxlFskrsgYXD8,GIF,63252
2026-07-20,311,VTG38I0RqkksEgqTdJ,GIF,62857
2026-07-20,312,0LBI2fJsWSO88UZip6,GIF,62522
2026-07-20,313,R4K3oSgQ7goRV5dQW2,GIF,62126
2026-07-20,314,TL448BG9MrQXfVRka2,GIF,61945
2026-07-20,315,hUgUnBmpjUXA8w2eBC,GIF,61780
2026-07-20,316,99L1Ri4cmx4aZ82imT,GIF,61413
2026-07-20,317,mLYuk0RvMxWAISGnCA,GIF,60910
2026-07-20,318,PJDjRlqkTOWG8CAWNa,GIF,59224
2026-07-20,319,bfb6MDov8wj5qopEZC,GIF,59090
2026-07-20,320,Smkq4gh20rTCo9XA5K,GIF,59043
2026-07-20,321,MU4wAQ5AZqlBJTyGFw,GIF,58809
2026-07-20,322,KPVPfTOGhR4ZDXsBWA,GIF,58800
2026-07-20,323,vXbH7KQWGqNe9heXju,GIF,58686
2026-07-20,324,YoWUM76JMiAUKm9ggl,GIF,58668
2026-07-20,325,tG40NFJ94fjjn3vRXR,GIF,58648
2026-07-20,326,6qI2NYWngdAxxVX1zJ,GIF,58515
2026-07-20,327,WxKKJGKsUUWPJgkf4N,GIF,57264
2026-07-20,328,592ZMrdelj8j8DlQ2w,GIF,57194
2026-07-20,329,5Cniu3sjAb3IHZD5Bh,GIF,56828
2026-07-20,330,6Zo8j3dDBwQsYvhISc,GIF,56438
2026-07-20,331,NZNjSEXDfUQbmupjJW,GIF,56350
2026-07-20,332,cfLHHFi62dBMYsloN7,GIF,55897
2026-07-20,333,TFVI6cSKjVwPaqZVKR,GIF,55621
2026-07-20,334,aow0lDW9gAStommdsS,GIF,55492
2026-07-20,335,T0MPbboDiC4fnKtpKF,GIF,55319
2026-07-20,336,NU5arjj8ut7RpNelJ9,GIF,55029
2026-07-20,337,nRd5z0hIeY7xQz1yai,GIF,53569
2026-07-20,338,uZCGmkB8j9Y2LrKCgC,GIF,53533
2026-07-20,339,PlShyiN5tlquexvBB2,GIF,53393
2026-07-20,340,XCB5P8yCHz9CiAl41q,GIF,52907
2026-07-20,341,XzFg2ZpcLiS4s3N1KC,GIF,52889
2026-07-20,342,zSoJATxvNy74D0WE4l,GIF,52744
2026-07-20,343,GT9cgAAAtfM5JgcZpQ,GIF,52297
2026-07-20,344,EbEX6H0ZYbCTI9nI25,GIF,51542
2026-07-20,345,uCLrRaHsmPHmSNVkY8,GIF,50355
2026-07-20,346,JfqESuqy1kOf3HTr8Y,GIF,50297
2026-07-20,347,7t1kN8b7GyZljUC36u,GIF,50285
2026-07-20,348,a3sOeDI1ZuE2UEGEjr,GIF,48996
2026-07-20,349,ZUtSEAyBuCcewmA29F,GIF,48760
2026-07-20,350,StRtbzWfsgs33wpW3M,GIF,48706
2026-07-20,351,29Z7C8nHD9ijZuMqTV,GIF,48327
2026-07-20,352,ZEleEa4pY0l7ufKnSY,GIF,47458
2026-07-20,353,dCqQrUmPgICwfSYzgi,GIF,47445
2026-07-20,354,MZExsocb7ggfMPqiBk,GIF,47423
2026-07-20,355,N6xT6C3SVJJSwH8Mgl,GIF,46970
2026-07-20,356,RKSWD89SckpaCkF7lB,GIF,46813
2026-07-20,357,YRgKKGuDWNqdVKUsJK,GIF,46044
2026-07-20,358,YIVMHeeUzrNYt7qSqJ,GIF,45898
2026-07-20,359,QU3jtBvOsGT110czty,GIF,45796
2026-07-20,360,VaSaGr35NjXb2lexto,GIF,45661
2026-07-20,361,MrHh6mgOcdoAAO4tz0,GIF,45053
2026-07-20,362,0rAnJ9bILAp2bIGcpT,GIF,44338
2026-07-20,363,go703FNMkaozEq7tqJ,GIF,44255
2026-07-20,364,z2RmddzZET8w5zZtyb,GIF,43932
2026-07-20,365,Jzp6EmR66Abn9ExWls,GIF,43891
2026-07-20,366,JhkFcH98uvMrnDgmn6,GIF,43749
2026-07-20,367,JcOB2VB2OeXB5ExpHH,GIF,43159
2026-07-20,368,vnuMwvlswGMW38poq2,GIF,42543
2026-07-20,369,aW3mqoINZ433Rj4TMz,GIF,42390
2026-07-20,370,IvciiQcSOnH7gFlwnK,GIF,42021
2026-07-20,371,33ZJlVdrJfJqeZ8YAd,GIF,41583
2026-07-20,372,5bLSkn2OEV2LU4IPHI,GIF,41570
2026-07-20,373,9IwfTwulCPEiDADHzx,GIF,41286
2026-07-20,374,Zw9IYZoi4lR40x6kOh,GIF,41003
2026-07-20,375,2XhJxylc2hyATdyLCy,GIF,40475
2026-07-20,376,XYiDNupHyw1MaXyFbY,GIF,39845
2026-07-20,377,mp178ZHLC4sHfOgO12,GIF,39654
2026-07-20,378,J3HhbqcC2mKM6eetbu,GIF,39531
2026-07-20,379,WCIkiuYpS3S6XKV8Rn,GIF,39458
2026-07-20,380,j70G4xGbIAyl69HjSG,GIF,39296
2026-07-20,381,ZeK2ek6RtyEL73iY0B,GIF,39191
2026-07-20,382,A2z7pVURqwz3BlQdQp,GIF,39187
2026-07-20,383,ywVDodGGYpgsU7vb0Q,GIF,39177
2026-07-20,384,7rJDG9tWHp7KA9rDDq,GIF,38075
2026-07-20,385,dxie0mdUARIwhn2yee,GIF,37709
2026-07-20,386,9F3kTka3lWs1MoyUW4,GIF,37219
2026-07-20,387,QTRlMVKXeT15fGVLbk,GIF,37200
2026-07-20,388,0OVzKdoHvIwJL7RduN,GIF,37067
2026-07-20,389,WDTFmWErrBo9vvuMJ5,GIF,36856
2026-07-20,390,NCXTJOeB6clLl1XIHm,GIF,36847
2026-07-20,391,FzxAj0hfgyAdsW40AC,GIF,36789
2026-07-20,392,DArpiMDTC0np9ytWe8,GIF,36786
2026-07-20,393,1yWBEir2xnNtXtsIt9,GIF,36484
2026-07-20,394,CaEoDtcNHxY0y3Ll4k,GIF,35931
2026-07-20,395,DGjlGcceVl5RDQC6v7,GIF,35419
2026-07-20,396,pUCY24xEv3FuNvWA54,GIF,35321
2026-07-20,397,RlkKf5MBzEjqzqN3Pt,GIF,35290
2026-07-20,398,BCu7HM8TzjOxYRWxCB,GIF,35167
2026-07-20,399,wdwglOfifi6NYq9tjO,GIF,34854
2026-07-20,400,U6zenm1kWFjycNTkdz,GIF,34646
2026-07-20,401,kfjRVgBKSfpje8yaL1,GIF,34426
2026-07-20,402,6JNI1PXys4vMII0f9A,GIF,34409
2026-07-20,403,Ksyo02KzynpxSGIdiu,GIF,34200
2026-07-20,404,2XtaKuSyUmADvFNWeB,GIF,34006
2026-07-20,405,UwKnpGaeFmihxIEt4Z,GIF,33628
2026-07-20,406,2FbqKii3sahcmtOgU2,GIF,33597
2026-07-20,407,fsCP6Oda0qmhcNPKE1,GIF,33335
2026-07-20,408,UR5a8u78Xa7VdtyJIS,GIF,33190
2026-07-20,409,CKVjlqUmBZdyT7d3W7,GIF,32936
2026-07-20,410,kmGi3ucTvgLv6pA7rE,GIF,32788
2026-07-20,411,lDvigQV6SivDb1PP17,GIF,32701
2026-07-20,412,1qJHVFYH15SpmhSykp,GIF,32317
2026-07-20,413,N4Aef2XhTGp692NZx7,GIF,31660
2026-07-20,414,M466iBsWoTlNojJbyk,GIF,31636
2026-07-20,415,kIF7T5i5o9pEglhEHa,GIF,31610
2026-07-20,416,RYjyZx74LQ511YUxgW,GIF,31270
2026-07-20,417,D41XyjutopurXno57q,GIF,31067
2026-07-20,418,d07pfKl4LYFx9eOGnG,GIF,30949
2026-07-20,419,kQRBgO3pn3vEnFTgXa,GIF,30241
2026-07-20,420,YeGuStp7fomlR6Gj8o,GIF,29853
2026-07-20,421,4QXKOejCxZAOvUfjxZ,GIF,29450
2026-07-20,422,6nsJtjKzfX0DYG6Fg8,GIF,29286
2026-07-20,423,QgBxz4jlNWpq4U0VBL,GIF,29126
2026-07-20,424,8HsLMUNvbQnVzLWcty,GIF,28752
2026-07-20,425,V65BD1iwdbErs5NDw7,GIF,28213
2026-07-20,426,51xCLRv58gqjYM63YV,GIF,27973
2026-07-20,427,4I8DiIUSUnnTBauMmF,GIF,27888
2026-07-20,428,dRdbbodInaw9ngy2et,GIF,27866
2026-07-20,429,IbdIiqy5nHTtHJKeuA,GIF,27812
2026-07-20,430,Do7K8nCJQrwf7gsrRm,GIF,27583
2026-07-20,431,lUrvU5C0ui1UixvK9l,GIF,27498
2026-07-20,432,1knediJpPduWeBBS7N,GIF,27428
2026-07-20,433,mnFrveFv1O0NCcXXRg,GIF,27409
2026-07-20,434,FXlBfysZeccejSPXLN,GIF,27248
2026-07-20,435,E7J4gMgNzH8P5fJIir,GIF,27151
2026-07-20,436,5IVmTwSUBkM26gnwiT,GIF,26983
2026-07-20,437,Ei2OUMXIhbpl8zcg07,GIF,26806
2026-07-20,438,DBNUsVBmNhdqMaetuc,GIF,26368
2026-07-20,439,HeFCcdgF37XybNbJM1,GIF,26346
2026-07-20,440,qvGvze34SYzFy0IOjo,GIF,26231
2026-07-20,441,yiNGJnacgioeujOFDw,GIF,26150
2026-07-20,442,65WZEH3DbzTOskjZ9F,GIF,26113
2026-07-20,443,NKb9LW9MrxO48Cd9Mu,GIF,26044
2026-07-20,444,znORHj4fd8MAN7gbLr,GIF,26024
2026-07-20,445,hftSnrV7jiNn6MkQk4,GIF,25766
2026-07-20,446,EsTiklBWYzosIzPluo,GIF,25740
2026-07-20,447,ZIv6jXtuNWmqe8i4d8,GIF,25696
2026-07-20,448,kg7ti21Zmn5y1AtniN,GIF,25269
2026-07-20,449,zkn7BLV7uUc5Orkzzr,GIF,24727
2026-07-20,450,KyUIjPQuLolO6vfaFD,GIF,24581
2026-07-20,451,1d6N0pb13wv2X6Qqhh,GIF,24397
2026-07-20,452,Y88yhiJDH6tRpPaQ9Y,GIF,24139
2026-07-20,453,JGpns399tHOQYO7P9u,GIF,24136
2026-07-20,454,Jj6MUSSOBIS7iy4cHl,GIF,23822
2026-07-20,455,z3cQyCScaa6eQAPGxM,GIF,23746
2026-07-20,456,oEK27lR1AH4L1uw531,GIF,23712
2026-07-20,457,BEH8snVdAHDiqrRvhv,GIF,23621
2026-07-20,458,9C0eEDiObWC3COXjXj,GIF,23491
2026-07-20,459,oVgehCwEPrMbYJAeuH,GIF,23194
2026-07-20,460,d6ZMxXqdHwzsYsjIfP,GIF,23093
2026-07-20,461,iVj1jzisyn9qoy0HwT,GIF,22856
2026-07-20,462,xD1vpKInrkzJ3Fxael,GIF,22784
2026-07-20,463,hvHkkgdpNyYBCNwWii,GIF,22749
2026-07-20,464,mp4uQj1yhchE0FJb19,GIF,22737
2026-07-20,465,saM8smyVfRy2WxXNf3,GIF,22730
2026-07-20,466,V2iTAiTz1UENEuooXW,GIF,22700
2026-07-20,467,9YVJ3QFI0T2T1huuOt,GIF,22680
2026-07-20,468,e0tqAwofWcxXx9iIN2,GIF,22454
2026-07-20,469,rqRCINmIhqekY7cxwt,GIF,22281
2026-07-20,470,PdVb9g4MVTNgQ2OL26,GIF,22221
2026-07-20,471,fFcZ7GbvG7949eU5xg,GIF,21977
2026-07-20,472,GMsykn2kFJhMIBPMb9,GIF,21932
2026-07-20,473,VErfqZkulaxhehX9uN,GIF,21621
2026-07-20,474,l5ZWNLnfskv9LTE03S,GIF,21394
2026-07-20,475,hwIq8i6Qi7UnUGbacf,GIF,21382
2026-07-20,476,X4AaDMS42L6wqp9I4S,GIF,21259
2026-07-20,477,HviuxhG9WFXzbBpjJe,GIF,20785
2026-07-20,478,DvT1BeIHu3ChyybxkR,GIF,20784
2026-07-20,479,QQeMYCJmSK3CvnW69G,GIF,20733
2026-07-20,480,sT7JTqgV96345rxK6n,GIF,20723
2026-07-20,481,nfDB8cFWhS4Dee2sgL,GIF,20692
2026-07-20,482,M3DQRSj2ZR4BSXZMlX,GIF,20557
2026-07-20,483,fkhqUwfGzSYOrSTJp9,GIF,20510
2026-07-20,484,cxkFjp3QZGzSh1Iyxz,GIF,20481
2026-07-20,485,SQwDBfwWSCoRe4PcNJ,GIF,20415
2026-07-20,486,U2RkG4c7Vpaz9UnSuZ,GIF,20308
2026-07-20,487,bzs9ftqVS6wCqrRuWx,GIF,20262
2026-07-20,488,KB4yS05ErAJldfsNj8,GIF,20034
2026-07-20,489,c14InbFxtr5gAFCZfy,GIF,19984
2026-07-20,490,JbyrV7bzRuZeOpzb30,GIF,19953
2026-07-20,491,xQNauBqQ1WrqCAPuRE,GIF,19933
2026-07-20,492,b7B608uSFXLuR9yWYH,GIF,19917
2026-07-20,493,IipkQotlmo8Sh1ABvk,GIF,19904
2026-07-20,494,gMAqaGlYLH1LnHhSQu,GIF,19821
2026-07-20,495,lJGL45KeCLzPSaUgTV,GIF,19656
2026-07-20,496,jJjpM5aG60awjoTpKb,GIF,19620
2026-07-20,497,YOy4wfZdVp39GaHWHa,GIF,19593
2026-07-20,498,JkGNpFYB3cY7FHn9sx,GIF,19555
2026-07-20,499,wyVRFz9fJaE5B8IZ2I,GIF,19430
2026-07-20,500,kCbiTm717MlCNnAxeU,GIF,19293
2026-07-20,501,aA455rZHUzTePr7fRv,GIF,19024
2026-07-20,502,zQxSWfx8MQYyxMzLTW,GIF,18926
2026-07-20,503,9x7iTJfqgFQMCs0cvY,GIF,18569
2026-07-20,504,0citpjho00ObF3pMEm,GIF,18364
2026-07-20,505,bnqEjEUGGVrwEqWNJ0,GIF,18263
2026-07-20,506,sgLnfOIYS7BUIHXUxC,GIF,17924
2026-07-20,507,S8nncQt2T539fDIA0b,GIF,17866
2026-07-20,508,4bXiLL05WASnteKd7V,GIF,17759
2026-07-20,509,3So6FuGb7wVk14P481,GIF,17264
2026-07-20,510,x6u2P1xWEqpnimsun6,GIF,17198
2026-07-20,511,x3LVct059nDJWWHnBs,GIF,17060
2026-07-20,512,xdfUlTMvx8p3k8Taet,GIF,17002
2026-07-20,513,hLlrlSXRBLz2a3Fa9b,GIF,16975
2026-07-20,514,Ad00UhfBWCrf6iIraA,GIF,16535
2026-07-20,515,jQgLlzy0ZT54ZCBLTt,GIF,16501
2026-07-20,516,tUcJ0CqH4BsIKAIDrB,GIF,16451
2026-07-20,517,ybF46HrsLDFuMrg0NO,GIF,16285
2026-07-20,518,pKUmbMGZ5eNwfcEOwB,GIF,16119
2026-07-20,519,oLP7BIj99u0sFUlnsV,GIF,15984
2026-07-20,520,pzLy6Kcx9jyVz05UxB,GIF,15833
2026-07-20,521,W2qRsuV2W45gij9eyQ,GIF,15703
2026-07-20,522,2AHzoH7CI4TQeyzYCD,GIF,15621
2026-07-20,523,kc5sCk8smIzR9bEVmq,GIF,15487
2026-07-20,524,tFyjXDG8DdgV7jbV1B,GIF,15472
2026-07-20,525,AhaWzd6OjdlgzY8poL,GIF,15386
2026-07-20,526,MibqmLIdqxwQepv1u4,GIF,15368
2026-07-20,527,Fh1YBOMQy8ivv5QNzd,GIF,15334
2026-07-20,528,X29WgAKGLutorgO69Y,GIF,15121
2026-07-20,529,LcCD3TkQe4SJroMYz5,GIF,14952
2026-07-20,530,s4hSWA7C4PRGJwjwkp,GIF,14903
2026-07-20,531,dBEeUL0mbzScibZaSv,GIF,14806
2026-07-20,532,akR7RsXOEBsCpVxsp6,GIF,14772
2026-07-20,533,5050Byd8dZiD8S7OQo,GIF,14745
2026-07-20,534,uYAAG52VMeqNbeKxrw,GIF,14660
2026-07-20,535,AkjBpF1TnoWQNI57N8,GIF,14654
2026-07-20,536,j4tl0BRFWySCPi8I98,GIF,14620
2026-07-20,537,2jcJ3HFGUHkTyioaUT,GIF,14566
2026-07-20,538,RjBXlk32cZwWJwL4gS,GIF,14536
2026-07-20,539,pWYoNgRTTOcpQEGdh4,GIF,14454
2026-07-20,540,LgaosMJFuBdaBg4Zqw,GIF,14431
2026-07-20,541,cpWDzbkGXinjazXAsQ,GIF,14388
2026-07-20,542,wulH1pzgOUFXQQNyor,GIF,14372
2026-07-20,543,xjLbBByLJ19X487OlI,GIF,14328
2026-07-20,544,U0K68elO5NOob4q372,GIF,14313
2026-07-20,545,bbd845md4bBhtzxnP2,GIF,14167
2026-07-20,546,UGSaXOiJokVFwXEoAT,GIF,13926
2026-07-20,547,UM7sju7MO1wK6KpVdR,GIF,13734
2026-07-20,548,vgMxyT3D5Nf7YtgLEN,GIF,13652
2026-07-20,549,0r0YUGcSj97ueZws1I,GIF,13613
2026-07-20,550,hVlGeCHhXYdIj5VuGy,GIF,13606
2026-07-20,551,XPN3II0GRNvYBEbxqs,GIF,13521
2026-07-20,552,syTxsyJjCeublic7d4,GIF,13440
2026-07-20,553,UiN6zWG0ArXRCn52L0,GIF,13332
2026-07-20,554,OlLlVUZxrcqZm6RPza,GIF,13326
2026-07-20,555,G4bRYCUE94lLd7ftFC,GIF,13274
2026-07-20,556,tRWPZFwfKYTcaQ0Vut,GIF,13239
2026-07-20,557,zC1NmByT5WMiTaMHQS,GIF,13029
2026-07-20,558,4iC6WmsVhfZAeGj178,GIF,12969
2026-07-20,559,eSfJodS0foTOVqrBg1,GIF,12610
2026-07-20,560,dszvmLR6BjdJ3cN3B5,GIF,12556
2026-07-20,561,Atdw4UUjkYNWJaCahh,GIF,12375
2026-07-20,562,ApgAv4fFKYE5zQmdet,GIF,12354
2026-07-20,563,XniMEEmJBr9ukfaFPg,GIF,12235
2026-07-20,564,ob50T7GkSbkLLSRhQn,GIF,12170
2026-07-20,565,7uuBgvGPs6E5EttML4,GIF,11991
2026-07-20,566,RHu5cVwkEKODGJMFhD,GIF,11923
2026-07-20,567,QSA6gWBwyyXJIzo0gE,GIF,11904
2026-07-20,568,FxFgVET0GLKFojvrla,GIF,11803
2026-07-20,569,6a3eNd7DeaD1dk11hn,GIF,11784
2026-07-20,570,TfKAAlWTfJBh06kQ5S,GIF,11660
2026-07-20,571,6DHkm44QfaRU4jjkTd,GIF,11596
2026-07-20,572,vWQ3cNvlZdFGn4P8mC,GIF,11464
2026-07-20,573,zIf83ye6vDhxzHKtUd,GIF,11376
2026-07-20,574,cIJp8Y1yZVnCzjXSjQ,GIF,11346
2026-07-20,575,V2cgY6r7FOSTkCgBS1,GIF,11307
2026-07-20,576,ysB7TRjZlCfK705Qsx,GIF,11249
2026-07-20,577,IhRt3YlSBJDDGKmVfA,GIF,11239
2026-07-20,578,K53ka9tKBWvdlEmEiQ,GIF,11198
2026-07-20,579,GxQiKyAy9kzwWgAClZ,GIF,11180
2026-07-20,580,FQaUqL5cxE07TVmEbM,GIF,11141
2026-07-20,581,pxIwqllLtTqwkP3P7q,GIF,11046
2026-07-20,582,toz148aIki3hNi79mi,GIF,10973
2026-07-20,583,GW5HlgHeRXwbcIRTAO,GIF,10931
2026-07-20,584,oU1Fo2c50feGpaWwDh,GIF,10781
2026-07-20,585,XHby9xOM0HPzPJ6tqF,GIF,10699
2026-07-20,586,HOOTxxN5gUjEhJDUzT,GIF,10589
2026-07-20,587,rI4yCkQXsGkvkN6qQy,GIF,10523
2026-07-20,588,nDLvxkW2XE2ZjcVKQR,GIF,10506
2026-07-20,589,qY5hBUyiQSBf79ntVr,GIF,10308
2026-07-20,590,9L7p0XupqB44TIXms9,GIF,10283
2026-07-20,591,RZrRtVNSxivmiqc4ms,GIF,10143
2026-07-20,592,sN3d7kXdPbvjlidiJz,GIF,10040
2026-07-20,593,UPnKAxvJFJWIJn1NNK,GIF,9839
2026-07-20,594,UzKPSpSLYsY3sTLQ7e,GIF,9730
2026-07-20,595,ocHIQm4HwUXQHcA1U0,GIF,9730
2026-07-20,596,5b6DvVHMPq5kG9QBE7,GIF,9666
2026-07-20,597,1gsEMwwsNPO36OxOQK,GIF,9658
2026-07-20,598,MVdhlDm19paYqtsMfF,GIF,9643
2026-07-20,599,HKNFJD7cAwpvlYa6p1,GIF,9634
2026-07-20,600,UpPyFzWrRSSCDjWW5S,GIF,9585
2026-07-20,601,Z9OWqReW3I4Jr4MEdB,GIF,9532
2026-07-20,602,jCb2I9TIDuTGehdSHx,GIF,9507
2026-07-20,603,31mHgJnJUAJXIB62kJ,GIF,9469
2026-07-20,604,KR0ABF8z9pul0Xn1vj,GIF,9434
2026-07-20,605,UHX8Z1xxM7q95ifvMN,GIF,9406
2026-07-20,606,lo0xHsbZsqAXm3DxRm,GIF,9344
2026-07-20,607,UxIqUYwwUampJ8DTtS,GIF,9300
2026-07-20,608,kAVvf8QMmCmXU7NDA6,GIF,9256
2026-07-20,609,XB8mTbeXNfl7OIlAkt,GIF,9160
2026-07-20,610,fLLDOs1PXL5od8aETL,GIF,9133
2026-07-20,611,qNokvWhj3oqF4D5q3D,GIF,9040
2026-07-20,612,hkJqI1Z2eMIZGjaLGr,GIF,8920
2026-07-20,613,kAZI2CjoJeDdkShdIp,GIF,8910
2026-07-20,614,MMQp5dVRWpDk5TKSk3,GIF,8840
2026-07-20,615,U4iDELyXogCfzk2SPc,GIF,8756
2026-07-20,616,WHFiPP52PG9th1XmMP,GIF,8640
2026-07-20,617,hPd95ZhVUZRpaqfS71,GIF,8495
2026-07-20,618,g1TgPevFB2j9fFhIUv,GIF,8311
2026-07-20,619,3bdT6rswZrdJAAXyIY,GIF,8227
2026-07-20,620,YEzgbuQKP7ilTDmGni,GIF,8163
2026-07-20,621,KlL7G6C1HWtdM3YHse,GIF,8099
2026-07-20,622,o582qaiYg31UCY2MHB,GIF,8099
2026-07-20,623,ifOOtGdoahRmSdfh4k,GIF,7992
2026-07-20,624,hZtR0YEJJ66b1a0Yrb,GIF,7985
2026-07-20,625,aFoEcC8r12zpxNNvSz,GIF,7888
2026-07-20,626,k8u0YOIFdyRsTb950U,GIF,7848
2026-07-20,627,m6uaoa7xX7Dg2HnF6p,GIF,7824
2026-07-20,628,ioikNOK6094SPdG2gY,GIF,7725
2026-07-20,629,iRowpDxl0o0Qs0f422,GIF,7718
2026-07-20,630,F0x8UfLG8yOQPPRCj9,GIF,7673
2026-07-20,631,2OZgYoYD7xUPQjGmsl,GIF,7287
2026-07-20,632,Pd6VbhzYBpVXqj1D2b,GIF,7261
2026-07-20,633,4Z5Et8yinfeZ1jfuJF,GIF,7260
2026-07-20,634,QozR1lmgh6PNPxiPDH,GIF,7221
2026-07-20,635,pq5a9erYX0mupYAw0r,GIF,7169
2026-07-20,636,btR3gAi7NqgMjA2aNz,GIF,7121
2026-07-20,637,NMa7tlk37iWeBOSmwr,GIF,7094
2026-07-20,638,9Se0FcKFZFCt7lM2x3,GIF,7027
2026-07-20,639,2MJOk63MZDgJLnCWbP,GIF,6751
2026-07-20,640,BKBmjqo7OhXyBwjnJ1,GIF,6717
2026-07-20,641,P2dP3D2kAzqcRPPaWr,GIF,6713
2026-07-20,642,tPrbmCVHFFg7K72O3L,GIF,6603
2026-07-20,643,VOuTYkX8OhXjetxwQ5,GIF,6332
2026-07-20,644,0iqkjAyJgiCpPLy3Fq,GIF,6331
2026-07-20,645,cR1Bnk7j1OAqINYtOY,GIF,6142
2026-07-20,646,cZYcjyCHHn2mk1ikmK,GIF,5927
2026-07-20,647,W04ps2Hb3KrzSRGeh6,GIF,5738
2026-07-20,648,bOLdbJxTL32fzUfQ79,GIF,5637
2026-07-20,649,JdCL1IXkf3ObMe1SIJ,GIF,5497
2026-07-20,650,YhWN4jrl9saWCBtYVs,GIF,5354
2026-07-20,651,oT8h0iLmJVj4OORrVw,GIF,5256
2026-07-20,652,zysC5B66n65evvIv2j,GIF,5120
2026-07-20,653,RwHdKDHMgbReieccJ4,GIF,5038
2026-07-20,654,pfDwG4T0vC4IxqS2eN,GIF,4967
2026-07-20,655,2fhhHvDo2dUJMgJFW6,GIF,4890
2026-07-20,656,MSUZpSsPXDiTRUuHTL,GIF,4779
2026-07-20,657,KksuC9fn8zo5RlERgg,GIF,4534
2026-07-20,658,xW6AwwdTobQgDZ3nAU,GIF,4340
2026-07-20,659,A1yl317Qn9BkRcNDyq,GIF,4209
2026-07-20,660,kqkgYGr6YOULDs5Fcn,GIF,3791
2026-07-20,661,1YIOwyDs2IK6MPvs3f,GIF,3575
2026-07-20,662,x61sB9WoV0TIwRSfsR,GIF,3556
2026-07-20,663,7HLrdcksEhIrZa9Zir,GIF,3527
2026-07-20,664,FrixhPI7XEfr3wS5yp,GIF,3436
2026-07-20,665,NzJ2mFSbkzVkj29CYP,GIF,3259
2026-07-20,666,Sfiri0PXigpGueBftO,GIF,16
2026-07-20,667,uKuw4epL1KjAqERkXv,GIF,4
2026-07-20,668,49lmGu0eQ7ISpToUTU,GIF,2
2026-07-27,1,S0GO7wvqciKU6znbFW,GIF,25498905
2026-07-27,2,VeQ7R5eLzOiZwny95R,GIF,11952322
2026-07-27,3,1MTfxcyrTyUFK9Zp3S,GIF,11103824
2026-07-27,4,YFsvkuJTxLc0uuNrhO,GIF,9825338
2026-07-27,5,Zil84rm4wvlWsJqo9C,GIF,9583812
2026-07-27,6,z1dXRwDsqrjs5KDOML,GIF,7002349
2026-07-27,7,s6eCu3KXqkq8sKt2pD,GIF,5782798
2026-07-27,8,6A9hefwTjvCDMURljb,GIF,5440436
2026-07-27,9,vFAra3l66GR59S9K40,GIF,4728162
2026-07-27,10,n20QOGJq9Smmy5c5Yx,GIF,3860366
2026-07-27,11,7UCWuilJRYlAu15j7U,GIF,3743746
2026-07-27,12,Tp7JErC4Ak5ZrF8ciK,GIF,3708866
2026-07-27,13,HXbjrTClytGyPjam3M,GIF,3582099
2026-07-27,14,hBt0VjWkZbFRBrBACu,GIF,3422595
2026-07-27,15,zFJd9Sp0856KS6dVtv,GIF,3170698
2026-07-27,16,VZ9JDjblGrqOCxqVFT,GIF,3120778
2026-07-27,17,01KHA2KdMQLQi136pi,GIF,3064496
2026-07-27,18,l8eIHDVeTwEm5VOjb1,GIF,2562851
2026-07-27,19,4XEUw17xG7OGK9nuJw,GIF,2504875
2026-07-27,20,ba5JMnrKk4o9z7yiP0,GIF,2398562
2026-07-27,21,3lTznm8qcjuD0dOyof,GIF,2241104
2026-07-27,22,kvrucA56Ge96PitAIf,GIF,2068977
2026-07-27,23,4yd3gQjXGb9aFks0bS,GIF,2034284
2026-07-27,24,gfv9pQSjyN83iR0zM0,GIF,1860849
2026-07-27,25,ykoTW1SqAFoUKMXfwl,GIF,1639734
2026-07-27,26,H1SV8pkPwh24wqRfyd,GIF,1628253
2026-07-27,27,Atd0AOMP5wrkqhYQpM,GIF,1620027
2026-07-27,28,NnvB50iO7TqUyBzFvl,GIF,1450791
2026-07-27,29,FjOH5YsFZv0M1wuIBb,GIF,1443117
2026-07-27,30,CQF6AFxLK2g5y2B2NN,GIF,1414162
2026-07-27,31,MmwWuKZzjxYw05RF8z,GIF,1391134
2026-07-27,32,AZgI9GQ4S4ul6qcA9u,GIF,1372340
2026-07-27,33,XCdhyRfbj2GvgufO0u,GIF,1340191
2026-07-27,34,Wmu62LX7EfEYjeZFom,GIF,1317383
2026-07-27,35,IvJvPYEXDOoV3ju64N,GIF,1277396
2026-07-27,36,zbFMPSL8EgDfqeBgWZ,GIF,1261994
2026-07-27,37,bbQA9p31wBCfGP7Lqq,GIF,1229855
2026-07-27,38,N20tM6nrrXQMl4HYWz,GIF,1173516
2026-07-27,39,BuT7JDz3OLtImz82QE,GIF,1143917
2026-07-27,40,HBz4ZFEBOWzRdBO70e,GIF,1121574
2026-07-27,41,ZfzDxoltZ5FyWrmTJl,GIF,1118708
2026-07-27,42,zbcPsquuTZdA0tMKBx,GIF,1095269
2026-07-27,43,mwnu1QWfjuMZbKdgcp,GIF,1013597
2026-07-27,44,XYGeNuYFTJxYanc1ij,GIF,1012847
2026-07-27,45,4yGaQKJE08kHXPuyMn,GIF,929867
2026-07-27,46,4zCNON1K71s6JXOFd5,GIF,926955
2026-07-27,47,pQxOnCwLvTBG4uf3KD,GIF,922129
2026-07-27,48,9dJzU7bFwJBIWjvWO0,GIF,890744
2026-07-27,49,z7kuboVsFhWrC6gJDp,GIF,884449
2026-07-27,50,5IYv7MHczMNdqnxWa1,GIF,864126
2026-07-27,51,g2KaTr5PnaMjjBUagH,GIF,846265
2026-07-27,52,pTNVcut8Um4qfqAn0v,GIF,841834
2026-07-27,53,6YX6lFHrE3n78eBvRu,GIF,840436
2026-07-27,54,qhb6MgP55rZQIiJPFf,GIF,827697
2026-07-27,55,w0t4WTCyVJfbNIAwdR,GIF,750759
2026-07-27,56,zuMnz0s1el2MO30gjg,GIF,748044
2026-07-27,57,oowpSQYkmY8zkkApHu,GIF,713576
2026-07-27,58,n4eta4zIkCRr6xbK2f,GIF,699425
2026-07-27,59,WT9XlpCYQY7PtmCLT4,GIF,697785
2026-07-27,60,6o7c1nxSuBTp6XIMzm,GIF,689307
2026-07-27,61,VUJFF1jbhxVFyUtLTJ,GIF,681687
2026-07-27,62,cj0jRYyipLPlzwLs0i,GIF,616215
2026-07-27,63,ZUwEmP2EchPgZetmps,GIF,601358
2026-07-27,64,xNJVAiSsa1wtC14act,GIF,595607
2026-07-27,65,ZtAisAoRQRuf0wlOqe,GIF,589201
2026-07-27,66,pGYHslrw9ZTEMk9Sn2,GIF,588104
2026-07-27,67,I70wiKkwEVZWC2HFAO,GIF,585665
2026-07-27,68,QBgFxeacBb59LMX5su,GIF,569901
2026-07-27,69,Brkoiafxyzb94gXrMa,GIF,569217
2026-07-27,70,3CjwLHLooBGmDorkzF,GIF,564003
2026-07-27,71,PMny68XCKFiABxd1SZ,GIF,562956
2026-07-27,72,VFmjfFzMv0JETVuokv,GIF,560911
2026-07-27,73,TWBEBifNIlRw3WZysb,GIF,542260
2026-07-27,74,C2wLIBhg6rnF2Vk5p3,GIF,539543
2026-07-27,75,p5EoYWZd7rXnSrk3A4,GIF,535634
2026-07-27,76,KyJWoY8DDDBnJMn5fY,GIF,535425
2026-07-27,77,TiuUji4KiJvFuzPFYg,GIF,528158
2026-07-27,78,VSmo1UmSEnNBOkzzKN,GIF,520868
2026-07-27,79,sGr4yrFK3BHDsEhSAM,GIF,518572
2026-07-27,80,qpJtW9XMVylfz7N32c,GIF,505727
2026-07-27,81,2Tmk43f9xbaX1HX5XW,GIF,505399
2026-07-27,82,WoJ1KruDxKQ1TdT7LG,GIF,499991
2026-07-27,83,XbEj9EvaOwUas4Zfkd,GIF,498682
2026-07-27,84,eEEVPZVPzXY9ceK13z,GIF,496870
2026-07-27,85,CLsZfPTw3az9SfokNz,GIF,496084
2026-07-27,86,67KY9IKgii3mZDcGQS,GIF,488284
2026-07-27,87,BxCTf1cNDlhFUdurmO,GIF,488208
2026-07-27,88,V7KYS0VPWVdhPFUj9Z,GIF,461491
2026-07-27,89,W4ZiN0w5JKJF4oK36b,GIF,434790
2026-07-27,90,8tQLdg1TjgKBuuPbco,GIF,430383
2026-07-27,91,yVkY5XkSGEbmGkqKlt,GIF,429954
2026-07-27,92,uXV0BqmxAJt7VKNgZh,GIF,422852
2026-07-27,93,GAczcLkdTCTPS01kQy,GIF,422689
2026-07-27,94,bKDPhQuR4aMtOTfzSz,GIF,420868
2026-07-27,95,ZqZUWuxULL0IZ3XdCW,GIF,414304
2026-07-27,96,hhL4cErWygGzv0PMwl,GIF,402368
2026-07-27,97,kFnvhvvnxA6KwTnIzA,GIF,401570
2026-07-27,98,tgLpK2WbZhGe0D6UbT,GIF,398413
2026-07-27,99,HU5ZX6NCZHrKdAkGtf,GIF,397482
2026-07-27,100,cPeIETb5b6zKnkngts,GIF,393060
2026-07-27,101,N2GUDdRZbdCdUzYkuw,GIF,379779
2026-07-27,102,9HtqtBJIrXjEyDlqtp,GIF,374666
2026-07-27,103,tsiV9e5BNYJs9N63xu,GIF,365448
2026-07-27,104,gSJLxCRJSAtTesQIH2,GIF,360277
2026-07-27,105,clODkNL8QqeiiLV871,GIF,350546
2026-07-27,106,soFxWwpvpFThVlZGd4,GIF,341061
2026-07-27,107,wDcx1Rm1hXxGKefyTR,GIF,332978
2026-07-27,108,9sKA3ibq7zX02Os7y4,GIF,332331
2026-07-27,109,Oa4QJT3Fb0zQ037mov,GIF,326762
2026-07-27,110,imjTWu6Vx9k0QJwpv4,GIF,326689
2026-07-27,111,i09kDxdM8snHxPKl1i,GIF,321222
2026-07-27,112,pUnbgneAsAFpw9wmzw,GIF,319647
2026-07-27,113,Px3XFOmPDLjRvP9YeG,GIF,318403
2026-07-27,114,toIRQFAFFCtAWwJveB,GIF,313172
2026-07-27,115,uZ7GOHTYg3w6hAPN9v,GIF,312000
2026-07-27,116,bktvFDtSnncI1w598s,GIF,306027
2026-07-27,117,woNoaZZ9V12dyjYjJo,GIF,304136
2026-07-27,118,gGTnOmNz9RWBhLAOww,GIF,303252
2026-07-27,119,3Vvcnjhme1hwqwMNke,GIF,302691
2026-07-27,120,QJ4gYE5K7A8FPhPHuX,GIF,301051
2026-07-27,121,sTKnZMlZKwYbtflXQq,GIF,296449
2026-07-27,122,l23aOmdgpH4PVpPOOF,GIF,294733
2026-07-27,123,VtZku1FNcJfdfJLPya,GIF,289465
2026-07-27,124,m0RdfAX3ZVq56g6Ufb,GIF,285910
2026-07-27,125,sGkjKXy02jm6wjrij1,GIF,278402
2026-07-27,126,H5b7aOpD0MCxbT3jFO,GIF,274769
2026-07-27,127,VaHgVrzYDaGrz7JRiX,GIF,274248
2026-07-27,128,FCtjJQzZME69CW6ttp,GIF,270300
2026-07-27,129,RcKxMa4JVupSJSMnhX,GIF,266448
2026-07-27,130,cwXLRZXXoL0np7eb72,GIF,264464
2026-07-27,131,Vtg7zkTTczN2bvodCG,GIF,260898
2026-07-27,132,gUn5uaz4fhAKi45l4u,GIF,260827
2026-07-27,133,ydtlZT2ZGwRKUS7k90,GIF,258586
2026-07-27,134,y2QSRInUPq9f5evJVB,GIF,257924
2026-07-27,135,prWnSRzSzVrBZLv41A,GIF,256823
2026-07-27,136,rcKw9ZKuo0lLFzIuuZ,GIF,252220
2026-07-27,137,iUmxhJqvJmf1ytmdok,GIF,252165
2026-07-27,138,x6TIee2JM9pBwc4MBG,GIF,245249
2026-07-27,139,6SPE2NmJboU2RJtzU7,GIF,245160
2026-07-27,140,49UXvksd1mD6ivtzSS,GIF,237663
2026-07-27,141,GMibniHgHabH5FsvSf,GIF,235980
2026-07-27,142,K4y1b339hvcqk45WJ9,GIF,235250
2026-07-27,143,tiqNAs5cs6O0h36elo,GIF,233784
2026-07-27,144,0QcUioJ7k6T2xRT6dI,GIF,232630
2026-07-27,145,5DIPupkmxQqmITQtN1,GIF,230824
2026-07-27,146,R60s9NrOwv5eTrRPzV,GIF,228557
2026-07-27,147,dgXu5U7aMzbfILnDcj,GIF,227137
2026-07-27,148,zAo4CHpNAaNDg27lmG,GIF,225840
2026-07-27,149,oC6Cx1YXBtvdoYXmZr,GIF,225538
2026-07-27,150,cYELoocQoVRmY2GRJq,GIF,225272
2026-07-27,151,TCYSBvF1McWeOViTdS,GIF,225266
2026-07-27,152,GJEvTVbP5UFX1rqFKc,GIF,219214
2026-07-27,153,6UDc6ioncYRxWDnp0G,GIF,218450
2026-07-27,154,WmTuF4gz4C3ZfoHQGw,GIF,217555
2026-07-27,155,54Lr6tnL43zux7QcZh,GIF,217319
2026-07-27,156,oxj2Z1k2cHtR0oZkqj,GIF,214941
2026-07-27,157,XR7PHHrmVHtqEK1gol,GIF,214747
2026-07-27,158,kg26UxATxZow3AsKZZ,GIF,211588
2026-07-27,159,fOGrNl1SGyw9ZF5Qeh,GIF,205385
2026-07-27,160,X8U2NmVTuTntFxGesd,GIF,204162
2026-07-27,161,V5xSpg6PoKMeC6mvhG,GIF,202306
2026-07-27,162,6vaqqwTzS6SuR36oIW,GIF,201156
2026-07-27,163,vaKM2dq2diEh9vUBQP,GIF,196192
2026-07-27,164,TkAIyyDEx6r2Qrm007,GIF,195524
2026-07-27,165,czdCrCBERAQKBOfOLo,GIF,195285
2026-07-27,166,ZlBrZ2naavOtI2qSAr,GIF,194075
2026-07-27,167,HoEkTdvUpnS9WvVPcF,GIF,192991
2026-07-27,168,9bIcqjJn0WBjTCqQOT,GIF,191354
2026-07-27,169,al9NLseK6dPr8Q0mZz,GIF,190934
2026-07-27,170,RUcKKOR9LAGm3Sy9CY,GIF,189844
2026-07-27,171,3oDwGbxOLEg8bEEJIQ,GIF,187865
2026-07-27,172,N4HpPRFRixdNxu1Fg8,GIF,185409
2026-07-27,173,xd0DzHA90wF0QspRKE,GIF,185053
2026-07-27,174,r1CQkqGt4aI7wr1Ohw,GIF,184961
2026-07-27,175,5grsDwlqX4kfy71Rdj,GIF,184411
2026-07-27,176,YfVEEx3kXDGBe8YKi8,GIF,184386
2026-07-27,177,MODuEqgpv6IROKtJrO,GIF,183297
2026-07-27,178,Lg6tJBqeg7Z8iHTvJK,GIF,181516
2026-07-27,179,3v4WsAL4dC4aMtTKdU,GIF,181300
2026-07-27,180,IJSJIxvbADdqn7J4Y3,GIF,178697
2026-07-27,181,AJYr4bWzAFjdGH9q0o,GIF,176002
2026-07-27,182,QoVAe2QifgvhK2rnTG,GIF,175312
2026-07-27,183,N8j7uvd3K7ewojOxxY,GIF,173913
2026-07-27,184,zKf31joKvY23SQdSTF,GIF,170807
2026-07-27,185,6C7KiVEfI724uCVi7b,GIF,170763
2026-07-27,186,7HumoY5K6oo1enpFWe,GIF,169640
2026-07-27,187,QGy9WgPA5wdXUx7yKE,GIF,168157
2026-07-27,188,5NxsFyN2WM2HjI1BpK,GIF,168130
2026-07-27,189,LUgxmNMnZ1OaYHqZGW,GIF,168047
2026-07-27,190,b40vcDOn7iizajr2oM,GIF,161344
2026-07-27,191,xoGxhyhEQOp0jXphxx,GIF,160412
2026-07-27,192,lGjWSowFgfSI3Q7CuM,GIF,160048
2026-07-27,193,hb9nhr6m3rjQeRs9jp,GIF,159925
2026-07-27,194,p6hxl3FX2QtPN1eWsj,GIF,157823
2026-07-27,195,ej3ZCWbOwLxwRNC2Kg,GIF,157626
2026-07-27,196,0jVa8eudaK9tG5KOUh,GIF,155785
2026-07-27,197,EMrPMmyufe1a1Tz1A5,GIF,154588
2026-07-27,198,no6Mm0U0L9Mv9tzvN9,GIF,149784
2026-07-27,199,ByodclSkYIdxh8KmGl,GIF,149760
2026-07-27,200,XQGaZGKKKFL5DGdt4Y,GIF,149650
2026-07-27,201,Zfddxu8Y4dgWz6ABMI,GIF,144677
2026-07-27,202,uejerzhWkT2nfV4ekh,GIF,144121
2026-07-27,203,wMeQ3go50ahhciuZwK,GIF,143674
2026-07-27,204,Xl33ygtw7ZElNbVTch,GIF,143355
2026-07-27,205,lMtSWlhMBsTkmUot5s,GIF,143190
2026-07-27,206,8WBfBgNcz3Ep1OvSUC,GIF,142626
2026-07-27,207,SAyhOhXMo16hk1ceaB,GIF,142510
2026-07-27,208,sKf6fbM0Fhn4keHMYX,GIF,140911
2026-07-27,209,WhOTaSjCzQyMAMBn5v,GIF,135523
2026-07-27,210,6guW2txh6RAr0RCnTP,GIF,134244
2026-07-27,211,LIqRddsJ488WR7JkgG,GIF,133989
2026-07-27,212,98ehMD8kX9bLkq9Gcw,GIF,133783
2026-07-27,213,R3h2NcJNbFNBpS4g6q,GIF,133631
2026-07-27,214,ncRqGV6vGvUMh7oR7x,GIF,132792
2026-07-27,215,CPApJWHvsT3o5VuKVK,GIF,131888
2026-07-27,216,aZhAXcAN33Makb02CK,GIF,131532
2026-07-27,217,JGbVQO4No1vjY8SRwp,GIF,130953
2026-07-27,218,wvmHbFg1ExLSSKMaOD,GIF,128463
2026-07-27,219,qeTcrWW3wozMaIX6Af,GIF,127359
2026-07-27,220,QytjwhKBE2ObyydwQb,GIF,127166
2026-07-27,221,6jMy4ML3746kQCwDNl,GIF,127065
2026-07-27,222,w4nv4DunM9a4tOEi3Y,GIF,126312
2026-07-27,223,0LBI2fJsWSO88UZip6,GIF,124627
2026-07-27,224,tZ7DeEmaE9nn2rqcF3,GIF,124037
2026-07-27,225,1L3Mvo7LQ6VfgJJT6I,GIF,124023
2026-07-27,226,pPqefCee0DWoNtfPaN,GIF,123338
2026-07-27,227,P4mW1PplxZFjLv81SQ,GIF,121633
2026-07-27,228,9HORd4teDGhOt46fEz,GIF,121165
2026-07-27,229,lHQGU1fP8dCpgZhRQ8,GIF,120480
2026-07-27,230,X2tAL568gaKEgB9Anv,GIF,118234
2026-07-27,231,5ssoenGB420wQegvln,GIF,117954
2026-07-27,232,DWuxEYZBw978LKWG1b,GIF,117331
2026-07-27,233,An7uqeayxR5J8dKHu4,GIF,114759
2026-07-27,234,jxA1BBEg6NzTQL7pvd,GIF,114363
2026-07-27,235,1Brq4LvOtRMIBJQi4U,GIF,114288
2026-07-27,236,nNlKQlqY4lK6qAxiQV,GIF,113787
2026-07-27,237,NFlNPPsEU6FSGuOk3e,GIF,113642
2026-07-27,238,nqEtJ6z9u3zHbdmFq9,GIF,113263
2026-07-27,239,O2iEG5r6EhWWPVCIMl,GIF,111435
2026-07-27,240,nohvpMrEwXy468gDFR,GIF,111023
2026-07-27,241,P6CpYQD8EQVdHmbBB7,GIF,110941
2026-07-27,242,3Ej0FdtgfzHznxfoaW,GIF,110284
2026-07-27,243,FS1BfSHSEcBM7oXgnd,GIF,108166
2026-07-27,244,2KDnf1jZTUJlrrasTZ,GIF,108071
2026-07-27,245,hRRHZWBCM1iGz8W69i,GIF,107783
2026-07-27,246,ymR0THwsC0ryufBoCC,GIF,107293
2026-07-27,247,Xy1embN5dYLxDL7J1h,GIF,107215
2026-07-27,248,TnYyD0Y5gHcxxIs60O,GIF,107086
2026-07-27,249,XCGc4SGOCWsIxXCteW,GIF,105774
2026-07-27,250,xal2XkbIQo668lc27M,GIF,105687
2026-07-27,251,0f7MezZNdfdf09G5MR,GIF,104280
2026-07-27,252,LM6727wPq5tzhvVLMJ,GIF,102701
2026-07-27,253,ew2RAEkOVb0O643Wtj,GIF,101527
2026-07-27,254,mYNEpIFkBXXyA3E2SJ,GIF,101318
2026-07-27,255,RJZFIKDrvM9UVstlHg,GIF,100539
2026-07-27,256,01gaL9yoKUBxA6lLSx,GIF,100325
2026-07-27,257,maNlF3eSXasPrO4QdO,GIF,98827
2026-07-27,258,ArFOjTGDqq45OKCAo4,GIF,97982
2026-07-27,259,3DDxEpa9LhhPXbXpoY,GIF,95848
2026-07-27,260,vtBtvkJFk09naDtqBk,GIF,95168
2026-07-27,261,gWRf9HI5C42rN1HirJ,GIF,95164
2026-07-27,262,PictPG2QUCZqYQ7QJm,GIF,95007
2026-07-27,263,gmEnnJ3Cj1fBPirnyp,GIF,94732
2026-07-27,264,BjiE1R8mHXxYRRhY0m,GIF,94605
2026-07-27,265,eGITs6JOnYa9vtjIwc,GIF,92981
2026-07-27,266,KcWVxQd0HvsbqguiXS,GIF,91741
2026-07-27,267,jzppiGwPog15PVElfH,GIF,91708
2026-07-27,268,PAHScnX9IEczmvTWFx,GIF,91364
2026-07-27,269,33ZJlVdrJfJqeZ8YAd,GIF,91155
2026-07-27,270,8rDd90ItBDko5IMjqu,GIF,90081
2026-07-27,271,pPGGvsQjn9xJb55F8i,GIF,89755
2026-07-27,272,unRjgoWoUAFhPVQLY9,GIF,88860
2026-07-27,273,v5PJmNVxWOTTThmnQg,GIF,88481
2026-07-27,274,zdfDUrgmjZWA1HNsfu,GIF,88342
2026-07-27,275,MgeNDcgT4gXYn338jR,GIF,88339
2026-07-27,276,bff86XIkSNuway0pUU,GIF,87644
2026-07-27,277,4agkjC6mUqzk4Ij9jS,GIF,87609
2026-07-27,278,a8ZxCyyxdwfSsqTwsL,GIF,87560
2026-07-27,279,Z43RfKcmhr06OQ5ae2,GIF,86335
2026-07-27,280,tA9rysiKx5ifhNfO2T,GIF,84950
2026-07-27,281,IXMc63EIZGgNlNQNZD,GIF,82455
2026-07-27,282,VWeSrHKWQs9WHgEkvh,GIF,82013
2026-07-27,283,2fR6fBgW6BZU1CPIqG,GIF,81836
2026-07-27,284,4zJ0Gf0UHqoyJTiJij,GIF,81296
2026-07-27,285,XjiCTell4KeSfAqaQZ,GIF,80238
2026-07-27,286,tMZ7ky54PGeypqgalT,GIF,79589
2026-07-27,287,w59SdHiwZO84yaEl4U,GIF,78086
2026-07-27,288,WxxWLGWv6UUZdsT2lS,GIF,77691
2026-07-27,289,GGxYV9J86hAuLOftmX,GIF,77543
2026-07-27,290,QIpziLuXhTywLdbIkQ,GIF,77475
2026-07-27,291,shE8kiyTqgMBGFmkLs,GIF,77065
2026-07-27,292,zSoJATxvNy74D0WE4l,GIF,76800
2026-07-27,293,QMj3VgVVShzZkjSxTd,GIF,76594
2026-07-27,294,QyRWxP3YleogvGmo01,GIF,76555
2026-07-27,295,ptWaTNOtCbJyFoPOsI,GIF,75912
2026-07-27,296,jRRG7jt2Js6MacrDGd,GIF,75729
2026-07-27,297,fAP7QAJ1xFD6JTFM1e,GIF,75403
2026-07-27,298,SglBDgyXDRttbNrLM2,GIF,75294
2026-07-27,299,9h1jNCrbYXENVlj1FP,GIF,73807
2026-07-27,300,BG3Zejm7Xdx6wWUf1s,GIF,73206
2026-07-27,301,XIxeCLHT9zVohiL4T9,GIF,72393
2026-07-27,302,uCLrRaHsmPHmSNVkY8,GIF,72292
2026-07-27,303,mruAYNxpRfWT7zWOVa,GIF,71777
2026-07-27,304,Gs7S4vm03HWudtCUxT,GIF,71599
2026-07-27,305,m6Ldp765JS1TOc1epw,GIF,70315
2026-07-27,306,8Ju2XpAU8kax6RU9pd,GIF,69313
2026-07-27,307,BAvIhFpn2zXzDlaAKV,GIF,68739
2026-07-27,308,yK7UnYilNJehrLYsIm,GIF,68264
2026-07-27,309,1XZi1EWSQLY3rMU5hb,GIF,68149
2026-07-27,310,LOVAgqCndxbF0yVSvH,GIF,68078
2026-07-27,311,fJ9p947OpjYoUJv4pq,GIF,67788
2026-07-27,312,kkOOWhftIUKH1gRFI3,GIF,66025
2026-07-27,313,uZCGmkB8j9Y2LrKCgC,GIF,64616
2026-07-27,314,Foo1QLxlFskrsgYXD8,GIF,64224
2026-07-27,315,x7ukpMi4J3VotdbBxy,GIF,64221
2026-07-27,316,TL448BG9MrQXfVRka2,GIF,63882
2026-07-27,317,VTG38I0RqkksEgqTdJ,GIF,63686
2026-07-27,318,hUgUnBmpjUXA8w2eBC,GIF,63258
2026-07-27,319,PJDjRlqkTOWG8CAWNa,GIF,63218
2026-07-27,320,NZNjSEXDfUQbmupjJW,GIF,62983
2026-07-27,321,R4K3oSgQ7goRV5dQW2,GIF,62430
2026-07-27,322,99L1Ri4cmx4aZ82imT,GIF,62311
2026-07-27,323,6qI2NYWngdAxxVX1zJ,GIF,62267
2026-07-27,324,mLYuk0RvMxWAISGnCA,GIF,61407
2026-07-27,325,tG40NFJ94fjjn3vRXR,GIF,61355
2026-07-27,326,RYjyZx74LQ511YUxgW,GIF,61089
2026-07-27,327,Zw9IYZoi4lR40x6kOh,GIF,60832
2026-07-27,328,VaSaGr35NjXb2lexto,GIF,60172
2026-07-27,329,5Cniu3sjAb3IHZD5Bh,GIF,60104
2026-07-27,330,YoWUM76JMiAUKm9ggl,GIF,60019
2026-07-27,331,KPVPfTOGhR4ZDXsBWA,GIF,60006
2026-07-27,332,bfb6MDov8wj5qopEZC,GIF,59910
2026-07-27,333,6JNI1PXys4vMII0f9A,GIF,59695
2026-07-27,334,MU4wAQ5AZqlBJTyGFw,GIF,59649
2026-07-27,335,vXbH7KQWGqNe9heXju,GIF,59623
2026-07-27,336,29Z7C8nHD9ijZuMqTV,GIF,59574
2026-07-27,337,Smkq4gh20rTCo9XA5K,GIF,59377
2026-07-27,338,NU5arjj8ut7RpNelJ9,GIF,59222
2026-07-27,339,1yWBEir2xnNtXtsIt9,GIF,58764
2026-07-27,340,6Zo8j3dDBwQsYvhISc,GIF,58702
2026-07-27,341,XYiDNupHyw1MaXyFbY,GIF,58622
2026-07-27,342,WxKKJGKsUUWPJgkf4N,GIF,58519
2026-07-27,343,T0MPbboDiC4fnKtpKF,GIF,58501
2026-07-27,344,592ZMrdelj8j8DlQ2w,GIF,57983
2026-07-27,345,0OVzKdoHvIwJL7RduN,GIF,57551
2026-07-27,346,cfLHHFi62dBMYsloN7,GIF,56986
2026-07-27,347,aow0lDW9gAStommdsS,GIF,56954
2026-07-27,348,TFVI6cSKjVwPaqZVKR,GIF,56306
2026-07-27,349,nRd5z0hIeY7xQz1yai,GIF,55451
2026-07-27,350,4QXKOejCxZAOvUfjxZ,GIF,55382
2026-07-27,351,XzFg2ZpcLiS4s3N1KC,GIF,54524
2026-07-27,352,go703FNMkaozEq7tqJ,GIF,54003
2026-07-27,353,PlShyiN5tlquexvBB2,GIF,53596
2026-07-27,354,GT9cgAAAtfM5JgcZpQ,GIF,53487
2026-07-27,355,XCB5P8yCHz9CiAl41q,GIF,53285
2026-07-27,356,EbEX6H0ZYbCTI9nI25,GIF,52283
2026-07-27,357,kQRBgO3pn3vEnFTgXa,GIF,51367
2026-07-27,358,JfqESuqy1kOf3HTr8Y,GIF,51251
2026-07-27,359,7t1kN8b7GyZljUC36u,GIF,51152
2026-07-27,360,ZUtSEAyBuCcewmA29F,GIF,50051
2026-07-27,361,MZExsocb7ggfMPqiBk,GIF,49627
2026-07-27,362,a3sOeDI1ZuE2UEGEjr,GIF,49615
2026-07-27,363,5IVmTwSUBkM26gnwiT,GIF,49115
2026-07-27,364,StRtbzWfsgs33wpW3M,GIF,48743
2026-07-27,365,dCqQrUmPgICwfSYzgi,GIF,48576
2026-07-27,366,ywVDodGGYpgsU7vb0Q,GIF,48508
2026-07-27,367,ZEleEa4pY0l7ufKnSY,GIF,48007
2026-07-27,368,RKSWD89SckpaCkF7lB,GIF,47746
2026-07-27,369,N6xT6C3SVJJSwH8Mgl,GIF,47621
2026-07-27,370,YRgKKGuDWNqdVKUsJK,GIF,47343
2026-07-27,371,z2RmddzZET8w5zZtyb,GIF,46745
2026-07-27,372,QU3jtBvOsGT110czty,GIF,46542
2026-07-27,373,YIVMHeeUzrNYt7qSqJ,GIF,46348
2026-07-27,374,MrHh6mgOcdoAAO4tz0,GIF,46020
2026-07-27,375,mnFrveFv1O0NCcXXRg,GIF,45923
2026-07-27,376,Jzp6EmR66Abn9ExWls,GIF,45697
2026-07-27,377,JhkFcH98uvMrnDgmn6,GIF,44888
2026-07-27,378,0rAnJ9bILAp2bIGcpT,GIF,44584
2026-07-27,379,9IwfTwulCPEiDADHzx,GIF,44380
2026-07-27,380,2XhJxylc2hyATdyLCy,GIF,44158
2026-07-27,381,IvciiQcSOnH7gFlwnK,GIF,43935
2026-07-27,382,JcOB2VB2OeXB5ExpHH,GIF,43471
2026-07-27,383,aW3mqoINZ433Rj4TMz,GIF,42771
2026-07-27,384,vnuMwvlswGMW38poq2,GIF,42742
2026-07-27,385,5bLSkn2OEV2LU4IPHI,GIF,42187
2026-07-27,386,J3HhbqcC2mKM6eetbu,GIF,41837
2026-07-27,387,mp4uQj1yhchE0FJb19,GIF,41814
2026-07-27,388,WDTFmWErrBo9vvuMJ5,GIF,41788
2026-07-27,389,j70G4xGbIAyl69HjSG,GIF,41208
2026-07-27,390,QTRlMVKXeT15fGVLbk,GIF,41205
2026-07-27,391,WCIkiuYpS3S6XKV8Rn,GIF,41181
2026-07-27,392,ZeK2ek6RtyEL73iY0B,GIF,41044
2026-07-27,393,A2z7pVURqwz3BlQdQp,GIF,40900
2026-07-27,394,mp178ZHLC4sHfOgO12,GIF,40279
2026-07-27,395,9F3kTka3lWs1MoyUW4,GIF,39610
2026-07-27,396,dxie0mdUARIwhn2yee,GIF,39176
2026-07-27,397,U6zenm1kWFjycNTkdz,GIF,39019
2026-07-27,398,N4Aef2XhTGp692NZx7,GIF,38794
2026-07-27,399,CKVjlqUmBZdyT7d3W7,GIF,38658
2026-07-27,400,7rJDG9tWHp7KA9rDDq,GIF,38260
2026-07-27,401,UwKnpGaeFmihxIEt4Z,GIF,38150
2026-07-27,402,NCXTJOeB6clLl1XIHm,GIF,37998
2026-07-27,403,Ksyo02KzynpxSGIdiu,GIF,37981
2026-07-27,404,DvT1BeIHu3ChyybxkR,GIF,37980
2026-07-27,405,bzs9ftqVS6wCqrRuWx,GIF,37751
2026-07-27,406,DArpiMDTC0np9ytWe8,GIF,37424
2026-07-27,407,FzxAj0hfgyAdsW40AC,GIF,37240
2026-07-27,408,wdwglOfifi6NYq9tjO,GIF,37181
2026-07-27,409,jJjpM5aG60awjoTpKb,GIF,36939
2026-07-27,410,RlkKf5MBzEjqzqN3Pt,GIF,36917
2026-07-27,411,PdVb9g4MVTNgQ2OL26,GIF,36873
2026-07-27,412,kfjRVgBKSfpje8yaL1,GIF,36441
2026-07-27,413,DGjlGcceVl5RDQC6v7,GIF,36187
2026-07-27,414,CaEoDtcNHxY0y3Ll4k,GIF,36101
2026-07-27,415,pUCY24xEv3FuNvWA54,GIF,35980
2026-07-27,416,BCu7HM8TzjOxYRWxCB,GIF,35522
2026-07-27,417,UR5a8u78Xa7VdtyJIS,GIF,35303
2026-07-27,418,kmGi3ucTvgLv6pA7rE,GIF,35240
2026-07-27,419,saM8smyVfRy2WxXNf3,GIF,34908
2026-07-27,420,2FbqKii3sahcmtOgU2,GIF,34839
2026-07-27,421,V2iTAiTz1UENEuooXW,GIF,34591
2026-07-27,422,lDvigQV6SivDb1PP17,GIF,34419
2026-07-27,423,9x7iTJfqgFQMCs0cvY,GIF,34306
2026-07-27,424,2XtaKuSyUmADvFNWeB,GIF,34238
2026-07-27,425,1qJHVFYH15SpmhSykp,GIF,33802
2026-07-27,426,fsCP6Oda0qmhcNPKE1,GIF,33656
2026-07-27,427,D41XyjutopurXno57q,GIF,33512
2026-07-27,428,d07pfKl4LYFx9eOGnG,GIF,33219
2026-07-27,429,6nsJtjKzfX0DYG6Fg8,GIF,32944
2026-07-27,430,M466iBsWoTlNojJbyk,GIF,32673
2026-07-27,431,8HsLMUNvbQnVzLWcty,GIF,32603
2026-07-27,432,A5psYAq3PRYT26n0j8,GIF,32549
2026-07-27,433,kg7ti21Zmn5y1AtniN,GIF,32515
2026-07-27,434,IbdIiqy5nHTtHJKeuA,GIF,32497
2026-07-27,435,KyUIjPQuLolO6vfaFD,GIF,32269
2026-07-27,436,fFcZ7GbvG7949eU5xg,GIF,32193
2026-07-27,437,4I8DiIUSUnnTBauMmF,GIF,31886
2026-07-27,438,b7B608uSFXLuR9yWYH,GIF,31857
2026-07-27,439,kIF7T5i5o9pEglhEHa,GIF,31740
2026-07-27,440,YeGuStp7fomlR6Gj8o,GIF,31504
2026-07-27,441,V65BD1iwdbErs5NDw7,GIF,30817
2026-07-27,442,lUrvU5C0ui1UixvK9l,GIF,30102
2026-07-27,443,51xCLRv58gqjYM63YV,GIF,30062
2026-07-27,444,dRdbbodInaw9ngy2et,GIF,29756
2026-07-27,445,FXlBfysZeccejSPXLN,GIF,29749
2026-07-27,446,QgBxz4jlNWpq4U0VBL,GIF,29615
2026-07-27,447,1knediJpPduWeBBS7N,GIF,29377
2026-07-27,448,EsTiklBWYzosIzPluo,GIF,28742
2026-07-27,449,rqRCINmIhqekY7cxwt,GIF,28254
2026-07-27,450,Do7K8nCJQrwf7gsrRm,GIF,28246
2026-07-27,451,lJGL45KeCLzPSaUgTV,GIF,28011
2026-07-27,452,zkn7BLV7uUc5Orkzzr,GIF,27909
2026-07-27,453,Ei2OUMXIhbpl8zcg07,GIF,27764
2026-07-27,454,DBNUsVBmNhdqMaetuc,GIF,27682
2026-07-27,455,bnqEjEUGGVrwEqWNJ0,GIF,27682
2026-07-27,456,65WZEH3DbzTOskjZ9F,GIF,27437
2026-07-27,457,HeFCcdgF37XybNbJM1,GIF,27433
2026-07-27,458,E7J4gMgNzH8P5fJIir,GIF,27345
2026-07-27,459,yiNGJnacgioeujOFDw,GIF,27261
2026-07-27,460,iVj1jzisyn9qoy0HwT,GIF,27101
2026-07-27,461,qvGvze34SYzFy0IOjo,GIF,26824
2026-07-27,462,1d6N0pb13wv2X6Qqhh,GIF,26617
2026-07-27,463,Jj6MUSSOBIS7iy4cHl,GIF,26586
2026-07-27,464,TfKAAlWTfJBh06kQ5S,GIF,26512
2026-07-27,465,NKb9LW9MrxO48Cd9Mu,GIF,26396
2026-07-27,466,hftSnrV7jiNn6MkQk4,GIF,26326
2026-07-27,467,znORHj4fd8MAN7gbLr,GIF,26183
2026-07-27,468,e0tqAwofWcxXx9iIN2,GIF,26012
2026-07-27,469,ZIv6jXtuNWmqe8i4d8,GIF,26009
2026-07-27,470,kCbiTm717MlCNnAxeU,GIF,25744
2026-07-27,471,oEK27lR1AH4L1uw531,GIF,25396
2026-07-27,472,z3cQyCScaa6eQAPGxM,GIF,25227
2026-07-27,473,BEH8snVdAHDiqrRvhv,GIF,24909
2026-07-27,474,oVgehCwEPrMbYJAeuH,GIF,24819
2026-07-27,475,JGpns399tHOQYO7P9u,GIF,24679
2026-07-27,476,GMsykn2kFJhMIBPMb9,GIF,24474
2026-07-27,477,zQxSWfx8MQYyxMzLTW,GIF,24425
2026-07-27,478,Y88yhiJDH6tRpPaQ9Y,GIF,24356
2026-07-27,479,U2RkG4c7Vpaz9UnSuZ,GIF,24144
2026-07-27,480,M3DQRSj2ZR4BSXZMlX,GIF,24044
2026-07-27,481,dszvmLR6BjdJ3cN3B5,GIF,23999
2026-07-27,482,l5ZWNLnfskv9LTE03S,GIF,23800
2026-07-27,483,hvHkkgdpNyYBCNwWii,GIF,23757
2026-07-27,484,d6ZMxXqdHwzsYsjIfP,GIF,23745
2026-07-27,485,9C0eEDiObWC3COXjXj,GIF,23649
2026-07-27,486,9YVJ3QFI0T2T1huuOt,GIF,23608
2026-07-27,487,jQgLlzy0ZT54ZCBLTt,GIF,23519
2026-07-27,488,xD1vpKInrkzJ3Fxael,GIF,23229
2026-07-27,489,HviuxhG9WFXzbBpjJe,GIF,22912
2026-07-27,490,KB4yS05ErAJldfsNj8,GIF,22875
2026-07-27,491,SQwDBfwWSCoRe4PcNJ,GIF,22874
2026-07-27,492,cxkFjp3QZGzSh1Iyxz,GIF,22859
2026-07-27,493,4bXiLL05WASnteKd7V,GIF,22852
2026-07-27,494,S8nncQt2T539fDIA0b,GIF,22788
2026-07-27,495,c14InbFxtr5gAFCZfy,GIF,22354
2026-07-27,496,QQeMYCJmSK3CvnW69G,GIF,22105
2026-07-27,497,nfDB8cFWhS4Dee2sgL,GIF,21861
2026-07-27,498,zC1NmByT5WMiTaMHQS,GIF,21746
2026-07-27,499,VErfqZkulaxhehX9uN,GIF,21714
2026-07-27,500,hwIq8i6Qi7UnUGbacf,GIF,21545
2026-07-27,501,X4AaDMS42L6wqp9I4S,GIF,21539
2026-07-27,502,0citpjho00ObF3pMEm,GIF,21501
2026-07-27,503,kc5sCk8smIzR9bEVmq,GIF,21433
2026-07-27,504,sT7JTqgV96345rxK6n,GIF,21358
2026-07-27,505,XPN3II0GRNvYBEbxqs,GIF,21298
2026-07-27,506,xQNauBqQ1WrqCAPuRE,GIF,21119
2026-07-27,507,JbyrV7bzRuZeOpzb30,GIF,21004
2026-07-27,508,fkhqUwfGzSYOrSTJp9,GIF,20834
2026-07-27,509,wyVRFz9fJaE5B8IZ2I,GIF,20519
2026-07-27,510,JkGNpFYB3cY7FHn9sx,GIF,20439
2026-07-27,511,gMAqaGlYLH1LnHhSQu,GIF,20412
2026-07-27,512,YOy4wfZdVp39GaHWHa,GIF,20393
2026-07-27,513,IipkQotlmo8Sh1ABvk,GIF,20070
2026-07-27,514,syTxsyJjCeublic7d4,GIF,19699
2026-07-27,515,5050Byd8dZiD8S7OQo,GIF,19480
2026-07-27,516,sgLnfOIYS7BUIHXUxC,GIF,19423
2026-07-27,517,aA455rZHUzTePr7fRv,GIF,19336
2026-07-27,518,toz148aIki3hNi79mi,GIF,19225
2026-07-27,519,6a3eNd7DeaD1dk11hn,GIF,19132
2026-07-27,520,ybF46HrsLDFuMrg0NO,GIF,18837
2026-07-27,521,x6u2P1xWEqpnimsun6,GIF,18704
2026-07-27,522,X29WgAKGLutorgO69Y,GIF,18474
2026-07-27,523,LcCD3TkQe4SJroMYz5,GIF,18310
2026-07-27,524,xdfUlTMvx8p3k8Taet,GIF,18293
2026-07-27,525,x3LVct059nDJWWHnBs,GIF,18024
2026-07-27,526,hLlrlSXRBLz2a3Fa9b,GIF,17938
2026-07-27,527,tUcJ0CqH4BsIKAIDrB,GIF,17400
2026-07-27,528,3So6FuGb7wVk14P481,GIF,17377
2026-07-27,529,U0K68elO5NOob4q372,GIF,17362
2026-07-27,530,UzKPSpSLYsY3sTLQ7e,GIF,17290
2026-07-27,531,FxFgVET0GLKFojvrla,GIF,17225
2026-07-27,532,6DHkm44QfaRU4jjkTd,GIF,17140
2026-07-27,533,pKUmbMGZ5eNwfcEOwB,GIF,17084
2026-07-27,534,RHu5cVwkEKODGJMFhD,GIF,17072
2026-07-27,535,Ad00UhfBWCrf6iIraA,GIF,17061
2026-07-27,536,0r0YUGcSj97ueZws1I,GIF,16968
2026-07-27,537,9L7p0XupqB44TIXms9,GIF,16924
2026-07-27,538,oLP7BIj99u0sFUlnsV,GIF,16881
2026-07-27,539,s4hSWA7C4PRGJwjwkp,GIF,16846
2026-07-27,540,pzLy6Kcx9jyVz05UxB,GIF,16689
2026-07-27,541,2AHzoH7CI4TQeyzYCD,GIF,16580
2026-07-27,542,MibqmLIdqxwQepv1u4,GIF,16572
2026-07-27,543,cpWDzbkGXinjazXAsQ,GIF,16459
2026-07-27,544,tFyjXDG8DdgV7jbV1B,GIF,16435
2026-07-27,545,Fh1YBOMQy8ivv5QNzd,GIF,16297
2026-07-27,546,pWYoNgRTTOcpQEGdh4,GIF,16239
2026-07-27,547,uYAAG52VMeqNbeKxrw,GIF,16110
2026-07-27,548,dBEeUL0mbzScibZaSv,GIF,16028
2026-07-27,549,W2qRsuV2W45gij9eyQ,GIF,15861
2026-07-27,550,RjBXlk32cZwWJwL4gS,GIF,15824
2026-07-27,551,AhaWzd6OjdlgzY8poL,GIF,15758
2026-07-27,552,GxQiKyAy9kzwWgAClZ,GIF,15551
2026-07-27,553,j4tl0BRFWySCPi8I98,GIF,15541
2026-07-27,554,bbd845md4bBhtzxnP2,GIF,15439
2026-07-27,555,2jcJ3HFGUHkTyioaUT,GIF,15347
2026-07-27,556,sN3d7kXdPbvjlidiJz,GIF,15315
2026-07-27,557,akR7RsXOEBsCpVxsp6,GIF,15257
2026-07-27,558,xjLbBByLJ19X487OlI,GIF,15028
2026-07-27,559,wulH1pzgOUFXQQNyor,GIF,14912
2026-07-27,560,G4bRYCUE94lLd7ftFC,GIF,14909
2026-07-27,561,tRWPZFwfKYTcaQ0Vut,GIF,14883
2026-07-27,562,AkjBpF1TnoWQNI57N8,GIF,14871
2026-07-27,563,LgaosMJFuBdaBg4Zqw,GIF,14865
2026-07-27,564,hVlGeCHhXYdIj5VuGy,GIF,14816
2026-07-27,565,U4iDELyXogCfzk2SPc,GIF,14772
2026-07-27,566,4iC6WmsVhfZAeGj178,GIF,14650
2026-07-27,567,UGSaXOiJokVFwXEoAT,GIF,14630
2026-07-27,568,UxIqUYwwUampJ8DTtS,GIF,14566
2026-07-27,569,UiN6zWG0ArXRCn52L0,GIF,14459
2026-07-27,570,eSfJodS0foTOVqrBg1,GIF,14200
2026-07-27,571,vgMxyT3D5Nf7YtgLEN,GIF,14165
2026-07-27,572,UM7sju7MO1wK6KpVdR,GIF,14122
2026-07-27,573,31mHgJnJUAJXIB62kJ,GIF,14043
2026-07-27,574,vWQ3cNvlZdFGn4P8mC,GIF,13785
2026-07-27,575,OlLlVUZxrcqZm6RPza,GIF,13652
2026-07-27,576,UPnKAxvJFJWIJn1NNK,GIF,13648
2026-07-27,577,ob50T7GkSbkLLSRhQn,GIF,13567
2026-07-27,578,rI4yCkQXsGkvkN6qQy,GIF,13461
2026-07-27,579,XniMEEmJBr9ukfaFPg,GIF,13217
2026-07-27,580,1gsEMwwsNPO36OxOQK,GIF,13183
2026-07-27,581,ApgAv4fFKYE5zQmdet,GIF,13032
2026-07-27,582,QSA6gWBwyyXJIzo0gE,GIF,12864
2026-07-27,583,Atdw4UUjkYNWJaCahh,GIF,12771
2026-07-27,584,RZrRtVNSxivmiqc4ms,GIF,12705
2026-07-27,585,GW5HlgHeRXwbcIRTAO,GIF,12596
2026-07-27,586,ysB7TRjZlCfK705Qsx,GIF,12539
2026-07-27,587,7uuBgvGPs6E5EttML4,GIF,12473
2026-07-27,588,FQaUqL5cxE07TVmEbM,GIF,12428
2026-07-27,589,IhRt3YlSBJDDGKmVfA,GIF,12409
2026-07-27,590,cIJp8Y1yZVnCzjXSjQ,GIF,12388
2026-07-27,591,V2cgY6r7FOSTkCgBS1,GIF,12298
2026-07-27,592,G0FL2jcpanSQMex6pQ,GIF,12256
2026-07-27,593,oU1Fo2c50feGpaWwDh,GIF,12236
2026-07-27,594,2OZgYoYD7xUPQjGmsl,GIF,12123
2026-07-27,595,hPd95ZhVUZRpaqfS71,GIF,12113
2026-07-27,596,ifOOtGdoahRmSdfh4k,GIF,12065
2026-07-27,597,zIf83ye6vDhxzHKtUd,GIF,12023
2026-07-27,598,K53ka9tKBWvdlEmEiQ,GIF,11767
2026-07-27,599,BKBmjqo7OhXyBwjnJ1,GIF,11729
2026-07-27,600,HOOTxxN5gUjEhJDUzT,GIF,11659
2026-07-27,601,XHby9xOM0HPzPJ6tqF,GIF,11583
2026-07-27,602,pxIwqllLtTqwkP3P7q,GIF,11531
2026-07-27,603,iRowpDxl0o0Qs0f422,GIF,11443
2026-07-27,604,UHX8Z1xxM7q95ifvMN,GIF,11252
2026-07-27,605,nDLvxkW2XE2ZjcVKQR,GIF,11195
2026-07-27,606,4Z5Et8yinfeZ1jfuJF,GIF,11131
2026-07-27,607,qY5hBUyiQSBf79ntVr,GIF,10942
2026-07-27,608,UpPyFzWrRSSCDjWW5S,GIF,10815
2026-07-27,609,KR0ABF8z9pul0Xn1vj,GIF,10685
2026-07-27,610,Z9OWqReW3I4Jr4MEdB,GIF,10359
2026-07-27,611,HKNFJD7cAwpvlYa6p1,GIF,10338
2026-07-27,612,MVdhlDm19paYqtsMfF,GIF,10306
2026-07-27,613,jCb2I9TIDuTGehdSHx,GIF,10298
2026-07-27,614,kAZI2CjoJeDdkShdIp,GIF,10208
2026-07-27,615,ocHIQm4HwUXQHcA1U0,GIF,10159
2026-07-27,616,5b6DvVHMPq5kG9QBE7,GIF,10148
2026-07-27,617,lo0xHsbZsqAXm3DxRm,GIF,10146
2026-07-27,618,3bdT6rswZrdJAAXyIY,GIF,10059
2026-07-27,619,cR1Bnk7j1OAqINYtOY,GIF,9964
2026-07-27,620,WHFiPP52PG9th1XmMP,GIF,9929
2026-07-27,621,hkJqI1Z2eMIZGjaLGr,GIF,9912
2026-07-27,622,kAVvf8QMmCmXU7NDA6,GIF,9857
2026-07-27,623,MMQp5dVRWpDk5TKSk3,GIF,9805
2026-07-27,624,qNokvWhj3oqF4D5q3D,GIF,9795
2026-07-27,625,cZYcjyCHHn2mk1ikmK,GIF,9792
2026-07-27,626,k8u0YOIFdyRsTb950U,GIF,9773
2026-07-27,627,XB8mTbeXNfl7OIlAkt,GIF,9730
2026-07-27,628,ioikNOK6094SPdG2gY,GIF,9506
2026-07-27,629,fLLDOs1PXL5od8aETL,GIF,9433
2026-07-27,630,PElQbTO025s7BK5sIP,STICKER,9187
2026-07-27,631,YEzgbuQKP7ilTDmGni,GIF,9122
2026-07-27,632,aFoEcC8r12zpxNNvSz,GIF,9087
2026-07-27,633,g1TgPevFB2j9fFhIUv,GIF,9010
2026-07-27,634,hZtR0YEJJ66b1a0Yrb,GIF,8961
2026-07-27,635,RwHdKDHMgbReieccJ4,GIF,8892
2026-07-27,636,kAT28QxsTzw2o9sGe3,STICKER,8790
2026-07-27,637,JdCL1IXkf3ObMe1SIJ,GIF,8778
2026-07-27,638,m6uaoa7xX7Dg2HnF6p,GIF,8761
2026-07-27,639,KlL7G6C1HWtdM3YHse,GIF,8675
2026-07-27,640,FGnXiLnpzUXJ27Y8jD,GIF,8607
2026-07-27,641,74V7r5XLB5PcOoGMbA,STICKER,8564
2026-07-27,642,Pd6VbhzYBpVXqj1D2b,GIF,8412
2026-07-27,643,o582qaiYg31UCY2MHB,GIF,8376
2026-07-27,644,bOLdbJxTL32fzUfQ79,GIF,8287
2026-07-27,645,F0x8UfLG8yOQPPRCj9,GIF,8284
2026-07-27,646,YhWN4jrl9saWCBtYVs,GIF,8280
2026-07-27,647,kkILXGQSJTp4z0TXb7,GIF,8244
2026-07-27,648,TDoPnJKJI06YrVOrtI,STICKER,8189
2026-07-27,649,9ReJWTZDpvch3KYppQ,GIF,8091
2026-07-27,650,NMa7tlk37iWeBOSmwr,GIF,7954
2026-07-27,651,9Se0FcKFZFCt7lM2x3,GIF,7916
2026-07-27,652,QozR1lmgh6PNPxiPDH,GIF,7885
2026-07-27,653,MSUZpSsPXDiTRUuHTL,GIF,7872
2026-07-27,654,zysC5B66n65evvIv2j,GIF,7867
2026-07-27,655,btR3gAi7NqgMjA2aNz,GIF,7855
2026-07-27,656,pq5a9erYX0mupYAw0r,GIF,7812
2026-07-27,657,fuMmIN2aYzUIYpaWyv,STICKER,7715
2026-07-27,658,VOuTYkX8OhXjetxwQ5,GIF,7665
2026-07-27,659,fBTGAfGgiMyHUuJSIh,STICKER,7553
2026-07-27,660,P2dP3D2kAzqcRPPaWr,GIF,7551
2026-07-27,661,2MJOk63MZDgJLnCWbP,GIF,7542
2026-07-27,662,tPrbmCVHFFg7K72O3L,GIF,7295
2026-07-27,663,0iqkjAyJgiCpPLy3Fq,GIF,7167
2026-07-27,664,KksuC9fn8zo5RlERgg,GIF,7141
2026-07-27,665,pfDwG4T0vC4IxqS2eN,GIF,7101
2026-07-27,666,OwaFxnOAJSXQGMJYfE,STICKER,6921
2026-07-27,667,xW6AwwdTobQgDZ3nAU,GIF,6899
2026-07-27,668,WMsLuEcsJ8txlZ5Oh3,STICKER,6897
2026-07-27,669,4iwyORJpVG7GLfMZvu,STICKER,6842
2026-07-27,670,2fhhHvDo2dUJMgJFW6,GIF,6544
2026-07-27,671,KGTieGwsFTzfKxi73d,GIF,6481
2026-07-27,672,A1yl317Qn9BkRcNDyq,GIF,6346
2026-07-27,673,W04ps2Hb3KrzSRGeh6,GIF,6137
2026-07-27,674,XVluxxVNlvj7mOkHVD,STICKER,6064
2026-07-27,675,x61sB9WoV0TIwRSfsR,GIF,5764
2026-07-27,676,1YIOwyDs2IK6MPvs3f,GIF,5738
2026-07-27,677,iINaib9YcAXeTPjjZE,GIF,5678
2026-07-27,678,7HLrdcksEhIrZa9Zir,GIF,5537
2026-07-27,679,yzc7OYyffaFr1W6Jml,STICKER,5412
2026-07-27,680,oT8h0iLmJVj4OORrVw,GIF,5339
2026-07-27,681,kqkgYGr6YOULDs5Fcn,GIF,5265
2026-07-27,682,12h0oJrF1Dl0MHExt2,STICKER,5259
2026-07-27,683,bNXwltxLdCxIBUW0oA,STICKER,5229
2026-07-27,684,E0xJwLqR8naax696nQ,STICKER,5184
2026-07-27,685,FrixhPI7XEfr3wS5yp,GIF,4805
2026-07-27,686,rkT6Jth8qRgE1h2Fn2,STICKER,4773
2026-07-27,687,ADV5RUY8deNWvKXmg9,GIF,4613
2026-07-27,688,NzJ2mFSbkzVkj29CYP,GIF,4412
2026-07-27,689,QBNF6zlAHH46DTIM8A,STICKER,4359
2026-07-27,690,uZzDdw53yMluV0UWVF,STICKER,4329
2026-07-27,691,bRI1sNgKvZoO69xpZt,STICKER,4130
2026-07-27,692,gzUNmzVfGkKdMxyHrF,STICKER,4028
2026-07-27,693,t8SxzpqSbWCkZscsKZ,STICKER,4021
2026-07-27,694,6C8dDrMGIFZ1kV0kIc,STICKER,3991
2026-07-27,695,7js3sdMoAXf6iljz9J,STICKER,3951
2026-07-27,696,dfwpUHP88TTodHV7xY,GIF,3669
2026-07-27,697,20LOqJQZdFCTJzrMA9,GIF,3627
2026-07-27,698,nDcAtQrrztB6tjk8d1,STICKER,3564
2026-07-27,699,KtttnFu2Mr4fZKCeJe,STICKER,3456
2026-07-27,700,9LjH7SfiKocKcE5PJv,STICKER,3407
2026-07-27,701,ZmQW2HIzjSKv4646wY,GIF,3345
2026-07-27,702,L6nYUwRlB4locGnAhT,STICKER,3173
2026-07-27,703,3QOaNhNb8TA085CDrI,STICKER,3166
2026-07-27,704,ju4JqzNVQrJQULIrQQ,STICKER,3103
2026-07-27,705,SMwNw54F5yZtqyTXNY,STICKER,3102
2026-07-27,706,zx3ayFaNycGyE1nZ01,STICKER,3087
2026-07-27,707,m7sXoT4sjUcHqlfqFS,STICKER,3084
2026-07-27,708,BqKx9z6SmgH9xfzMoU,STICKER,2979
2026-07-27,709,0DWKPIIDI9sWSoKa5F,STICKER,2702
2026-07-27,710,vhCeQWMJEmFvfjONgE,STICKER,2697
2026-07-27,711,9joM0t278fxmxw63iM,STICKER,2672
2026-07-27,712,cltZFv7xOOVgJUOrOP,STICKER,2635
2026-07-27,713,DtzZaTXJmluGoVaJzL,STICKER,2627
2026-07-27,714,LLJZa29zWpqjzrVNHB,STICKER,2607
2026-07-27,715,HM50iKLhED7tYTgtrk,STICKER,2602
2026-07-27,716,Dv4oKPwiykQqHhZr1W,STICKER,2580
2026-07-27,717,g9LibgOagcZAvPML8w,STICKER,2468
2026-07-27,718,3SkP2Mn8rWCPR7qYs8,STICKER,2402
2026-07-27,719,QED7OaVB6S127veeBk,STICKER,2363
2026-07-27,720,0kjZf6pew3SqzrzHH7,STICKER,2334
2026-07-27,721,XHhUoP1JW91SPS6GbT,GIF,2319
2026-07-27,722,O0dGSqMpJcA3Jk5tmZ,GIF,2187
2026-07-27,723,IMNgh51iJQHDWSoMm2,STICKER,2178
2026-07-27,724,RE60di0oRWMdq7SDoQ,STICKER,2149
2026-07-27,725,WEC8B0JL2IifWaSoOn,STICKER,2057
2026-07-27,726,clne8r9DaMEPN77izy,STICKER,2054
2026-07-27,727,s0qV5J5dP5lzZkpC1r,GIF,2050
2026-07-27,728,DkMC0pbvPVy3KNCzzD,STICKER,2028
2026-07-27,729,GQnycCHR2tSSMXS9oh,STICKER,2005
2026-07-27,730,kkOBICGZgUnawZm7If,GIF,1924
2026-07-27,731,hJHziY8ehiG4m6HxSV,STICKER,1911
2026-07-27,732,64biIPpOpL0RUNkvRQ,STICKER,1910
2026-07-27,733,v4mRkaIx4POC0DHgUM,STICKER,1892
2026-07-27,734,KDKNDBHabbk60REZnB,GIF,1880
2026-07-27,735,l1mRHDgvYzHZVRI4M0,STICKER,1860
2026-07-27,736,fT2ecOvmXPJxFkTbWJ,STICKER,1839
2026-07-27,737,pIQoynVdXIZshkdd9a,STICKER,1785
2026-07-27,738,JJeQWqCysrgl8pxNh0,STICKER,1732
2026-07-27,739,6RL11R4fio6tTZS5B3,STICKER,1722
2026-07-27,740,PmswRSnBQr0RWZ4Bf4,STICKER,1679
2026-07-27,741,j5tlCfRuJaEYe1m3nq,STICKER,1665
2026-07-27,742,RWX2nTNdXEnrfWiZa4,STICKER,1660
2026-07-27,743,2ltRBrU98eB6SOCvlL,STICKER,1649
2026-07-27,744,rFFMgUw7o0MdXN0Lcv,GIF,1622
2026-07-27,745,23kKeMgwQdsTaTefn7,STICKER,1609
2026-07-27,746,4p4coQ86ez7Ru85vou,GIF,1600
2026-07-27,747,h3LXEuX6X5Oyq34byu,STICKER,1599
2026-07-27,748,V6nWD8hjJ0NqRkwKwf,STICKER,1577
2026-07-27,749,e0s868pPHJojxQ4Vgs,STICKER,1496
2026-07-27,750,LhW6KP4Nar6HsqGuKf,STICKER,1487
2026-07-27,751,Fk1G76mvlTOS0YUZ5A,STICKER,1483
2026-07-27,752,CPfrrA6I7wi4q0blhk,STICKER,1454
2026-07-27,753,5QdOBPO3tLl2QnMEml,STICKER,1450
2026-07-27,754,H1bTEEl6lDeQC55aJ7,STICKER,1441
2026-07-27,755,eRX5a3BHg4ezXw0UCh,STICKER,1441
2026-07-27,756,zwhh70RrzFm6xIkbty,STICKER,1420
2026-07-27,757,6KAGK2RnpkpBJCM8pW,STICKER,1360
2026-07-27,758,oEgmDtYesxKZLeYfbk,STICKER,1318
2026-07-27,759,Pg9FLF1hIKRfew3hKh,STICKER,1283
2026-07-27,760,lckVXkNU5pajkTH2Y4,GIF,1280
2026-07-27,761,NzvXgZXYLnsZBmsdg8,STICKER,1248
2026-07-27,762,y9JLObWA6FDyT60nRE,STICKER,1247
2026-07-27,763,AOXdCCwtj3Jeic1FY0,STICKER,1219
2026-07-27,764,Obpk3J2ge7JTNHLlsG,STICKER,1216
2026-07-27,765,1VoVsG6WlTCqUv2uSU,STICKER,1204
2026-07-27,766,fVPVSpEApPhaPTBlFK,STICKER,1194
2026-07-27,767,FRKnlYZ5Sc1GyYRhym,STICKER,1133
2026-07-27,768,5sWddKfNN6ISDvkDWK,STICKER,1110
2026-07-27,769,31xRGdGEGzR7zqVT8M,GIF,1101
2026-07-27,770,ATiZp8tOfAvn28QQ1m,STICKER,1084
2026-07-27,771,TgzPQznnOCOG8NIE5T,STICKER,1070
2026-07-27,772,y4clWEz09eNed1WsX8,STICKER,1069
2026-07-27,773,BP9MV9M2iTOdPP2szZ,STICKER,1065
2026-07-27,774,uRu8dFMCWLKNRlMCmu,STICKER,1046
2026-07-27,775,JfYHNaMLT2Our6QZoh,STICKER,1027
2026-07-27,776,1CtnvXO5JJQFN6DhpR,STICKER,981
2026-07-27,777,8hx8uoZR5mx3pAnEre,STICKER,975
2026-07-27,778,TGQHtxrjS5GuOOdx5W,GIF,952
2026-07-27,779,sUB4mT5lYLiasBJttS,STICKER,951
2026-07-27,780,4mTE4i8Zui0pfyN6Tj,STICKER,948
2026-07-27,781,5dhF60l8tjO4UUuTTz,STICKER,924
2026-07-27,782,85pJRIDsWcRCRBKFhd,STICKER,923
2026-07-27,783,zvQsooz0XRnldcroLB,STICKER,919
2026-07-27,784,MoUvrMYhXbXOYMTXOs,STICKER,892
2026-07-27,785,x1wUUVLTWSgjb61Drl,STICKER,851
2026-07-27,786,2gXb2GoR2fu58PIHhV,STICKER,810
2026-07-27,787,rShS2A9N2fJxhddR73,STICKER,807
2026-07-27,788,d6UTJkeCNSuMgArYQg,STICKER,806
2026-07-27,789,swXwzpLVqMM4Eop4OM,STICKER,777
2026-07-27,790,mHwma9gZf9Anp5nnVR,STICKER,773
2026-07-27,791,C932EjtWrmuYbX5KYd,GIF,754
2026-07-27,792,weu7IIXaeX1xtKGHgz,STICKER,730
2026-07-27,793,ocQq23oTR3xieuMKVv,STICKER,727
2026-07-27,794,BUkQuFqMIKmPbzBBH6,GIF,677
2026-07-27,795,BYbzy4UJj3jZGQzObN,STICKER,601
2026-07-27,796,FE082NASfhS5hGoRfm,GIF,581
2026-07-27,797,6cX7vet4YAxk5XCPgB,STICKER,555
2026-07-27,798,0S2uKh8lb7S9fwEimR,STICKER,554
2026-07-27,799,vIo7Jz8nfzb8krTpw1,GIF,546
2026-07-27,800,DYwNxxZXbBlCDPb8Ef,STICKER,484
2026-07-27,801,VV5t8tfDi28sKVeaOj,STICKER,476
2026-07-27,802,Lx8INvzlMMlQ8bQNbo,GIF,422
2026-07-27,803,5BgFFHb09dESx7zqli,STICKER,375
2026-07-27,804,1djpUfuj1q5zamopKb,STICKER,360
2026-07-27,805,ujzbmxCome2mkPrd2s,STICKER,355
2026-07-27,806,Gizdqrs09PZXeoD16N,STICKER,350
2026-07-27,807,f2A4QbhaMnmCOac22T,STICKER,338
2026-07-27,808,mSUqzqKJXnQJGn8E0u,STICKER,330
2026-07-27,809,UeWsyojUXHXZZbB2bZ,STICKER,320
2026-07-27,810,nSbqs9LRfXGcnpxZSo,STICKER,252
2026-07-27,811,B1AR811Im6IVrbjfbH,STICKER,228
2026-07-27,812,ETRiqfIqLgrKzy4eOO,STICKER,208
2026-07-27,813,4kS6IZ8afwMArzMNt3,STICKER,205
2026-07-27,814,Wn5z9un3Nv5gIepz38,STICKER,194
2026-07-27,815,q28otU4WUdpleg49zb,STICKER,110
2026-07-27,816,C4yn5gQdilKTzToTFh,STICKER,102
2026-07-27,817,Sfiri0PXigpGueBftO,GIF,16
2026-07-27,818,uKuw4epL1KjAqERkXv,GIF,4
2026-07-27,819,49lmGu0eQ7ISpToUTU,GIF,2
2026-08-03,1,S0GO7wvqciKU6znbFW,GIF,25521573
2026-08-03,2,VeQ7R5eLzOiZwny95R,GIF,11984850
2026-08-03,3,1MTfxcyrTyUFK9Zp3S,GIF,11122195
2026-08-03,4,YFsvkuJTxLc0uuNrhO,GIF,9862229
2026-08-03,5,Zil84rm4wvlWsJqo9C,GIF,9589953
2026-08-03,6,z1dXRwDsqrjs5KDOML,GIF,7014023
2026-08-03,7,s6eCu3KXqkq8sKt2pD,GIF,5788491
2026-08-03,8,6A9hefwTjvCDMURljb,GIF,5460111
2026-08-03,9,vFAra3l66GR59S9K40,GIF,4737576
2026-08-03,10,n20QOGJq9Smmy5c5Yx,GIF,3871919
2026-08-03,11,7UCWuilJRYlAu15j7U,GIF,3752052
2026-08-03,12,Tp7JErC4Ak5ZrF8ciK,GIF,3731171
2026-08-03,13,HXbjrTClytGyPjam3M,GIF,3589631
2026-08-03,14,hBt0VjWkZbFRBrBACu,GIF,3434640
2026-08-03,15,zFJd9Sp0856KS6dVtv,GIF,3183047
2026-08-03,16,VZ9JDjblGrqOCxqVFT,GIF,3135837
2026-08-03,17,01KHA2KdMQLQi136pi,GIF,3071277
2026-08-03,18,l8eIHDVeTwEm5VOjb1,GIF,2574238
2026-08-03,19,4XEUw17xG7OGK9nuJw,GIF,2508047
2026-08-03,20,ba5JMnrKk4o9z7yiP0,GIF,2416283
2026-08-03,21,3lTznm8qcjuD0dOyof,GIF,2254238
2026-08-03,22,kvrucA56Ge96PitAIf,GIF,2073944
2026-08-03,23,4yd3gQjXGb9aFks0bS,GIF,2041262
2026-08-03,24,gfv9pQSjyN83iR0zM0,GIF,1868055
2026-08-03,25,ykoTW1SqAFoUKMXfwl,GIF,1645903
2026-08-03,26,H1SV8pkPwh24wqRfyd,GIF,1632533
2026-08-03,27,Atd0AOMP5wrkqhYQpM,GIF,1628673
2026-08-03,28,NnvB50iO7TqUyBzFvl,GIF,1461296
2026-08-03,29,FjOH5YsFZv0M1wuIBb,GIF,1447788
2026-08-03,30,CQF6AFxLK2g5y2B2NN,GIF,1418642
2026-08-03,31,MmwWuKZzjxYw05RF8z,GIF,1395126
2026-08-03,32,AZgI9GQ4S4ul6qcA9u,GIF,1383106
2026-08-03,33,XCdhyRfbj2GvgufO0u,GIF,1368002
2026-08-03,34,Wmu62LX7EfEYjeZFom,GIF,1325057
2026-08-03,35,IvJvPYEXDOoV3ju64N,GIF,1290193
2026-08-03,36,zbFMPSL8EgDfqeBgWZ,GIF,1266085
2026-08-03,37,bbQA9p31wBCfGP7Lqq,GIF,1239539
2026-08-03,38,N20tM6nrrXQMl4HYWz,GIF,1201291
2026-08-03,39,BuT7JDz3OLtImz82QE,GIF,1152535
2026-08-03,40,HBz4ZFEBOWzRdBO70e,GIF,1131558
2026-08-03,41,ZfzDxoltZ5FyWrmTJl,GIF,1120436
2026-08-03,42,zbcPsquuTZdA0tMKBx,GIF,1108726
2026-08-03,43,XYGeNuYFTJxYanc1ij,GIF,1018086
2026-08-03,44,mwnu1QWfjuMZbKdgcp,GIF,1017765
2026-08-03,45,4zCNON1K71s6JXOFd5,GIF,937116
2026-08-03,46,4yGaQKJE08kHXPuyMn,GIF,933519
2026-08-03,47,pQxOnCwLvTBG4uf3KD,GIF,928634
2026-08-03,48,9dJzU7bFwJBIWjvWO0,GIF,892804
2026-08-03,49,z7kuboVsFhWrC6gJDp,GIF,892106
2026-08-03,50,5IYv7MHczMNdqnxWa1,GIF,874227
2026-08-03,51,g2KaTr5PnaMjjBUagH,GIF,856197
2026-08-03,52,6YX6lFHrE3n78eBvRu,GIF,849805
2026-08-03,53,pTNVcut8Um4qfqAn0v,GIF,843181
2026-08-03,54,qhb6MgP55rZQIiJPFf,GIF,828396
2026-08-03,55,w0t4WTCyVJfbNIAwdR,GIF,754337
2026-08-03,56,zuMnz0s1el2MO30gjg,GIF,750304
2026-08-03,57,oowpSQYkmY8zkkApHu,GIF,713941
2026-08-03,58,WT9XlpCYQY7PtmCLT4,GIF,707113
2026-08-03,59,n4eta4zIkCRr6xbK2f,GIF,702156
2026-08-03,60,6o7c1nxSuBTp6XIMzm,GIF,693741
2026-08-03,61,VUJFF1jbhxVFyUtLTJ,GIF,685511
2026-08-03,62,cj0jRYyipLPlzwLs0i,GIF,618648
2026-08-03,63,pGYHslrw9ZTEMk9Sn2,GIF,614260
2026-08-03,64,ZUwEmP2EchPgZetmps,GIF,612840
2026-08-03,65,I70wiKkwEVZWC2HFAO,GIF,610198
2026-08-03,66,xNJVAiSsa1wtC14act,GIF,600676
2026-08-03,67,ZtAisAoRQRuf0wlOqe,GIF,591872
2026-08-03,68,VFmjfFzMv0JETVuokv,GIF,575545
2026-08-03,69,QBgFxeacBb59LMX5su,GIF,572749
2026-08-03,70,Brkoiafxyzb94gXrMa,GIF,570782
2026-08-03,71,3CjwLHLooBGmDorkzF,GIF,565493
2026-08-03,72,PMny68XCKFiABxd1SZ,GIF,564928
2026-08-03,73,p5EoYWZd7rXnSrk3A4,GIF,547044
2026-08-03,74,TWBEBifNIlRw3WZysb,GIF,545457
2026-08-03,75,C2wLIBhg6rnF2Vk5p3,GIF,545164
2026-08-03,76,KyJWoY8DDDBnJMn5fY,GIF,540397
2026-08-03,77,TiuUji4KiJvFuzPFYg,GIF,531909
2026-08-03,78,sGr4yrFK3BHDsEhSAM,GIF,522200
2026-08-03,79,VSmo1UmSEnNBOkzzKN,GIF,521339
2026-08-03,80,qpJtW9XMVylfz7N32c,GIF,507333
2026-08-03,81,2Tmk43f9xbaX1HX5XW,GIF,506970
2026-08-03,82,eEEVPZVPzXY9ceK13z,GIF,502243
2026-08-03,83,CLsZfPTw3az9SfokNz,GIF,501866
2026-08-03,84,WoJ1KruDxKQ1TdT7LG,GIF,500778
2026-08-03,85,XbEj9EvaOwUas4Zfkd,GIF,499438
2026-08-03,86,67KY9IKgii3mZDcGQS,GIF,490987
2026-08-03,87,BxCTf1cNDlhFUdurmO,GIF,490124
2026-08-03,88,V7KYS0VPWVdhPFUj9Z,GIF,462938
2026-08-03,89,8tQLdg1TjgKBuuPbco,GIF,441602
2026-08-03,90,W4ZiN0w5JKJF4oK36b,GIF,435355
2026-08-03,91,yVkY5XkSGEbmGkqKlt,GIF,434705
2026-08-03,92,uXV0BqmxAJt7VKNgZh,GIF,427838
2026-08-03,93,GAczcLkdTCTPS01kQy,GIF,422937
2026-08-03,94,bKDPhQuR4aMtOTfzSz,GIF,421583
2026-08-03,95,ZqZUWuxULL0IZ3XdCW,GIF,415407
2026-08-03,96,hhL4cErWygGzv0PMwl,GIF,407434
2026-08-03,97,kFnvhvvnxA6KwTnIzA,GIF,406975
2026-08-03,98,tgLpK2WbZhGe0D6UbT,GIF,404700
2026-08-03,99,HU5ZX6NCZHrKdAkGtf,GIF,398781
2026-08-03,100,cPeIETb5b6zKnkngts,GIF,395556
2026-08-03,101,tsiV9e5BNYJs9N63xu,GIF,394641
2026-08-03,102,N2GUDdRZbdCdUzYkuw,GIF,390806
2026-08-03,103,9HtqtBJIrXjEyDlqtp,GIF,380253
2026-08-03,104,gSJLxCRJSAtTesQIH2,GIF,363601
2026-08-03,105,clODkNL8QqeiiLV871,GIF,350879
2026-08-03,106,soFxWwpvpFThVlZGd4,GIF,341411
2026-08-03,107,9sKA3ibq7zX02Os7y4,GIF,337681
2026-08-03,108,wDcx1Rm1hXxGKefyTR,GIF,333394
2026-08-03,109,imjTWu6Vx9k0QJwpv4,GIF,331967
2026-08-03,110,rWdKQ4rLROfKD3cdLI,STICKER,329341
2026-08-03,111,Oa4QJT3Fb0zQ037mov,GIF,328659
2026-08-03,112,pUnbgneAsAFpw9wmzw,GIF,323584
2026-08-03,113,i09kDxdM8snHxPKl1i,GIF,321990
2026-08-03,114,Px3XFOmPDLjRvP9YeG,GIF,318961
2026-08-03,115,toIRQFAFFCtAWwJveB,GIF,316422
2026-08-03,116,uZ7GOHTYg3w6hAPN9v,GIF,313753
2026-08-03,117,gGTnOmNz9RWBhLAOww,GIF,307617
2026-08-03,118,woNoaZZ9V12dyjYjJo,GIF,306540
2026-08-03,119,bktvFDtSnncI1w598s,GIF,306239
2026-08-03,120,3Vvcnjhme1hwqwMNke,GIF,305717
2026-08-03,121,QJ4gYE5K7A8FPhPHuX,GIF,302689
2026-08-03,122,sTKnZMlZKwYbtflXQq,GIF,301140
2026-08-03,123,m0RdfAX3ZVq56g6Ufb,GIF,296687
2026-08-03,124,l23aOmdgpH4PVpPOOF,GIF,295001
2026-08-03,125,VtZku1FNcJfdfJLPya,GIF,292024
2026-08-03,126,sGkjKXy02jm6wjrij1,GIF,283232
2026-08-03,127,VaHgVrzYDaGrz7JRiX,GIF,276687
2026-08-03,128,H5b7aOpD0MCxbT3jFO,GIF,275368
2026-08-03,129,ydtlZT2ZGwRKUS7k90,GIF,272136
2026-08-03,130,FCtjJQzZME69CW6ttp,GIF,271861
2026-08-03,131,cwXLRZXXoL0np7eb72,GIF,269153
2026-08-03,132,RcKxMa4JVupSJSMnhX,GIF,267423
2026-08-03,133,Vtg7zkTTczN2bvodCG,GIF,266318
2026-08-03,134,y2QSRInUPq9f5evJVB,GIF,264026
2026-08-03,135,gUn5uaz4fhAKi45l4u,GIF,263805
2026-08-03,136,prWnSRzSzVrBZLv41A,GIF,257338
2026-08-03,137,rcKw9ZKuo0lLFzIuuZ,GIF,254889
2026-08-03,138,iUmxhJqvJmf1ytmdok,GIF,253916
2026-08-03,139,x6TIee2JM9pBwc4MBG,GIF,247768
2026-08-03,140,XR7PHHrmVHtqEK1gol,GIF,247072
2026-08-03,141,6SPE2NmJboU2RJtzU7,GIF,245295
2026-08-03,142,TCYSBvF1McWeOViTdS,GIF,240804
2026-08-03,143,tiqNAs5cs6O0h36elo,GIF,240498
2026-08-03,144,49UXvksd1mD6ivtzSS,GIF,237663
2026-08-03,145,GMibniHgHabH5FsvSf,GIF,237161
2026-08-03,146,K4y1b339hvcqk45WJ9,GIF,235780
2026-08-03,147,dgXu5U7aMzbfILnDcj,GIF,233978
2026-08-03,148,0QcUioJ7k6T2xRT6dI,GIF,233910
2026-08-03,149,5DIPupkmxQqmITQtN1,GIF,232488
2026-08-03,150,R60s9NrOwv5eTrRPzV,GIF,231944
2026-08-03,151,6UDc6ioncYRxWDnp0G,GIF,229616
2026-08-03,152,cYELoocQoVRmY2GRJq,GIF,227962
2026-08-03,153,oC6Cx1YXBtvdoYXmZr,GIF,226536
2026-08-03,154,zAo4CHpNAaNDg27lmG,GIF,226066
2026-08-03,155,oxj2Z1k2cHtR0oZkqj,GIF,220885
2026-08-03,156,GJEvTVbP5UFX1rqFKc,GIF,220479
2026-08-03,157,54Lr6tnL43zux7QcZh,GIF,218486
2026-08-03,158,WmTuF4gz4C3ZfoHQGw,GIF,217980
2026-08-03,159,X8U2NmVTuTntFxGesd,GIF,216760
2026-08-03,160,kg26UxATxZow3AsKZZ,GIF,212764
2026-08-03,161,fOGrNl1SGyw9ZF5Qeh,GIF,212000
2026-08-03,162,V5xSpg6PoKMeC6mvhG,GIF,207536
2026-08-03,163,6vaqqwTzS6SuR36oIW,GIF,204778
2026-08-03,164,vaKM2dq2diEh9vUBQP,GIF,200717
2026-08-03,165,TkAIyyDEx6r2Qrm007,GIF,199022
2026-08-03,166,czdCrCBERAQKBOfOLo,GIF,198848
2026-08-03,167,ZlBrZ2naavOtI2qSAr,GIF,198277
2026-08-03,168,HoEkTdvUpnS9WvVPcF,GIF,196899
2026-08-03,169,9bIcqjJn0WBjTCqQOT,GIF,195146
2026-08-03,170,al9NLseK6dPr8Q0mZz,GIF,192527
2026-08-03,171,r1CQkqGt4aI7wr1Ohw,GIF,191468
2026-08-03,172,xd0DzHA90wF0QspRKE,GIF,191233
2026-08-03,173,RUcKKOR9LAGm3Sy9CY,GIF,191153
2026-08-03,174,5grsDwlqX4kfy71Rdj,GIF,189306
2026-08-03,175,3oDwGbxOLEg8bEEJIQ,GIF,188921
2026-08-03,176,N4HpPRFRixdNxu1Fg8,GIF,187472
2026-08-03,177,Lg6tJBqeg7Z8iHTvJK,GIF,187018
2026-08-03,178,YfVEEx3kXDGBe8YKi8,GIF,186349
2026-08-03,179,MODuEqgpv6IROKtJrO,GIF,185039
2026-08-03,180,3v4WsAL4dC4aMtTKdU,GIF,184235
2026-08-03,181,N8j7uvd3K7ewojOxxY,GIF,180163
2026-08-03,182,QoVAe2QifgvhK2rnTG,GIF,178922
2026-08-03,183,IJSJIxvbADdqn7J4Y3,GIF,178697
2026-08-03,184,AJYr4bWzAFjdGH9q0o,GIF,177607
2026-08-03,185,zKf31joKvY23SQdSTF,GIF,177253
2026-08-03,186,QGy9WgPA5wdXUx7yKE,GIF,172718
2026-08-03,187,7HumoY5K6oo1enpFWe,GIF,171894
2026-08-03,188,LUgxmNMnZ1OaYHqZGW,GIF,171232
2026-08-03,189,6C7KiVEfI724uCVi7b,GIF,170763
2026-08-03,190,xoGxhyhEQOp0jXphxx,GIF,168592
2026-08-03,191,5NxsFyN2WM2HjI1BpK,GIF,168451
2026-08-03,192,b40vcDOn7iizajr2oM,GIF,166166
2026-08-03,193,hb9nhr6m3rjQeRs9jp,GIF,163890
2026-08-03,194,lZZ0LAMaAEOTY0ERz9,GIF,163466
2026-08-03,195,lGjWSowFgfSI3Q7CuM,GIF,161733
2026-08-03,196,p6hxl3FX2QtPN1eWsj,GIF,160885
2026-08-03,197,ej3ZCWbOwLxwRNC2Kg,GIF,158878
2026-08-03,198,0jVa8eudaK9tG5KOUh,GIF,158232
2026-08-03,199,EMrPMmyufe1a1Tz1A5,GIF,156648
2026-08-03,200,no6Mm0U0L9Mv9tzvN9,GIF,153429
2026-08-03,201,ByodclSkYIdxh8KmGl,GIF,151687
2026-08-03,202,XQGaZGKKKFL5DGdt4Y,GIF,150931
2026-08-03,203,Zfddxu8Y4dgWz6ABMI,GIF,146835
2026-08-03,204,uejerzhWkT2nfV4ekh,GIF,145355
2026-08-03,205,lMtSWlhMBsTkmUot5s,GIF,144153
2026-08-03,206,wMeQ3go50ahhciuZwK,GIF,144009
2026-08-03,207,Xl33ygtw7ZElNbVTch,GIF,143972
2026-08-03,208,8WBfBgNcz3Ep1OvSUC,GIF,143630
2026-08-03,209,SAyhOhXMo16hk1ceaB,GIF,142973
2026-08-03,210,sKf6fbM0Fhn4keHMYX,GIF,141327
2026-08-03,211,LIqRddsJ488WR7JkgG,GIF,139419
2026-08-03,212,R3h2NcJNbFNBpS4g6q,GIF,138927
2026-08-03,213,nohvpMrEwXy468gDFR,GIF,138639
2026-08-03,214,WhOTaSjCzQyMAMBn5v,GIF,138573
2026-08-03,215,QytjwhKBE2ObyydwQb,GIF,137434
2026-08-03,216,ncRqGV6vGvUMh7oR7x,GIF,136645
2026-08-03,217,98ehMD8kX9bLkq9Gcw,GIF,136069
2026-08-03,218,aZhAXcAN33Makb02CK,GIF,135545
2026-08-03,219,6guW2txh6RAr0RCnTP,GIF,135127
2026-08-03,220,CPApJWHvsT3o5VuKVK,GIF,134574
2026-08-03,221,JGbVQO4No1vjY8SRwp,GIF,133082
2026-08-03,222,wvmHbFg1ExLSSKMaOD,GIF,132092
2026-08-03,223,6jMy4ML3746kQCwDNl,GIF,129923
2026-08-03,224,0LBI2fJsWSO88UZip6,GIF,129665
2026-08-03,225,w4nv4DunM9a4tOEi3Y,GIF,128716
2026-08-03,226,qeTcrWW3wozMaIX6Af,GIF,127991
2026-08-03,227,tZ7DeEmaE9nn2rqcF3,GIF,125948
2026-08-03,228,1L3Mvo7LQ6VfgJJT6I,GIF,125893
2026-08-03,229,pPqefCee0DWoNtfPaN,GIF,124321
2026-08-03,230,9HORd4teDGhOt46fEz,GIF,122888
2026-08-03,231,P4mW1PplxZFjLv81SQ,GIF,122738
2026-08-03,232,lHQGU1fP8dCpgZhRQ8,GIF,121265
2026-08-03,233,hRRHZWBCM1iGz8W69i,GIF,121207
2026-08-03,234,X2tAL568gaKEgB9Anv,GIF,119407
2026-08-03,235,5ssoenGB420wQegvln,GIF,118911
2026-08-03,236,An7uqeayxR5J8dKHu4,GIF,118089
2026-08-03,237,DWuxEYZBw978LKWG1b,GIF,117331
2026-08-03,238,1Brq4LvOtRMIBJQi4U,GIF,115958
2026-08-03,239,nqEtJ6z9u3zHbdmFq9,GIF,115953
2026-08-03,240,NFlNPPsEU6FSGuOk3e,GIF,115848
2026-08-03,241,O2iEG5r6EhWWPVCIMl,GIF,115482
2026-08-03,242,jxA1BBEg6NzTQL7pvd,GIF,114532
2026-08-03,243,nNlKQlqY4lK6qAxiQV,GIF,114341
2026-08-03,244,P6CpYQD8EQVdHmbBB7,GIF,112776
2026-08-03,245,3Ej0FdtgfzHznxfoaW,GIF,110749
2026-08-03,246,Xy1embN5dYLxDL7J1h,GIF,110656
2026-08-03,247,ymR0THwsC0ryufBoCC,GIF,110489
2026-08-03,248,FS1BfSHSEcBM7oXgnd,GIF,109775
2026-08-03,249,XCGc4SGOCWsIxXCteW,GIF,109685
2026-08-03,250,2KDnf1jZTUJlrrasTZ,GIF,109039
2026-08-03,251,TnYyD0Y5gHcxxIs60O,GIF,108332
2026-08-03,252,xal2XkbIQo668lc27M,GIF,107512
2026-08-03,253,0f7MezZNdfdf09G5MR,GIF,107422
2026-08-03,254,ew2RAEkOVb0O643Wtj,GIF,106987
2026-08-03,255,LM6727wPq5tzhvVLMJ,GIF,105712
2026-08-03,256,RJZFIKDrvM9UVstlHg,GIF,102635
2026-08-03,257,mYNEpIFkBXXyA3E2SJ,GIF,102532
2026-08-03,258,01gaL9yoKUBxA6lLSx,GIF,102443
2026-08-03,259,maNlF3eSXasPrO4QdO,GIF,101054
2026-08-03,260,ArFOjTGDqq45OKCAo4,GIF,99801
2026-08-03,261,3DDxEpa9LhhPXbXpoY,GIF,98960
2026-08-03,262,vtBtvkJFk09naDtqBk,GIF,97633
2026-08-03,263,gWRf9HI5C42rN1HirJ,GIF,97493
2026-08-03,264,gmEnnJ3Cj1fBPirnyp,GIF,97038
2026-08-03,265,BjiE1R8mHXxYRRhY0m,GIF,96050
2026-08-03,266,uZCGmkB8j9Y2LrKCgC,GIF,95779
2026-08-03,267,PictPG2QUCZqYQ7QJm,GIF,95729
2026-08-03,268,33ZJlVdrJfJqeZ8YAd,GIF,94961
2026-08-03,269,eGITs6JOnYa9vtjIwc,GIF,93763
2026-08-03,270,KcWVxQd0HvsbqguiXS,GIF,92862
2026-08-03,271,jzppiGwPog15PVElfH,GIF,92730
2026-08-03,272,PAHScnX9IEczmvTWFx,GIF,92361
2026-08-03,273,8rDd90ItBDko5IMjqu,GIF,91515
2026-08-03,274,a8ZxCyyxdwfSsqTwsL,GIF,91192
2026-08-03,275,pPGGvsQjn9xJb55F8i,GIF,90822
2026-08-03,276,unRjgoWoUAFhPVQLY9,GIF,90582
2026-08-03,277,4agkjC6mUqzk4Ij9jS,GIF,90293
2026-08-03,278,MgeNDcgT4gXYn338jR,GIF,89784
2026-08-03,279,bff86XIkSNuway0pUU,GIF,89131
2026-08-03,280,v5PJmNVxWOTTThmnQg,GIF,88756
2026-08-03,281,zdfDUrgmjZWA1HNsfu,GIF,88578
2026-08-03,282,Z43RfKcmhr06OQ5ae2,GIF,88152
2026-08-03,283,tA9rysiKx5ifhNfO2T,GIF,85227
2026-08-03,284,VWeSrHKWQs9WHgEkvh,GIF,84221
2026-08-03,285,2fR6fBgW6BZU1CPIqG,GIF,83879
2026-08-03,286,IXMc63EIZGgNlNQNZD,GIF,82637
2026-08-03,287,GGxYV9J86hAuLOftmX,GIF,81731
2026-08-03,288,4zJ0Gf0UHqoyJTiJij,GIF,81296
2026-08-03,289,XjiCTell4KeSfAqaQZ,GIF,81115
2026-08-03,290,tMZ7ky54PGeypqgalT,GIF,80136
2026-08-03,291,w59SdHiwZO84yaEl4U,GIF,79705
2026-08-03,292,QyRWxP3YleogvGmo01,GIF,79002
2026-08-03,293,QIpziLuXhTywLdbIkQ,GIF,78875
2026-08-03,294,WxxWLGWv6UUZdsT2lS,GIF,78826
2026-08-03,295,zSoJATxvNy74D0WE4l,GIF,77664
2026-08-03,296,shE8kiyTqgMBGFmkLs,GIF,77651
2026-08-03,297,QMj3VgVVShzZkjSxTd,GIF,77108
2026-08-03,298,ptWaTNOtCbJyFoPOsI,GIF,76981
2026-08-03,299,SglBDgyXDRttbNrLM2,GIF,75967
2026-08-03,300,jRRG7jt2Js6MacrDGd,GIF,75881
2026-08-03,301,fAP7QAJ1xFD6JTFM1e,GIF,75832
2026-08-03,302,mruAYNxpRfWT7zWOVa,GIF,75610
2026-08-03,303,9h1jNCrbYXENVlj1FP,GIF,74357
2026-08-03,304,BG3Zejm7Xdx6wWUf1s,GIF,74269
2026-08-03,305,uCLrRaHsmPHmSNVkY8,GIF,74188
2026-08-03,306,Gs7S4vm03HWudtCUxT,GIF,74097
2026-08-03,307,XIxeCLHT9zVohiL4T9,GIF,73254
2026-08-03,308,8Ju2XpAU8kax6RU9pd,GIF,72866
2026-08-03,309,1yWBEir2xnNtXtsIt9,GIF,72082
2026-08-03,310,BAvIhFpn2zXzDlaAKV,GIF,71652
2026-08-03,311,yK7UnYilNJehrLYsIm,GIF,71441
2026-08-03,312,5IVmTwSUBkM26gnwiT,GIF,70467
2026-08-03,313,m6Ldp765JS1TOc1epw,GIF,70426
2026-08-03,314,LOVAgqCndxbF0yVSvH,GIF,69164
2026-08-03,315,fJ9p947OpjYoUJv4pq,GIF,68946
2026-08-03,316,1XZi1EWSQLY3rMU5hb,GIF,68621
2026-08-03,317,VaSaGr35NjXb2lexto,GIF,67492
2026-08-03,318,NZNjSEXDfUQbmupjJW,GIF,67328
2026-08-03,319,PJDjRlqkTOWG8CAWNa,GIF,66519
2026-08-03,320,kkOOWhftIUKH1gRFI3,GIF,66399
2026-08-03,321,6qI2NYWngdAxxVX1zJ,GIF,66297
2026-08-03,322,TL448BG9MrQXfVRka2,GIF,65972
2026-08-03,323,T0MPbboDiC4fnKtpKF,GIF,65961
2026-08-03,324,99L1Ri4cmx4aZ82imT,GIF,65401
2026-08-03,325,6JNI1PXys4vMII0f9A,GIF,65001
2026-08-03,326,Foo1QLxlFskrsgYXD8,GIF,64922
2026-08-03,327,hUgUnBmpjUXA8w2eBC,GIF,64833
2026-08-03,328,x7ukpMi4J3VotdbBxy,GIF,64763
2026-08-03,329,VTG38I0RqkksEgqTdJ,GIF,64418
2026-08-03,330,tG40NFJ94fjjn3vRXR,GIF,63513
2026-08-03,331,NU5arjj8ut7RpNelJ9,GIF,63257
2026-08-03,332,5Cniu3sjAb3IHZD5Bh,GIF,62953
2026-08-03,333,R4K3oSgQ7goRV5dQW2,GIF,62656
2026-08-03,334,RYjyZx74LQ511YUxgW,GIF,62043
2026-08-03,335,Zw9IYZoi4lR40x6kOh,GIF,62036
2026-08-03,336,mLYuk0RvMxWAISGnCA,GIF,61724
2026-08-03,337,YoWUM76JMiAUKm9ggl,GIF,61314
2026-08-03,338,6Zo8j3dDBwQsYvhISc,GIF,60940
2026-08-03,339,XYiDNupHyw1MaXyFbY,GIF,60878
2026-08-03,340,KPVPfTOGhR4ZDXsBWA,GIF,60870
2026-08-03,341,29Z7C8nHD9ijZuMqTV,GIF,60844
2026-08-03,342,bfb6MDov8wj5qopEZC,GIF,60711
2026-08-03,343,vXbH7KQWGqNe9heXju,GIF,60384
2026-08-03,344,go703FNMkaozEq7tqJ,GIF,60028
2026-08-03,345,MU4wAQ5AZqlBJTyGFw,GIF,59907
2026-08-03,346,Smkq4gh20rTCo9XA5K,GIF,59707
2026-08-03,347,WxKKJGKsUUWPJgkf4N,GIF,59344
2026-08-03,348,592ZMrdelj8j8DlQ2w,GIF,58750
2026-08-03,349,0OVzKdoHvIwJL7RduN,GIF,58460
2026-08-03,350,aow0lDW9gAStommdsS,GIF,58285
2026-08-03,351,kQRBgO3pn3vEnFTgXa,GIF,58125
2026-08-03,352,cfLHHFi62dBMYsloN7,GIF,58094
2026-08-03,353,mp4uQj1yhchE0FJb19,GIF,57912
2026-08-03,354,TFVI6cSKjVwPaqZVKR,GIF,57012
2026-08-03,355,nRd5z0hIeY7xQz1yai,GIF,56905
2026-08-03,356,4QXKOejCxZAOvUfjxZ,GIF,56419
2026-08-03,357,XzFg2ZpcLiS4s3N1KC,GIF,55999
2026-08-03,358,x6u2P1xWEqpnimsun6,GIF,54635
2026-08-03,359,GT9cgAAAtfM5JgcZpQ,GIF,54540
2026-08-03,360,mnFrveFv1O0NCcXXRg,GIF,54105
2026-08-03,361,PlShyiN5tlquexvBB2,GIF,53678
2026-08-03,362,XCB5P8yCHz9CiAl41q,GIF,53618
2026-08-03,363,EbEX6H0ZYbCTI9nI25,GIF,53209
2026-08-03,364,bzs9ftqVS6wCqrRuWx,GIF,53199
2026-08-03,365,jJjpM5aG60awjoTpKb,GIF,52283
2026-08-03,366,JfqESuqy1kOf3HTr8Y,GIF,52083
2026-08-03,367,7t1kN8b7GyZljUC36u,GIF,51841
2026-08-03,368,MZExsocb7ggfMPqiBk,GIF,51660
2026-08-03,369,ZUtSEAyBuCcewmA29F,GIF,51073
2026-08-03,370,ywVDodGGYpgsU7vb0Q,GIF,50611
2026-08-03,371,a3sOeDI1ZuE2UEGEjr,GIF,49967
2026-08-03,372,dCqQrUmPgICwfSYzgi,GIF,49708
2026-08-03,373,YRgKKGuDWNqdVKUsJK,GIF,49367
2026-08-03,374,A5psYAq3PRYT26n0j8,GIF,49278
2026-08-03,375,PElQbTO025s7BK5sIP,STICKER,48794
2026-08-03,376,StRtbzWfsgs33wpW3M,GIF,48790
2026-08-03,377,RKSWD89SckpaCkF7lB,GIF,48569
2026-08-03,378,z2RmddzZET8w5zZtyb,GIF,48544
2026-08-03,379,ZEleEa4pY0l7ufKnSY,GIF,48524
2026-08-03,380,N6xT6C3SVJJSwH8Mgl,GIF,47900
2026-08-03,381,WDTFmWErrBo9vvuMJ5,GIF,47433
2026-08-03,382,Jzp6EmR66Abn9ExWls,GIF,47193
2026-08-03,383,QTRlMVKXeT15fGVLbk,GIF,47096
2026-08-03,384,9IwfTwulCPEiDADHzx,GIF,46911
2026-08-03,385,YIVMHeeUzrNYt7qSqJ,GIF,46721
2026-08-03,386,MrHh6mgOcdoAAO4tz0,GIF,46711
2026-08-03,387,QU3jtBvOsGT110czty,GIF,46622
2026-08-03,388,2XhJxylc2hyATdyLCy,GIF,46519
2026-08-03,389,IvciiQcSOnH7gFlwnK,GIF,46071
2026-08-03,390,JhkFcH98uvMrnDgmn6,GIF,45760
2026-08-03,391,0rAnJ9bILAp2bIGcpT,GIF,44718
2026-08-03,392,N4Aef2XhTGp692NZx7,GIF,44017
2026-08-03,393,8HsLMUNvbQnVzLWcty,GIF,43945
2026-08-03,394,JcOB2VB2OeXB5ExpHH,GIF,43765
2026-08-03,395,J3HhbqcC2mKM6eetbu,GIF,43629
2026-08-03,396,saM8smyVfRy2WxXNf3,GIF,43283
2026-08-03,397,ZeK2ek6RtyEL73iY0B,GIF,43184
2026-08-03,398,j70G4xGbIAyl69HjSG,GIF,43123
2026-08-03,399,aW3mqoINZ433Rj4TMz,GIF,43108
2026-08-03,400,A2z7pVURqwz3BlQdQp,GIF,43098
2026-08-03,401,vnuMwvlswGMW38poq2,GIF,42960
2026-08-03,402,5bLSkn2OEV2LU4IPHI,GIF,42742
2026-08-03,403,WCIkiuYpS3S6XKV8Rn,GIF,42548
2026-08-03,404,b7B608uSFXLuR9yWYH,GIF,42324
2026-08-03,405,9F3kTka3lWs1MoyUW4,GIF,42018
2026-08-03,406,kg7ti21Zmn5y1AtniN,GIF,41877
2026-08-03,407,UwKnpGaeFmihxIEt4Z,GIF,41773
2026-08-03,408,CKVjlqUmBZdyT7d3W7,GIF,41615
2026-08-03,409,U6zenm1kWFjycNTkdz,GIF,41470
2026-08-03,410,mp178ZHLC4sHfOgO12,GIF,40847
2026-08-03,411,dxie0mdUARIwhn2yee,GIF,40258
2026-08-03,412,PdVb9g4MVTNgQ2OL26,GIF,40223
2026-08-03,413,DvT1BeIHu3ChyybxkR,GIF,40038
2026-08-03,414,Ksyo02KzynpxSGIdiu,GIF,39912
2026-08-03,415,wdwglOfifi6NYq9tjO,GIF,39449
2026-08-03,416,9x7iTJfqgFQMCs0cvY,GIF,39015
2026-08-03,417,NCXTJOeB6clLl1XIHm,GIF,38838
2026-08-03,418,RlkKf5MBzEjqzqN3Pt,GIF,38409
2026-08-03,419,7rJDG9tWHp7KA9rDDq,GIF,38384
2026-08-03,420,KyUIjPQuLolO6vfaFD,GIF,38262
2026-08-03,421,kfjRVgBKSfpje8yaL1,GIF,38231
2026-08-03,422,DArpiMDTC0np9ytWe8,GIF,37822
2026-08-03,423,FzxAj0hfgyAdsW40AC,GIF,37662
2026-08-03,424,kmGi3ucTvgLv6pA7rE,GIF,37140
2026-08-03,425,lDvigQV6SivDb1PP17,GIF,37012
2026-08-03,426,DGjlGcceVl5RDQC6v7,GIF,36722
2026-08-03,427,V2iTAiTz1UENEuooXW,GIF,36585
2026-08-03,428,pUCY24xEv3FuNvWA54,GIF,36555
2026-08-03,429,CaEoDtcNHxY0y3Ll4k,GIF,36199
2026-08-03,430,6nsJtjKzfX0DYG6Fg8,GIF,36170
2026-08-03,431,UR5a8u78Xa7VdtyJIS,GIF,36122
2026-08-03,432,2FbqKii3sahcmtOgU2,GIF,36009
2026-08-03,433,4I8DiIUSUnnTBauMmF,GIF,35954
2026-08-03,434,BCu7HM8TzjOxYRWxCB,GIF,35895
2026-08-03,435,d07pfKl4LYFx9eOGnG,GIF,35815
2026-08-03,436,D41XyjutopurXno57q,GIF,35560
2026-08-03,437,1qJHVFYH15SpmhSykp,GIF,34851
2026-08-03,438,2XtaKuSyUmADvFNWeB,GIF,34435
2026-08-03,439,IbdIiqy5nHTtHJKeuA,GIF,34371
2026-08-03,440,fFcZ7GbvG7949eU5xg,GIF,34160
2026-08-03,441,fsCP6Oda0qmhcNPKE1,GIF,33915
2026-08-03,442,M466iBsWoTlNojJbyk,GIF,33746
2026-08-03,443,bnqEjEUGGVrwEqWNJ0,GIF,33371
2026-08-03,444,YeGuStp7fomlR6Gj8o,GIF,33046
2026-08-03,445,51xCLRv58gqjYM63YV,GIF,32789
2026-08-03,446,rqRCINmIhqekY7cxwt,GIF,32656
2026-08-03,447,lUrvU5C0ui1UixvK9l,GIF,32540
2026-08-03,448,dszvmLR6BjdJ3cN3B5,GIF,32479
2026-08-03,449,kIF7T5i5o9pEglhEHa,GIF,31831
2026-08-03,450,FXlBfysZeccejSPXLN,GIF,31814
2026-08-03,451,lJGL45KeCLzPSaUgTV,GIF,31795
2026-08-03,452,V65BD1iwdbErs5NDw7,GIF,31726
2026-08-03,453,dRdbbodInaw9ngy2et,GIF,31178
2026-08-03,454,EsTiklBWYzosIzPluo,GIF,30901
2026-08-03,455,1knediJpPduWeBBS7N,GIF,30871
2026-08-03,456,iVj1jzisyn9qoy0HwT,GIF,30755
2026-08-03,457,kCbiTm717MlCNnAxeU,GIF,30536
2026-08-03,458,QgBxz4jlNWpq4U0VBL,GIF,30121
2026-08-03,459,zkn7BLV7uUc5Orkzzr,GIF,29439
2026-08-03,460,FGnXiLnpzUXJ27Y8jD,GIF,29346
2026-08-03,461,Jj6MUSSOBIS7iy4cHl,GIF,29266
2026-08-03,462,jQgLlzy0ZT54ZCBLTt,GIF,29203
2026-08-03,463,DBNUsVBmNhdqMaetuc,GIF,29049
2026-08-03,464,zC1NmByT5WMiTaMHQS,GIF,28933
2026-08-03,465,Ei2OUMXIhbpl8zcg07,GIF,28887
2026-08-03,466,Do7K8nCJQrwf7gsrRm,GIF,28796
2026-08-03,467,1d6N0pb13wv2X6Qqhh,GIF,28778
2026-08-03,468,65WZEH3DbzTOskjZ9F,GIF,28563
2026-08-03,469,TfKAAlWTfJBh06kQ5S,GIF,28558
2026-08-03,470,HeFCcdgF37XybNbJM1,GIF,28503
2026-08-03,471,e0tqAwofWcxXx9iIN2,GIF,28270
2026-08-03,472,yiNGJnacgioeujOFDw,GIF,28200
2026-08-03,473,XPN3II0GRNvYBEbxqs,GIF,28139
2026-08-03,474,E7J4gMgNzH8P5fJIir,GIF,27552
2026-08-03,475,qvGvze34SYzFy0IOjo,GIF,27294
2026-08-03,476,oEK27lR1AH4L1uw531,GIF,27268
2026-08-03,477,zQxSWfx8MQYyxMzLTW,GIF,27135
2026-08-03,478,l5ZWNLnfskv9LTE03S,GIF,27023
2026-08-03,479,NKb9LW9MrxO48Cd9Mu,GIF,26771
2026-08-03,480,z3cQyCScaa6eQAPGxM,GIF,26706
2026-08-03,481,hftSnrV7jiNn6MkQk4,GIF,26698
2026-08-03,482,U2RkG4c7Vpaz9UnSuZ,GIF,26686
2026-08-03,483,kc5sCk8smIzR9bEVmq,GIF,26594
2026-08-03,484,S8nncQt2T539fDIA0b,GIF,26438
2026-08-03,485,znORHj4fd8MAN7gbLr,GIF,26356
2026-08-03,486,ZIv6jXtuNWmqe8i4d8,GIF,26169
2026-08-03,487,4bXiLL05WASnteKd7V,GIF,25989
2026-08-03,488,M3DQRSj2ZR4BSXZMlX,GIF,25957
2026-08-03,489,oVgehCwEPrMbYJAeuH,GIF,25951
2026-08-03,490,BEH8snVdAHDiqrRvhv,GIF,25917
2026-08-03,491,KB4yS05ErAJldfsNj8,GIF,25900
2026-08-03,492,toz148aIki3hNi79mi,GIF,25635
2026-08-03,493,GMsykn2kFJhMIBPMb9,GIF,25254
2026-08-03,494,JGpns399tHOQYO7P9u,GIF,25171
2026-08-03,495,0citpjho00ObF3pMEm,GIF,25025
2026-08-03,496,6a3eNd7DeaD1dk11hn,GIF,24811
2026-08-03,497,9YVJ3QFI0T2T1huuOt,GIF,24583
2026-08-03,498,syTxsyJjCeublic7d4,GIF,24572
2026-08-03,499,kAT28QxsTzw2o9sGe3,STICKER,24569
2026-08-03,500,Y88yhiJDH6tRpPaQ9Y,GIF,24552
2026-08-03,501,HviuxhG9WFXzbBpjJe,GIF,24440
2026-08-03,502,hvHkkgdpNyYBCNwWii,GIF,24358
2026-08-03,503,SQwDBfwWSCoRe4PcNJ,GIF,24223
2026-08-03,504,cxkFjp3QZGzSh1Iyxz,GIF,24194
2026-08-03,505,d6ZMxXqdHwzsYsjIfP,GIF,24191
2026-08-03,506,9C0eEDiObWC3COXjXj,GIF,23765
2026-08-03,507,xD1vpKInrkzJ3Fxael,GIF,23654
2026-08-03,508,kkILXGQSJTp4z0TXb7,GIF,23302
2026-08-03,509,QQeMYCJmSK3CvnW69G,GIF,23237
2026-08-03,510,iINaib9YcAXeTPjjZE,GIF,23187
2026-08-03,511,UzKPSpSLYsY3sTLQ7e,GIF,23148
2026-08-03,512,c14InbFxtr5gAFCZfy,GIF,23081
2026-08-03,513,5050Byd8dZiD8S7OQo,GIF,23045
2026-08-03,514,nfDB8cFWhS4Dee2sgL,GIF,22697
2026-08-03,515,9L7p0XupqB44TIXms9,GIF,22323
2026-08-03,516,xQNauBqQ1WrqCAPuRE,GIF,22141
2026-08-03,517,JbyrV7bzRuZeOpzb30,GIF,22005
2026-08-03,518,wyVRFz9fJaE5B8IZ2I,GIF,21957
2026-08-03,519,sT7JTqgV96345rxK6n,GIF,21850
2026-08-03,520,VErfqZkulaxhehX9uN,GIF,21811
2026-08-03,521,ejYsZu3TWsZPu9FeHo,STICKER,21770
2026-08-03,522,X4AaDMS42L6wqp9I4S,GIF,21676
2026-08-03,523,hwIq8i6Qi7UnUGbacf,GIF,21657
2026-08-03,524,74V7r5XLB5PcOoGMbA,STICKER,21655
2026-08-03,525,O42P37uJNFbMzRuV98,GIF,21552
2026-08-03,526,fBTGAfGgiMyHUuJSIh,STICKER,21518
2026-08-03,527,6DHkm44QfaRU4jjkTd,GIF,21499
2026-08-03,528,fuMmIN2aYzUIYpaWyv,STICKER,21497
2026-08-03,529,JkGNpFYB3cY7FHn9sx,GIF,21191
2026-08-03,530,fkhqUwfGzSYOrSTJp9,GIF,21157
2026-08-03,531,YOy4wfZdVp39GaHWHa,GIF,21141
2026-08-03,532,gMAqaGlYLH1LnHhSQu,GIF,21039
2026-08-03,533,TDoPnJKJI06YrVOrtI,STICKER,20885
2026-08-03,534,RHu5cVwkEKODGJMFhD,GIF,20869
2026-08-03,535,LcCD3TkQe4SJroMYz5,GIF,20725
2026-08-03,536,sgLnfOIYS7BUIHXUxC,GIF,20709
2026-08-03,537,U4iDELyXogCfzk2SPc,GIF,20544
2026-08-03,538,X29WgAKGLutorgO69Y,GIF,20461
2026-08-03,539,OwaFxnOAJSXQGMJYfE,STICKER,20335
2026-08-03,540,ybF46HrsLDFuMrg0NO,GIF,20272
2026-08-03,541,IipkQotlmo8Sh1ABvk,GIF,20253
2026-08-03,542,FxFgVET0GLKFojvrla,GIF,20232
2026-08-03,543,4iwyORJpVG7GLfMZvu,STICKER,20037
2026-08-03,544,31xRGdGEGzR7zqVT8M,GIF,19790
2026-08-03,545,aA455rZHUzTePr7fRv,GIF,19679
2026-08-03,546,0r0YUGcSj97ueZws1I,GIF,19298
2026-08-03,547,U0K68elO5NOob4q372,GIF,19208
2026-08-03,548,xdfUlTMvx8p3k8Taet,GIF,19152
2026-08-03,549,sN3d7kXdPbvjlidiJz,GIF,19089
2026-08-03,550,x3LVct059nDJWWHnBs,GIF,18971
2026-08-03,551,hLlrlSXRBLz2a3Fa9b,GIF,18896
2026-08-03,552,UxIqUYwwUampJ8DTtS,GIF,18813
2026-08-03,553,s4hSWA7C4PRGJwjwkp,GIF,18689
2026-08-03,554,GxQiKyAy9kzwWgAClZ,GIF,18539
2026-08-03,555,cpWDzbkGXinjazXAsQ,GIF,18298
2026-08-03,556,tUcJ0CqH4BsIKAIDrB,GIF,18270
2026-08-03,557,pKUmbMGZ5eNwfcEOwB,GIF,18037
2026-08-03,558,dBEeUL0mbzScibZaSv,GIF,17939
2026-08-03,559,pWYoNgRTTOcpQEGdh4,GIF,17837
2026-08-03,560,ZzOwQgO7FL2HlAGNPK,STICKER,17836
2026-08-03,561,oLP7BIj99u0sFUlnsV,GIF,17806
2026-08-03,562,31mHgJnJUAJXIB62kJ,GIF,17766
2026-08-03,563,9Ls9XsHDxEiICpkIWJ,STICKER,17750
2026-08-03,564,9ReJWTZDpvch3KYppQ,GIF,17635
2026-08-03,565,WMsLuEcsJ8txlZ5Oh3,STICKER,17621
2026-08-03,566,MibqmLIdqxwQepv1u4,GIF,17566
2026-08-03,567,Ad00UhfBWCrf6iIraA,GIF,17512
2026-08-03,568,XVluxxVNlvj7mOkHVD,STICKER,17511
2026-08-03,569,3So6FuGb7wVk14P481,GIF,17505
2026-08-03,570,pzLy6Kcx9jyVz05UxB,GIF,17479
2026-08-03,571,uYAAG52VMeqNbeKxrw,GIF,17319
2026-08-03,572,tFyjXDG8DdgV7jbV1B,GIF,17275
2026-08-03,573,2AHzoH7CI4TQeyzYCD,GIF,17172
2026-08-03,574,Fh1YBOMQy8ivv5QNzd,GIF,16823
2026-08-03,575,RjBXlk32cZwWJwL4gS,GIF,16700
2026-08-03,576,bbd845md4bBhtzxnP2,GIF,16696
2026-08-03,577,BKBmjqo7OhXyBwjnJ1,GIF,16567
2026-08-03,578,G4bRYCUE94lLd7ftFC,GIF,16526
2026-08-03,579,okTyHZDSQ8u31wyT55,GIF,16473
2026-08-03,580,j4tl0BRFWySCPi8I98,GIF,16437
2026-08-03,581,2OZgYoYD7xUPQjGmsl,GIF,16355
2026-08-03,582,tRWPZFwfKYTcaQ0Vut,GIF,16185
2026-08-03,583,4iC6WmsVhfZAeGj178,GIF,16100
2026-08-03,584,AhaWzd6OjdlgzY8poL,GIF,16073
2026-08-03,585,W2qRsuV2W45gij9eyQ,GIF,16022
2026-08-03,586,2jcJ3HFGUHkTyioaUT,GIF,15957
2026-08-03,587,rI4yCkQXsGkvkN6qQy,GIF,15914
2026-08-03,588,akR7RsXOEBsCpVxsp6,GIF,15743
2026-08-03,589,SMwNw54F5yZtqyTXNY,STICKER,15727
2026-08-03,590,xjLbBByLJ19X487OlI,GIF,15707
2026-08-03,591,hVlGeCHhXYdIj5VuGy,GIF,15691
2026-08-03,592,UiN6zWG0ArXRCn52L0,GIF,15624
2026-08-03,593,1gsEMwwsNPO36OxOQK,GIF,15586
2026-08-03,594,eSfJodS0foTOVqrBg1,GIF,15575
2026-08-03,595,vWQ3cNvlZdFGn4P8mC,GIF,15461
2026-08-03,596,wulH1pzgOUFXQQNyor,GIF,15374
2026-08-03,597,RZrRtVNSxivmiqc4ms,GIF,15296
2026-08-03,598,LgaosMJFuBdaBg4Zqw,GIF,15233
2026-08-03,599,ifOOtGdoahRmSdfh4k,GIF,15221
2026-08-03,600,UGSaXOiJokVFwXEoAT,GIF,15214
2026-08-03,601,yzc7OYyffaFr1W6Jml,STICKER,15175
2026-08-03,602,jKFcYsEGnQcAUJrto3,GIF,15078
2026-08-03,603,AkjBpF1TnoWQNI57N8,GIF,15070
2026-08-03,604,FQaUqL5cxE07TVmEbM,GIF,15013
2026-08-03,605,UPnKAxvJFJWIJn1NNK,GIF,14709
2026-08-03,606,iRowpDxl0o0Qs0f422,GIF,14651
2026-08-03,607,12h0oJrF1Dl0MHExt2,STICKER,14567
2026-08-03,608,ob50T7GkSbkLLSRhQn,GIF,14537
2026-08-03,609,vgMxyT3D5Nf7YtgLEN,GIF,14497
2026-08-03,610,bNXwltxLdCxIBUW0oA,STICKER,14434
2026-08-03,611,UM7sju7MO1wK6KpVdR,GIF,14395
2026-08-03,612,XniMEEmJBr9ukfaFPg,GIF,14327
2026-08-03,613,GW5HlgHeRXwbcIRTAO,GIF,14159
2026-08-03,614,hPd95ZhVUZRpaqfS71,GIF,14159
2026-08-03,615,4Z5Et8yinfeZ1jfuJF,GIF,14129
2026-08-03,616,ADV5RUY8deNWvKXmg9,GIF,14064
2026-08-03,617,ApgAv4fFKYE5zQmdet,GIF,13984
2026-08-03,618,OlLlVUZxrcqZm6RPza,GIF,13942
2026-08-03,619,QSA6gWBwyyXJIzo0gE,GIF,13851
2026-08-03,620,qJw4maZ7dvqO6QsGJh,GIF,13793
2026-08-03,621,ysB7TRjZlCfK705Qsx,GIF,13755
2026-08-03,622,KR0ABF8z9pul0Xn1vj,GIF,13694
2026-08-03,623,Atdw4UUjkYNWJaCahh,GIF,13554
2026-08-03,624,oU1Fo2c50feGpaWwDh,GIF,13503
2026-08-03,625,E0xJwLqR8naax696nQ,STICKER,13495
2026-08-03,626,6C8dDrMGIFZ1kV0kIc,STICKER,13468
2026-08-03,627,IhRt3YlSBJDDGKmVfA,GIF,13465
2026-08-03,628,cIJp8Y1yZVnCzjXSjQ,GIF,13454
2026-08-03,629,G0FL2jcpanSQMex6pQ,GIF,13430
2026-08-03,630,ioikNOK6094SPdG2gY,GIF,13321
2026-08-03,631,KGTieGwsFTzfKxi73d,GIF,13283
2026-08-03,632,cR1Bnk7j1OAqINYtOY,GIF,13246
2026-08-03,633,V2cgY6r7FOSTkCgBS1,GIF,13158
2026-08-03,634,cZYcjyCHHn2mk1ikmK,GIF,13062
2026-08-03,635,UHX8Z1xxM7q95ifvMN,GIF,13039
2026-08-03,636,rkT6Jth8qRgE1h2Fn2,STICKER,13025
2026-08-03,637,7uuBgvGPs6E5EttML4,GIF,12882
2026-08-03,638,NlQfFCNhxuArwRa0yg,GIF,12825
2026-08-03,639,zIf83ye6vDhxzHKtUd,GIF,12648
2026-08-03,640,9LjH7SfiKocKcE5PJv,STICKER,12541
2026-08-03,641,j5tlCfRuJaEYe1m3nq,STICKER,12425
2026-08-03,642,K53ka9tKBWvdlEmEiQ,GIF,12359
2026-08-03,643,HOOTxxN5gUjEhJDUzT,GIF,12271
2026-08-03,644,RwHdKDHMgbReieccJ4,GIF,12239
2026-08-03,645,uZzDdw53yMluV0UWVF,STICKER,12163
2026-08-03,646,pxIwqllLtTqwkP3P7q,GIF,12091
2026-08-03,647,3bdT6rswZrdJAAXyIY,GIF,12051
2026-08-03,648,L6nYUwRlB4locGnAhT,STICKER,12014
2026-08-03,649,20LOqJQZdFCTJzrMA9,GIF,11945
2026-08-03,650,XHby9xOM0HPzPJ6tqF,GIF,11902
2026-08-03,651,nDLvxkW2XE2ZjcVKQR,GIF,11745
2026-08-03,652,UpPyFzWrRSSCDjWW5S,GIF,11596
2026-08-03,653,7js3sdMoAXf6iljz9J,STICKER,11486
2026-08-03,654,JdCL1IXkf3ObMe1SIJ,GIF,11394
2026-08-03,655,qY5hBUyiQSBf79ntVr,GIF,11394
2026-08-03,656,bRI1sNgKvZoO69xpZt,STICKER,11382
2026-08-03,657,k8u0YOIFdyRsTb950U,GIF,11281
2026-08-03,658,dfwpUHP88TTodHV7xY,GIF,11225
2026-08-03,659,Z9OWqReW3I4Jr4MEdB,GIF,11118
2026-08-03,660,kAZI2CjoJeDdkShdIp,GIF,11117
2026-08-03,661,WHFiPP52PG9th1XmMP,GIF,11097
2026-08-03,662,HKNFJD7cAwpvlYa6p1,GIF,10994
2026-08-03,663,MVdhlDm19paYqtsMfF,GIF,10969
2026-08-03,664,hkJqI1Z2eMIZGjaLGr,GIF,10838
2026-08-03,665,lo0xHsbZsqAXm3DxRm,GIF,10814
2026-08-03,666,t8SxzpqSbWCkZscsKZ,STICKER,10794
2026-08-03,667,jCb2I9TIDuTGehdSHx,GIF,10792
2026-08-03,668,MMQp5dVRWpDk5TKSk3,GIF,10645
2026-08-03,669,5b6DvVHMPq5kG9QBE7,GIF,10515
2026-08-03,670,YhWN4jrl9saWCBtYVs,GIF,10489
2026-08-03,671,ocHIQm4HwUXQHcA1U0,GIF,10470
2026-08-03,672,bOLdbJxTL32fzUfQ79,GIF,10468
2026-08-03,673,qNokvWhj3oqF4D5q3D,GIF,10464
2026-08-03,674,kAVvf8QMmCmXU7NDA6,GIF,10436
2026-08-03,675,KtttnFu2Mr4fZKCeJe,STICKER,10399
2026-08-03,676,aFoEcC8r12zpxNNvSz,GIF,10279
2026-08-03,677,XB8mTbeXNfl7OIlAkt,GIF,10229
2026-08-03,678,zysC5B66n65evvIv2j,GIF,10160
2026-08-03,679,QBNF6zlAHH46DTIM8A,STICKER,10089
2026-08-03,680,MSUZpSsPXDiTRUuHTL,GIF,10078
2026-08-03,681,gzUNmzVfGkKdMxyHrF,STICKER,9993
2026-08-03,682,hZtR0YEJJ66b1a0Yrb,GIF,9884
2026-08-03,683,ZmQW2HIzjSKv4646wY,GIF,9830
2026-08-03,684,fLLDOs1PXL5od8aETL,GIF,9747
2026-08-03,685,YEzgbuQKP7ilTDmGni,GIF,9673
2026-08-03,686,g1TgPevFB2j9fFhIUv,GIF,9643
2026-08-03,687,O0dGSqMpJcA3Jk5tmZ,GIF,9642
2026-08-03,688,m6uaoa7xX7Dg2HnF6p,GIF,9602
2026-08-03,689,KksuC9fn8zo5RlERgg,GIF,9435
2026-08-03,690,Pd6VbhzYBpVXqj1D2b,GIF,9429
2026-08-03,691,HM50iKLhED7tYTgtrk,STICKER,9349
2026-08-03,692,pfDwG4T0vC4IxqS2eN,GIF,9335
2026-08-03,693,nDcAtQrrztB6tjk8d1,STICKER,9142
2026-08-03,694,KlL7G6C1HWtdM3YHse,GIF,9130
2026-08-03,695,NMa7tlk37iWeBOSmwr,GIF,8790
2026-08-03,696,9Se0FcKFZFCt7lM2x3,GIF,8789
2026-08-03,697,xW6AwwdTobQgDZ3nAU,GIF,8764
2026-08-03,698,3QOaNhNb8TA085CDrI,STICKER,8758
2026-08-03,699,m7sXoT4sjUcHqlfqFS,STICKER,8705
2026-08-03,700,3SkP2Mn8rWCPR7qYs8,STICKER,8672
2026-08-03,701,F0x8UfLG8yOQPPRCj9,GIF,8640
2026-08-03,702,o582qaiYg31UCY2MHB,GIF,8637
2026-08-03,703,btR3gAi7NqgMjA2aNz,GIF,8595
2026-08-03,704,VOuTYkX8OhXjetxwQ5,GIF,8571
2026-08-03,705,pq5a9erYX0mupYAw0r,GIF,8470
2026-08-03,706,QozR1lmgh6PNPxiPDH,GIF,8428
2026-08-03,707,BqKx9z6SmgH9xfzMoU,STICKER,8321
2026-08-03,708,s5mc5b4QlA0GqxfiMn,GIF,8283
2026-08-03,709,P2dP3D2kAzqcRPPaWr,GIF,8221
2026-08-03,710,2MJOk63MZDgJLnCWbP,GIF,8070
2026-08-03,711,tPrbmCVHFFg7K72O3L,GIF,8022
2026-08-03,712,0iqkjAyJgiCpPLy3Fq,GIF,7990
2026-08-03,713,A1yl317Qn9BkRcNDyq,GIF,7920
2026-08-03,714,2fhhHvDo2dUJMgJFW6,GIF,7858
2026-08-03,715,9joM0t278fxmxw63iM,STICKER,7849
2026-08-03,716,KDKNDBHabbk60REZnB,GIF,7726
2026-08-03,717,RE60di0oRWMdq7SDoQ,STICKER,7702
2026-08-03,718,DtzZaTXJmluGoVaJzL,STICKER,7620
2026-08-03,719,LLJZa29zWpqjzrVNHB,STICKER,7501
2026-08-03,720,1YIOwyDs2IK6MPvs3f,GIF,7420
2026-08-03,721,x61sB9WoV0TIwRSfsR,GIF,7233
2026-08-03,722,0DWKPIIDI9sWSoKa5F,STICKER,7143
2026-08-03,723,s0qV5J5dP5lzZkpC1r,GIF,7031
2026-08-03,724,clne8r9DaMEPN77izy,STICKER,7019
2026-08-03,725,ju4JqzNVQrJQULIrQQ,STICKER,7013
2026-08-03,726,7HLrdcksEhIrZa9Zir,GIF,6995
2026-08-03,727,vhCeQWMJEmFvfjONgE,STICKER,6983
2026-08-03,728,2FxcZ8wpN6fQC5YJ4z,STICKER,6956
2026-08-03,729,DkMC0pbvPVy3KNCzzD,STICKER,6881
2026-08-03,730,6RL11R4fio6tTZS5B3,STICKER,6774
2026-08-03,731,zx3ayFaNycGyE1nZ01,STICKER,6767
2026-08-03,732,0kjZf6pew3SqzrzHH7,STICKER,6676
2026-08-03,733,Dv4oKPwiykQqHhZr1W,STICKER,6654
2026-08-03,734,z7SQKvGQvXrAtw9e0b,STICKER,6544
2026-08-03,735,W04ps2Hb3KrzSRGeh6,GIF,6473
2026-08-03,736,kqkgYGr6YOULDs5Fcn,GIF,6372
2026-08-03,737,QED7OaVB6S127veeBk,STICKER,6231
2026-08-03,738,P38cOb4eV8zvrGANTG,STICKER,6119
2026-08-03,739,ylQtCW6zrlfGS8glXw,STICKER,5884
2026-08-03,740,FpWKtmKDYtFqgQ4F1p,STICKER,5797
2026-08-03,741,FrixhPI7XEfr3wS5yp,GIF,5767
2026-08-03,742,WEC8B0JL2IifWaSoOn,STICKER,5762
2026-08-03,743,cltZFv7xOOVgJUOrOP,STICKER,5680
2026-08-03,744,IMNgh51iJQHDWSoMm2,STICKER,5532
2026-08-03,745,g9LibgOagcZAvPML8w,STICKER,5530
2026-08-03,746,v4mRkaIx4POC0DHgUM,STICKER,5503
2026-08-03,747,GQnycCHR2tSSMXS9oh,STICKER,5469
2026-08-03,748,oT8h0iLmJVj4OORrVw,GIF,5424
2026-08-03,749,64biIPpOpL0RUNkvRQ,STICKER,5422
2026-08-03,750,2ltRBrU98eB6SOCvlL,STICKER,5408
2026-08-03,751,NzJ2mFSbkzVkj29CYP,GIF,5165
2026-08-03,752,85pJRIDsWcRCRBKFhd,STICKER,5113
2026-08-03,753,l1mRHDgvYzHZVRI4M0,STICKER,5097
2026-08-03,754,fT2ecOvmXPJxFkTbWJ,STICKER,5010
2026-08-03,755,vilClGRTjSHu0GtpnI,STICKER,4972
2026-08-03,756,RWX2nTNdXEnrfWiZa4,STICKER,4965
2026-08-03,757,Fk1G76mvlTOS0YUZ5A,STICKER,4886
2026-08-03,758,hJHziY8ehiG4m6HxSV,STICKER,4845
2026-08-03,759,eRX5a3BHg4ezXw0UCh,STICKER,4714
2026-08-03,760,rShS2A9N2fJxhddR73,STICKER,4660
2026-08-03,761,XHhUoP1JW91SPS6GbT,GIF,4630
2026-08-03,762,BUkQuFqMIKmPbzBBH6,GIF,4594
2026-08-03,763,pIQoynVdXIZshkdd9a,STICKER,4523
2026-08-03,764,H1bTEEl6lDeQC55aJ7,STICKER,4517
2026-08-03,765,kkOBICGZgUnawZm7If,GIF,4386
2026-08-03,766,23kKeMgwQdsTaTefn7,STICKER,4382
2026-08-03,767,LhW6KP4Nar6HsqGuKf,STICKER,4326
2026-08-03,768,e0s868pPHJojxQ4Vgs,STICKER,4275
2026-08-03,769,PmswRSnBQr0RWZ4Bf4,STICKER,4225
2026-08-03,770,V6nWD8hjJ0NqRkwKwf,STICKER,4212
2026-08-03,771,TBERH8SbfqimWzO26A,STICKER,4137
2026-08-03,772,JJeQWqCysrgl8pxNh0,STICKER,3995
2026-08-03,773,4p4coQ86ez7Ru85vou,GIF,3799
2026-08-03,774,NzvXgZXYLnsZBmsdg8,STICKER,3723
2026-08-03,775,5QdOBPO3tLl2QnMEml,STICKER,3709
2026-08-03,776,CPfrrA6I7wi4q0blhk,STICKER,3672
2026-08-03,777,DoNIRpsowBXVQjshzI,STICKER,3646
2026-08-03,778,Obpk3J2ge7JTNHLlsG,STICKER,3631
2026-08-03,779,oEgmDtYesxKZLeYfbk,STICKER,3613
2026-08-03,780,h3LXEuX6X5Oyq34byu,STICKER,3607
2026-08-03,781,Pg9FLF1hIKRfew3hKh,STICKER,3550
2026-08-03,782,AOXdCCwtj3Jeic1FY0,STICKER,3354
2026-08-03,783,zwhh70RrzFm6xIkbty,STICKER,3309
2026-08-03,784,FRKnlYZ5Sc1GyYRhym,STICKER,3225
2026-08-03,785,C932EjtWrmuYbX5KYd,GIF,3206
2026-08-03,786,6KAGK2RnpkpBJCM8pW,STICKER,3163
2026-08-03,787,5sWddKfNN6ISDvkDWK,STICKER,3158
2026-08-03,788,lckVXkNU5pajkTH2Y4,GIF,3134
2026-08-03,789,1VoVsG6WlTCqUv2uSU,STICKER,3060
2026-08-03,790,uRu8dFMCWLKNRlMCmu,STICKER,3017
2026-08-03,791,USPTPyzyOMCwrK5zXw,STICKER,3003
2026-08-03,792,rFFMgUw7o0MdXN0Lcv,GIF,2961
2026-08-03,793,fVPVSpEApPhaPTBlFK,STICKER,2941
2026-08-03,794,JfYHNaMLT2Our6QZoh,STICKER,2854
2026-08-03,795,ATiZp8tOfAvn28QQ1m,STICKER,2840
2026-08-03,796,BP9MV9M2iTOdPP2szZ,STICKER,2825
2026-08-03,797,y9JLObWA6FDyT60nRE,STICKER,2802
2026-08-03,798,y4clWEz09eNed1WsX8,STICKER,2798
2026-08-03,799,1CtnvXO5JJQFN6DhpR,STICKER,2769
2026-08-03,800,8hx8uoZR5mx3pAnEre,STICKER,2744
2026-08-03,801,TgzPQznnOCOG8NIE5T,STICKER,2658
2026-08-03,802,2gXb2GoR2fu58PIHhV,STICKER,2636
2026-08-03,803,4mTE4i8Zui0pfyN6Tj,STICKER,2538
2026-08-03,804,5dhF60l8tjO4UUuTTz,STICKER,2490
2026-08-03,805,sUB4mT5lYLiasBJttS,STICKER,2487
2026-08-03,806,ocQq23oTR3xieuMKVv,STICKER,2395
2026-08-03,807,TGQHtxrjS5GuOOdx5W,GIF,2338
2026-08-03,808,MoUvrMYhXbXOYMTXOs,STICKER,2331
2026-08-03,809,zvQsooz0XRnldcroLB,STICKER,2300
2026-08-03,810,d6UTJkeCNSuMgArYQg,STICKER,2246
2026-08-03,811,mHwma9gZf9Anp5nnVR,STICKER,2217
2026-08-03,812,swXwzpLVqMM4Eop4OM,STICKER,2157
2026-08-03,813,gV15dSeODe88bn6qQR,STICKER,2133
2026-08-03,814,x1wUUVLTWSgjb61Drl,STICKER,2102
2026-08-03,815,1pnf06KKMM2qlRmCIj,GIF,2081
2026-08-03,816,6cX7vet4YAxk5XCPgB,STICKER,2040
2026-08-03,817,Lx8INvzlMMlQ8bQNbo,GIF,1723
2026-08-03,818,weu7IIXaeX1xtKGHgz,STICKER,1701
2026-08-03,819,FE082NASfhS5hGoRfm,GIF,1661
2026-08-03,820,BYbzy4UJj3jZGQzObN,STICKER,1648
2026-08-03,821,vIo7Jz8nfzb8krTpw1,GIF,1648
2026-08-03,822,0S2uKh8lb7S9fwEimR,STICKER,1597
2026-08-03,823,mSUqzqKJXnQJGn8E0u,STICKER,1596
2026-08-03,824,xTsdxIAnggFtww1tbS,STICKER,1491
2026-08-03,825,48lOBPTz2RBZlk6s5K,STICKER,1469
2026-08-03,826,DYwNxxZXbBlCDPb8Ef,STICKER,1361
2026-08-03,827,VV5t8tfDi28sKVeaOj,STICKER,1210
2026-08-03,828,5BgFFHb09dESx7zqli,STICKER,1204
2026-08-03,829,1djpUfuj1q5zamopKb,STICKER,1169
2026-08-03,830,ujzbmxCome2mkPrd2s,STICKER,1110
2026-08-03,831,f2A4QbhaMnmCOac22T,STICKER,1077
2026-08-03,832,Gizdqrs09PZXeoD16N,STICKER,1070
2026-08-03,833,UeWsyojUXHXZZbB2bZ,STICKER,800
2026-08-03,834,Wn5z9un3Nv5gIepz38,STICKER,738
2026-08-03,835,nSbqs9LRfXGcnpxZSo,STICKER,678
2026-08-03,836,B1AR811Im6IVrbjfbH,STICKER,583
2026-08-03,837,4kS6IZ8afwMArzMNt3,STICKER,568
2026-08-03,838,ETRiqfIqLgrKzy4eOO,STICKER,449
2026-08-03,839,q28otU4WUdpleg49zb,STICKER,352
2026-08-03,840,C4yn5gQdilKTzToTFh,STICKER,321
2026-08-03,841,Sfiri0PXigpGueBftO,GIF,18
2026-08-03,842,uKuw4epL1KjAqERkXv,GIF,4
2026-08-03,843,49lmGu0eQ7ISpToUTU,GIF,2
2026-08-10,1,S0GO7wvqciKU6znbFW,GIF,25539667
2026-08-10,2,VeQ7R5eLzOiZwny95R,GIF,12006545
2026-08-10,3,1MTfxcyrTyUFK9Zp3S,GIF,11137278
2026-08-10,4,YFsvkuJTxLc0uuNrhO,GIF,9880268
2026-08-10,5,Zil84rm4wvlWsJqo9C,GIF,9599587
2026-08-10,6,z1dXRwDsqrjs5KDOML,GIF,7025907
2026-08-10,7,s6eCu3KXqkq8sKt2pD,GIF,5792781
2026-08-10,8,6A9hefwTjvCDMURljb,GIF,5475578
2026-08-10,9,vFAra3l66GR59S9K40,GIF,4746564
2026-08-10,10,n20QOGJq9Smmy5c5Yx,GIF,3882761
2026-08-10,11,7UCWuilJRYlAu15j7U,GIF,3756454
2026-08-10,12,Tp7JErC4Ak5ZrF8ciK,GIF,3747586
2026-08-10,13,HXbjrTClytGyPjam3M,GIF,3603316
2026-08-10,14,hBt0VjWkZbFRBrBACu,GIF,3441039
2026-08-10,15,zFJd9Sp0856KS6dVtv,GIF,3195722
2026-08-10,16,VZ9JDjblGrqOCxqVFT,GIF,3145224
2026-08-10,17,01KHA2KdMQLQi136pi,GIF,3086072
2026-08-10,18,l8eIHDVeTwEm5VOjb1,GIF,2588069
2026-08-10,19,4XEUw17xG7OGK9nuJw,GIF,2511609
2026-08-10,20,ba5JMnrKk4o9z7yiP0,GIF,2434832
2026-08-10,21,3lTznm8qcjuD0dOyof,GIF,2265627
2026-08-10,22,kvrucA56Ge96PitAIf,GIF,2079688
2026-08-10,23,4yd3gQjXGb9aFks0bS,GIF,2050846
2026-08-10,24,gfv9pQSjyN83iR0zM0,GIF,1874001
2026-08-10,25,ykoTW1SqAFoUKMXfwl,GIF,1647967
2026-08-10,26,Atd0AOMP5wrkqhYQpM,GIF,1637484
2026-08-10,27,H1SV8pkPwh24wqRfyd,GIF,1636533
2026-08-10,28,NnvB50iO7TqUyBzFvl,GIF,1471235
2026-08-10,29,FjOH5YsFZv0M1wuIBb,GIF,1456833
2026-08-10,30,CQF6AFxLK2g5y2B2NN,GIF,1421650
2026-08-10,31,MmwWuKZzjxYw05RF8z,GIF,1397852
2026-08-10,32,AZgI9GQ4S4ul6qcA9u,GIF,1393089
2026-08-10,33,XCdhyRfbj2GvgufO0u,GIF,1385584
2026-08-10,34,Wmu62LX7EfEYjeZFom,GIF,1332417
2026-08-10,35,IvJvPYEXDOoV3ju64N,GIF,1321164
2026-08-10,36,zbFMPSL8EgDfqeBgWZ,GIF,1270052
2026-08-10,37,bbQA9p31wBCfGP7Lqq,GIF,1247098
2026-08-10,38,N20tM6nrrXQMl4HYWz,GIF,1236629
2026-08-10,39,BuT7JDz3OLtImz82QE,GIF,1166000
2026-08-10,40,HBz4ZFEBOWzRdBO70e,GIF,1136390
2026-08-10,41,ZfzDxoltZ5FyWrmTJl,GIF,1124096
2026-08-10,42,zbcPsquuTZdA0tMKBx,GIF,1122376
2026-08-10,43,XYGeNuYFTJxYanc1ij,GIF,1023414
2026-08-10,44,mwnu1QWfjuMZbKdgcp,GIF,1022340
2026-08-10,45,4zCNON1K71s6JXOFd5,GIF,945227
2026-08-10,46,pQxOnCwLvTBG4uf3KD,GIF,938979
2026-08-10,47,4yGaQKJE08kHXPuyMn,GIF,936363
2026-08-10,48,z7kuboVsFhWrC6gJDp,GIF,900036
2026-08-10,49,9dJzU7bFwJBIWjvWO0,GIF,894571
2026-08-10,50,5IYv7MHczMNdqnxWa1,GIF,880109
2026-08-10,51,g2KaTr5PnaMjjBUagH,GIF,872121
2026-08-10,52,6YX6lFHrE3n78eBvRu,GIF,857884
2026-08-10,53,pTNVcut8Um4qfqAn0v,GIF,844121
2026-08-10,54,qhb6MgP55rZQIiJPFf,GIF,829040
2026-08-10,55,w0t4WTCyVJfbNIAwdR,GIF,756782
2026-08-10,56,zuMnz0s1el2MO30gjg,GIF,752591
2026-08-10,57,WT9XlpCYQY7PtmCLT4,GIF,714732
2026-08-10,58,oowpSQYkmY8zkkApHu,GIF,714203
2026-08-10,59,n4eta4zIkCRr6xbK2f,GIF,703561
2026-08-10,60,6o7c1nxSuBTp6XIMzm,GIF,698327
2026-08-10,61,VUJFF1jbhxVFyUtLTJ,GIF,688440
2026-08-10,62,pGYHslrw9ZTEMk9Sn2,GIF,638693
2026-08-10,63,I70wiKkwEVZWC2HFAO,GIF,633400
2026-08-10,64,cj0jRYyipLPlzwLs0i,GIF,620658
2026-08-10,65,ZUwEmP2EchPgZetmps,GIF,614930
2026-08-10,66,xNJVAiSsa1wtC14act,GIF,605584
2026-08-10,67,VFmjfFzMv0JETVuokv,GIF,597175
2026-08-10,68,ZtAisAoRQRuf0wlOqe,GIF,595288
2026-08-10,69,QBgFxeacBb59LMX5su,GIF,580693
2026-08-10,70,Brkoiafxyzb94gXrMa,GIF,572604
2026-08-10,71,PMny68XCKFiABxd1SZ,GIF,566685
2026-08-10,72,3CjwLHLooBGmDorkzF,GIF,566311
2026-08-10,73,p5EoYWZd7rXnSrk3A4,GIF,557728
2026-08-10,74,C2wLIBhg6rnF2Vk5p3,GIF,550526
2026-08-10,75,TWBEBifNIlRw3WZysb,GIF,548554
2026-08-10,76,KyJWoY8DDDBnJMn5fY,GIF,543928
2026-08-10,77,TiuUji4KiJvFuzPFYg,GIF,535601
2026-08-10,78,sGr4yrFK3BHDsEhSAM,GIF,529851
2026-08-10,79,VSmo1UmSEnNBOkzzKN,GIF,521785
2026-08-10,80,qpJtW9XMVylfz7N32c,GIF,513461
2026-08-10,81,CLsZfPTw3az9SfokNz,GIF,511811
2026-08-10,82,2Tmk43f9xbaX1HX5XW,GIF,511145
2026-08-10,83,eEEVPZVPzXY9ceK13z,GIF,508273
2026-08-10,84,WoJ1KruDxKQ1TdT7LG,GIF,501246
2026-08-10,85,XbEj9EvaOwUas4Zfkd,GIF,500197
2026-08-10,86,67KY9IKgii3mZDcGQS,GIF,493135
2026-08-10,87,BxCTf1cNDlhFUdurmO,GIF,492663
2026-08-10,88,V7KYS0VPWVdhPFUj9Z,GIF,463627
2026-08-10,89,8tQLdg1TjgKBuuPbco,GIF,447860
2026-08-10,90,kFnvhvvnxA6KwTnIzA,GIF,441372
2026-08-10,91,yVkY5XkSGEbmGkqKlt,GIF,439157
2026-08-10,92,W4ZiN0w5JKJF4oK36b,GIF,435976
2026-08-10,93,uXV0BqmxAJt7VKNgZh,GIF,433988
2026-08-10,94,GAczcLkdTCTPS01kQy,GIF,423676
2026-08-10,95,bKDPhQuR4aMtOTfzSz,GIF,423149
2026-08-10,96,hhL4cErWygGzv0PMwl,GIF,417379
2026-08-10,97,ZqZUWuxULL0IZ3XdCW,GIF,416734
2026-08-10,98,tsiV9e5BNYJs9N63xu,GIF,413106
2026-08-10,99,tgLpK2WbZhGe0D6UbT,GIF,411610
2026-08-10,100,N2GUDdRZbdCdUzYkuw,GIF,409895
2026-08-10,101,HU5ZX6NCZHrKdAkGtf,GIF,403413
2026-08-10,102,cPeIETb5b6zKnkngts,GIF,398099
2026-08-10,103,9HtqtBJIrXjEyDlqtp,GIF,386820
2026-08-10,104,gSJLxCRJSAtTesQIH2,GIF,366761
2026-08-10,105,clODkNL8QqeiiLV871,GIF,351096
2026-08-10,106,9sKA3ibq7zX02Os7y4,GIF,343818
2026-08-10,107,soFxWwpvpFThVlZGd4,GIF,341711
2026-08-10,108,rWdKQ4rLROfKD3cdLI,STICKER,340782
2026-08-10,109,imjTWu6Vx9k0QJwpv4,GIF,336995
2026-08-10,110,wDcx1Rm1hXxGKefyTR,GIF,333802
2026-08-10,111,Oa4QJT3Fb0zQ037mov,GIF,331338
2026-08-10,112,pUnbgneAsAFpw9wmzw,GIF,327123
2026-08-10,113,XR7PHHrmVHtqEK1gol,GIF,323033
2026-08-10,114,i09kDxdM8snHxPKl1i,GIF,322745
2026-08-10,115,toIRQFAFFCtAWwJveB,GIF,319757
2026-08-10,116,Px3XFOmPDLjRvP9YeG,GIF,319447
2026-08-10,117,uZ7GOHTYg3w6hAPN9v,GIF,315146
2026-08-10,118,gGTnOmNz9RWBhLAOww,GIF,312880
2026-08-10,119,woNoaZZ9V12dyjYjJo,GIF,308804
2026-08-10,120,3Vvcnjhme1hwqwMNke,GIF,308620
2026-08-10,121,m0RdfAX3ZVq56g6Ufb,GIF,306722
2026-08-10,122,bktvFDtSnncI1w598s,GIF,306715
2026-08-10,123,sTKnZMlZKwYbtflXQq,GIF,305142
2026-08-10,124,QJ4gYE5K7A8FPhPHuX,GIF,304351
2026-08-10,125,l23aOmdgpH4PVpPOOF,GIF,299764
2026-08-10,126,VtZku1FNcJfdfJLPya,GIF,294693
2026-08-10,127,sGkjKXy02jm6wjrij1,GIF,287613
2026-08-10,128,ydtlZT2ZGwRKUS7k90,GIF,282601
2026-08-10,129,VaHgVrzYDaGrz7JRiX,GIF,279109
2026-08-10,130,H5b7aOpD0MCxbT3jFO,GIF,275894
2026-08-10,131,cwXLRZXXoL0np7eb72,GIF,273604
2026-08-10,132,FCtjJQzZME69CW6ttp,GIF,273453
2026-08-10,133,RcKxMa4JVupSJSMnhX,GIF,273137
2026-08-10,134,Vtg7zkTTczN2bvodCG,GIF,270857
2026-08-10,135,y2QSRInUPq9f5evJVB,GIF,269901
2026-08-10,136,gUn5uaz4fhAKi45l4u,GIF,266554
2026-08-10,137,rcKw9ZKuo0lLFzIuuZ,GIF,257776
2026-08-10,138,prWnSRzSzVrBZLv41A,GIF,257764
2026-08-10,139,iUmxhJqvJmf1ytmdok,GIF,255668
2026-08-10,140,x6TIee2JM9pBwc4MBG,GIF,252044
2026-08-10,141,TCYSBvF1McWeOViTdS,GIF,250321
2026-08-10,142,6SPE2NmJboU2RJtzU7,GIF,245435
2026-08-10,143,tiqNAs5cs6O0h36elo,GIF,242940
2026-08-10,144,dgXu5U7aMzbfILnDcj,GIF,239377
2026-08-10,145,GMibniHgHabH5FsvSf,GIF,238026
2026-08-10,146,6UDc6ioncYRxWDnp0G,GIF,237870
2026-08-10,147,49UXvksd1mD6ivtzSS,GIF,237663
2026-08-10,148,K4y1b339hvcqk45WJ9,GIF,236363
2026-08-10,149,0QcUioJ7k6T2xRT6dI,GIF,236162
2026-08-10,150,R60s9NrOwv5eTrRPzV,GIF,235755
2026-08-10,151,5DIPupkmxQqmITQtN1,GIF,233789
2026-08-10,152,X8U2NmVTuTntFxGesd,GIF,229285
2026-08-10,153,cYELoocQoVRmY2GRJq,GIF,228459
2026-08-10,154,oC6Cx1YXBtvdoYXmZr,GIF,227502
2026-08-10,155,oxj2Z1k2cHtR0oZkqj,GIF,226562
2026-08-10,156,zAo4CHpNAaNDg27lmG,GIF,226274
2026-08-10,157,GJEvTVbP5UFX1rqFKc,GIF,224348
2026-08-10,158,54Lr6tnL43zux7QcZh,GIF,219718
2026-08-10,159,fOGrNl1SGyw9ZF5Qeh,GIF,218973
2026-08-10,160,WmTuF4gz4C3ZfoHQGw,GIF,218347
2026-08-10,161,kg26UxATxZow3AsKZZ,GIF,214695
2026-08-10,162,V5xSpg6PoKMeC6mvhG,GIF,211800
2026-08-10,163,6vaqqwTzS6SuR36oIW,GIF,208879
2026-08-10,164,vaKM2dq2diEh9vUBQP,GIF,204630
2026-08-10,165,czdCrCBERAQKBOfOLo,GIF,202546
2026-08-10,166,TkAIyyDEx6r2Qrm007,GIF,202076
2026-08-10,167,HoEkTdvUpnS9WvVPcF,GIF,201569
2026-08-10,168,ZlBrZ2naavOtI2qSAr,GIF,200767
2026-08-10,169,9bIcqjJn0WBjTCqQOT,GIF,198966
2026-08-10,170,xd0DzHA90wF0QspRKE,GIF,194740
2026-08-10,171,al9NLseK6dPr8Q0mZz,GIF,194733
2026-08-10,172,r1CQkqGt4aI7wr1Ohw,GIF,193542
2026-08-10,173,5grsDwlqX4kfy71Rdj,GIF,193247
2026-08-10,174,Lg6tJBqeg7Z8iHTvJK,GIF,193138
2026-08-10,175,RUcKKOR9LAGm3Sy9CY,GIF,192172
2026-08-10,176,3oDwGbxOLEg8bEEJIQ,GIF,190103
2026-08-10,177,N4HpPRFRixdNxu1Fg8,GIF,189809
2026-08-10,178,YfVEEx3kXDGBe8YKi8,GIF,188457
2026-08-10,179,3v4WsAL4dC4aMtTKdU,GIF,187206
2026-08-10,180,MODuEqgpv6IROKtJrO,GIF,187069
2026-08-10,181,N8j7uvd3K7ewojOxxY,GIF,185409
2026-08-10,182,zKf31joKvY23SQdSTF,GIF,183828
2026-08-10,183,QoVAe2QifgvhK2rnTG,GIF,181712
2026-08-10,184,AJYr4bWzAFjdGH9q0o,GIF,179252
2026-08-10,185,0LBI2fJsWSO88UZip6,GIF,178864
2026-08-10,186,IJSJIxvbADdqn7J4Y3,GIF,178697
2026-08-10,187,QGy9WgPA5wdXUx7yKE,GIF,177370
2026-08-10,188,LUgxmNMnZ1OaYHqZGW,GIF,174256
2026-08-10,189,7HumoY5K6oo1enpFWe,GIF,173992
2026-08-10,190,xoGxhyhEQOp0jXphxx,GIF,172726
2026-08-10,191,lZZ0LAMaAEOTY0ERz9,GIF,171831
2026-08-10,192,6C7KiVEfI724uCVi7b,GIF,170763
2026-08-10,193,b40vcDOn7iizajr2oM,GIF,169527
2026-08-10,194,5NxsFyN2WM2HjI1BpK,GIF,168724
2026-08-10,195,hb9nhr6m3rjQeRs9jp,GIF,167346
2026-08-10,196,nohvpMrEwXy468gDFR,GIF,165832
2026-08-10,197,p6hxl3FX2QtPN1eWsj,GIF,164306
2026-08-10,198,lGjWSowFgfSI3Q7CuM,GIF,163237
2026-08-10,199,0jVa8eudaK9tG5KOUh,GIF,160373
2026-08-10,200,ej3ZCWbOwLxwRNC2Kg,GIF,159829
2026-08-10,201,EMrPMmyufe1a1Tz1A5,GIF,158831
2026-08-10,202,no6Mm0U0L9Mv9tzvN9,GIF,157201
2026-08-10,203,ByodclSkYIdxh8KmGl,GIF,153696
2026-08-10,204,XQGaZGKKKFL5DGdt4Y,GIF,152393
2026-08-10,205,Zfddxu8Y4dgWz6ABMI,GIF,150036
2026-08-10,206,uejerzhWkT2nfV4ekh,GIF,146612
2026-08-10,207,lMtSWlhMBsTkmUot5s,GIF,145492
2026-08-10,208,8WBfBgNcz3Ep1OvSUC,GIF,144769
2026-08-10,209,Xl33ygtw7ZElNbVTch,GIF,144421
2026-08-10,210,wMeQ3go50ahhciuZwK,GIF,144274
2026-08-10,211,R3h2NcJNbFNBpS4g6q,GIF,144128
2026-08-10,212,SAyhOhXMo16hk1ceaB,GIF,143273
2026-08-10,213,ncRqGV6vGvUMh7oR7x,GIF,142927
2026-08-10,214,QytjwhKBE2ObyydwQb,GIF,142445
2026-08-10,215,LIqRddsJ488WR7JkgG,GIF,142330
2026-08-10,216,sKf6fbM0Fhn4keHMYX,GIF,141766
2026-08-10,217,98ehMD8kX9bLkq9Gcw,GIF,140393
2026-08-10,218,WhOTaSjCzQyMAMBn5v,GIF,139948
2026-08-10,219,aZhAXcAN33Makb02CK,GIF,139246
2026-08-10,220,CPApJWHvsT3o5VuKVK,GIF,137052
2026-08-10,221,6guW2txh6RAr0RCnTP,GIF,136048
2026-08-10,222,JGbVQO4No1vjY8SRwp,GIF,135119
2026-08-10,223,wvmHbFg1ExLSSKMaOD,GIF,134729
2026-08-10,224,hRRHZWBCM1iGz8W69i,GIF,134270
2026-08-10,225,6jMy4ML3746kQCwDNl,GIF,132680
2026-08-10,226,w4nv4DunM9a4tOEi3Y,GIF,129410
2026-08-10,227,uZCGmkB8j9Y2LrKCgC,GIF,129210
2026-08-10,228,qeTcrWW3wozMaIX6Af,GIF,128520
2026-08-10,229,1L3Mvo7LQ6VfgJJT6I,GIF,127626
2026-08-10,230,tZ7DeEmaE9nn2rqcF3,GIF,127509
2026-08-10,231,pPqefCee0DWoNtfPaN,GIF,125424
2026-08-10,232,9HORd4teDGhOt46fEz,GIF,124636
2026-08-10,233,P4mW1PplxZFjLv81SQ,GIF,123764
2026-08-10,234,An7uqeayxR5J8dKHu4,GIF,123066
2026-08-10,235,lHQGU1fP8dCpgZhRQ8,GIF,122147
2026-08-10,236,X2tAL568gaKEgB9Anv,GIF,120751
2026-08-10,237,5ssoenGB420wQegvln,GIF,119895
2026-08-10,238,O2iEG5r6EhWWPVCIMl,GIF,119746
2026-08-10,239,nqEtJ6z9u3zHbdmFq9,GIF,118653
2026-08-10,240,1Brq4LvOtRMIBJQi4U,GIF,117753
2026-08-10,241,NFlNPPsEU6FSGuOk3e,GIF,117569
2026-08-10,242,DWuxEYZBw978LKWG1b,GIF,117331
2026-08-10,243,nNlKQlqY4lK6qAxiQV,GIF,114941
2026-08-10,244,jxA1BBEg6NzTQL7pvd,GIF,114667
2026-08-10,245,P6CpYQD8EQVdHmbBB7,GIF,114646
2026-08-10,246,Xy1embN5dYLxDL7J1h,GIF,113546
2026-08-10,247,ymR0THwsC0ryufBoCC,GIF,113056
2026-08-10,248,FS1BfSHSEcBM7oXgnd,GIF,111424
2026-08-10,249,3Ej0FdtgfzHznxfoaW,GIF,111274
2026-08-10,250,XCGc4SGOCWsIxXCteW,GIF,111030
2026-08-10,251,0f7MezZNdfdf09G5MR,GIF,110682
2026-08-10,252,2KDnf1jZTUJlrrasTZ,GIF,109924
2026-08-10,253,ew2RAEkOVb0O643Wtj,GIF,109869
2026-08-10,254,TnYyD0Y5gHcxxIs60O,GIF,109633
2026-08-10,255,xal2XkbIQo668lc27M,GIF,109125
2026-08-10,256,LM6727wPq5tzhvVLMJ,GIF,108076
2026-08-10,257,01gaL9yoKUBxA6lLSx,GIF,104660
2026-08-10,258,RJZFIKDrvM9UVstlHg,GIF,104605
2026-08-10,259,mYNEpIFkBXXyA3E2SJ,GIF,103810
2026-08-10,260,maNlF3eSXasPrO4QdO,GIF,102228
2026-08-10,261,ArFOjTGDqq45OKCAo4,GIF,101695
2026-08-10,262,vtBtvkJFk09naDtqBk,GIF,100151
2026-08-10,263,gmEnnJ3Cj1fBPirnyp,GIF,99756
2026-08-10,264,gWRf9HI5C42rN1HirJ,GIF,99464
2026-08-10,265,PElQbTO025s7BK5sIP,STICKER,99215
2026-08-10,266,3DDxEpa9LhhPXbXpoY,GIF,99121
2026-08-10,267,33ZJlVdrJfJqeZ8YAd,GIF,97743
2026-08-10,268,BjiE1R8mHXxYRRhY0m,GIF,97351
2026-08-10,269,PictPG2QUCZqYQ7QJm,GIF,96778
2026-08-10,270,eGITs6JOnYa9vtjIwc,GIF,94492
2026-08-10,271,a8ZxCyyxdwfSsqTwsL,GIF,94450
2026-08-10,272,KcWVxQd0HvsbqguiXS,GIF,94062
2026-08-10,273,jzppiGwPog15PVElfH,GIF,93746
2026-08-10,274,PAHScnX9IEczmvTWFx,GIF,93402
2026-08-10,275,4agkjC6mUqzk4Ij9jS,GIF,93097
2026-08-10,276,8rDd90ItBDko5IMjqu,GIF,93065
2026-08-10,277,unRjgoWoUAFhPVQLY9,GIF,92455
2026-08-10,278,pPGGvsQjn9xJb55F8i,GIF,92044
2026-08-10,279,MgeNDcgT4gXYn338jR,GIF,91394
2026-08-10,280,bff86XIkSNuway0pUU,GIF,90612
2026-08-10,281,5IVmTwSUBkM26gnwiT,GIF,89928
2026-08-10,282,Z43RfKcmhr06OQ5ae2,GIF,89770
2026-08-10,283,v5PJmNVxWOTTThmnQg,GIF,89030
2026-08-10,284,zdfDUrgmjZWA1HNsfu,GIF,88799
2026-08-10,285,VWeSrHKWQs9WHgEkvh,GIF,86230
2026-08-10,286,GGxYV9J86hAuLOftmX,GIF,85961
2026-08-10,287,2fR6fBgW6BZU1CPIqG,GIF,85722
2026-08-10,288,tA9rysiKx5ifhNfO2T,GIF,85562
2026-08-10,289,1yWBEir2xnNtXtsIt9,GIF,84502
2026-08-10,290,IXMc63EIZGgNlNQNZD,GIF,82873
2026-08-10,291,XjiCTell4KeSfAqaQZ,GIF,81804
2026-08-10,292,QyRWxP3YleogvGmo01,GIF,81673
2026-08-10,293,4zJ0Gf0UHqoyJTiJij,GIF,81296
2026-08-10,294,tMZ7ky54PGeypqgalT,GIF,80719
2026-08-10,295,w59SdHiwZO84yaEl4U,GIF,80686
2026-08-10,296,QIpziLuXhTywLdbIkQ,GIF,80197
2026-08-10,297,WxxWLGWv6UUZdsT2lS,GIF,79957
2026-08-10,298,mruAYNxpRfWT7zWOVa,GIF,79305
2026-08-10,299,shE8kiyTqgMBGFmkLs,GIF,78656
2026-08-10,300,ptWaTNOtCbJyFoPOsI,GIF,78314
2026-08-10,301,zSoJATxvNy74D0WE4l,GIF,78304
2026-08-10,302,QMj3VgVVShzZkjSxTd,GIF,77680
2026-08-10,303,VaSaGr35NjXb2lexto,GIF,77405
2026-08-10,304,SglBDgyXDRttbNrLM2,GIF,76578
2026-08-10,305,8Ju2XpAU8kax6RU9pd,GIF,76330
2026-08-10,306,fAP7QAJ1xFD6JTFM1e,GIF,76270
2026-08-10,307,Gs7S4vm03HWudtCUxT,GIF,76075
2026-08-10,308,jRRG7jt2Js6MacrDGd,GIF,75998
2026-08-10,309,uCLrRaHsmPHmSNVkY8,GIF,75903
2026-08-10,310,BG3Zejm7Xdx6wWUf1s,GIF,75356
2026-08-10,311,BAvIhFpn2zXzDlaAKV,GIF,75187
2026-08-10,312,9h1jNCrbYXENVlj1FP,GIF,74920
2026-08-10,313,yK7UnYilNJehrLYsIm,GIF,74102
2026-08-10,314,XIxeCLHT9zVohiL4T9,GIF,74028
2026-08-10,315,z2RmddzZET8w5zZtyb,GIF,73524
2026-08-10,316,mp4uQj1yhchE0FJb19,GIF,73100
2026-08-10,317,NZNjSEXDfUQbmupjJW,GIF,71715
2026-08-10,318,m6Ldp765JS1TOc1epw,GIF,70582
2026-08-10,319,LOVAgqCndxbF0yVSvH,GIF,70495
2026-08-10,320,6qI2NYWngdAxxVX1zJ,GIF,70401
2026-08-10,321,6JNI1PXys4vMII0f9A,GIF,70287
2026-08-10,322,fJ9p947OpjYoUJv4pq,GIF,70281
2026-08-10,323,1XZi1EWSQLY3rMU5hb,GIF,69089
2026-08-10,324,bzs9ftqVS6wCqrRuWx,GIF,68361
2026-08-10,325,T0MPbboDiC4fnKtpKF,GIF,68230
2026-08-10,326,NU5arjj8ut7RpNelJ9,GIF,68009
2026-08-10,327,jJjpM5aG60awjoTpKb,GIF,67821
2026-08-10,328,TL448BG9MrQXfVRka2,GIF,67233
2026-08-10,329,PJDjRlqkTOWG8CAWNa,GIF,67215
2026-08-10,330,kkOOWhftIUKH1gRFI3,GIF,66803
2026-08-10,331,99L1Ri4cmx4aZ82imT,GIF,66146
2026-08-10,332,hUgUnBmpjUXA8w2eBC,GIF,65991
2026-08-10,333,5Cniu3sjAb3IHZD5Bh,GIF,65754
2026-08-10,334,Foo1QLxlFskrsgYXD8,GIF,65597
2026-08-10,335,x7ukpMi4J3VotdbBxy,GIF,65349
2026-08-10,336,go703FNMkaozEq7tqJ,GIF,65201
2026-08-10,337,tG40NFJ94fjjn3vRXR,GIF,65117
2026-08-10,338,VTG38I0RqkksEgqTdJ,GIF,65114
2026-08-10,339,kQRBgO3pn3vEnFTgXa,GIF,64059
2026-08-10,340,RYjyZx74LQ511YUxgW,GIF,63496
2026-08-10,341,6Zo8j3dDBwQsYvhISc,GIF,63101
2026-08-10,342,Zw9IYZoi4lR40x6kOh,GIF,63006
2026-08-10,343,XYiDNupHyw1MaXyFbY,GIF,62916
2026-08-10,344,R4K3oSgQ7goRV5dQW2,GIF,62868
2026-08-10,345,YoWUM76JMiAUKm9ggl,GIF,62629
2026-08-10,346,mLYuk0RvMxWAISGnCA,GIF,62029
2026-08-10,347,A5psYAq3PRYT26n0j8,GIF,61948
2026-08-10,348,29Z7C8nHD9ijZuMqTV,GIF,61908
2026-08-10,349,KPVPfTOGhR4ZDXsBWA,GIF,61778
2026-08-10,350,bfb6MDov8wj5qopEZC,GIF,61576
2026-08-10,351,vXbH7KQWGqNe9heXju,GIF,61241
2026-08-10,352,cfLHHFi62dBMYsloN7,GIF,61104
2026-08-10,353,MU4wAQ5AZqlBJTyGFw,GIF,60179
2026-08-10,354,WxKKJGKsUUWPJgkf4N,GIF,60090
2026-08-10,355,Smkq4gh20rTCo9XA5K,GIF,60031
2026-08-10,356,aow0lDW9gAStommdsS,GIF,59685
2026-08-10,357,592ZMrdelj8j8DlQ2w,GIF,59503
2026-08-10,358,0OVzKdoHvIwJL7RduN,GIF,59229
2026-08-10,359,nRd5z0hIeY7xQz1yai,GIF,58274
2026-08-10,360,4QXKOejCxZAOvUfjxZ,GIF,57874
2026-08-10,361,XzFg2ZpcLiS4s3N1KC,GIF,57850
2026-08-10,362,TFVI6cSKjVwPaqZVKR,GIF,57698
2026-08-10,363,x6u2P1xWEqpnimsun6,GIF,57472
2026-08-10,364,mnFrveFv1O0NCcXXRg,GIF,57301
2026-08-10,365,QTRlMVKXeT15fGVLbk,GIF,55691
2026-08-10,366,GT9cgAAAtfM5JgcZpQ,GIF,55508
2026-08-10,367,dCqQrUmPgICwfSYzgi,GIF,54693
2026-08-10,368,EbEX6H0ZYbCTI9nI25,GIF,54124
2026-08-10,369,XCB5P8yCHz9CiAl41q,GIF,53972
2026-08-10,370,PlShyiN5tlquexvBB2,GIF,53770
2026-08-10,371,MZExsocb7ggfMPqiBk,GIF,53591
2026-08-10,372,JfqESuqy1kOf3HTr8Y,GIF,52938
2026-08-10,373,ywVDodGGYpgsU7vb0Q,GIF,52715
2026-08-10,374,7t1kN8b7GyZljUC36u,GIF,52498
2026-08-10,375,YRgKKGuDWNqdVKUsJK,GIF,52143
2026-08-10,376,ZUtSEAyBuCcewmA29F,GIF,52131
2026-08-10,377,saM8smyVfRy2WxXNf3,GIF,50865
2026-08-10,378,a3sOeDI1ZuE2UEGEjr,GIF,50346
2026-08-10,379,Jj6MUSSOBIS7iy4cHl,GIF,50182
2026-08-10,380,WDTFmWErrBo9vvuMJ5,GIF,50178
2026-08-10,381,kg7ti21Zmn5y1AtniN,GIF,49661
2026-08-10,382,9IwfTwulCPEiDADHzx,GIF,49596
2026-08-10,383,RKSWD89SckpaCkF7lB,GIF,49364
2026-08-10,384,N4Aef2XhTGp692NZx7,GIF,49229
2026-08-10,385,ZEleEa4pY0l7ufKnSY,GIF,49120
2026-08-10,386,StRtbzWfsgs33wpW3M,GIF,48838
2026-08-10,387,2XhJxylc2hyATdyLCy,GIF,48665
2026-08-10,388,Jzp6EmR66Abn9ExWls,GIF,48608
2026-08-10,389,N6xT6C3SVJJSwH8Mgl,GIF,48583
2026-08-10,390,8HsLMUNvbQnVzLWcty,GIF,48253
2026-08-10,391,b7B608uSFXLuR9yWYH,GIF,48219
2026-08-10,392,IvciiQcSOnH7gFlwnK,GIF,47948
2026-08-10,393,A2z7pVURqwz3BlQdQp,GIF,47563
2026-08-10,394,MrHh6mgOcdoAAO4tz0,GIF,47447
2026-08-10,395,YIVMHeeUzrNYt7qSqJ,GIF,47109
2026-08-10,396,51xCLRv58gqjYM63YV,GIF,46782
2026-08-10,397,QU3jtBvOsGT110czty,GIF,46713
2026-08-10,398,JhkFcH98uvMrnDgmn6,GIF,46594
2026-08-10,399,ZeK2ek6RtyEL73iY0B,GIF,46036
2026-08-10,400,DvT1BeIHu3ChyybxkR,GIF,45637
2026-08-10,401,UwKnpGaeFmihxIEt4Z,GIF,45549
2026-08-10,402,J3HhbqcC2mKM6eetbu,GIF,45238
2026-08-10,403,0rAnJ9bILAp2bIGcpT,GIF,44872
2026-08-10,404,j70G4xGbIAyl69HjSG,GIF,44863
2026-08-10,405,KyUIjPQuLolO6vfaFD,GIF,44741
2026-08-10,406,FGnXiLnpzUXJ27Y8jD,GIF,44652
2026-08-10,407,9F3kTka3lWs1MoyUW4,GIF,44414
2026-08-10,408,JcOB2VB2OeXB5ExpHH,GIF,44066
2026-08-10,409,CKVjlqUmBZdyT7d3W7,GIF,43997
2026-08-10,410,PdVb9g4MVTNgQ2OL26,GIF,43978
2026-08-10,411,WCIkiuYpS3S6XKV8Rn,GIF,43834
2026-08-10,412,aW3mqoINZ433Rj4TMz,GIF,43450
2026-08-10,413,U6zenm1kWFjycNTkdz,GIF,43375
2026-08-10,414,5bLSkn2OEV2LU4IPHI,GIF,43295
2026-08-10,415,vnuMwvlswGMW38poq2,GIF,43131
2026-08-10,416,9x7iTJfqgFQMCs0cvY,GIF,43118
2026-08-10,417,lDvigQV6SivDb1PP17,GIF,42433
2026-08-10,418,Ksyo02KzynpxSGIdiu,GIF,42315
2026-08-10,419,wdwglOfifi6NYq9tjO,GIF,41876
2026-08-10,420,dxie0mdUARIwhn2yee,GIF,41559
2026-08-10,421,mp178ZHLC4sHfOgO12,GIF,41428
2026-08-10,422,dszvmLR6BjdJ3cN3B5,GIF,40510
2026-08-10,423,RlkKf5MBzEjqzqN3Pt,GIF,40147
2026-08-10,424,kfjRVgBKSfpje8yaL1,GIF,40138
2026-08-10,425,4I8DiIUSUnnTBauMmF,GIF,39723
2026-08-10,426,NCXTJOeB6clLl1XIHm,GIF,39701
2026-08-10,427,6nsJtjKzfX0DYG6Fg8,GIF,39284
2026-08-10,428,kmGi3ucTvgLv6pA7rE,GIF,39086
2026-08-10,429,kAT28QxsTzw2o9sGe3,STICKER,38629
2026-08-10,430,7rJDG9tWHp7KA9rDDq,GIF,38488
2026-08-10,431,bnqEjEUGGVrwEqWNJ0,GIF,38374
2026-08-10,432,V2iTAiTz1UENEuooXW,GIF,38270
2026-08-10,433,DArpiMDTC0np9ytWe8,GIF,38234
2026-08-10,434,d07pfKl4LYFx9eOGnG,GIF,38050
2026-08-10,435,FzxAj0hfgyAdsW40AC,GIF,38009
2026-08-10,436,D41XyjutopurXno57q,GIF,37994
2026-08-10,437,2FbqKii3sahcmtOgU2,GIF,37488
2026-08-10,438,rqRCINmIhqekY7cxwt,GIF,37374
2026-08-10,439,DGjlGcceVl5RDQC6v7,GIF,37320
2026-08-10,440,pUCY24xEv3FuNvWA54,GIF,37161
2026-08-10,441,UR5a8u78Xa7VdtyJIS,GIF,36798
2026-08-10,442,M466iBsWoTlNojJbyk,GIF,36597
2026-08-10,443,BCu7HM8TzjOxYRWxCB,GIF,36310
2026-08-10,444,CaEoDtcNHxY0y3Ll4k,GIF,36263
2026-08-10,445,IbdIiqy5nHTtHJKeuA,GIF,36197
2026-08-10,446,1qJHVFYH15SpmhSykp,GIF,35832
2026-08-10,447,fFcZ7GbvG7949eU5xg,GIF,35832
2026-08-10,448,zC1NmByT5WMiTaMHQS,GIF,35727
2026-08-10,449,lJGL45KeCLzPSaUgTV,GIF,35445
2026-08-10,450,iVj1jzisyn9qoy0HwT,GIF,35178
2026-08-10,451,lUrvU5C0ui1UixvK9l,GIF,35095
2026-08-10,452,kkILXGQSJTp4z0TXb7,GIF,34895
2026-08-10,453,kCbiTm717MlCNnAxeU,GIF,34812
2026-08-10,454,YeGuStp7fomlR6Gj8o,GIF,34675
2026-08-10,455,fuMmIN2aYzUIYpaWyv,STICKER,34649
2026-08-10,456,2XtaKuSyUmADvFNWeB,GIF,34631
2026-08-10,457,XPN3II0GRNvYBEbxqs,GIF,34574
2026-08-10,458,jQgLlzy0ZT54ZCBLTt,GIF,34562
2026-08-10,459,FXlBfysZeccejSPXLN,GIF,34413
2026-08-10,460,fsCP6Oda0qmhcNPKE1,GIF,34187
2026-08-10,461,0citpjho00ObF3pMEm,GIF,34038
2026-08-10,462,EsTiklBWYzosIzPluo,GIF,33710
2026-08-10,463,TDoPnJKJI06YrVOrtI,STICKER,32673
2026-08-10,464,dRdbbodInaw9ngy2et,GIF,32667
2026-08-10,465,DBNUsVBmNhdqMaetuc,GIF,32665
2026-08-10,466,V65BD1iwdbErs5NDw7,GIF,32624
2026-08-10,467,74V7r5XLB5PcOoGMbA,STICKER,32545
2026-08-10,468,toz148aIki3hNi79mi,GIF,32493
2026-08-10,469,fBTGAfGgiMyHUuJSIh,STICKER,32359
2026-08-10,470,1knediJpPduWeBBS7N,GIF,32319
2026-08-10,471,kIF7T5i5o9pEglhEHa,GIF,31954
2026-08-10,472,kc5sCk8smIzR9bEVmq,GIF,31650
2026-08-10,473,1d6N0pb13wv2X6Qqhh,GIF,31216
2026-08-10,474,zkn7BLV7uUc5Orkzzr,GIF,30713
2026-08-10,475,QgBxz4jlNWpq4U0VBL,GIF,30685
2026-08-10,476,S8nncQt2T539fDIA0b,GIF,30282
2026-08-10,477,6a3eNd7DeaD1dk11hn,GIF,30211
2026-08-10,478,l5ZWNLnfskv9LTE03S,GIF,30136
2026-08-10,479,e0tqAwofWcxXx9iIN2,GIF,30117
2026-08-10,480,zQxSWfx8MQYyxMzLTW,GIF,30002
2026-08-10,481,TfKAAlWTfJBh06kQ5S,GIF,29859
2026-08-10,482,Ei2OUMXIhbpl8zcg07,GIF,29805
2026-08-10,483,65WZEH3DbzTOskjZ9F,GIF,29733
2026-08-10,484,oEK27lR1AH4L1uw531,GIF,29565
2026-08-10,485,HeFCcdgF37XybNbJM1,GIF,29431
2026-08-10,486,Do7K8nCJQrwf7gsrRm,GIF,29384
2026-08-10,487,U2RkG4c7Vpaz9UnSuZ,GIF,29384
2026-08-10,488,syTxsyJjCeublic7d4,GIF,29383
2026-08-10,489,UzKPSpSLYsY3sTLQ7e,GIF,29320
2026-08-10,490,KB4yS05ErAJldfsNj8,GIF,29229
2026-08-10,491,yiNGJnacgioeujOFDw,GIF,29080
2026-08-10,492,4bXiLL05WASnteKd7V,GIF,28970
2026-08-10,493,OwaFxnOAJSXQGMJYfE,STICKER,28871
2026-08-10,494,j5tlCfRuJaEYe1m3nq,STICKER,28254
2026-08-10,495,z3cQyCScaa6eQAPGxM,GIF,28077
2026-08-10,496,9ReJWTZDpvch3KYppQ,GIF,27816
2026-08-10,497,E7J4gMgNzH8P5fJIir,GIF,27788
2026-08-10,498,qvGvze34SYzFy0IOjo,GIF,27787
2026-08-10,499,M3DQRSj2ZR4BSXZMlX,GIF,27685
2026-08-10,500,4iwyORJpVG7GLfMZvu,STICKER,27632
2026-08-10,501,BEH8snVdAHDiqrRvhv,GIF,27255
2026-08-10,502,oVgehCwEPrMbYJAeuH,GIF,27222
2026-08-10,503,9L7p0XupqB44TIXms9,GIF,27164
2026-08-10,504,NKb9LW9MrxO48Cd9Mu,GIF,27158
2026-08-10,505,hftSnrV7jiNn6MkQk4,GIF,27114
2026-08-10,506,rkT6Jth8qRgE1h2Fn2,STICKER,27021
2026-08-10,507,9YVJ3QFI0T2T1huuOt,GIF,26958
2026-08-10,508,SMwNw54F5yZtqyTXNY,STICKER,26845
2026-08-10,509,znORHj4fd8MAN7gbLr,GIF,26552
2026-08-10,510,ZIv6jXtuNWmqe8i4d8,GIF,26283
2026-08-10,511,5050Byd8dZiD8S7OQo,GIF,26231
2026-08-10,512,HviuxhG9WFXzbBpjJe,GIF,26119
2026-08-10,513,U4iDELyXogCfzk2SPc,GIF,26086
2026-08-10,514,GMsykn2kFJhMIBPMb9,GIF,26009
2026-08-10,515,iINaib9YcAXeTPjjZE,GIF,25887
2026-08-10,516,6DHkm44QfaRU4jjkTd,GIF,25854
2026-08-10,517,XVluxxVNlvj7mOkHVD,STICKER,25736
2026-08-10,518,SQwDBfwWSCoRe4PcNJ,GIF,25718
2026-08-10,519,JGpns399tHOQYO7P9u,GIF,25612
2026-08-10,520,9LjH7SfiKocKcE5PJv,STICKER,25581
2026-08-10,521,WMsLuEcsJ8txlZ5Oh3,STICKER,25556
2026-08-10,522,O42P37uJNFbMzRuV98,GIF,25449
2026-08-10,523,ejYsZu3TWsZPu9FeHo,STICKER,25435
2026-08-10,524,L6nYUwRlB4locGnAhT,STICKER,25245
2026-08-10,525,O0dGSqMpJcA3Jk5tmZ,GIF,25210
2026-08-10,526,cxkFjp3QZGzSh1Iyxz,GIF,25179
2026-08-10,527,hvHkkgdpNyYBCNwWii,GIF,25055
2026-08-10,528,31xRGdGEGzR7zqVT8M,GIF,24902
2026-08-10,529,Y88yhiJDH6tRpPaQ9Y,GIF,24746
2026-08-10,530,d6ZMxXqdHwzsYsjIfP,GIF,24700
2026-08-10,531,yzc7OYyffaFr1W6Jml,STICKER,24374
2026-08-10,532,xQNauBqQ1WrqCAPuRE,GIF,24355
2026-08-10,533,QQeMYCJmSK3CvnW69G,GIF,24242
2026-08-10,534,xD1vpKInrkzJ3Fxael,GIF,24183
2026-08-10,535,RHu5cVwkEKODGJMFhD,GIF,24084
2026-08-10,536,9C0eEDiObWC3COXjXj,GIF,23884
2026-08-10,537,c14InbFxtr5gAFCZfy,GIF,23830
2026-08-10,538,nfDB8cFWhS4Dee2sgL,GIF,23473
2026-08-10,539,wyVRFz9fJaE5B8IZ2I,GIF,23240
2026-08-10,540,gMAqaGlYLH1LnHhSQu,GIF,23146
2026-08-10,541,UxIqUYwwUampJ8DTtS,GIF,23069
2026-08-10,542,sN3d7kXdPbvjlidiJz,GIF,23024
2026-08-10,543,FxFgVET0GLKFojvrla,GIF,23013
2026-08-10,544,JbyrV7bzRuZeOpzb30,GIF,22986
2026-08-10,545,okTyHZDSQ8u31wyT55,GIF,22714
2026-08-10,546,12h0oJrF1Dl0MHExt2,STICKER,22670
2026-08-10,547,LcCD3TkQe4SJroMYz5,GIF,22579
2026-08-10,548,X29WgAKGLutorgO69Y,GIF,22474
2026-08-10,549,sT7JTqgV96345rxK6n,GIF,22394
2026-08-10,550,JkGNpFYB3cY7FHn9sx,GIF,22183
2026-08-10,551,bNXwltxLdCxIBUW0oA,STICKER,22157
2026-08-10,552,sgLnfOIYS7BUIHXUxC,GIF,21965
2026-08-10,553,VErfqZkulaxhehX9uN,GIF,21884
2026-08-10,554,X4AaDMS42L6wqp9I4S,GIF,21867
2026-08-10,555,YOy4wfZdVp39GaHWHa,GIF,21817
2026-08-10,556,hwIq8i6Qi7UnUGbacf,GIF,21782
2026-08-10,557,ybF46HrsLDFuMrg0NO,GIF,21754
2026-08-10,558,0r0YUGcSj97ueZws1I,GIF,21683
2026-08-10,559,fkhqUwfGzSYOrSTJp9,GIF,21467
2026-08-10,560,U0K68elO5NOob4q372,GIF,21317
2026-08-10,561,GxQiKyAy9kzwWgAClZ,GIF,21316
2026-08-10,562,9Ls9XsHDxEiICpkIWJ,STICKER,21167
2026-08-10,563,31mHgJnJUAJXIB62kJ,GIF,21081
2026-08-10,564,ADV5RUY8deNWvKXmg9,GIF,20891
2026-08-10,565,6C8dDrMGIFZ1kV0kIc,STICKER,20797
2026-08-10,566,qJw4maZ7dvqO6QsGJh,GIF,20751
2026-08-10,567,BKBmjqo7OhXyBwjnJ1,GIF,20597
2026-08-10,568,s4hSWA7C4PRGJwjwkp,GIF,20529
2026-08-10,569,2OZgYoYD7xUPQjGmsl,GIF,20510
2026-08-10,570,IipkQotlmo8Sh1ABvk,GIF,20426
2026-08-10,571,x3LVct059nDJWWHnBs,GIF,20403
2026-08-10,572,dBEeUL0mbzScibZaSv,GIF,20141
2026-08-10,573,cpWDzbkGXinjazXAsQ,GIF,20041
2026-08-10,574,aA455rZHUzTePr7fRv,GIF,19969
2026-08-10,575,hLlrlSXRBLz2a3Fa9b,GIF,19968
2026-08-10,576,xdfUlTMvx8p3k8Taet,GIF,19963
2026-08-10,577,E0xJwLqR8naax696nQ,STICKER,19677
2026-08-10,578,20LOqJQZdFCTJzrMA9,GIF,19474
2026-08-10,579,KGTieGwsFTzfKxi73d,GIF,19412
2026-08-10,580,pWYoNgRTTOcpQEGdh4,GIF,19399
2026-08-10,581,tUcJ0CqH4BsIKAIDrB,GIF,19193
2026-08-10,582,pKUmbMGZ5eNwfcEOwB,GIF,19127
2026-08-10,583,oLP7BIj99u0sFUlnsV,GIF,18969
2026-08-10,584,MibqmLIdqxwQepv1u4,GIF,18629
2026-08-10,585,ZzOwQgO7FL2HlAGNPK,STICKER,18582
2026-08-10,586,uYAAG52VMeqNbeKxrw,GIF,18550
2026-08-10,587,bRI1sNgKvZoO69xpZt,STICKER,18399
2026-08-10,588,pzLy6Kcx9jyVz05UxB,GIF,18224
2026-08-10,589,ifOOtGdoahRmSdfh4k,GIF,18206
2026-08-10,590,uZzDdw53yMluV0UWVF,STICKER,18142
2026-08-10,591,tFyjXDG8DdgV7jbV1B,GIF,18122
2026-08-10,592,G4bRYCUE94lLd7ftFC,GIF,18084
2026-08-10,593,Ad00UhfBWCrf6iIraA,GIF,17972
2026-08-10,594,dfwpUHP88TTodHV7xY,GIF,17795
2026-08-10,595,4iC6WmsVhfZAeGj178,GIF,17771
2026-08-10,596,UiN6zWG0ArXRCn52L0,GIF,17765
2026-08-10,597,NlQfFCNhxuArwRa0yg,GIF,17751
2026-08-10,598,2AHzoH7CI4TQeyzYCD,GIF,17682
2026-08-10,599,bbd845md4bBhtzxnP2,GIF,17638
2026-08-10,600,3So6FuGb7wVk14P481,GIF,17632
2026-08-10,601,RZrRtVNSxivmiqc4ms,GIF,17555
2026-08-10,602,1gsEMwwsNPO36OxOQK,GIF,17529
2026-08-10,603,RjBXlk32cZwWJwL4gS,GIF,17456
2026-08-10,604,j4tl0BRFWySCPi8I98,GIF,17429
2026-08-10,605,Fh1YBOMQy8ivv5QNzd,GIF,17406
2026-08-10,606,iRowpDxl0o0Qs0f422,GIF,17400
2026-08-10,607,t8SxzpqSbWCkZscsKZ,STICKER,17361
2026-08-10,608,rI4yCkQXsGkvkN6qQy,GIF,17217
2026-08-10,609,4Z5Et8yinfeZ1jfuJF,GIF,17197
2026-08-10,610,vWQ3cNvlZdFGn4P8mC,GIF,17149
2026-08-10,611,tRWPZFwfKYTcaQ0Vut,GIF,17148
2026-08-10,612,eSfJodS0foTOVqrBg1,GIF,16999
2026-08-10,613,jKFcYsEGnQcAUJrto3,GIF,16925
2026-08-10,614,hVlGeCHhXYdIj5VuGy,GIF,16852
2026-08-10,615,7js3sdMoAXf6iljz9J,STICKER,16822
2026-08-10,616,FQaUqL5cxE07TVmEbM,GIF,16680
2026-08-10,617,nDcAtQrrztB6tjk8d1,STICKER,16557
2026-08-10,618,2jcJ3HFGUHkTyioaUT,GIF,16531
2026-08-10,619,xjLbBByLJ19X487OlI,GIF,16512
2026-08-10,620,cR1Bnk7j1OAqINYtOY,GIF,16431
2026-08-10,621,AhaWzd6OjdlgzY8poL,GIF,16402
2026-08-10,622,akR7RsXOEBsCpVxsp6,GIF,16309
2026-08-10,623,cZYcjyCHHn2mk1ikmK,GIF,16304
2026-08-10,624,KtttnFu2Mr4fZKCeJe,STICKER,16264
2026-08-10,625,ZmQW2HIzjSKv4646wY,GIF,16262
2026-08-10,626,2FxcZ8wpN6fQC5YJ4z,STICKER,16231
2026-08-10,627,W2qRsuV2W45gij9eyQ,GIF,16200
2026-08-10,628,wulH1pzgOUFXQQNyor,GIF,16094
2026-08-10,629,HM50iKLhED7tYTgtrk,STICKER,16052
2026-08-10,630,hPd95ZhVUZRpaqfS71,GIF,16004
2026-08-10,631,G0FL2jcpanSQMex6pQ,GIF,15878
2026-08-10,632,GW5HlgHeRXwbcIRTAO,GIF,15814
2026-08-10,633,UGSaXOiJokVFwXEoAT,GIF,15782
2026-08-10,634,LgaosMJFuBdaBg4Zqw,GIF,15605
2026-08-10,635,ysB7TRjZlCfK705Qsx,GIF,15553
2026-08-10,636,ob50T7GkSbkLLSRhQn,GIF,15538
2026-08-10,637,UPnKAxvJFJWIJn1NNK,GIF,15474
2026-08-10,638,9joM0t278fxmxw63iM,STICKER,15462
2026-08-10,639,P38cOb4eV8zvrGANTG,STICKER,15440
2026-08-10,640,XniMEEmJBr9ukfaFPg,GIF,15338
2026-08-10,641,KR0ABF8z9pul0Xn1vj,GIF,15327
2026-08-10,642,AkjBpF1TnoWQNI57N8,GIF,15308
2026-08-10,643,RwHdKDHMgbReieccJ4,GIF,15269
2026-08-10,644,oU1Fo2c50feGpaWwDh,GIF,15057
2026-08-10,645,vgMxyT3D5Nf7YtgLEN,GIF,15008
2026-08-10,646,LLJZa29zWpqjzrVNHB,STICKER,14957
2026-08-10,647,3SkP2Mn8rWCPR7qYs8,STICKER,14896
2026-08-10,648,QSA6gWBwyyXJIzo0gE,GIF,14876
2026-08-10,649,UHX8Z1xxM7q95ifvMN,GIF,14874
2026-08-10,650,cIJp8Y1yZVnCzjXSjQ,GIF,14867
2026-08-10,651,ApgAv4fFKYE5zQmdet,GIF,14774
2026-08-10,652,clne8r9DaMEPN77izy,STICKER,14662
2026-08-10,653,UM7sju7MO1wK6KpVdR,GIF,14651
2026-08-10,654,ioikNOK6094SPdG2gY,GIF,14513
2026-08-10,655,IhRt3YlSBJDDGKmVfA,GIF,14447
2026-08-10,656,DkMC0pbvPVy3KNCzzD,STICKER,14404
2026-08-10,657,gzUNmzVfGkKdMxyHrF,STICKER,14328
2026-08-10,658,OlLlVUZxrcqZm6RPza,GIF,14243
2026-08-10,659,V2cgY6r7FOSTkCgBS1,GIF,14210
2026-08-10,660,3bdT6rswZrdJAAXyIY,GIF,14144
2026-08-10,661,Atdw4UUjkYNWJaCahh,GIF,14026
2026-08-10,662,JdCL1IXkf3ObMe1SIJ,GIF,14020
2026-08-10,663,QBNF6zlAHH46DTIM8A,STICKER,13763
2026-08-10,664,m7sXoT4sjUcHqlfqFS,STICKER,13722
2026-08-10,665,3QOaNhNb8TA085CDrI,STICKER,13507
2026-08-10,666,zIf83ye6vDhxzHKtUd,GIF,13328
2026-08-10,667,7uuBgvGPs6E5EttML4,GIF,13248
2026-08-10,668,FpWKtmKDYtFqgQ4F1p,STICKER,13178
2026-08-10,669,YhWN4jrl9saWCBtYVs,GIF,12985
2026-08-10,670,K53ka9tKBWvdlEmEiQ,GIF,12973
2026-08-10,671,HOOTxxN5gUjEhJDUzT,GIF,12872
2026-08-10,672,UpPyFzWrRSSCDjWW5S,GIF,12847
2026-08-10,673,NMa7tlk37iWeBOSmwr,GIF,12779
2026-08-10,674,BqKx9z6SmgH9xfzMoU,STICKER,12696
2026-08-10,675,pxIwqllLtTqwkP3P7q,GIF,12592
2026-08-10,676,k8u0YOIFdyRsTb950U,GIF,12446
2026-08-10,677,bOLdbJxTL32fzUfQ79,GIF,12360
2026-08-10,678,zx3ayFaNycGyE1nZ01,STICKER,12300
2026-08-10,679,zysC5B66n65evvIv2j,GIF,12284
2026-08-10,680,nDLvxkW2XE2ZjcVKQR,GIF,12235
2026-08-10,681,XHby9xOM0HPzPJ6tqF,GIF,12215
2026-08-10,682,RE60di0oRWMdq7SDoQ,STICKER,12210
2026-08-10,683,Z9OWqReW3I4Jr4MEdB,GIF,12084
2026-08-10,684,WHFiPP52PG9th1XmMP,GIF,12073
2026-08-10,685,KDKNDBHabbk60REZnB,GIF,12059
2026-08-10,686,MSUZpSsPXDiTRUuHTL,GIF,11991
2026-08-10,687,kAZI2CjoJeDdkShdIp,GIF,11931
2026-08-10,688,qY5hBUyiQSBf79ntVr,GIF,11893
2026-08-10,689,hkJqI1Z2eMIZGjaLGr,GIF,11799
2026-08-10,690,MVdhlDm19paYqtsMfF,GIF,11681
2026-08-10,691,HKNFJD7cAwpvlYa6p1,GIF,11604
2026-08-10,692,MMQp5dVRWpDk5TKSk3,GIF,11528
2026-08-10,693,aFoEcC8r12zpxNNvSz,GIF,11528
2026-08-10,694,pfDwG4T0vC4IxqS2eN,GIF,11511
2026-08-10,695,lo0xHsbZsqAXm3DxRm,GIF,11458
2026-08-10,696,jCb2I9TIDuTGehdSHx,GIF,11332
2026-08-10,697,KksuC9fn8zo5RlERgg,GIF,11247
2026-08-10,698,0DWKPIIDI9sWSoKa5F,STICKER,11155
2026-08-10,699,qNokvWhj3oqF4D5q3D,GIF,11119
2026-08-10,700,5b6DvVHMPq5kG9QBE7,GIF,10963
2026-08-10,701,s5mc5b4QlA0GqxfiMn,GIF,10938
2026-08-10,702,1pnf06KKMM2qlRmCIj,GIF,10894
2026-08-10,703,hZtR0YEJJ66b1a0Yrb,GIF,10880
2026-08-10,704,kAVvf8QMmCmXU7NDA6,GIF,10853
2026-08-10,705,XB8mTbeXNfl7OIlAkt,GIF,10824
2026-08-10,706,ju4JqzNVQrJQULIrQQ,STICKER,10777
2026-08-10,707,ocHIQm4HwUXQHcA1U0,GIF,10765
2026-08-10,708,Dv4oKPwiykQqHhZr1W,STICKER,10534
2026-08-10,709,s0qV5J5dP5lzZkpC1r,GIF,10530
2026-08-10,710,m6uaoa7xX7Dg2HnF6p,GIF,10519
2026-08-10,711,cltZFv7xOOVgJUOrOP,STICKER,10454
2026-08-10,712,vhCeQWMJEmFvfjONgE,STICKER,10445
2026-08-10,713,xW6AwwdTobQgDZ3nAU,GIF,10349
2026-08-10,714,g1TgPevFB2j9fFhIUv,GIF,10339
2026-08-10,715,Fk1G76mvlTOS0YUZ5A,STICKER,10243
2026-08-10,716,Pd6VbhzYBpVXqj1D2b,GIF,10200
2026-08-10,717,0kjZf6pew3SqzrzHH7,STICKER,10188
2026-08-10,718,DtzZaTXJmluGoVaJzL,STICKER,10163
2026-08-10,719,YEzgbuQKP7ilTDmGni,GIF,10138
2026-08-10,720,fLLDOs1PXL5od8aETL,GIF,10025
2026-08-10,721,6RL11R4fio6tTZS5B3,STICKER,9813
2026-08-10,722,RWX2nTNdXEnrfWiZa4,STICKER,9664
2026-08-10,723,KlL7G6C1HWtdM3YHse,GIF,9629
2026-08-10,724,VOuTYkX8OhXjetxwQ5,GIF,9511
2026-08-10,725,2ltRBrU98eB6SOCvlL,STICKER,9501
2026-08-10,726,9Se0FcKFZFCt7lM2x3,GIF,9396
2026-08-10,727,btR3gAi7NqgMjA2aNz,GIF,9368
2026-08-10,728,A1yl317Qn9BkRcNDyq,GIF,9359
2026-08-10,729,QED7OaVB6S127veeBk,STICKER,9357
2026-08-10,730,1YIOwyDs2IK6MPvs3f,GIF,9332
2026-08-10,731,2fhhHvDo2dUJMgJFW6,GIF,9169
2026-08-10,732,pq5a9erYX0mupYAw0r,GIF,9037
2026-08-10,733,QozR1lmgh6PNPxiPDH,GIF,9005
2026-08-10,734,F0x8UfLG8yOQPPRCj9,GIF,8986
2026-08-10,735,P2dP3D2kAzqcRPPaWr,GIF,8984
2026-08-10,736,o582qaiYg31UCY2MHB,GIF,8890
2026-08-10,737,0iqkjAyJgiCpPLy3Fq,GIF,8825
2026-08-10,738,tPrbmCVHFFg7K72O3L,GIF,8766
2026-08-10,739,WEC8B0JL2IifWaSoOn,STICKER,8763
2026-08-10,740,H1bTEEl6lDeQC55aJ7,STICKER,8668
2026-08-10,741,2MJOk63MZDgJLnCWbP,GIF,8578
2026-08-10,742,GQnycCHR2tSSMXS9oh,STICKER,8545
2026-08-10,743,g9LibgOagcZAvPML8w,STICKER,8539
2026-08-10,744,x61sB9WoV0TIwRSfsR,GIF,8512
2026-08-10,745,IMNgh51iJQHDWSoMm2,STICKER,8370
2026-08-10,746,eRX5a3BHg4ezXw0UCh,STICKER,8345
2026-08-10,747,7HLrdcksEhIrZa9Zir,GIF,8255
2026-08-10,748,v4mRkaIx4POC0DHgUM,STICKER,8091
2026-08-10,749,l1mRHDgvYzHZVRI4M0,STICKER,8036
2026-08-10,750,z7SQKvGQvXrAtw9e0b,STICKER,8034
2026-08-10,751,fT2ecOvmXPJxFkTbWJ,STICKER,7838
2026-08-10,752,64biIPpOpL0RUNkvRQ,STICKER,7758
2026-08-10,753,kqkgYGr6YOULDs5Fcn,GIF,7575
2026-08-10,754,vilClGRTjSHu0GtpnI,STICKER,7550
2026-08-10,755,hJHziY8ehiG4m6HxSV,STICKER,7304
2026-08-10,756,4p4coQ86ez7Ru85vou,GIF,7212
2026-08-10,757,BUkQuFqMIKmPbzBBH6,GIF,7068
2026-08-10,758,XHhUoP1JW91SPS6GbT,GIF,6987
2026-08-10,759,LhW6KP4Nar6HsqGuKf,STICKER,6965
2026-08-10,760,85pJRIDsWcRCRBKFhd,STICKER,6945
2026-08-10,761,e0s868pPHJojxQ4Vgs,STICKER,6875
2026-08-10,762,W04ps2Hb3KrzSRGeh6,GIF,6824
2026-08-10,763,PmswRSnBQr0RWZ4Bf4,STICKER,6749
2026-08-10,764,pIQoynVdXIZshkdd9a,STICKER,6748
2026-08-10,765,kkOBICGZgUnawZm7If,GIF,6599
2026-08-10,766,ylQtCW6zrlfGS8glXw,STICKER,6587
2026-08-10,767,FrixhPI7XEfr3wS5yp,GIF,6580
2026-08-10,768,V6nWD8hjJ0NqRkwKwf,STICKER,6455
2026-08-10,769,JJeQWqCysrgl8pxNh0,STICKER,6414
2026-08-10,770,rShS2A9N2fJxhddR73,STICKER,6219
2026-08-10,771,TBERH8SbfqimWzO26A,STICKER,6191
2026-08-10,772,Pg9FLF1hIKRfew3hKh,STICKER,6168
2026-08-10,773,Obpk3J2ge7JTNHLlsG,STICKER,6115
2026-08-10,774,oEgmDtYesxKZLeYfbk,STICKER,6109
2026-08-10,775,NzvXgZXYLnsZBmsdg8,STICKER,6072
2026-08-10,776,5QdOBPO3tLl2QnMEml,STICKER,5993
2026-08-10,777,CPfrrA6I7wi4q0blhk,STICKER,5913
2026-08-10,778,NzJ2mFSbkzVkj29CYP,GIF,5880
2026-08-10,779,23kKeMgwQdsTaTefn7,STICKER,5864
2026-08-10,780,h3LXEuX6X5Oyq34byu,STICKER,5697
2026-08-10,781,zwhh70RrzFm6xIkbty,STICKER,5556
2026-08-10,782,oT8h0iLmJVj4OORrVw,GIF,5503
2026-08-10,783,FRKnlYZ5Sc1GyYRhym,STICKER,5500
2026-08-10,784,DoNIRpsowBXVQjshzI,STICKER,5427
2026-08-10,785,5sWddKfNN6ISDvkDWK,STICKER,5414
2026-08-10,786,C932EjtWrmuYbX5KYd,GIF,5190
2026-08-10,787,6KAGK2RnpkpBJCM8pW,STICKER,5186
2026-08-10,788,AOXdCCwtj3Jeic1FY0,STICKER,5132
2026-08-10,789,1VoVsG6WlTCqUv2uSU,STICKER,5122
2026-08-10,790,fVPVSpEApPhaPTBlFK,STICKER,5102
2026-08-10,791,uRu8dFMCWLKNRlMCmu,STICKER,4978
2026-08-10,792,JfYHNaMLT2Our6QZoh,STICKER,4933
2026-08-10,793,lckVXkNU5pajkTH2Y4,GIF,4759
2026-08-10,794,y9JLObWA6FDyT60nRE,STICKER,4677
2026-08-10,795,2gXb2GoR2fu58PIHhV,STICKER,4537
2026-08-10,796,8hx8uoZR5mx3pAnEre,STICKER,4531
2026-08-10,797,rFFMgUw7o0MdXN0Lcv,GIF,4486
2026-08-10,798,y4clWEz09eNed1WsX8,STICKER,4449
2026-08-10,799,xTsdxIAnggFtww1tbS,STICKER,4443
2026-08-10,800,BP9MV9M2iTOdPP2szZ,STICKER,4382
2026-08-10,801,1CtnvXO5JJQFN6DhpR,STICKER,4361
2026-08-10,802,4mTE4i8Zui0pfyN6Tj,STICKER,4349
2026-08-10,803,48lOBPTz2RBZlk6s5K,STICKER,4347
2026-08-10,804,5dhF60l8tjO4UUuTTz,STICKER,4197
2026-08-10,805,ATiZp8tOfAvn28QQ1m,STICKER,4188
2026-08-10,806,ocQq23oTR3xieuMKVv,STICKER,4123
2026-08-10,807,MoUvrMYhXbXOYMTXOs,STICKER,3927
2026-08-10,808,sUB4mT5lYLiasBJttS,STICKER,3847
2026-08-10,809,TgzPQznnOCOG8NIE5T,STICKER,3728
2026-08-10,810,zvQsooz0XRnldcroLB,STICKER,3681
2026-08-10,811,mHwma9gZf9Anp5nnVR,STICKER,3642
2026-08-10,812,USPTPyzyOMCwrK5zXw,STICKER,3580
2026-08-10,813,TGQHtxrjS5GuOOdx5W,GIF,3573
2026-08-10,814,d6UTJkeCNSuMgArYQg,STICKER,3569
2026-08-10,815,swXwzpLVqMM4Eop4OM,STICKER,3375
2026-08-10,816,yBUiOi29DnkVtPnSck,STICKER,3174
2026-08-10,817,gU6fbKU11WZGfMjXey,STICKER,3147
2026-08-10,818,weu7IIXaeX1xtKGHgz,STICKER,3141
2026-08-10,819,eXp6TrPKFtz2QlG4Uo,STICKER,3086
2026-08-10,820,aFQPmNaCbkCl3EdYeY,STICKER,2997
2026-08-10,821,x1wUUVLTWSgjb61Drl,STICKER,2872
2026-08-10,822,6cX7vet4YAxk5XCPgB,STICKER,2719
2026-08-10,823,gV15dSeODe88bn6qQR,STICKER,2716
2026-08-10,824,mSUqzqKJXnQJGn8E0u,STICKER,2584
2026-08-10,825,Lx8INvzlMMlQ8bQNbo,GIF,2574
2026-08-10,826,vIo7Jz8nfzb8krTpw1,GIF,2566
2026-08-10,827,MggXsKR6usuo2guR1w,STICKER,2537
2026-08-10,828,BYbzy4UJj3jZGQzObN,STICKER,2478
2026-08-10,829,0S2uKh8lb7S9fwEimR,STICKER,2477
2026-08-10,830,FE082NASfhS5hGoRfm,GIF,2476
2026-08-10,831,Lv5WcXLqEaEuaTO1ZQ,GIF,2206
2026-08-10,832,DYwNxxZXbBlCDPb8Ef,STICKER,2067
2026-08-10,833,5BgFFHb09dESx7zqli,STICKER,2040
2026-08-10,834,1djpUfuj1q5zamopKb,STICKER,2005
2026-08-10,835,obqQ7nCPajM1XwGMzH,STICKER,1814
2026-08-10,836,ujzbmxCome2mkPrd2s,STICKER,1756
2026-08-10,837,VV5t8tfDi28sKVeaOj,STICKER,1750
2026-08-10,838,f2A4QbhaMnmCOac22T,STICKER,1738
2026-08-10,839,dQxNr6ZzGMHanmSGNo,GIF,1714
2026-08-10,840,Gizdqrs09PZXeoD16N,STICKER,1506
2026-08-10,841,Py3gKjdj74yZ1xYUDc,GIF,1453
2026-08-10,842,Zd7hy7VoGaOTlTsANK,GIF,1442
2026-08-10,843,1ui7bi7c2bgkwLOVkt,GIF,1389
2026-08-10,844,nlRq8kEVEGEqLhJXS6,GIF,1317
2026-08-10,845,MyCyi89mx9JPC9bHv7,GIF,1306
2026-08-10,846,Oy3HDm5jfdMkgrHwrf,GIF,1304
2026-08-10,847,XrVIIbHzGO01bZXhfP,GIF,1256
2026-08-10,848,UeWsyojUXHXZZbB2bZ,STICKER,1208
2026-08-10,849,gEjdVfmchsJIDdNhHn,GIF,1189
2026-08-10,850,Wn5z9un3Nv5gIepz38,STICKER,1167
2026-08-10,851,nSbqs9LRfXGcnpxZSo,STICKER,1159
2026-08-10,852,APgneCdOW1Reh0qaf0,STICKER,1081
2026-08-10,853,KAno7uyRv1fjZpX8y2,GIF,1039
2026-08-10,854,eEsEr5zx8SiFZxNOFO,STICKER,1010
2026-08-10,855,B1AR811Im6IVrbjfbH,STICKER,1005
2026-08-10,856,ry6PYSjQZO6MRrR4mP,GIF,989
2026-08-10,857,9UHt6If8rRUWpqieQ6,STICKER,987
2026-08-10,858,Ph7plOOKJNbslxKyrP,STICKER,969
2026-08-10,859,QWxKVnd7vJclaO5KD4,STICKER,928
2026-08-10,860,4LSRc6JcAvdcJvOele,STICKER,903
2026-08-10,861,x1YB30hC9QDiEToWA1,GIF,897
2026-08-10,862,4kS6IZ8afwMArzMNt3,STICKER,882
2026-08-10,863,mOfr7vCOfkmMgNZfhM,STICKER,860
2026-08-10,864,mN9I9lpyxfZ8Gtkapj,GIF,840
2026-08-10,865,8lSG7jt9Y9Cp31wkzs,STICKER,837
2026-08-10,866,1zXfmeVx5OsXfSPXZb,GIF,820
2026-08-10,867,93ZBUB81lQlO28oAU3,STICKER,810
2026-08-10,868,UpKZHAIHaom7m8oqEG,GIF,788
2026-08-10,869,6LwTAchE2sAFi1Acvr,GIF,746
2026-08-10,870,15dUdBxg7yHfnRNU7Y,STICKER,737
2026-08-10,871,QHoxSv5YXlXOtuE4DW,GIF,692
2026-08-10,872,EkcxDEfhpQPDEHLjwJ,STICKER,674
2026-08-10,873,NeC3tEfdVwAx9KLUM0,STICKER,665
2026-08-10,874,ItO7l3CTSHgpeB4Ywp,STICKER,661
2026-08-10,875,z6IQFfFdVnCWKtTaRv,GIF,659
2026-08-10,876,77darDRCvKYK3108SW,GIF,655
2026-08-10,877,ETRiqfIqLgrKzy4eOO,STICKER,647
2026-08-10,878,q28otU4WUdpleg49zb,STICKER,566
2026-08-10,879,C4yn5gQdilKTzToTFh,STICKER,512
2026-08-10,880,qpNx80ykZ145lqdEuh,STICKER,492
2026-08-10,881,Sfiri0PXigpGueBftO,GIF,19
2026-08-10,882,uKuw4epL1KjAqERkXv,GIF,4
2026-08-10,883,49lmGu0eQ7ISpToUTU,GIF,2
2026-08-17,1,S0GO7wvqciKU6znbFW,GIF,25549943
2026-08-17,2,VeQ7R5eLzOiZwny95R,GIF,12024726
2026-08-17,3,1MTfxcyrTyUFK9Zp3S,GIF,11149250
2026-08-17,4,YFsvkuJTxLc0uuNrhO,GIF,9903177
2026-08-17,5,Zil84rm4wvlWsJqo9C,GIF,9605671
2026-08-17,6,z1dXRwDsqrjs5KDOML,GIF,7039041
2026-08-17,7,s6eCu3KXqkq8sKt2pD,GIF,5796986
2026-08-17,8,6A9hefwTjvCDMURljb,GIF,5492827
2026-08-17,9,vFAra3l66GR59S9K40,GIF,4754311
2026-08-17,10,n20QOGJq9Smmy5c5Yx,GIF,3890740
2026-08-17,11,7UCWuilJRYlAu15j7U,GIF,3767538
2026-08-17,12,Tp7JErC4Ak5ZrF8ciK,GIF,3766650
2026-08-17,13,HXbjrTClytGyPjam3M,GIF,3622285
2026-08-17,14,hBt0VjWkZbFRBrBACu,GIF,3446784
2026-08-17,15,zFJd9Sp0856KS6dVtv,GIF,3217166
2026-08-17,16,VZ9JDjblGrqOCxqVFT,GIF,3153098
2026-08-17,17,01KHA2KdMQLQi136pi,GIF,3092945
2026-08-17,18,l8eIHDVeTwEm5VOjb1,GIF,2609351
2026-08-17,19,4XEUw17xG7OGK9nuJw,GIF,2515374
2026-08-17,20,ba5JMnrKk4o9z7yiP0,GIF,2449232
2026-08-17,21,3lTznm8qcjuD0dOyof,GIF,2271516
2026-08-17,22,kvrucA56Ge96PitAIf,GIF,2085866
2026-08-17,23,4yd3gQjXGb9aFks0bS,GIF,2056981
2026-08-17,24,gfv9pQSjyN83iR0zM0,GIF,1880130
2026-08-17,25,ykoTW1SqAFoUKMXfwl,GIF,1649419
2026-08-17,26,Atd0AOMP5wrkqhYQpM,GIF,1644595
2026-08-17,27,H1SV8pkPwh24wqRfyd,GIF,1642531
2026-08-17,28,NnvB50iO7TqUyBzFvl,GIF,1482661
2026-08-17,29,FjOH5YsFZv0M1wuIBb,GIF,1463491
2026-08-17,30,N20tM6nrrXQMl4HYWz,GIF,1445916
2026-08-17,31,CQF6AFxLK2g5y2B2NN,GIF,1424663
2026-08-17,32,XCdhyRfbj2GvgufO0u,GIF,1404785
2026-08-17,33,AZgI9GQ4S4ul6qcA9u,GIF,1401423
2026-08-17,34,MmwWuKZzjxYw05RF8z,GIF,1400423
2026-08-17,35,IvJvPYEXDOoV3ju64N,GIF,1362417
2026-08-17,36,Wmu62LX7EfEYjeZFom,GIF,1339770
2026-08-17,37,zbFMPSL8EgDfqeBgWZ,GIF,1274221
2026-08-17,38,bbQA9p31wBCfGP7Lqq,GIF,1256052
2026-08-17,39,BuT7JDz3OLtImz82QE,GIF,1174487
2026-08-17,40,HBz4ZFEBOWzRdBO70e,GIF,1141519
2026-08-17,41,zbcPsquuTZdA0tMKBx,GIF,1135917
2026-08-17,42,ZfzDxoltZ5FyWrmTJl,GIF,1127846
2026-08-17,43,XYGeNuYFTJxYanc1ij,GIF,1028062
2026-08-17,44,mwnu1QWfjuMZbKdgcp,GIF,1025359
2026-08-17,45,4zCNON1K71s6JXOFd5,GIF,951846
2026-08-17,46,pQxOnCwLvTBG4uf3KD,GIF,945615
2026-08-17,47,4yGaQKJE08kHXPuyMn,GIF,938727
2026-08-17,48,z7kuboVsFhWrC6gJDp,GIF,908695
2026-08-17,49,9dJzU7bFwJBIWjvWO0,GIF,896173
2026-08-17,50,g2KaTr5PnaMjjBUagH,GIF,882042
2026-08-17,51,5IYv7MHczMNdqnxWa1,GIF,881959
2026-08-17,52,6YX6lFHrE3n78eBvRu,GIF,866060
2026-08-17,53,pTNVcut8Um4qfqAn0v,GIF,845329
2026-08-17,54,qhb6MgP55rZQIiJPFf,GIF,829804
2026-08-17,55,w0t4WTCyVJfbNIAwdR,GIF,758740
2026-08-17,56,zuMnz0s1el2MO30gjg,GIF,754804
2026-08-17,57,WT9XlpCYQY7PtmCLT4,GIF,724768
2026-08-17,58,oowpSQYkmY8zkkApHu,GIF,714413
2026-08-17,59,n4eta4zIkCRr6xbK2f,GIF,706337
2026-08-17,60,6o7c1nxSuBTp6XIMzm,GIF,702523
2026-08-17,61,VUJFF1jbhxVFyUtLTJ,GIF,691640
2026-08-17,62,pGYHslrw9ZTEMk9Sn2,GIF,670966
2026-08-17,63,I70wiKkwEVZWC2HFAO,GIF,657145
2026-08-17,64,VFmjfFzMv0JETVuokv,GIF,633679
2026-08-17,65,cj0jRYyipLPlzwLs0i,GIF,623372
2026-08-17,66,ZUwEmP2EchPgZetmps,GIF,617601
2026-08-17,67,xNJVAiSsa1wtC14act,GIF,610849
2026-08-17,68,QBgFxeacBb59LMX5su,GIF,610621
2026-08-17,69,ZtAisAoRQRuf0wlOqe,GIF,598477
2026-08-17,70,Brkoiafxyzb94gXrMa,GIF,574521
2026-08-17,71,PMny68XCKFiABxd1SZ,GIF,568269
2026-08-17,72,3CjwLHLooBGmDorkzF,GIF,567605
2026-08-17,73,p5EoYWZd7rXnSrk3A4,GIF,567592
2026-08-17,74,C2wLIBhg6rnF2Vk5p3,GIF,556359
2026-08-17,75,TWBEBifNIlRw3WZysb,GIF,552581
2026-08-17,76,KyJWoY8DDDBnJMn5fY,GIF,546955
2026-08-17,77,TiuUji4KiJvFuzPFYg,GIF,538951
2026-08-17,78,sGr4yrFK3BHDsEhSAM,GIF,536093
2026-08-17,79,VSmo1UmSEnNBOkzzKN,GIF,522261
2026-08-17,80,CLsZfPTw3az9SfokNz,GIF,521747
2026-08-17,81,eEEVPZVPzXY9ceK13z,GIF,517124
2026-08-17,82,qpJtW9XMVylfz7N32c,GIF,514371
2026-08-17,83,2Tmk43f9xbaX1HX5XW,GIF,512396
2026-08-17,84,WoJ1KruDxKQ1TdT7LG,GIF,501763
2026-08-17,85,XbEj9EvaOwUas4Zfkd,GIF,501034
2026-08-17,86,BxCTf1cNDlhFUdurmO,GIF,495641
2026-08-17,87,67KY9IKgii3mZDcGQS,GIF,495406
2026-08-17,88,V7KYS0VPWVdhPFUj9Z,GIF,464246
2026-08-17,89,kFnvhvvnxA6KwTnIzA,GIF,453079
2026-08-17,90,8tQLdg1TjgKBuuPbco,GIF,452452
2026-08-17,91,yVkY5XkSGEbmGkqKlt,GIF,444281
2026-08-17,92,uXV0BqmxAJt7VKNgZh,GIF,438572
2026-08-17,93,W4ZiN0w5JKJF4oK36b,GIF,436392
2026-08-17,94,N2GUDdRZbdCdUzYkuw,GIF,429559
2026-08-17,95,GAczcLkdTCTPS01kQy,GIF,423969
2026-08-17,96,bKDPhQuR4aMtOTfzSz,GIF,423929
2026-08-17,97,tsiV9e5BNYJs9N63xu,GIF,422294
2026-08-17,98,hhL4cErWygGzv0PMwl,GIF,421926
2026-08-17,99,tgLpK2WbZhGe0D6UbT,GIF,418573
2026-08-17,100,ZqZUWuxULL0IZ3XdCW,GIF,418357
2026-08-17,101,HU5ZX6NCZHrKdAkGtf,GIF,408194
2026-08-17,102,cPeIETb5b6zKnkngts,GIF,400481
2026-08-17,103,9HtqtBJIrXjEyDlqtp,GIF,391451
2026-08-17,104,gSJLxCRJSAtTesQIH2,GIF,370183
2026-08-17,105,clODkNL8QqeiiLV871,GIF,351607
2026-08-17,106,9sKA3ibq7zX02Os7y4,GIF,350502
2026-08-17,107,XR7PHHrmVHtqEK1gol,GIF,348562
2026-08-17,108,imjTWu6Vx9k0QJwpv4,GIF,343224
2026-08-17,109,rWdKQ4rLROfKD3cdLI,STICKER,342284
2026-08-17,110,soFxWwpvpFThVlZGd4,GIF,342012
2026-08-17,111,Oa4QJT3Fb0zQ037mov,GIF,335370
2026-08-17,112,wDcx1Rm1hXxGKefyTR,GIF,334243
2026-08-17,113,pUnbgneAsAFpw9wmzw,GIF,330908
2026-08-17,114,i09kDxdM8snHxPKl1i,GIF,323899
2026-08-17,115,toIRQFAFFCtAWwJveB,GIF,323102
2026-08-17,116,Px3XFOmPDLjRvP9YeG,GIF,319982
2026-08-17,117,ydtlZT2ZGwRKUS7k90,GIF,319259
2026-08-17,118,gGTnOmNz9RWBhLAOww,GIF,317243
2026-08-17,119,uZ7GOHTYg3w6hAPN9v,GIF,316587
2026-08-17,120,m0RdfAX3ZVq56g6Ufb,GIF,316477
2026-08-17,121,3Vvcnjhme1hwqwMNke,GIF,311806
2026-08-17,122,woNoaZZ9V12dyjYjJo,GIF,311144
2026-08-17,123,sTKnZMlZKwYbtflXQq,GIF,309728
2026-08-17,124,bktvFDtSnncI1w598s,GIF,306961
2026-08-17,125,QJ4gYE5K7A8FPhPHuX,GIF,306176
2026-08-17,126,l23aOmdgpH4PVpPOOF,GIF,302469
2026-08-17,127,VtZku1FNcJfdfJLPya,GIF,297847
2026-08-17,128,sGkjKXy02jm6wjrij1,GIF,291920
2026-08-17,129,VaHgVrzYDaGrz7JRiX,GIF,282436
2026-08-17,130,cwXLRZXXoL0np7eb72,GIF,278462
2026-08-17,131,H5b7aOpD0MCxbT3jFO,GIF,276365
2026-08-17,132,Vtg7zkTTczN2bvodCG,GIF,275710
2026-08-17,133,y2QSRInUPq9f5evJVB,GIF,275582
2026-08-17,134,FCtjJQzZME69CW6ttp,GIF,275151
2026-08-17,135,RcKxMa4JVupSJSMnhX,GIF,274553
2026-08-17,136,gUn5uaz4fhAKi45l4u,GIF,269370
2026-08-17,137,rcKw9ZKuo0lLFzIuuZ,GIF,261086
2026-08-17,138,iUmxhJqvJmf1ytmdok,GIF,259487
2026-08-17,139,prWnSRzSzVrBZLv41A,GIF,258318
2026-08-17,140,x6TIee2JM9pBwc4MBG,GIF,255320
2026-08-17,141,TCYSBvF1McWeOViTdS,GIF,255184
2026-08-17,142,X8U2NmVTuTntFxGesd,GIF,249618
2026-08-17,143,6UDc6ioncYRxWDnp0G,GIF,247290
2026-08-17,144,tiqNAs5cs6O0h36elo,GIF,245635
2026-08-17,145,6SPE2NmJboU2RJtzU7,GIF,245586
2026-08-17,146,dgXu5U7aMzbfILnDcj,GIF,244613
2026-08-17,147,0QcUioJ7k6T2xRT6dI,GIF,239265
2026-08-17,148,R60s9NrOwv5eTrRPzV,GIF,239255
2026-08-17,149,GMibniHgHabH5FsvSf,GIF,238786
2026-08-17,150,49UXvksd1mD6ivtzSS,GIF,237663
2026-08-17,151,K4y1b339hvcqk45WJ9,GIF,237009
2026-08-17,152,5DIPupkmxQqmITQtN1,GIF,234976
2026-08-17,153,oxj2Z1k2cHtR0oZkqj,GIF,231938
2026-08-17,154,cYELoocQoVRmY2GRJq,GIF,229225
2026-08-17,155,oC6Cx1YXBtvdoYXmZr,GIF,228461
2026-08-17,156,GJEvTVbP5UFX1rqFKc,GIF,227552
2026-08-17,157,zAo4CHpNAaNDg27lmG,GIF,226547
2026-08-17,158,fOGrNl1SGyw9ZF5Qeh,GIF,225801
2026-08-17,159,54Lr6tnL43zux7QcZh,GIF,221322
2026-08-17,160,WmTuF4gz4C3ZfoHQGw,GIF,218743
2026-08-17,161,V5xSpg6PoKMeC6mvhG,GIF,216697
2026-08-17,162,kg26UxATxZow3AsKZZ,GIF,216093
2026-08-17,163,6vaqqwTzS6SuR36oIW,GIF,213486
2026-08-17,164,vaKM2dq2diEh9vUBQP,GIF,208680
2026-08-17,165,Lg6tJBqeg7Z8iHTvJK,GIF,206819
2026-08-17,166,czdCrCBERAQKBOfOLo,GIF,206551
2026-08-17,167,HoEkTdvUpnS9WvVPcF,GIF,205649
2026-08-17,168,TkAIyyDEx6r2Qrm007,GIF,205425
2026-08-17,169,ZlBrZ2naavOtI2qSAr,GIF,203415
2026-08-17,170,9bIcqjJn0WBjTCqQOT,GIF,202523
2026-08-17,171,al9NLseK6dPr8Q0mZz,GIF,199181
2026-08-17,172,zKf31joKvY23SQdSTF,GIF,197587
2026-08-17,173,xd0DzHA90wF0QspRKE,GIF,197552
2026-08-17,174,r1CQkqGt4aI7wr1Ohw,GIF,197310
2026-08-17,175,5grsDwlqX4kfy71Rdj,GIF,195821
2026-08-17,176,RUcKKOR9LAGm3Sy9CY,GIF,193188
2026-08-17,177,nohvpMrEwXy468gDFR,GIF,192612
2026-08-17,178,0LBI2fJsWSO88UZip6,GIF,191992
2026-08-17,179,3oDwGbxOLEg8bEEJIQ,GIF,191451
2026-08-17,180,N4HpPRFRixdNxu1Fg8,GIF,191262
2026-08-17,181,N8j7uvd3K7ewojOxxY,GIF,191134
2026-08-17,182,3v4WsAL4dC4aMtTKdU,GIF,190903
2026-08-17,183,YfVEEx3kXDGBe8YKi8,GIF,190712
2026-08-17,184,MODuEqgpv6IROKtJrO,GIF,189207
2026-08-17,185,QoVAe2QifgvhK2rnTG,GIF,184614
2026-08-17,186,QGy9WgPA5wdXUx7yKE,GIF,182837
2026-08-17,187,AJYr4bWzAFjdGH9q0o,GIF,180934
2026-08-17,188,IJSJIxvbADdqn7J4Y3,GIF,178697
2026-08-17,189,LUgxmNMnZ1OaYHqZGW,GIF,177434
2026-08-17,190,7HumoY5K6oo1enpFWe,GIF,176098
2026-08-17,191,xoGxhyhEQOp0jXphxx,GIF,175378
2026-08-17,192,lZZ0LAMaAEOTY0ERz9,GIF,173672
2026-08-17,193,b40vcDOn7iizajr2oM,GIF,172807
2026-08-17,194,hb9nhr6m3rjQeRs9jp,GIF,172187
2026-08-17,195,6C7KiVEfI724uCVi7b,GIF,170763
2026-08-17,196,p6hxl3FX2QtPN1eWsj,GIF,169266
2026-08-17,197,5NxsFyN2WM2HjI1BpK,GIF,169052
2026-08-17,198,lGjWSowFgfSI3Q7CuM,GIF,165364
2026-08-17,199,0jVa8eudaK9tG5KOUh,GIF,162642
2026-08-17,200,no6Mm0U0L9Mv9tzvN9,GIF,161795
2026-08-17,201,EMrPMmyufe1a1Tz1A5,GIF,161076
2026-08-17,202,ej3ZCWbOwLxwRNC2Kg,GIF,160627
2026-08-17,203,ByodclSkYIdxh8KmGl,GIF,155736
2026-08-17,204,XQGaZGKKKFL5DGdt4Y,GIF,153363
2026-08-17,205,Zfddxu8Y4dgWz6ABMI,GIF,152488
2026-08-17,206,uZCGmkB8j9Y2LrKCgC,GIF,151092
2026-08-17,207,R3h2NcJNbFNBpS4g6q,GIF,149005
2026-08-17,208,uejerzhWkT2nfV4ekh,GIF,147936
2026-08-17,209,hRRHZWBCM1iGz8W69i,GIF,147732
2026-08-17,210,QytjwhKBE2ObyydwQb,GIF,147231
2026-08-17,211,PElQbTO025s7BK5sIP,STICKER,146851
2026-08-17,212,lMtSWlhMBsTkmUot5s,GIF,146836
2026-08-17,213,8WBfBgNcz3Ep1OvSUC,GIF,146441
2026-08-17,214,ncRqGV6vGvUMh7oR7x,GIF,145795
2026-08-17,215,Xl33ygtw7ZElNbVTch,GIF,144929
2026-08-17,216,wMeQ3go50ahhciuZwK,GIF,144600
2026-08-17,217,aZhAXcAN33Makb02CK,GIF,144039
2026-08-17,218,LIqRddsJ488WR7JkgG,GIF,143883
2026-08-17,219,SAyhOhXMo16hk1ceaB,GIF,143654
2026-08-17,220,98ehMD8kX9bLkq9Gcw,GIF,142854
2026-08-17,221,sKf6fbM0Fhn4keHMYX,GIF,142281
2026-08-17,222,WhOTaSjCzQyMAMBn5v,GIF,141271
2026-08-17,223,CPApJWHvsT3o5VuKVK,GIF,139771
2026-08-17,224,JGbVQO4No1vjY8SRwp,GIF,137199
2026-08-17,225,6guW2txh6RAr0RCnTP,GIF,136996
2026-08-17,226,wvmHbFg1ExLSSKMaOD,GIF,136981
2026-08-17,227,6jMy4ML3746kQCwDNl,GIF,135347
2026-08-17,228,w4nv4DunM9a4tOEi3Y,GIF,130201
2026-08-17,229,1L3Mvo7LQ6VfgJJT6I,GIF,129611
2026-08-17,230,qeTcrWW3wozMaIX6Af,GIF,129185
2026-08-17,231,tZ7DeEmaE9nn2rqcF3,GIF,128769
2026-08-17,232,pPqefCee0DWoNtfPaN,GIF,126675
2026-08-17,233,9HORd4teDGhOt46fEz,GIF,126528
2026-08-17,234,An7uqeayxR5J8dKHu4,GIF,125653
2026-08-17,235,P4mW1PplxZFjLv81SQ,GIF,125011
2026-08-17,236,O2iEG5r6EhWWPVCIMl,GIF,123450
2026-08-17,237,lHQGU1fP8dCpgZhRQ8,GIF,122983
2026-08-17,238,X2tAL568gaKEgB9Anv,GIF,122105
2026-08-17,239,nqEtJ6z9u3zHbdmFq9,GIF,121974
2026-08-17,240,5ssoenGB420wQegvln,GIF,120902
2026-08-17,241,1Brq4LvOtRMIBJQi4U,GIF,120057
2026-08-17,242,NFlNPPsEU6FSGuOk3e,GIF,118369
2026-08-17,243,DWuxEYZBw978LKWG1b,GIF,117331
2026-08-17,244,Xy1embN5dYLxDL7J1h,GIF,116752
2026-08-17,245,P6CpYQD8EQVdHmbBB7,GIF,116624
2026-08-17,246,nNlKQlqY4lK6qAxiQV,GIF,115498
2026-08-17,247,jxA1BBEg6NzTQL7pvd,GIF,114827
2026-08-17,248,ymR0THwsC0ryufBoCC,GIF,114281
2026-08-17,249,0f7MezZNdfdf09G5MR,GIF,114015
2026-08-17,250,FS1BfSHSEcBM7oXgnd,GIF,113258
2026-08-17,251,ew2RAEkOVb0O643Wtj,GIF,112949
2026-08-17,252,XCGc4SGOCWsIxXCteW,GIF,112126
2026-08-17,253,3Ej0FdtgfzHznxfoaW,GIF,112000
2026-08-17,254,2KDnf1jZTUJlrrasTZ,GIF,110992
2026-08-17,255,TnYyD0Y5gHcxxIs60O,GIF,110979
2026-08-17,256,xal2XkbIQo668lc27M,GIF,110785
2026-08-17,257,LM6727wPq5tzhvVLMJ,GIF,110632
2026-08-17,258,5IVmTwSUBkM26gnwiT,GIF,108067
2026-08-17,259,mYNEpIFkBXXyA3E2SJ,GIF,107441
2026-08-17,260,01gaL9yoKUBxA6lLSx,GIF,107091
2026-08-17,261,RJZFIKDrvM9UVstlHg,GIF,106352
2026-08-17,262,ArFOjTGDqq45OKCAo4,GIF,104107
2026-08-17,263,maNlF3eSXasPrO4QdO,GIF,103433
2026-08-17,264,gmEnnJ3Cj1fBPirnyp,GIF,102707
2026-08-17,265,vtBtvkJFk09naDtqBk,GIF,102634
2026-08-17,266,gWRf9HI5C42rN1HirJ,GIF,101491
2026-08-17,267,33ZJlVdrJfJqeZ8YAd,GIF,99922
2026-08-17,268,3DDxEpa9LhhPXbXpoY,GIF,99327
2026-08-17,269,BjiE1R8mHXxYRRhY0m,GIF,98873
2026-08-17,270,a8ZxCyyxdwfSsqTwsL,GIF,97752
2026-08-17,271,PictPG2QUCZqYQ7QJm,GIF,97673
2026-08-17,272,eGITs6JOnYa9vtjIwc,GIF,95882
2026-08-17,273,4agkjC6mUqzk4Ij9jS,GIF,95856
2026-08-17,274,KcWVxQd0HvsbqguiXS,GIF,95541
2026-08-17,275,GGxYV9J86hAuLOftmX,GIF,94889
2026-08-17,276,jzppiGwPog15PVElfH,GIF,94765
2026-08-17,277,8rDd90ItBDko5IMjqu,GIF,94643
2026-08-17,278,PAHScnX9IEczmvTWFx,GIF,94536
2026-08-17,279,unRjgoWoUAFhPVQLY9,GIF,94512
2026-08-17,280,1yWBEir2xnNtXtsIt9,GIF,94505
2026-08-17,281,pPGGvsQjn9xJb55F8i,GIF,93398
2026-08-17,282,MgeNDcgT4gXYn338jR,GIF,93156
2026-08-17,283,bff86XIkSNuway0pUU,GIF,91937
2026-08-17,284,Z43RfKcmhr06OQ5ae2,GIF,91381
2026-08-17,285,v5PJmNVxWOTTThmnQg,GIF,89289
2026-08-17,286,zdfDUrgmjZWA1HNsfu,GIF,89139
2026-08-17,287,mp4uQj1yhchE0FJb19,GIF,88289
2026-08-17,288,VWeSrHKWQs9WHgEkvh,GIF,88101
2026-08-17,289,2fR6fBgW6BZU1CPIqG,GIF,87649
2026-08-17,290,tA9rysiKx5ifhNfO2T,GIF,85918
2026-08-17,291,VaSaGr35NjXb2lexto,GIF,85028
2026-08-17,292,QyRWxP3YleogvGmo01,GIF,84230
2026-08-17,293,bzs9ftqVS6wCqrRuWx,GIF,83847
2026-08-17,294,jJjpM5aG60awjoTpKb,GIF,83550
2026-08-17,295,mruAYNxpRfWT7zWOVa,GIF,83434
2026-08-17,296,IXMc63EIZGgNlNQNZD,GIF,83030
2026-08-17,297,XjiCTell4KeSfAqaQZ,GIF,82151
2026-08-17,298,w59SdHiwZO84yaEl4U,GIF,81611
2026-08-17,299,QIpziLuXhTywLdbIkQ,GIF,81437
2026-08-17,300,tMZ7ky54PGeypqgalT,GIF,81335
2026-08-17,301,4zJ0Gf0UHqoyJTiJij,GIF,81296
2026-08-17,302,WxxWLGWv6UUZdsT2lS,GIF,80925
2026-08-17,303,8Ju2XpAU8kax6RU9pd,GIF,79881
2026-08-17,304,ptWaTNOtCbJyFoPOsI,GIF,79729
2026-08-17,305,shE8kiyTqgMBGFmkLs,GIF,79233
2026-08-17,306,zSoJATxvNy74D0WE4l,GIF,78971
2026-08-17,307,BAvIhFpn2zXzDlaAKV,GIF,78733
2026-08-17,308,QMj3VgVVShzZkjSxTd,GIF,78314
2026-08-17,309,Gs7S4vm03HWudtCUxT,GIF,77963
2026-08-17,310,SglBDgyXDRttbNrLM2,GIF,77226
2026-08-17,311,uCLrRaHsmPHmSNVkY8,GIF,77126
2026-08-17,312,yK7UnYilNJehrLYsIm,GIF,76695
2026-08-17,313,fAP7QAJ1xFD6JTFM1e,GIF,76694
2026-08-17,314,BG3Zejm7Xdx6wWUf1s,GIF,76435
2026-08-17,315,jRRG7jt2Js6MacrDGd,GIF,76189
2026-08-17,316,NZNjSEXDfUQbmupjJW,GIF,76128
2026-08-17,317,9h1jNCrbYXENVlj1FP,GIF,75498
2026-08-17,318,z2RmddzZET8w5zZtyb,GIF,75241
2026-08-17,319,6JNI1PXys4vMII0f9A,GIF,75122
2026-08-17,320,XIxeCLHT9zVohiL4T9,GIF,74710
2026-08-17,321,6qI2NYWngdAxxVX1zJ,GIF,74184
2026-08-17,322,NU5arjj8ut7RpNelJ9,GIF,72221
2026-08-17,323,LOVAgqCndxbF0yVSvH,GIF,71849
2026-08-17,324,fJ9p947OpjYoUJv4pq,GIF,71378
2026-08-17,325,m6Ldp765JS1TOc1epw,GIF,70755
2026-08-17,326,A5psYAq3PRYT26n0j8,GIF,70741
2026-08-17,327,1XZi1EWSQLY3rMU5hb,GIF,69655
2026-08-17,328,T0MPbboDiC4fnKtpKF,GIF,69635
2026-08-17,329,go703FNMkaozEq7tqJ,GIF,69607
2026-08-17,330,kQRBgO3pn3vEnFTgXa,GIF,69458
2026-08-17,331,tG40NFJ94fjjn3vRXR,GIF,69386
2026-08-17,332,TL448BG9MrQXfVRka2,GIF,68828
2026-08-17,333,5Cniu3sjAb3IHZD5Bh,GIF,68678
2026-08-17,334,PJDjRlqkTOWG8CAWNa,GIF,68092
2026-08-17,335,hUgUnBmpjUXA8w2eBC,GIF,67410
2026-08-17,336,kkOOWhftIUKH1gRFI3,GIF,67246
2026-08-17,337,99L1Ri4cmx4aZ82imT,GIF,66786
2026-08-17,338,x7ukpMi4J3VotdbBxy,GIF,66470
2026-08-17,339,Foo1QLxlFskrsgYXD8,GIF,66210
2026-08-17,340,VTG38I0RqkksEgqTdJ,GIF,65932
2026-08-17,341,6Zo8j3dDBwQsYvhISc,GIF,65460
2026-08-17,342,XYiDNupHyw1MaXyFbY,GIF,64775
2026-08-17,343,RYjyZx74LQ511YUxgW,GIF,64721
2026-08-17,344,Zw9IYZoi4lR40x6kOh,GIF,64041
2026-08-17,345,YoWUM76JMiAUKm9ggl,GIF,63897
2026-08-17,346,R4K3oSgQ7goRV5dQW2,GIF,63188
2026-08-17,347,KPVPfTOGhR4ZDXsBWA,GIF,62838
2026-08-17,348,29Z7C8nHD9ijZuMqTV,GIF,62810
2026-08-17,349,mLYuk0RvMxWAISGnCA,GIF,62447
2026-08-17,350,bfb6MDov8wj5qopEZC,GIF,62446
2026-08-17,351,cfLHHFi62dBMYsloN7,GIF,62308
2026-08-17,352,vXbH7KQWGqNe9heXju,GIF,62052
2026-08-17,353,aow0lDW9gAStommdsS,GIF,61598
2026-08-17,354,QTRlMVKXeT15fGVLbk,GIF,60745
2026-08-17,355,WxKKJGKsUUWPJgkf4N,GIF,60742
2026-08-17,356,MU4wAQ5AZqlBJTyGFw,GIF,60608
2026-08-17,357,XzFg2ZpcLiS4s3N1KC,GIF,60484
2026-08-17,358,mnFrveFv1O0NCcXXRg,GIF,60480
2026-08-17,359,Smkq4gh20rTCo9XA5K,GIF,60364
2026-08-17,360,592ZMrdelj8j8DlQ2w,GIF,60288
2026-08-17,361,nRd5z0hIeY7xQz1yai,GIF,60124
2026-08-17,362,0OVzKdoHvIwJL7RduN,GIF,60059
2026-08-17,363,FGnXiLnpzUXJ27Y8jD,GIF,59612
2026-08-17,364,x6u2P1xWEqpnimsun6,GIF,59446
2026-08-17,365,4QXKOejCxZAOvUfjxZ,GIF,59024
2026-08-17,366,TFVI6cSKjVwPaqZVKR,GIF,58411
2026-08-17,367,kg7ti21Zmn5y1AtniN,GIF,58083
2026-08-17,368,saM8smyVfRy2WxXNf3,GIF,57878
2026-08-17,369,YRgKKGuDWNqdVKUsJK,GIF,56640
2026-08-17,370,dCqQrUmPgICwfSYzgi,GIF,56527
2026-08-17,371,GT9cgAAAtfM5JgcZpQ,GIF,56453
2026-08-17,372,MZExsocb7ggfMPqiBk,GIF,55788
2026-08-17,373,EbEX6H0ZYbCTI9nI25,GIF,55126
2026-08-17,374,XCB5P8yCHz9CiAl41q,GIF,54357
2026-08-17,375,8HsLMUNvbQnVzLWcty,GIF,54200
2026-08-17,376,WDTFmWErrBo9vvuMJ5,GIF,54166
2026-08-17,377,b7B608uSFXLuR9yWYH,GIF,54090
2026-08-17,378,N4Aef2XhTGp692NZx7,GIF,54084
2026-08-17,379,ywVDodGGYpgsU7vb0Q,GIF,54057
2026-08-17,380,JfqESuqy1kOf3HTr8Y,GIF,53959
2026-08-17,381,PlShyiN5tlquexvBB2,GIF,53870
2026-08-17,382,ZUtSEAyBuCcewmA29F,GIF,53359
2026-08-17,383,Jj6MUSSOBIS7iy4cHl,GIF,53336
2026-08-17,384,7t1kN8b7GyZljUC36u,GIF,53178
2026-08-17,385,kAT28QxsTzw2o9sGe3,STICKER,52952
2026-08-17,386,9IwfTwulCPEiDADHzx,GIF,52457
2026-08-17,387,A2z7pVURqwz3BlQdQp,GIF,51609
2026-08-17,388,51xCLRv58gqjYM63YV,GIF,51092
2026-08-17,389,a3sOeDI1ZuE2UEGEjr,GIF,50792
2026-08-17,390,2XhJxylc2hyATdyLCy,GIF,50791
2026-08-17,391,dszvmLR6BjdJ3cN3B5,GIF,50685
2026-08-17,392,RKSWD89SckpaCkF7lB,GIF,50107
2026-08-17,393,Jzp6EmR66Abn9ExWls,GIF,50030
2026-08-17,394,ZEleEa4pY0l7ufKnSY,GIF,49737
2026-08-17,395,DvT1BeIHu3ChyybxkR,GIF,49700
2026-08-17,396,KyUIjPQuLolO6vfaFD,GIF,49675
2026-08-17,397,IvciiQcSOnH7gFlwnK,GIF,49597
2026-08-17,398,UwKnpGaeFmihxIEt4Z,GIF,49275
2026-08-17,399,StRtbzWfsgs33wpW3M,GIF,48886
2026-08-17,400,N6xT6C3SVJJSwH8Mgl,GIF,48863
2026-08-17,401,PdVb9g4MVTNgQ2OL26,GIF,48526
2026-08-17,402,MrHh6mgOcdoAAO4tz0,GIF,48238
2026-08-17,403,fuMmIN2aYzUIYpaWyv,STICKER,48035
2026-08-17,404,YIVMHeeUzrNYt7qSqJ,GIF,47533
2026-08-17,405,JhkFcH98uvMrnDgmn6,GIF,47422
2026-08-17,406,CKVjlqUmBZdyT7d3W7,GIF,47363
2026-08-17,407,kkILXGQSJTp4z0TXb7,GIF,47268
2026-08-17,408,ZeK2ek6RtyEL73iY0B,GIF,47178
2026-08-17,409,J3HhbqcC2mKM6eetbu,GIF,47046
2026-08-17,410,QU3jtBvOsGT110czty,GIF,46803
2026-08-17,411,9x7iTJfqgFQMCs0cvY,GIF,46601
2026-08-17,412,9F3kTka3lWs1MoyUW4,GIF,46568
2026-08-17,413,0rAnJ9bILAp2bIGcpT,GIF,46552
2026-08-17,414,j70G4xGbIAyl69HjSG,GIF,46447
2026-08-17,415,wdwglOfifi6NYq9tjO,GIF,46040
2026-08-17,416,U6zenm1kWFjycNTkdz,GIF,45859
2026-08-17,417,WCIkiuYpS3S6XKV8Rn,GIF,45617
2026-08-17,418,Ksyo02KzynpxSGIdiu,GIF,44767
2026-08-17,419,lDvigQV6SivDb1PP17,GIF,44524
2026-08-17,420,JcOB2VB2OeXB5ExpHH,GIF,44446
2026-08-17,421,5bLSkn2OEV2LU4IPHI,GIF,44270
2026-08-17,422,aW3mqoINZ433Rj4TMz,GIF,43829
2026-08-17,423,j5tlCfRuJaEYe1m3nq,STICKER,43677
2026-08-17,424,bnqEjEUGGVrwEqWNJ0,GIF,43652
2026-08-17,425,4I8DiIUSUnnTBauMmF,GIF,43583
2026-08-17,426,vnuMwvlswGMW38poq2,GIF,43343
2026-08-17,427,TDoPnJKJI06YrVOrtI,STICKER,42819
2026-08-17,428,6nsJtjKzfX0DYG6Fg8,GIF,42761
2026-08-17,429,dxie0mdUARIwhn2yee,GIF,42577
2026-08-17,430,rqRCINmIhqekY7cxwt,GIF,42294
2026-08-17,431,RlkKf5MBzEjqzqN3Pt,GIF,42083
2026-08-17,432,mp178ZHLC4sHfOgO12,GIF,42024
2026-08-17,433,kfjRVgBKSfpje8yaL1,GIF,41978
2026-08-17,434,74V7r5XLB5PcOoGMbA,STICKER,41821
2026-08-17,435,zC1NmByT5WMiTaMHQS,GIF,41639
2026-08-17,436,kmGi3ucTvgLv6pA7rE,GIF,41171
2026-08-17,437,XPN3II0GRNvYBEbxqs,GIF,40947
2026-08-17,438,L6nYUwRlB4locGnAhT,STICKER,40664
2026-08-17,439,D41XyjutopurXno57q,GIF,40600
2026-08-17,440,NCXTJOeB6clLl1XIHm,GIF,40530
2026-08-17,441,9LjH7SfiKocKcE5PJv,STICKER,40427
2026-08-17,442,V2iTAiTz1UENEuooXW,GIF,40142
2026-08-17,443,d07pfKl4LYFx9eOGnG,GIF,39921
2026-08-17,444,fBTGAfGgiMyHUuJSIh,STICKER,39900
2026-08-17,445,lJGL45KeCLzPSaUgTV,GIF,39509
2026-08-17,446,toz148aIki3hNi79mi,GIF,39455
2026-08-17,447,kCbiTm717MlCNnAxeU,GIF,39385
2026-08-17,448,jQgLlzy0ZT54ZCBLTt,GIF,39252
2026-08-17,449,rkT6Jth8qRgE1h2Fn2,STICKER,39106
2026-08-17,450,2FbqKii3sahcmtOgU2,GIF,38948
2026-08-17,451,DArpiMDTC0np9ytWe8,GIF,38709
2026-08-17,452,O0dGSqMpJcA3Jk5tmZ,GIF,38634
2026-08-17,453,7rJDG9tWHp7KA9rDDq,GIF,38599
2026-08-17,454,FzxAj0hfgyAdsW40AC,GIF,38325
2026-08-17,455,KtttnFu2Mr4fZKCeJe,STICKER,38211
2026-08-17,456,DGjlGcceVl5RDQC6v7,GIF,38009
2026-08-17,457,IbdIiqy5nHTtHJKeuA,GIF,37987
2026-08-17,458,pUCY24xEv3FuNvWA54,GIF,37947
2026-08-17,459,lUrvU5C0ui1UixvK9l,GIF,37911
2026-08-17,460,iVj1jzisyn9qoy0HwT,GIF,37778
2026-08-17,461,M466iBsWoTlNojJbyk,GIF,37698
2026-08-17,462,UR5a8u78Xa7VdtyJIS,GIF,37503
2026-08-17,463,fFcZ7GbvG7949eU5xg,GIF,37363
2026-08-17,464,0citpjho00ObF3pMEm,GIF,37173
2026-08-17,465,FXlBfysZeccejSPXLN,GIF,36921
2026-08-17,466,EsTiklBWYzosIzPluo,GIF,36920
2026-08-17,467,BCu7HM8TzjOxYRWxCB,GIF,36739
2026-08-17,468,1qJHVFYH15SpmhSykp,GIF,36697
2026-08-17,469,CaEoDtcNHxY0y3Ll4k,GIF,36372
2026-08-17,470,UzKPSpSLYsY3sTLQ7e,GIF,36212
2026-08-17,471,kc5sCk8smIzR9bEVmq,GIF,36092
2026-08-17,472,YeGuStp7fomlR6Gj8o,GIF,36011
2026-08-17,473,6a3eNd7DeaD1dk11hn,GIF,35706
2026-08-17,474,OwaFxnOAJSXQGMJYfE,STICKER,35656
2026-08-17,475,SMwNw54F5yZtqyTXNY,STICKER,35189
2026-08-17,476,2XtaKuSyUmADvFNWeB,GIF,34855
2026-08-17,477,syTxsyJjCeublic7d4,GIF,34852
2026-08-17,478,9ReJWTZDpvch3KYppQ,GIF,34827
2026-08-17,479,fsCP6Oda0qmhcNPKE1,GIF,34571
2026-08-17,480,dRdbbodInaw9ngy2et,GIF,34416
2026-08-17,481,DBNUsVBmNhdqMaetuc,GIF,34261
2026-08-17,482,S8nncQt2T539fDIA0b,GIF,34259
2026-08-17,483,e0tqAwofWcxXx9iIN2,GIF,34102
2026-08-17,484,1knediJpPduWeBBS7N,GIF,33750
2026-08-17,485,1d6N0pb13wv2X6Qqhh,GIF,33726
2026-08-17,486,l5ZWNLnfskv9LTE03S,GIF,33662
2026-08-17,487,V65BD1iwdbErs5NDw7,GIF,33616
2026-08-17,488,4iwyORJpVG7GLfMZvu,STICKER,33543
2026-08-17,489,okTyHZDSQ8u31wyT55,GIF,33533
2026-08-17,490,WMsLuEcsJ8txlZ5Oh3,STICKER,32504
2026-08-17,491,4bXiLL05WASnteKd7V,GIF,32422
2026-08-17,492,zQxSWfx8MQYyxMzLTW,GIF,32346
2026-08-17,493,U2RkG4c7Vpaz9UnSuZ,GIF,32197
2026-08-17,494,U4iDELyXogCfzk2SPc,GIF,32165
2026-08-17,495,kIF7T5i5o9pEglhEHa,GIF,32074
2026-08-17,496,yzc7OYyffaFr1W6Jml,STICKER,32048
2026-08-17,497,KB4yS05ErAJldfsNj8,GIF,31835
2026-08-17,498,6DHkm44QfaRU4jjkTd,GIF,31813
2026-08-17,499,zkn7BLV7uUc5Orkzzr,GIF,31694
2026-08-17,500,oEK27lR1AH4L1uw531,GIF,31514
2026-08-17,501,QgBxz4jlNWpq4U0VBL,GIF,31352
2026-08-17,502,9L7p0XupqB44TIXms9,GIF,31156
2026-08-17,503,TfKAAlWTfJBh06kQ5S,GIF,31137
2026-08-17,504,65WZEH3DbzTOskjZ9F,GIF,30965
2026-08-17,505,Ei2OUMXIhbpl8zcg07,GIF,30890
2026-08-17,506,12h0oJrF1Dl0MHExt2,STICKER,30770
2026-08-17,507,ADV5RUY8deNWvKXmg9,GIF,30735
2026-08-17,508,XVluxxVNlvj7mOkHVD,STICKER,30633
2026-08-17,509,HeFCcdgF37XybNbJM1,GIF,30365
2026-08-17,510,yiNGJnacgioeujOFDw,GIF,30132
2026-08-17,511,Do7K8nCJQrwf7gsrRm,GIF,30012
2026-08-17,512,bNXwltxLdCxIBUW0oA,STICKER,29935
2026-08-17,513,5050Byd8dZiD8S7OQo,GIF,29578
2026-08-17,514,M3DQRSj2ZR4BSXZMlX,GIF,29405
2026-08-17,515,z3cQyCScaa6eQAPGxM,GIF,29394
2026-08-17,516,ejYsZu3TWsZPu9FeHo,STICKER,29208
2026-08-17,517,oVgehCwEPrMbYJAeuH,GIF,28602
2026-08-17,518,iINaib9YcAXeTPjjZE,GIF,28568
2026-08-17,519,BEH8snVdAHDiqrRvhv,GIF,28563
2026-08-17,520,qvGvze34SYzFy0IOjo,GIF,28424
2026-08-17,521,O42P37uJNFbMzRuV98,GIF,28423
2026-08-17,522,9YVJ3QFI0T2T1huuOt,GIF,28020
2026-08-17,523,E7J4gMgNzH8P5fJIir,GIF,28008
2026-08-17,524,HviuxhG9WFXzbBpjJe,GIF,27919
2026-08-17,525,hftSnrV7jiNn6MkQk4,GIF,27584
2026-08-17,526,NKb9LW9MrxO48Cd9Mu,GIF,27580
2026-08-17,527,RHu5cVwkEKODGJMFhD,GIF,27414
2026-08-17,528,UxIqUYwwUampJ8DTtS,GIF,27360
2026-08-17,529,SQwDBfwWSCoRe4PcNJ,GIF,27319
2026-08-17,530,2FxcZ8wpN6fQC5YJ4z,STICKER,26993
2026-08-17,531,31xRGdGEGzR7zqVT8M,GIF,26919
2026-08-17,532,GMsykn2kFJhMIBPMb9,GIF,26883
2026-08-17,533,znORHj4fd8MAN7gbLr,GIF,26725
2026-08-17,534,6C8dDrMGIFZ1kV0kIc,STICKER,26543
2026-08-17,535,qJw4maZ7dvqO6QsGJh,GIF,26512
2026-08-17,536,20LOqJQZdFCTJzrMA9,GIF,26450
2026-08-17,537,ZIv6jXtuNWmqe8i4d8,GIF,26407
2026-08-17,538,JGpns399tHOQYO7P9u,GIF,26095
2026-08-17,539,P38cOb4eV8zvrGANTG,STICKER,26070
2026-08-17,540,BKBmjqo7OhXyBwjnJ1,GIF,26062
2026-08-17,541,bRI1sNgKvZoO69xpZt,STICKER,26010
2026-08-17,542,cxkFjp3QZGzSh1Iyxz,GIF,25981
2026-08-17,543,sN3d7kXdPbvjlidiJz,GIF,25963
2026-08-17,544,FxFgVET0GLKFojvrla,GIF,25783
2026-08-17,545,AuqSnLsurW0tVC7kcu,GIF,25766
2026-08-17,546,hvHkkgdpNyYBCNwWii,GIF,25682
2026-08-17,547,e0s868pPHJojxQ4Vgs,STICKER,25656
2026-08-17,548,xQNauBqQ1WrqCAPuRE,GIF,25382
2026-08-17,549,2OZgYoYD7xUPQjGmsl,GIF,25360
2026-08-17,550,d6ZMxXqdHwzsYsjIfP,GIF,25323
2026-08-17,551,QQeMYCJmSK3CvnW69G,GIF,25243
2026-08-17,552,X29WgAKGLutorgO69Y,GIF,25207
2026-08-17,553,E0xJwLqR8naax696nQ,STICKER,25143
2026-08-17,554,Y88yhiJDH6tRpPaQ9Y,GIF,24945
2026-08-17,555,31mHgJnJUAJXIB62kJ,GIF,24788
2026-08-17,556,wyVRFz9fJaE5B8IZ2I,GIF,24771
2026-08-17,557,xD1vpKInrkzJ3Fxael,GIF,24693
2026-08-17,558,c14InbFxtr5gAFCZfy,GIF,24664
2026-08-17,559,t8SxzpqSbWCkZscsKZ,STICKER,24577
2026-08-17,560,LcCD3TkQe4SJroMYz5,GIF,24558
2026-08-17,561,9Ls9XsHDxEiICpkIWJ,STICKER,24550
2026-08-17,562,KGTieGwsFTzfKxi73d,GIF,24479
2026-08-17,563,0r0YUGcSj97ueZws1I,GIF,24229
2026-08-17,564,nfDB8cFWhS4Dee2sgL,GIF,24208
2026-08-17,565,dfwpUHP88TTodHV7xY,GIF,24175
2026-08-17,566,JbyrV7bzRuZeOpzb30,GIF,24160
2026-08-17,567,GxQiKyAy9kzwWgAClZ,GIF,24147
2026-08-17,568,9C0eEDiObWC3COXjXj,GIF,24017
2026-08-17,569,gMAqaGlYLH1LnHhSQu,GIF,23885
2026-08-17,570,uZzDdw53yMluV0UWVF,STICKER,23789
2026-08-17,571,clne8r9DaMEPN77izy,STICKER,23759
2026-08-17,572,DkMC0pbvPVy3KNCzzD,STICKER,23485
2026-08-17,573,ybF46HrsLDFuMrg0NO,GIF,23283
2026-08-17,574,sgLnfOIYS7BUIHXUxC,GIF,23140
2026-08-17,575,nDcAtQrrztB6tjk8d1,STICKER,23121
2026-08-17,576,U0K68elO5NOob4q372,GIF,23095
2026-08-17,577,sT7JTqgV96345rxK6n,GIF,22983
2026-08-17,578,JkGNpFYB3cY7FHn9sx,GIF,22964
2026-08-17,579,YOy4wfZdVp39GaHWHa,GIF,22564
2026-08-17,580,s4hSWA7C4PRGJwjwkp,GIF,22399
2026-08-17,581,X4AaDMS42L6wqp9I4S,GIF,22228
2026-08-17,582,HM50iKLhED7tYTgtrk,STICKER,22138
2026-08-17,583,ZmQW2HIzjSKv4646wY,GIF,22108
2026-08-17,584,x3LVct059nDJWWHnBs,GIF,22085
2026-08-17,585,VErfqZkulaxhehX9uN,GIF,21985
2026-08-17,586,hwIq8i6Qi7UnUGbacf,GIF,21938
2026-08-17,587,fkhqUwfGzSYOrSTJp9,GIF,21805
2026-08-17,588,cpWDzbkGXinjazXAsQ,GIF,21644
2026-08-17,589,NlQfFCNhxuArwRa0yg,GIF,21560
2026-08-17,590,dBEeUL0mbzScibZaSv,GIF,21558
2026-08-17,591,ifOOtGdoahRmSdfh4k,GIF,21334
2026-08-17,592,9joM0t278fxmxw63iM,STICKER,21292
2026-08-17,593,FpWKtmKDYtFqgQ4F1p,STICKER,21241
2026-08-17,594,LLJZa29zWpqjzrVNHB,STICKER,21236
2026-08-17,595,xjLbBByLJ19X487OlI,GIF,21230
2026-08-17,596,7js3sdMoAXf6iljz9J,STICKER,21181
2026-08-17,597,pWYoNgRTTOcpQEGdh4,GIF,21165
2026-08-17,598,4iC6WmsVhfZAeGj178,GIF,21127
2026-08-17,599,hLlrlSXRBLz2a3Fa9b,GIF,21019
2026-08-17,600,iRowpDxl0o0Qs0f422,GIF,20819
2026-08-17,601,xdfUlTMvx8p3k8Taet,GIF,20711
2026-08-17,602,4Z5Et8yinfeZ1jfuJF,GIF,20692
2026-08-17,603,IipkQotlmo8Sh1ABvk,GIF,20669
2026-08-17,604,3SkP2Mn8rWCPR7qYs8,STICKER,20394
2026-08-17,605,aA455rZHUzTePr7fRv,GIF,20345
2026-08-17,606,RE60di0oRWMdq7SDoQ,STICKER,20271
2026-08-17,607,pKUmbMGZ5eNwfcEOwB,GIF,20225
2026-08-17,608,oLP7BIj99u0sFUlnsV,GIF,20210
2026-08-17,609,tUcJ0CqH4BsIKAIDrB,GIF,20176
2026-08-17,610,uYAAG52VMeqNbeKxrw,GIF,20053
2026-08-17,611,j4tl0BRFWySCPi8I98,GIF,20005
2026-08-17,612,MibqmLIdqxwQepv1u4,GIF,19704
2026-08-17,613,RZrRtVNSxivmiqc4ms,GIF,19695
2026-08-17,614,G4bRYCUE94lLd7ftFC,GIF,19544
2026-08-17,615,1gsEMwwsNPO36OxOQK,GIF,19446
2026-08-17,616,pzLy6Kcx9jyVz05UxB,GIF,19185
2026-08-17,617,ZzOwQgO7FL2HlAGNPK,STICKER,19083
2026-08-17,618,GW5HlgHeRXwbcIRTAO,GIF,19063
2026-08-17,619,tFyjXDG8DdgV7jbV1B,GIF,18997
2026-08-17,620,vWQ3cNvlZdFGn4P8mC,GIF,18968
2026-08-17,621,UiN6zWG0ArXRCn52L0,GIF,18964
2026-08-17,622,bbd845md4bBhtzxnP2,GIF,18881
2026-08-17,623,cR1Bnk7j1OAqINYtOY,GIF,18823
2026-08-17,624,eSfJodS0foTOVqrBg1,GIF,18728
2026-08-17,625,cZYcjyCHHn2mk1ikmK,GIF,18675
2026-08-17,626,Ad00UhfBWCrf6iIraA,GIF,18486
2026-08-17,627,rI4yCkQXsGkvkN6qQy,GIF,18457
2026-08-17,628,FQaUqL5cxE07TVmEbM,GIF,18438
2026-08-17,629,m7sXoT4sjUcHqlfqFS,STICKER,18386
2026-08-17,630,Fh1YBOMQy8ivv5QNzd,GIF,18293
2026-08-17,631,RjBXlk32cZwWJwL4gS,GIF,18277
2026-08-17,632,2AHzoH7CI4TQeyzYCD,GIF,18244
2026-08-17,633,tRWPZFwfKYTcaQ0Vut,GIF,18217
2026-08-17,634,jKFcYsEGnQcAUJrto3,GIF,18192
2026-08-17,635,oU1Fo2c50feGpaWwDh,GIF,18096
2026-08-17,636,gzUNmzVfGkKdMxyHrF,STICKER,18064
2026-08-17,637,zx3ayFaNycGyE1nZ01,STICKER,17800
2026-08-17,638,hVlGeCHhXYdIj5VuGy,GIF,17767
2026-08-17,639,3So6FuGb7wVk14P481,GIF,17766
2026-08-17,640,hPd95ZhVUZRpaqfS71,GIF,17740
2026-08-17,641,0kjZf6pew3SqzrzHH7,STICKER,17526
2026-08-17,642,3QOaNhNb8TA085CDrI,STICKER,17477
2026-08-17,643,RwHdKDHMgbReieccJ4,GIF,17435
2026-08-17,644,2jcJ3HFGUHkTyioaUT,GIF,17217
2026-08-17,645,3bdT6rswZrdJAAXyIY,GIF,17045
2026-08-17,646,G0FL2jcpanSQMex6pQ,GIF,17032
2026-08-17,647,QBNF6zlAHH46DTIM8A,STICKER,16993
2026-08-17,648,akR7RsXOEBsCpVxsp6,GIF,16894
2026-08-17,649,wulH1pzgOUFXQQNyor,GIF,16845
2026-08-17,650,ob50T7GkSbkLLSRhQn,GIF,16821
2026-08-17,651,AhaWzd6OjdlgzY8poL,GIF,16721
2026-08-17,652,ysB7TRjZlCfK705Qsx,GIF,16714
2026-08-17,653,JdCL1IXkf3ObMe1SIJ,GIF,16708
2026-08-17,654,BqKx9z6SmgH9xfzMoU,STICKER,16695
2026-08-17,655,KR0ABF8z9pul0Xn1vj,GIF,16643
2026-08-17,656,W2qRsuV2W45gij9eyQ,GIF,16457
2026-08-17,657,UHX8Z1xxM7q95ifvMN,GIF,16442
2026-08-17,658,UGSaXOiJokVFwXEoAT,GIF,16390
2026-08-17,659,XniMEEmJBr9ukfaFPg,GIF,16322
2026-08-17,660,UPnKAxvJFJWIJn1NNK,GIF,16164
2026-08-17,661,cIJp8Y1yZVnCzjXSjQ,GIF,16147
2026-08-17,662,LgaosMJFuBdaBg4Zqw,GIF,16066
2026-08-17,663,ApgAv4fFKYE5zQmdet,GIF,16009
2026-08-17,664,Fk1G76mvlTOS0YUZ5A,STICKER,16001
2026-08-17,665,ioikNOK6094SPdG2gY,GIF,15952
2026-08-17,666,IhRt3YlSBJDDGKmVfA,GIF,15866
2026-08-17,667,KDKNDBHabbk60REZnB,GIF,15859
2026-08-17,668,QSA6gWBwyyXJIzo0gE,GIF,15787
2026-08-17,669,zIf83ye6vDhxzHKtUd,GIF,15767
2026-08-17,670,vgMxyT3D5Nf7YtgLEN,GIF,15664
2026-08-17,671,AkjBpF1TnoWQNI57N8,GIF,15524
2026-08-17,672,YhWN4jrl9saWCBtYVs,GIF,15472
2026-08-17,673,V2cgY6r7FOSTkCgBS1,GIF,15341
2026-08-17,674,0DWKPIIDI9sWSoKa5F,STICKER,15242
2026-08-17,675,1pnf06KKMM2qlRmCIj,GIF,15189
2026-08-17,676,s0qV5J5dP5lzZkpC1r,GIF,15142
2026-08-17,677,cltZFv7xOOVgJUOrOP,STICKER,15063
2026-08-17,678,UM7sju7MO1wK6KpVdR,GIF,14970
2026-08-17,679,WEC8B0JL2IifWaSoOn,STICKER,14885
2026-08-17,680,MSUZpSsPXDiTRUuHTL,GIF,14823
2026-08-17,681,OlLlVUZxrcqZm6RPza,GIF,14572
2026-08-17,682,Z9OWqReW3I4Jr4MEdB,GIF,14553
2026-08-17,683,zysC5B66n65evvIv2j,GIF,14549
2026-08-17,684,NMa7tlk37iWeBOSmwr,GIF,14500
2026-08-17,685,Atdw4UUjkYNWJaCahh,GIF,14459
2026-08-17,686,bOLdbJxTL32fzUfQ79,GIF,14374
2026-08-17,687,Dv4oKPwiykQqHhZr1W,STICKER,14356
2026-08-17,688,KksuC9fn8zo5RlERgg,GIF,14115
2026-08-17,689,RWX2nTNdXEnrfWiZa4,STICKER,14096
2026-08-17,690,vhCeQWMJEmFvfjONgE,STICKER,13939
2026-08-17,691,UpPyFzWrRSSCDjWW5S,GIF,13930
2026-08-17,692,pfDwG4T0vC4IxqS2eN,GIF,13880
2026-08-17,693,2ltRBrU98eB6SOCvlL,STICKER,13789
2026-08-17,694,7uuBgvGPs6E5EttML4,GIF,13755
2026-08-17,695,k8u0YOIFdyRsTb950U,GIF,13622
2026-08-17,696,WHFiPP52PG9th1XmMP,GIF,13543
2026-08-17,697,ju4JqzNVQrJQULIrQQ,STICKER,13505
2026-08-17,698,K53ka9tKBWvdlEmEiQ,GIF,13500
2026-08-17,699,HOOTxxN5gUjEhJDUzT,GIF,13467
2026-08-17,700,pxIwqllLtTqwkP3P7q,GIF,13116
2026-08-17,701,H1bTEEl6lDeQC55aJ7,STICKER,12972
2026-08-17,702,kAZI2CjoJeDdkShdIp,GIF,12876
2026-08-17,703,hkJqI1Z2eMIZGjaLGr,GIF,12738
2026-08-17,704,aFoEcC8r12zpxNNvSz,GIF,12700
2026-08-17,705,nDLvxkW2XE2ZjcVKQR,GIF,12671
2026-08-17,706,XHby9xOM0HPzPJ6tqF,GIF,12528
2026-08-17,707,s5mc5b4QlA0GqxfiMn,GIF,12526
2026-08-17,708,QED7OaVB6S127veeBk,STICKER,12516
2026-08-17,709,qY5hBUyiQSBf79ntVr,GIF,12444
2026-08-17,710,MVdhlDm19paYqtsMfF,GIF,12429
2026-08-17,711,MMQp5dVRWpDk5TKSk3,GIF,12408
2026-08-17,712,lo0xHsbZsqAXm3DxRm,GIF,12257
2026-08-17,713,HKNFJD7cAwpvlYa6p1,GIF,12256
2026-08-17,714,eRX5a3BHg4ezXw0UCh,STICKER,12179
2026-08-17,715,0iqkjAyJgiCpPLy3Fq,GIF,12075
2026-08-17,716,xW6AwwdTobQgDZ3nAU,GIF,11992
2026-08-17,717,DtzZaTXJmluGoVaJzL,STICKER,11971
2026-08-17,718,hZtR0YEJJ66b1a0Yrb,GIF,11920
2026-08-17,719,jCb2I9TIDuTGehdSHx,GIF,11880
2026-08-17,720,qNokvWhj3oqF4D5q3D,GIF,11875
2026-08-17,721,GQnycCHR2tSSMXS9oh,STICKER,11787
2026-08-17,722,m6uaoa7xX7Dg2HnF6p,GIF,11511
2026-08-17,723,XB8mTbeXNfl7OIlAkt,GIF,11453
2026-08-17,724,5b6DvVHMPq5kG9QBE7,GIF,11408
2026-08-17,725,Pd6VbhzYBpVXqj1D2b,GIF,11374
2026-08-17,726,kAVvf8QMmCmXU7NDA6,GIF,11293
2026-08-17,727,1YIOwyDs2IK6MPvs3f,GIF,11119
2026-08-17,728,IMNgh51iJQHDWSoMm2,STICKER,11119
2026-08-17,729,l1mRHDgvYzHZVRI4M0,STICKER,11072
2026-08-17,730,7HLrdcksEhIrZa9Zir,GIF,11063
2026-08-17,731,g1TgPevFB2j9fFhIUv,GIF,11027
2026-08-17,732,ocHIQm4HwUXQHcA1U0,GIF,11010
2026-08-17,733,P2dP3D2kAzqcRPPaWr,GIF,10978
2026-08-17,734,6RL11R4fio6tTZS5B3,STICKER,10956
2026-08-17,735,g9LibgOagcZAvPML8w,STICKER,10832
2026-08-17,736,fT2ecOvmXPJxFkTbWJ,STICKER,10826
2026-08-17,737,A1yl317Qn9BkRcNDyq,GIF,10731
2026-08-17,738,gU6fbKU11WZGfMjXey,STICKER,10644
2026-08-17,739,2fhhHvDo2dUJMgJFW6,GIF,10617
2026-08-17,740,YEzgbuQKP7ilTDmGni,GIF,10606
2026-08-17,741,VOuTYkX8OhXjetxwQ5,GIF,10501
2026-08-17,742,vilClGRTjSHu0GtpnI,STICKER,10430
2026-08-17,743,v4mRkaIx4POC0DHgUM,STICKER,10318
2026-08-17,744,yBUiOi29DnkVtPnSck,STICKER,10318
2026-08-17,745,fLLDOs1PXL5od8aETL,GIF,10264
2026-08-17,746,4p4coQ86ez7Ru85vou,GIF,10222
2026-08-17,747,9Se0FcKFZFCt7lM2x3,GIF,10187
2026-08-17,748,KlL7G6C1HWtdM3YHse,GIF,10141
2026-08-17,749,btR3gAi7NqgMjA2aNz,GIF,10101
2026-08-17,750,LhW6KP4Nar6HsqGuKf,STICKER,9840
2026-08-17,751,x61sB9WoV0TIwRSfsR,GIF,9840
2026-08-17,752,eXp6TrPKFtz2QlG4Uo,STICKER,9829
2026-08-17,753,64biIPpOpL0RUNkvRQ,STICKER,9819
2026-08-17,754,hJHziY8ehiG4m6HxSV,STICKER,9698
2026-08-17,755,pq5a9erYX0mupYAw0r,GIF,9645
2026-08-17,756,XHhUoP1JW91SPS6GbT,GIF,9596
2026-08-17,757,QozR1lmgh6PNPxiPDH,GIF,9488
2026-08-17,758,tPrbmCVHFFg7K72O3L,GIF,9465
2026-08-17,759,z7SQKvGQvXrAtw9e0b,STICKER,9335
2026-08-17,760,BUkQuFqMIKmPbzBBH6,GIF,9301
2026-08-17,761,F0x8UfLG8yOQPPRCj9,GIF,9266
2026-08-17,762,2MJOk63MZDgJLnCWbP,GIF,9122
2026-08-17,763,o582qaiYg31UCY2MHB,GIF,9117
2026-08-17,764,kqkgYGr6YOULDs5Fcn,GIF,9012
2026-08-17,765,PmswRSnBQr0RWZ4Bf4,STICKER,9008
2026-08-17,766,pIQoynVdXIZshkdd9a,STICKER,8932
2026-08-17,767,MggXsKR6usuo2guR1w,STICKER,8740
2026-08-17,768,Pg9FLF1hIKRfew3hKh,STICKER,8723
2026-08-17,769,85pJRIDsWcRCRBKFhd,STICKER,8692
2026-08-17,770,NzvXgZXYLnsZBmsdg8,STICKER,8658
2026-08-17,771,V6nWD8hjJ0NqRkwKwf,STICKER,8508
2026-08-17,772,aFQPmNaCbkCl3EdYeY,STICKER,8508
2026-08-17,773,kkOBICGZgUnawZm7If,GIF,8452
2026-08-17,774,oEgmDtYesxKZLeYfbk,STICKER,8452
2026-08-17,775,Obpk3J2ge7JTNHLlsG,STICKER,8428
2026-08-17,776,23kKeMgwQdsTaTefn7,STICKER,8282
2026-08-17,777,Lv5WcXLqEaEuaTO1ZQ,GIF,8200
2026-08-17,778,TBERH8SbfqimWzO26A,STICKER,8055
2026-08-17,779,5QdOBPO3tLl2QnMEml,STICKER,7865
2026-08-17,780,JJeQWqCysrgl8pxNh0,STICKER,7807
2026-08-17,781,CPfrrA6I7wi4q0blhk,STICKER,7769
2026-08-17,782,rShS2A9N2fJxhddR73,STICKER,7730
2026-08-17,783,obqQ7nCPajM1XwGMzH,STICKER,7691
2026-08-17,784,5sWddKfNN6ISDvkDWK,STICKER,7577
2026-08-17,785,FRKnlYZ5Sc1GyYRhym,STICKER,7504
2026-08-17,786,xTsdxIAnggFtww1tbS,STICKER,7477
2026-08-17,787,FrixhPI7XEfr3wS5yp,GIF,7442
2026-08-17,788,fVPVSpEApPhaPTBlFK,STICKER,7406
2026-08-17,789,dQxNr6ZzGMHanmSGNo,GIF,7394
2026-08-17,790,DoNIRpsowBXVQjshzI,STICKER,7369
2026-08-17,791,1VoVsG6WlTCqUv2uSU,STICKER,7267
2026-08-17,792,48lOBPTz2RBZlk6s5K,STICKER,7234
2026-08-17,793,ylQtCW6zrlfGS8glXw,STICKER,7232
2026-08-17,794,W04ps2Hb3KrzSRGeh6,GIF,7116
2026-08-17,795,uRu8dFMCWLKNRlMCmu,STICKER,6888
2026-08-17,796,6KAGK2RnpkpBJCM8pW,STICKER,6875
2026-08-17,797,C932EjtWrmuYbX5KYd,GIF,6865
2026-08-17,798,zwhh70RrzFm6xIkbty,STICKER,6851
2026-08-17,799,h3LXEuX6X5Oyq34byu,STICKER,6838
2026-08-17,800,NzJ2mFSbkzVkj29CYP,GIF,6698
2026-08-17,801,rFFMgUw7o0MdXN0Lcv,GIF,6624
2026-08-17,802,AOXdCCwtj3Jeic1FY0,STICKER,6598
2026-08-17,803,JfYHNaMLT2Our6QZoh,STICKER,6552
2026-08-17,804,2gXb2GoR2fu58PIHhV,STICKER,6328
2026-08-17,805,8hx8uoZR5mx3pAnEre,STICKER,6207
2026-08-17,806,4mTE4i8Zui0pfyN6Tj,STICKER,6003
2026-08-17,807,y4clWEz09eNed1WsX8,STICKER,5993
2026-08-17,808,lckVXkNU5pajkTH2Y4,GIF,5975
2026-08-17,809,BP9MV9M2iTOdPP2szZ,STICKER,5867
2026-08-17,810,jzNfEq4G6PlhcWjGmV,STICKER,5801
2026-08-17,811,ocQq23oTR3xieuMKVv,STICKER,5791
2026-08-17,812,uN8wdjnLJ5oRknSFQz,GIF,5740
2026-08-17,813,5dhF60l8tjO4UUuTTz,STICKER,5670
2026-08-17,814,y9JLObWA6FDyT60nRE,STICKER,5662
2026-08-17,815,1CtnvXO5JJQFN6DhpR,STICKER,5600
2026-08-17,816,oT8h0iLmJVj4OORrVw,GIF,5582
2026-08-17,817,Py3gKjdj74yZ1xYUDc,GIF,5565
2026-08-17,818,Zd7hy7VoGaOTlTsANK,GIF,5348
2026-08-17,819,MoUvrMYhXbXOYMTXOs,STICKER,5336
2026-08-17,820,ATiZp8tOfAvn28QQ1m,STICKER,5247
2026-08-17,821,oRUV18AcLTVmArBuy5,GIF,5175
2026-08-17,822,sUB4mT5lYLiasBJttS,STICKER,5120
2026-08-17,823,nlRq8kEVEGEqLhJXS6,GIF,5087
2026-08-17,824,APgneCdOW1Reh0qaf0,STICKER,5023
2026-08-17,825,askudv60nEFqWPiu2F,STICKER,5015
2026-08-17,826,mHwma9gZf9Anp5nnVR,STICKER,4992
2026-08-17,827,zvQsooz0XRnldcroLB,STICKER,4933
2026-08-17,828,Oy3HDm5jfdMkgrHwrf,GIF,4788
2026-08-17,829,81EGk29eiw9H1hpqdY,GIF,4777
2026-08-17,830,ry6PYSjQZO6MRrR4mP,GIF,4730
2026-08-17,831,d6UTJkeCNSuMgArYQg,STICKER,4682
2026-08-17,832,TgzPQznnOCOG8NIE5T,STICKER,4413
2026-08-17,833,TGQHtxrjS5GuOOdx5W,GIF,4408
2026-08-17,834,Ph7plOOKJNbslxKyrP,STICKER,4373
2026-08-17,835,swXwzpLVqMM4Eop4OM,STICKER,4355
2026-08-17,836,QZ7VxYXlPLhiWYe26G,GIF,4261
2026-08-17,837,1ui7bi7c2bgkwLOVkt,GIF,4175
2026-08-17,838,USPTPyzyOMCwrK5zXw,STICKER,4074
2026-08-17,839,obWFB2xqw0881G6uwU,GIF,3930
2026-08-17,840,0S2uKh8lb7S9fwEimR,STICKER,3892
2026-08-17,841,eSsZhIN2fbG9cZ4qhI,GIF,3875
2026-08-17,842,2PSJbtzGkCGH4bR9Md,GIF,3832
2026-08-17,843,GREZfNqe681gUp8ECl,GIF,3804
2026-08-17,844,eEsEr5zx8SiFZxNOFO,STICKER,3784
2026-08-17,845,weu7IIXaeX1xtKGHgz,STICKER,3754
2026-08-17,846,mSUqzqKJXnQJGn8E0u,STICKER,3674
2026-08-17,847,4LSRc6JcAvdcJvOele,STICKER,3652
2026-08-17,848,MyCyi89mx9JPC9bHv7,GIF,3637
2026-08-17,849,gEjdVfmchsJIDdNhHn,GIF,3597
2026-08-17,850,x1wUUVLTWSgjb61Drl,STICKER,3533
2026-08-17,851,XrVIIbHzGO01bZXhfP,GIF,3519
2026-08-17,852,gV15dSeODe88bn6qQR,STICKER,3343
2026-08-17,853,CznAgEDyLaic6yT3it,STICKER,3331
2026-08-17,854,Lx8INvzlMMlQ8bQNbo,GIF,3328
2026-08-17,855,vIo7Jz8nfzb8krTpw1,GIF,3298
2026-08-17,856,6cX7vet4YAxk5XCPgB,STICKER,3276
2026-08-17,857,3WtvsRqbAJO3p0nxNG,GIF,3261
2026-08-17,858,FE082NASfhS5hGoRfm,GIF,3231
2026-08-17,859,DYwNxxZXbBlCDPb8Ef,STICKER,3199
2026-08-17,860,93ZBUB81lQlO28oAU3,STICKER,3180
2026-08-17,861,mbf00vMY6UbT9h86hi,GIF,3082
2026-08-17,862,KAno7uyRv1fjZpX8y2,GIF,3060
2026-08-17,863,BYbzy4UJj3jZGQzObN,STICKER,3056
2026-08-17,864,YSGYAhBJmO8fZiDyMH,GIF,3005
2026-08-17,865,WI86dbD53DB2Ya13yE,GIF,2935
2026-08-17,866,5BgFFHb09dESx7zqli,STICKER,2902
2026-08-17,867,ki9w0hQae7VtoRnFmi,GIF,2887
2026-08-17,868,1djpUfuj1q5zamopKb,STICKER,2813
2026-08-17,869,mOfr7vCOfkmMgNZfhM,STICKER,2809
2026-08-17,870,Wotgrzr1tPTdfJTrp9,GIF,2760
2026-08-17,871,8lSG7jt9Y9Cp31wkzs,STICKER,2677
2026-08-17,872,9UHt6If8rRUWpqieQ6,STICKER,2633
2026-08-17,873,x1YB30hC9QDiEToWA1,GIF,2629
2026-08-17,874,x6rwajoFHoTnDGEBmG,GIF,2509
2026-08-17,875,QWxKVnd7vJclaO5KD4,STICKER,2481
2026-08-17,876,mN9I9lpyxfZ8Gtkapj,GIF,2468
2026-08-17,877,15dUdBxg7yHfnRNU7Y,STICKER,2428
2026-08-17,878,f2A4QbhaMnmCOac22T,STICKER,2400
2026-08-17,879,ujzbmxCome2mkPrd2s,STICKER,2390
2026-08-17,880,NeC3tEfdVwAx9KLUM0,STICKER,2380
2026-08-17,881,NAZYVzLH4TyUPo7KZa,GIF,2371
2026-08-17,882,F0VrUFmKKrBimQ9woR,STICKER,2368
2026-08-17,883,z6IQFfFdVnCWKtTaRv,GIF,2347
2026-08-17,884,VV5t8tfDi28sKVeaOj,STICKER,2343
2026-08-17,885,QHoxSv5YXlXOtuE4DW,GIF,2219
2026-08-17,886,EkcxDEfhpQPDEHLjwJ,STICKER,2213
2026-08-17,887,UpKZHAIHaom7m8oqEG,GIF,2213
2026-08-17,888,1zXfmeVx5OsXfSPXZb,GIF,2176
2026-08-17,889,6LwTAchE2sAFi1Acvr,GIF,2116
2026-08-17,890,77darDRCvKYK3108SW,GIF,2065
2026-08-17,891,CaMmxb3XIcnjsNcooW,STICKER,2015
2026-08-17,892,gS1Ap1qSUAuXOzcXTe,STICKER,1996
2026-08-17,893,hIP7IxySDujDjTcCgk,GIF,1972
2026-08-17,894,4hGHgXEoALrkYlKW9m,STICKER,1927
2026-08-17,895,Gizdqrs09PZXeoD16N,STICKER,1910
2026-08-17,896,ItO7l3CTSHgpeB4Ywp,STICKER,1866
2026-08-17,897,nSbqs9LRfXGcnpxZSo,STICKER,1795
2026-08-17,898,jKPairXn7E0xJEqa05,STICKER,1665
2026-08-17,899,MzgtF00ibDEZHZkNPV,STICKER,1630
2026-08-17,900,PCp60Cx6Gi4nyLdAgN,STICKER,1613
2026-08-17,901,B1AR811Im6IVrbjfbH,STICKER,1586
2026-08-17,902,UeWsyojUXHXZZbB2bZ,STICKER,1529
2026-08-17,903,Y0aIHKXBQx9NLXemZI,GIF,1518
2026-08-17,904,Wn5z9un3Nv5gIepz38,STICKER,1508
2026-08-17,905,vkwh9ULskLJXWptoSI,GIF,1448
2026-08-17,906,c0JrW3Th0N1wNuPFsQ,GIF,1289
2026-08-17,907,qpNx80ykZ145lqdEuh,STICKER,1222
2026-08-17,908,4kS6IZ8afwMArzMNt3,STICKER,1122
2026-08-17,909,HDcKa4AKZLIbXnJgVg,STICKER,976
2026-08-17,910,ETRiqfIqLgrKzy4eOO,STICKER,850
2026-08-17,911,KSIkAZ1MLHevjSqt4O,GIF,828
2026-08-17,912,q28otU4WUdpleg49zb,STICKER,809
2026-08-17,913,C4yn5gQdilKTzToTFh,STICKER,727
2026-08-17,914,CbojCyfv0Pg02Bogxn,STICKER,658
2026-08-17,915,Sfiri0PXigpGueBftO,GIF,20
2026-08-17,916,uKuw4epL1KjAqERkXv,GIF,4
2026-08-17,917,49lmGu0eQ7ISpToUTU,GIF,2
2026-08-24,1,S0GO7wvqciKU6znbFW,GIF,25560857
2026-08-24,2,VeQ7R5eLzOiZwny95R,GIF,12046164
2026-08-24,3,1MTfxcyrTyUFK9Zp3S,GIF,11160818
2026-08-24,4,YFsvkuJTxLc0uuNrhO,GIF,9938314
2026-08-24,5,Zil84rm4wvlWsJqo9C,GIF,9608963
2026-08-24,6,z1dXRwDsqrjs5KDOML,GIF,7051960
2026-08-24,7,s6eCu3KXqkq8sKt2pD,GIF,5801034
2026-08-24,8,6A9hefwTjvCDMURljb,GIF,5510837
2026-08-24,9,vFAra3l66GR59S9K40,GIF,4762356
2026-08-24,10,n20QOGJq9Smmy5c5Yx,GIF,3898245
2026-08-24,11,Tp7JErC4Ak5ZrF8ciK,GIF,3779336
2026-08-24,12,7UCWuilJRYlAu15j7U,GIF,3778806
2026-08-24,13,HXbjrTClytGyPjam3M,GIF,3628586
2026-08-24,14,hBt0VjWkZbFRBrBACu,GIF,3451428
2026-08-24,15,zFJd9Sp0856KS6dVtv,GIF,3228868
2026-08-24,16,VZ9JDjblGrqOCxqVFT,GIF,3161336
2026-08-24,17,01KHA2KdMQLQi136pi,GIF,3101455
2026-08-24,18,l8eIHDVeTwEm5VOjb1,GIF,2630570
2026-08-24,19,4XEUw17xG7OGK9nuJw,GIF,2519410
2026-08-24,20,ba5JMnrKk4o9z7yiP0,GIF,2471131
2026-08-24,21,3lTznm8qcjuD0dOyof,GIF,2275480
2026-08-24,22,kvrucA56Ge96PitAIf,GIF,2092888
2026-08-24,23,4yd3gQjXGb9aFks0bS,GIF,2062622
2026-08-24,24,gfv9pQSjyN83iR0zM0,GIF,1887848
2026-08-24,25,Atd0AOMP5wrkqhYQpM,GIF,1651119
2026-08-24,26,ykoTW1SqAFoUKMXfwl,GIF,1650922
2026-08-24,27,H1SV8pkPwh24wqRfyd,GIF,1645943
2026-08-24,28,N20tM6nrrXQMl4HYWz,GIF,1517676
2026-08-24,29,NnvB50iO7TqUyBzFvl,GIF,1495770
2026-08-24,30,FjOH5YsFZv0M1wuIBb,GIF,1469780
2026-08-24,31,CQF6AFxLK2g5y2B2NN,GIF,1426821
2026-08-24,32,XCdhyRfbj2GvgufO0u,GIF,1411993
2026-08-24,33,AZgI9GQ4S4ul6qcA9u,GIF,1410032
2026-08-24,34,MmwWuKZzjxYw05RF8z,GIF,1404102
2026-08-24,35,IvJvPYEXDOoV3ju64N,GIF,1376389
2026-08-24,36,Wmu62LX7EfEYjeZFom,GIF,1347786
2026-08-24,37,zbFMPSL8EgDfqeBgWZ,GIF,1278946
2026-08-24,38,bbQA9p31wBCfGP7Lqq,GIF,1268069
2026-08-24,39,BuT7JDz3OLtImz82QE,GIF,1210038
2026-08-24,40,zbcPsquuTZdA0tMKBx,GIF,1151595
2026-08-24,41,HBz4ZFEBOWzRdBO70e,GIF,1147110
2026-08-24,42,ZfzDxoltZ5FyWrmTJl,GIF,1131054
2026-08-24,43,XYGeNuYFTJxYanc1ij,GIF,1031573
2026-08-24,44,mwnu1QWfjuMZbKdgcp,GIF,1029410
2026-08-24,45,4zCNON1K71s6JXOFd5,GIF,959129
2026-08-24,46,pQxOnCwLvTBG4uf3KD,GIF,952603
2026-08-24,47,4yGaQKJE08kHXPuyMn,GIF,942432
2026-08-24,48,z7kuboVsFhWrC6gJDp,GIF,916934
2026-08-24,49,9dJzU7bFwJBIWjvWO0,GIF,898099
2026-08-24,50,g2KaTr5PnaMjjBUagH,GIF,887437
2026-08-24,51,5IYv7MHczMNdqnxWa1,GIF,883933
2026-08-24,52,6YX6lFHrE3n78eBvRu,GIF,875410
2026-08-24,53,pTNVcut8Um4qfqAn0v,GIF,847528
2026-08-24,54,qhb6MgP55rZQIiJPFf,GIF,830592
2026-08-24,55,w0t4WTCyVJfbNIAwdR,GIF,760710
2026-08-24,56,zuMnz0s1el2MO30gjg,GIF,757191
2026-08-24,57,WT9XlpCYQY7PtmCLT4,GIF,733520
2026-08-24,58,oowpSQYkmY8zkkApHu,GIF,714724
2026-08-24,59,n4eta4zIkCRr6xbK2f,GIF,707556
2026-08-24,60,6o7c1nxSuBTp6XIMzm,GIF,706783
2026-08-24,61,VUJFF1jbhxVFyUtLTJ,GIF,694778
2026-08-24,62,pGYHslrw9ZTEMk9Sn2,GIF,692783
2026-08-24,63,I70wiKkwEVZWC2HFAO,GIF,682872
2026-08-24,64,VFmjfFzMv0JETVuokv,GIF,659446
2026-08-24,65,cj0jRYyipLPlzwLs0i,GIF,624979
2026-08-24,66,ZUwEmP2EchPgZetmps,GIF,619572
2026-08-24,67,QBgFxeacBb59LMX5su,GIF,617838
2026-08-24,68,xNJVAiSsa1wtC14act,GIF,616127
2026-08-24,69,ZtAisAoRQRuf0wlOqe,GIF,604781
2026-08-24,70,p5EoYWZd7rXnSrk3A4,GIF,577579
2026-08-24,71,Brkoiafxyzb94gXrMa,GIF,576055
2026-08-24,72,3CjwLHLooBGmDorkzF,GIF,573880
2026-08-24,73,PMny68XCKFiABxd1SZ,GIF,569839
2026-08-24,74,C2wLIBhg6rnF2Vk5p3,GIF,563177
2026-08-24,75,TWBEBifNIlRw3WZysb,GIF,557719
2026-08-24,76,KyJWoY8DDDBnJMn5fY,GIF,550268
2026-08-24,77,TiuUji4KiJvFuzPFYg,GIF,542560
2026-08-24,78,sGr4yrFK3BHDsEhSAM,GIF,539687
2026-08-24,79,CLsZfPTw3az9SfokNz,GIF,528354
2026-08-24,80,eEEVPZVPzXY9ceK13z,GIF,524353
2026-08-24,81,VSmo1UmSEnNBOkzzKN,GIF,522747
2026-08-24,82,qpJtW9XMVylfz7N32c,GIF,515122
2026-08-24,83,2Tmk43f9xbaX1HX5XW,GIF,513429
2026-08-24,84,WoJ1KruDxKQ1TdT7LG,GIF,502383
2026-08-24,85,XbEj9EvaOwUas4Zfkd,GIF,502127
2026-08-24,86,67KY9IKgii3mZDcGQS,GIF,497956
2026-08-24,87,BxCTf1cNDlhFUdurmO,GIF,497489
2026-08-24,88,V7KYS0VPWVdhPFUj9Z,GIF,464762
2026-08-24,89,kFnvhvvnxA6KwTnIzA,GIF,460048
2026-08-24,90,8tQLdg1TjgKBuuPbco,GIF,456080
2026-08-24,91,yVkY5XkSGEbmGkqKlt,GIF,449671
2026-08-24,92,N2GUDdRZbdCdUzYkuw,GIF,448463
2026-08-24,93,uXV0BqmxAJt7VKNgZh,GIF,444127
2026-08-24,94,W4ZiN0w5JKJF4oK36b,GIF,436718
2026-08-24,95,hhL4cErWygGzv0PMwl,GIF,426800
2026-08-24,96,tsiV9e5BNYJs9N63xu,GIF,425569
2026-08-24,97,tgLpK2WbZhGe0D6UbT,GIF,425204
2026-08-24,98,bKDPhQuR4aMtOTfzSz,GIF,424492
2026-08-24,99,GAczcLkdTCTPS01kQy,GIF,424283
2026-08-24,100,ZqZUWuxULL0IZ3XdCW,GIF,420834
2026-08-24,101,HU5ZX6NCZHrKdAkGtf,GIF,410810
2026-08-24,102,cPeIETb5b6zKnkngts,GIF,402843
2026-08-24,103,9HtqtBJIrXjEyDlqtp,GIF,395737
2026-08-24,104,gSJLxCRJSAtTesQIH2,GIF,373821
2026-08-24,105,XR7PHHrmVHtqEK1gol,GIF,367091
2026-08-24,106,9sKA3ibq7zX02Os7y4,GIF,356172
2026-08-24,107,imjTWu6Vx9k0QJwpv4,GIF,353904
2026-08-24,108,clODkNL8QqeiiLV871,GIF,351900
2026-08-24,109,rWdKQ4rLROfKD3cdLI,STICKER,343378
2026-08-24,110,soFxWwpvpFThVlZGd4,GIF,342276
2026-08-24,111,Oa4QJT3Fb0zQ037mov,GIF,341353
2026-08-24,112,pUnbgneAsAFpw9wmzw,GIF,334998
2026-08-24,113,wDcx1Rm1hXxGKefyTR,GIF,334553
2026-08-24,114,ydtlZT2ZGwRKUS7k90,GIF,331926
2026-08-24,115,toIRQFAFFCtAWwJveB,GIF,326666
2026-08-24,116,m0RdfAX3ZVq56g6Ufb,GIF,325988
2026-08-24,117,i09kDxdM8snHxPKl1i,GIF,325163
2026-08-24,118,gGTnOmNz9RWBhLAOww,GIF,322031
2026-08-24,119,Px3XFOmPDLjRvP9YeG,GIF,320493
2026-08-24,120,uZ7GOHTYg3w6hAPN9v,GIF,318086
2026-08-24,121,3Vvcnjhme1hwqwMNke,GIF,315038
2026-08-24,122,sTKnZMlZKwYbtflXQq,GIF,314783
2026-08-24,123,woNoaZZ9V12dyjYjJo,GIF,313543
2026-08-24,124,QJ4gYE5K7A8FPhPHuX,GIF,308802
2026-08-24,125,bktvFDtSnncI1w598s,GIF,308020
2026-08-24,126,l23aOmdgpH4PVpPOOF,GIF,302918
2026-08-24,127,VtZku1FNcJfdfJLPya,GIF,300794
2026-08-24,128,sGkjKXy02jm6wjrij1,GIF,295918
2026-08-24,129,VaHgVrzYDaGrz7JRiX,GIF,285254
2026-08-24,130,cwXLRZXXoL0np7eb72,GIF,284108
2026-08-24,131,y2QSRInUPq9f5evJVB,GIF,281557
2026-08-24,132,rcKw9ZKuo0lLFzIuuZ,GIF,280040
2026-08-24,133,Vtg7zkTTczN2bvodCG,GIF,279622
2026-08-24,134,FCtjJQzZME69CW6ttp,GIF,277073
2026-08-24,135,H5b7aOpD0MCxbT3jFO,GIF,276989
2026-08-24,136,RcKxMa4JVupSJSMnhX,GIF,276476
2026-08-24,137,gUn5uaz4fhAKi45l4u,GIF,272180
2026-08-24,138,X8U2NmVTuTntFxGesd,GIF,262292
2026-08-24,139,iUmxhJqvJmf1ytmdok,GIF,261482
2026-08-24,140,TCYSBvF1McWeOViTdS,GIF,260356
2026-08-24,141,x6TIee2JM9pBwc4MBG,GIF,258839
2026-08-24,142,prWnSRzSzVrBZLv41A,GIF,258725
2026-08-24,143,6UDc6ioncYRxWDnp0G,GIF,257805
2026-08-24,144,dgXu5U7aMzbfILnDcj,GIF,250034
2026-08-24,145,tiqNAs5cs6O0h36elo,GIF,248334
2026-08-24,146,6SPE2NmJboU2RJtzU7,GIF,245922
2026-08-24,147,R60s9NrOwv5eTrRPzV,GIF,243385
2026-08-24,148,0QcUioJ7k6T2xRT6dI,GIF,240563
2026-08-24,149,GMibniHgHabH5FsvSf,GIF,239441
2026-08-24,150,oxj2Z1k2cHtR0oZkqj,GIF,238330
2026-08-24,151,K4y1b339hvcqk45WJ9,GIF,237678
2026-08-24,152,49UXvksd1mD6ivtzSS,GIF,237663
2026-08-24,153,5DIPupkmxQqmITQtN1,GIF,236292
2026-08-24,154,fOGrNl1SGyw9ZF5Qeh,GIF,233361
2026-08-24,155,GJEvTVbP5UFX1rqFKc,GIF,229763
2026-08-24,156,cYELoocQoVRmY2GRJq,GIF,229746
2026-08-24,157,oC6Cx1YXBtvdoYXmZr,GIF,229649
2026-08-24,158,zAo4CHpNAaNDg27lmG,GIF,226929
2026-08-24,159,0LBI2fJsWSO88UZip6,GIF,224147
2026-08-24,160,kg26UxATxZow3AsKZZ,GIF,223216
2026-08-24,161,54Lr6tnL43zux7QcZh,GIF,222989
2026-08-24,162,V5xSpg6PoKMeC6mvhG,GIF,219872
2026-08-24,163,WmTuF4gz4C3ZfoHQGw,GIF,219194
2026-08-24,164,6vaqqwTzS6SuR36oIW,GIF,218542
2026-08-24,165,nohvpMrEwXy468gDFR,GIF,217967
2026-08-24,166,vaKM2dq2diEh9vUBQP,GIF,213089
2026-08-24,167,Lg6tJBqeg7Z8iHTvJK,GIF,212451
2026-08-24,168,r1CQkqGt4aI7wr1Ohw,GIF,211185
2026-08-24,169,czdCrCBERAQKBOfOLo,GIF,210601
2026-08-24,170,HoEkTdvUpnS9WvVPcF,GIF,209800
2026-08-24,171,TkAIyyDEx6r2Qrm007,GIF,209043
2026-08-24,172,9bIcqjJn0WBjTCqQOT,GIF,206359
2026-08-24,173,ZlBrZ2naavOtI2qSAr,GIF,206331
2026-08-24,174,zKf31joKvY23SQdSTF,GIF,205155
2026-08-24,175,al9NLseK6dPr8Q0mZz,GIF,201262
2026-08-24,176,xd0DzHA90wF0QspRKE,GIF,200062
2026-08-24,177,5grsDwlqX4kfy71Rdj,GIF,198669
2026-08-24,178,N8j7uvd3K7ewojOxxY,GIF,196889
2026-08-24,179,YfVEEx3kXDGBe8YKi8,GIF,196400
2026-08-24,180,3v4WsAL4dC4aMtTKdU,GIF,195510
2026-08-24,181,RUcKKOR9LAGm3Sy9CY,GIF,194080
2026-08-24,182,PElQbTO025s7BK5sIP,STICKER,193460
2026-08-24,183,N4HpPRFRixdNxu1Fg8,GIF,193299
2026-08-24,184,3oDwGbxOLEg8bEEJIQ,GIF,192992
2026-08-24,185,MODuEqgpv6IROKtJrO,GIF,191486
2026-08-24,186,QGy9WgPA5wdXUx7yKE,GIF,189562
2026-08-24,187,QoVAe2QifgvhK2rnTG,GIF,187381
2026-08-24,188,AJYr4bWzAFjdGH9q0o,GIF,182855
2026-08-24,189,LUgxmNMnZ1OaYHqZGW,GIF,180528
2026-08-24,190,p6hxl3FX2QtPN1eWsj,GIF,179540
2026-08-24,191,IJSJIxvbADdqn7J4Y3,GIF,178697
2026-08-24,192,xoGxhyhEQOp0jXphxx,GIF,178608
2026-08-24,193,7HumoY5K6oo1enpFWe,GIF,178114
2026-08-24,194,uZCGmkB8j9Y2LrKCgC,GIF,177634
2026-08-24,195,hb9nhr6m3rjQeRs9jp,GIF,177476
2026-08-24,196,b40vcDOn7iizajr2oM,GIF,177445
2026-08-24,197,lZZ0LAMaAEOTY0ERz9,GIF,175417
2026-08-24,198,6C7KiVEfI724uCVi7b,GIF,170763
2026-08-24,199,5NxsFyN2WM2HjI1BpK,GIF,169387
2026-08-24,200,no6Mm0U0L9Mv9tzvN9,GIF,168021
2026-08-24,201,lGjWSowFgfSI3Q7CuM,GIF,166898
2026-08-24,202,0jVa8eudaK9tG5KOUh,GIF,166167
2026-08-24,203,hRRHZWBCM1iGz8W69i,GIF,164869
2026-08-24,204,EMrPMmyufe1a1Tz1A5,GIF,163500
2026-08-24,205,ej3ZCWbOwLxwRNC2Kg,GIF,161661
2026-08-24,206,ByodclSkYIdxh8KmGl,GIF,157914
2026-08-24,207,Zfddxu8Y4dgWz6ABMI,GIF,155657
2026-08-24,208,XQGaZGKKKFL5DGdt4Y,GIF,154330
2026-08-24,209,R3h2NcJNbFNBpS4g6q,GIF,153932
2026-08-24,210,QytjwhKBE2ObyydwQb,GIF,151536
2026-08-24,211,ncRqGV6vGvUMh7oR7x,GIF,150477
2026-08-24,212,uejerzhWkT2nfV4ekh,GIF,149762
2026-08-24,213,8WBfBgNcz3Ep1OvSUC,GIF,149384
2026-08-24,214,aZhAXcAN33Makb02CK,GIF,148524
2026-08-24,215,lMtSWlhMBsTkmUot5s,GIF,147825
2026-08-24,216,Xl33ygtw7ZElNbVTch,GIF,145563
2026-08-24,217,LIqRddsJ488WR7JkgG,GIF,145529
2026-08-24,218,98ehMD8kX9bLkq9Gcw,GIF,145482
2026-08-24,219,wMeQ3go50ahhciuZwK,GIF,144944
2026-08-24,220,SAyhOhXMo16hk1ceaB,GIF,144033
2026-08-24,221,sKf6fbM0Fhn4keHMYX,GIF,142882
2026-08-24,222,CPApJWHvsT3o5VuKVK,GIF,142770
2026-08-24,223,WhOTaSjCzQyMAMBn5v,GIF,142730
2026-08-24,224,wvmHbFg1ExLSSKMaOD,GIF,139830
2026-08-24,225,JGbVQO4No1vjY8SRwp,GIF,139433
2026-08-24,226,6jMy4ML3746kQCwDNl,GIF,138155
2026-08-24,227,6guW2txh6RAr0RCnTP,GIF,137969
2026-08-24,228,1L3Mvo7LQ6VfgJJT6I,GIF,133533
2026-08-24,229,w4nv4DunM9a4tOEi3Y,GIF,131093
2026-08-24,230,tZ7DeEmaE9nn2rqcF3,GIF,130067
2026-08-24,231,qeTcrWW3wozMaIX6Af,GIF,129852
2026-08-24,232,An7uqeayxR5J8dKHu4,GIF,128683
2026-08-24,233,9HORd4teDGhOt46fEz,GIF,128444
2026-08-24,234,pPqefCee0DWoNtfPaN,GIF,128175
2026-08-24,235,O2iEG5r6EhWWPVCIMl,GIF,127430
2026-08-24,236,P4mW1PplxZFjLv81SQ,GIF,126391
2026-08-24,237,5IVmTwSUBkM26gnwiT,GIF,126052
2026-08-24,238,nqEtJ6z9u3zHbdmFq9,GIF,125368
2026-08-24,239,lHQGU1fP8dCpgZhRQ8,GIF,123803
2026-08-24,240,X2tAL568gaKEgB9Anv,GIF,123601
2026-08-24,241,1Brq4LvOtRMIBJQi4U,GIF,122313
2026-08-24,242,5ssoenGB420wQegvln,GIF,121939
2026-08-24,243,Xy1embN5dYLxDL7J1h,GIF,120143
2026-08-24,244,NFlNPPsEU6FSGuOk3e,GIF,119090
2026-08-24,245,LM6727wPq5tzhvVLMJ,GIF,118860
2026-08-24,246,P6CpYQD8EQVdHmbBB7,GIF,118840
2026-08-24,247,0f7MezZNdfdf09G5MR,GIF,117468
2026-08-24,248,DWuxEYZBw978LKWG1b,GIF,117331
2026-08-24,249,ew2RAEkOVb0O643Wtj,GIF,116438
2026-08-24,250,nNlKQlqY4lK6qAxiQV,GIF,116028
2026-08-24,251,ymR0THwsC0ryufBoCC,GIF,115435
2026-08-24,252,FS1BfSHSEcBM7oXgnd,GIF,114991
2026-08-24,253,jxA1BBEg6NzTQL7pvd,GIF,114986
2026-08-24,254,XCGc4SGOCWsIxXCteW,GIF,113536
2026-08-24,255,3Ej0FdtgfzHznxfoaW,GIF,112803
2026-08-24,256,xal2XkbIQo668lc27M,GIF,112515
2026-08-24,257,2KDnf1jZTUJlrrasTZ,GIF,112469
2026-08-24,258,mYNEpIFkBXXyA3E2SJ,GIF,112441
2026-08-24,259,TnYyD0Y5gHcxxIs60O,GIF,112302
2026-08-24,260,01gaL9yoKUBxA6lLSx,GIF,110030
2026-08-24,261,RJZFIKDrvM9UVstlHg,GIF,108571
2026-08-24,262,gmEnnJ3Cj1fBPirnyp,GIF,107262
2026-08-24,263,ArFOjTGDqq45OKCAo4,GIF,107141
2026-08-24,264,vtBtvkJFk09naDtqBk,GIF,104997
2026-08-24,265,maNlF3eSXasPrO4QdO,GIF,104590
2026-08-24,266,1yWBEir2xnNtXtsIt9,GIF,104524
2026-08-24,267,gWRf9HI5C42rN1HirJ,GIF,103635
2026-08-24,268,mp4uQj1yhchE0FJb19,GIF,103322
2026-08-24,269,eGITs6JOnYa9vtjIwc,GIF,103118
2026-08-24,270,GGxYV9J86hAuLOftmX,GIF,102256
2026-08-24,271,33ZJlVdrJfJqeZ8YAd,GIF,102024
2026-08-24,272,a8ZxCyyxdwfSsqTwsL,GIF,101673
2026-08-24,273,VaSaGr35NjXb2lexto,GIF,101155
2026-08-24,274,BjiE1R8mHXxYRRhY0m,GIF,100185
2026-08-24,275,bzs9ftqVS6wCqrRuWx,GIF,99813
2026-08-24,276,jJjpM5aG60awjoTpKb,GIF,99710
2026-08-24,277,3DDxEpa9LhhPXbXpoY,GIF,99564
2026-08-24,278,PictPG2QUCZqYQ7QJm,GIF,99254
2026-08-24,279,4agkjC6mUqzk4Ij9jS,GIF,99014
2026-08-24,280,KcWVxQd0HvsbqguiXS,GIF,97748
2026-08-24,281,unRjgoWoUAFhPVQLY9,GIF,96570
2026-08-24,282,8rDd90ItBDko5IMjqu,GIF,96125
2026-08-24,283,jzppiGwPog15PVElfH,GIF,95929
2026-08-24,284,PAHScnX9IEczmvTWFx,GIF,95763
2026-08-24,285,MgeNDcgT4gXYn338jR,GIF,95249
2026-08-24,286,pPGGvsQjn9xJb55F8i,GIF,94684
2026-08-24,287,bff86XIkSNuway0pUU,GIF,93428
2026-08-24,288,Z43RfKcmhr06OQ5ae2,GIF,92919
2026-08-24,289,VWeSrHKWQs9WHgEkvh,GIF,90151
2026-08-24,290,zdfDUrgmjZWA1HNsfu,GIF,89621
2026-08-24,291,v5PJmNVxWOTTThmnQg,GIF,89474
2026-08-24,292,2fR6fBgW6BZU1CPIqG,GIF,89429
2026-08-24,293,mruAYNxpRfWT7zWOVa,GIF,87641
2026-08-24,294,tA9rysiKx5ifhNfO2T,GIF,87315
2026-08-24,295,QyRWxP3YleogvGmo01,GIF,87214
2026-08-24,296,A5psYAq3PRYT26n0j8,GIF,85493
2026-08-24,297,8Ju2XpAU8kax6RU9pd,GIF,83497
2026-08-24,298,XjiCTell4KeSfAqaQZ,GIF,83234
2026-08-24,299,IXMc63EIZGgNlNQNZD,GIF,83174
2026-08-24,300,QIpziLuXhTywLdbIkQ,GIF,82862
2026-08-24,301,w59SdHiwZO84yaEl4U,GIF,82832
2026-08-24,302,WxxWLGWv6UUZdsT2lS,GIF,81941
2026-08-24,303,tMZ7ky54PGeypqgalT,GIF,81896
2026-08-24,304,ptWaTNOtCbJyFoPOsI,GIF,81713
2026-08-24,305,BAvIhFpn2zXzDlaAKV,GIF,81602
2026-08-24,306,NZNjSEXDfUQbmupjJW,GIF,81352
2026-08-24,307,4zJ0Gf0UHqoyJTiJij,GIF,81296
2026-08-24,308,6JNI1PXys4vMII0f9A,GIF,80523
2026-08-24,309,Gs7S4vm03HWudtCUxT,GIF,80397
2026-08-24,310,yK7UnYilNJehrLYsIm,GIF,79842
2026-08-24,311,shE8kiyTqgMBGFmkLs,GIF,79826
2026-08-24,312,zSoJATxvNy74D0WE4l,GIF,79799
2026-08-24,313,FGnXiLnpzUXJ27Y8jD,GIF,79220
2026-08-24,314,QMj3VgVVShzZkjSxTd,GIF,78895
2026-08-24,315,uCLrRaHsmPHmSNVkY8,GIF,78866
2026-08-24,316,6qI2NYWngdAxxVX1zJ,GIF,78097
2026-08-24,317,SglBDgyXDRttbNrLM2,GIF,77945
2026-08-24,318,BG3Zejm7Xdx6wWUf1s,GIF,77568
2026-08-24,319,fAP7QAJ1xFD6JTFM1e,GIF,77193
2026-08-24,320,z2RmddzZET8w5zZtyb,GIF,77120
2026-08-24,321,NU5arjj8ut7RpNelJ9,GIF,76644
2026-08-24,322,jRRG7jt2Js6MacrDGd,GIF,76423
2026-08-24,323,9h1jNCrbYXENVlj1FP,GIF,76185
2026-08-24,324,XIxeCLHT9zVohiL4T9,GIF,75473
2026-08-24,325,T0MPbboDiC4fnKtpKF,GIF,75468
2026-08-24,326,kQRBgO3pn3vEnFTgXa,GIF,75164
2026-08-24,327,go703FNMkaozEq7tqJ,GIF,74060
2026-08-24,328,LOVAgqCndxbF0yVSvH,GIF,73362
2026-08-24,329,fJ9p947OpjYoUJv4pq,GIF,72609
2026-08-24,330,5Cniu3sjAb3IHZD5Bh,GIF,71482
2026-08-24,331,tG40NFJ94fjjn3vRXR,GIF,71286
2026-08-24,332,m6Ldp765JS1TOc1epw,GIF,70923
2026-08-24,333,1XZi1EWSQLY3rMU5hb,GIF,70295
2026-08-24,334,TL448BG9MrQXfVRka2,GIF,69772
2026-08-24,335,PJDjRlqkTOWG8CAWNa,GIF,69743
2026-08-24,336,hUgUnBmpjUXA8w2eBC,GIF,68910
2026-08-24,337,6Zo8j3dDBwQsYvhISc,GIF,67975
2026-08-24,338,lDvigQV6SivDb1PP17,GIF,67933
2026-08-24,339,kkOOWhftIUKH1gRFI3,GIF,67724
2026-08-24,340,99L1Ri4cmx4aZ82imT,GIF,67696
2026-08-24,341,VTG38I0RqkksEgqTdJ,GIF,67025
2026-08-24,342,x7ukpMi4J3VotdbBxy,GIF,67017
2026-08-24,343,XYiDNupHyw1MaXyFbY,GIF,66967
2026-08-24,344,Foo1QLxlFskrsgYXD8,GIF,66904
2026-08-24,345,mnFrveFv1O0NCcXXRg,GIF,66876
2026-08-24,346,kAT28QxsTzw2o9sGe3,STICKER,66797
2026-08-24,347,RYjyZx74LQ511YUxgW,GIF,66274
2026-08-24,348,Zw9IYZoi4lR40x6kOh,GIF,65471
2026-08-24,349,saM8smyVfRy2WxXNf3,GIF,65423
2026-08-24,350,YoWUM76JMiAUKm9ggl,GIF,65205
2026-08-24,351,QTRlMVKXeT15fGVLbk,GIF,65118
2026-08-24,352,aow0lDW9gAStommdsS,GIF,64332
2026-08-24,353,KPVPfTOGhR4ZDXsBWA,GIF,64291
2026-08-24,354,cfLHHFi62dBMYsloN7,GIF,63920
2026-08-24,355,29Z7C8nHD9ijZuMqTV,GIF,63841
2026-08-24,356,XzFg2ZpcLiS4s3N1KC,GIF,63748
2026-08-24,357,4QXKOejCxZAOvUfjxZ,GIF,63703
2026-08-24,358,R4K3oSgQ7goRV5dQW2,GIF,63432
2026-08-24,359,bfb6MDov8wj5qopEZC,GIF,63341
2026-08-24,360,mLYuk0RvMxWAISGnCA,GIF,62942
2026-08-24,361,vXbH7KQWGqNe9heXju,GIF,62833
2026-08-24,362,x6u2P1xWEqpnimsun6,GIF,62345
2026-08-24,363,nRd5z0hIeY7xQz1yai,GIF,62288
2026-08-24,364,dszvmLR6BjdJ3cN3B5,GIF,61910
2026-08-24,365,fuMmIN2aYzUIYpaWyv,STICKER,61684
2026-08-24,366,kg7ti21Zmn5y1AtniN,GIF,61488
2026-08-24,367,WxKKJGKsUUWPJgkf4N,GIF,61462
2026-08-24,368,592ZMrdelj8j8DlQ2w,GIF,61049
2026-08-24,369,MU4wAQ5AZqlBJTyGFw,GIF,60973
2026-08-24,370,0OVzKdoHvIwJL7RduN,GIF,60893
2026-08-24,371,Smkq4gh20rTCo9XA5K,GIF,60704
2026-08-24,372,b7B608uSFXLuR9yWYH,GIF,60437
2026-08-24,373,kkILXGQSJTp4z0TXb7,GIF,60235
2026-08-24,374,WDTFmWErrBo9vvuMJ5,GIF,59765
2026-08-24,375,N4Aef2XhTGp692NZx7,GIF,59177
2026-08-24,376,YRgKKGuDWNqdVKUsJK,GIF,59173
2026-08-24,377,TFVI6cSKjVwPaqZVKR,GIF,59126
2026-08-24,378,j5tlCfRuJaEYe1m3nq,STICKER,59100
2026-08-24,379,8HsLMUNvbQnVzLWcty,GIF,58614
2026-08-24,380,L6nYUwRlB4locGnAhT,STICKER,58321
2026-08-24,381,dCqQrUmPgICwfSYzgi,GIF,58268
2026-08-24,382,Jj6MUSSOBIS7iy4cHl,GIF,58232
2026-08-24,383,MZExsocb7ggfMPqiBk,GIF,57989
2026-08-24,384,GT9cgAAAtfM5JgcZpQ,GIF,57460
2026-08-24,385,DvT1BeIHu3ChyybxkR,GIF,56665
2026-08-24,386,rkT6Jth8qRgE1h2Fn2,STICKER,56610
2026-08-24,387,9IwfTwulCPEiDADHzx,GIF,56236
2026-08-24,388,EbEX6H0ZYbCTI9nI25,GIF,56080
2026-08-24,389,9LjH7SfiKocKcE5PJv,STICKER,55783
2026-08-24,390,ywVDodGGYpgsU7vb0Q,GIF,55641
2026-08-24,391,51xCLRv58gqjYM63YV,GIF,55341
2026-08-24,392,JfqESuqy1kOf3HTr8Y,GIF,55164
2026-08-24,393,XCB5P8yCHz9CiAl41q,GIF,54761
2026-08-24,394,ZUtSEAyBuCcewmA29F,GIF,54623
2026-08-24,395,KyUIjPQuLolO6vfaFD,GIF,54261
2026-08-24,396,PlShyiN5tlquexvBB2,GIF,53998
2026-08-24,397,7t1kN8b7GyZljUC36u,GIF,53786
2026-08-24,398,2XhJxylc2hyATdyLCy,GIF,53785
2026-08-24,399,UwKnpGaeFmihxIEt4Z,GIF,53604
2026-08-24,400,A2z7pVURqwz3BlQdQp,GIF,53412
2026-08-24,401,PdVb9g4MVTNgQ2OL26,GIF,52987
2026-08-24,402,TDoPnJKJI06YrVOrtI,STICKER,52173
2026-08-24,403,IvciiQcSOnH7gFlwnK,GIF,51909
2026-08-24,404,Jzp6EmR66Abn9ExWls,GIF,51564
2026-08-24,405,ZeK2ek6RtyEL73iY0B,GIF,51393
2026-08-24,406,a3sOeDI1ZuE2UEGEjr,GIF,51294
2026-08-24,407,RKSWD89SckpaCkF7lB,GIF,50816
2026-08-24,408,9x7iTJfqgFQMCs0cvY,GIF,50719
2026-08-24,409,CKVjlqUmBZdyT7d3W7,GIF,50373
2026-08-24,410,ZEleEa4pY0l7ufKnSY,GIF,50296
2026-08-24,411,74V7r5XLB5PcOoGMbA,STICKER,50045
2026-08-24,412,bnqEjEUGGVrwEqWNJ0,GIF,49626
2026-08-24,413,N6xT6C3SVJJSwH8Mgl,GIF,49306
2026-08-24,414,J3HhbqcC2mKM6eetbu,GIF,49301
2026-08-24,415,MrHh6mgOcdoAAO4tz0,GIF,49001
2026-08-24,416,9F3kTka3lWs1MoyUW4,GIF,48988
2026-08-24,417,StRtbzWfsgs33wpW3M,GIF,48934
2026-08-24,418,0rAnJ9bILAp2bIGcpT,GIF,48564
2026-08-24,419,wdwglOfifi6NYq9tjO,GIF,48555
2026-08-24,420,O0dGSqMpJcA3Jk5tmZ,GIF,48412
2026-08-24,421,j70G4xGbIAyl69HjSG,GIF,48380
2026-08-24,422,JhkFcH98uvMrnDgmn6,GIF,48175
2026-08-24,423,YIVMHeeUzrNYt7qSqJ,GIF,48119
2026-08-24,424,WCIkiuYpS3S6XKV8Rn,GIF,48101
2026-08-24,425,U6zenm1kWFjycNTkdz,GIF,48073
2026-08-24,426,zC1NmByT5WMiTaMHQS,GIF,48011
2026-08-24,427,XPN3II0GRNvYBEbxqs,GIF,47872
2026-08-24,428,4I8DiIUSUnnTBauMmF,GIF,47753
2026-08-24,429,rqRCINmIhqekY7cxwt,GIF,47636
2026-08-24,430,6nsJtjKzfX0DYG6Fg8,GIF,47501
2026-08-24,431,Ksyo02KzynpxSGIdiu,GIF,47024
2026-08-24,432,QU3jtBvOsGT110czty,GIF,46899
2026-08-24,433,fBTGAfGgiMyHUuJSIh,STICKER,46896
2026-08-24,434,toz148aIki3hNi79mi,GIF,46586
2026-08-24,435,AuqSnLsurW0tVC7kcu,GIF,45370
2026-08-24,436,5bLSkn2OEV2LU4IPHI,GIF,44985
2026-08-24,437,JcOB2VB2OeXB5ExpHH,GIF,44958
2026-08-24,438,kCbiTm717MlCNnAxeU,GIF,44368
2026-08-24,439,SMwNw54F5yZtqyTXNY,STICKER,44332
2026-08-24,440,jQgLlzy0ZT54ZCBLTt,GIF,44323
2026-08-24,441,aW3mqoINZ433Rj4TMz,GIF,44199
2026-08-24,442,kfjRVgBKSfpje8yaL1,GIF,44133
2026-08-24,443,RlkKf5MBzEjqzqN3Pt,GIF,43995
2026-08-24,444,UzKPSpSLYsY3sTLQ7e,GIF,43819
2026-08-24,445,dxie0mdUARIwhn2yee,GIF,43634
2026-08-24,446,lJGL45KeCLzPSaUgTV,GIF,43627
2026-08-24,447,vnuMwvlswGMW38poq2,GIF,43583
2026-08-24,448,KtttnFu2Mr4fZKCeJe,STICKER,43316
2026-08-24,449,kmGi3ucTvgLv6pA7rE,GIF,43166
2026-08-24,450,D41XyjutopurXno57q,GIF,43111
2026-08-24,451,V2iTAiTz1UENEuooXW,GIF,42984
2026-08-24,452,mp178ZHLC4sHfOgO12,GIF,42649
2026-08-24,453,OwaFxnOAJSXQGMJYfE,STICKER,42194
2026-08-24,454,d07pfKl4LYFx9eOGnG,GIF,42046
2026-08-24,455,0citpjho00ObF3pMEm,GIF,41462
2026-08-24,456,NCXTJOeB6clLl1XIHm,GIF,41322
2026-08-24,457,9ReJWTZDpvch3KYppQ,GIF,41292
2026-08-24,458,2FbqKii3sahcmtOgU2,GIF,41289
2026-08-24,459,lUrvU5C0ui1UixvK9l,GIF,41241
2026-08-24,460,6a3eNd7DeaD1dk11hn,GIF,41153
2026-08-24,461,syTxsyJjCeublic7d4,GIF,41109
2026-08-24,462,kc5sCk8smIzR9bEVmq,GIF,40910
2026-08-24,463,iVj1jzisyn9qoy0HwT,GIF,40317
2026-08-24,464,12h0oJrF1Dl0MHExt2,STICKER,40307
2026-08-24,465,WMsLuEcsJ8txlZ5Oh3,STICKER,40238
2026-08-24,466,IbdIiqy5nHTtHJKeuA,GIF,40216
2026-08-24,467,EsTiklBWYzosIzPluo,GIF,39987
2026-08-24,468,M466iBsWoTlNojJbyk,GIF,39308
2026-08-24,469,FXlBfysZeccejSPXLN,GIF,39297
2026-08-24,470,YeGuStp7fomlR6Gj8o,GIF,39290
2026-08-24,471,DArpiMDTC0np9ytWe8,GIF,39270
2026-08-24,472,yzc7OYyffaFr1W6Jml,STICKER,39189
2026-08-24,473,e0tqAwofWcxXx9iIN2,GIF,39185
2026-08-24,474,4iwyORJpVG7GLfMZvu,STICKER,39067
2026-08-24,475,fFcZ7GbvG7949eU5xg,GIF,39007
2026-08-24,476,6DHkm44QfaRU4jjkTd,GIF,38876
2026-08-24,477,okTyHZDSQ8u31wyT55,GIF,38851
2026-08-24,478,DGjlGcceVl5RDQC6v7,GIF,38794
2026-08-24,479,pUCY24xEv3FuNvWA54,GIF,38759
2026-08-24,480,2FxcZ8wpN6fQC5YJ4z,STICKER,38735
2026-08-24,481,7rJDG9tWHp7KA9rDDq,GIF,38729
2026-08-24,482,U4iDELyXogCfzk2SPc,GIF,38687
2026-08-24,483,FzxAj0hfgyAdsW40AC,GIF,38648
2026-08-24,484,S8nncQt2T539fDIA0b,GIF,38483
2026-08-24,485,UR5a8u78Xa7VdtyJIS,GIF,38416
2026-08-24,486,KB4yS05ErAJldfsNj8,GIF,38283
2026-08-24,487,l5ZWNLnfskv9LTE03S,GIF,37873
2026-08-24,488,1qJHVFYH15SpmhSykp,GIF,37523
2026-08-24,489,ADV5RUY8deNWvKXmg9,GIF,37490
2026-08-24,490,bNXwltxLdCxIBUW0oA,STICKER,37263
2026-08-24,491,1d6N0pb13wv2X6Qqhh,GIF,37233
2026-08-24,492,BCu7HM8TzjOxYRWxCB,GIF,37198
2026-08-24,493,CaEoDtcNHxY0y3Ll4k,GIF,36474
2026-08-24,494,dRdbbodInaw9ngy2et,GIF,36418
2026-08-24,495,4bXiLL05WASnteKd7V,GIF,36406
2026-08-24,496,P38cOb4eV8zvrGANTG,STICKER,36274
2026-08-24,497,DBNUsVBmNhdqMaetuc,GIF,36010
2026-08-24,498,9L7p0XupqB44TIXms9,GIF,35770
2026-08-24,499,U2RkG4c7Vpaz9UnSuZ,GIF,35495
2026-08-24,500,1knediJpPduWeBBS7N,GIF,35443
2026-08-24,501,zQxSWfx8MQYyxMzLTW,GIF,35427
2026-08-24,502,2XtaKuSyUmADvFNWeB,GIF,35074
2026-08-24,503,XVluxxVNlvj7mOkHVD,STICKER,34980
2026-08-24,504,V65BD1iwdbErs5NDw7,GIF,34908
2026-08-24,505,fsCP6Oda0qmhcNPKE1,GIF,34796
2026-08-24,506,vgMxyT3D5Nf7YtgLEN,GIF,34567
2026-08-24,507,oEK27lR1AH4L1uw531,GIF,33899
2026-08-24,508,5050Byd8dZiD8S7OQo,GIF,33277
2026-08-24,509,bRI1sNgKvZoO69xpZt,STICKER,33044
2026-08-24,510,clne8r9DaMEPN77izy,STICKER,33006
2026-08-24,511,TfKAAlWTfJBh06kQ5S,GIF,32833
2026-08-24,512,zkn7BLV7uUc5Orkzzr,GIF,32807
2026-08-24,513,DkMC0pbvPVy3KNCzzD,STICKER,32743
2026-08-24,514,ejYsZu3TWsZPu9FeHo,STICKER,32742
2026-08-24,515,20LOqJQZdFCTJzrMA9,GIF,32541
2026-08-24,516,nDcAtQrrztB6tjk8d1,STICKER,32324
2026-08-24,517,qJw4maZ7dvqO6QsGJh,GIF,32291
2026-08-24,518,65WZEH3DbzTOskjZ9F,GIF,32286
2026-08-24,519,kIF7T5i5o9pEglhEHa,GIF,32234
2026-08-24,520,QgBxz4jlNWpq4U0VBL,GIF,32201
2026-08-24,521,Ei2OUMXIhbpl8zcg07,GIF,32186
2026-08-24,522,6C8dDrMGIFZ1kV0kIc,STICKER,31985
2026-08-24,523,E0xJwLqR8naax696nQ,STICKER,31768
2026-08-24,524,2OZgYoYD7xUPQjGmsl,GIF,31682
2026-08-24,525,UxIqUYwwUampJ8DTtS,GIF,31611
2026-08-24,526,BKBmjqo7OhXyBwjnJ1,GIF,31554
2026-08-24,527,HeFCcdgF37XybNbJM1,GIF,31514
2026-08-24,528,yiNGJnacgioeujOFDw,GIF,31469
2026-08-24,529,O42P37uJNFbMzRuV98,GIF,31261
2026-08-24,530,t8SxzpqSbWCkZscsKZ,STICKER,31116
2026-08-24,531,z3cQyCScaa6eQAPGxM,GIF,31052
2026-08-24,532,M3DQRSj2ZR4BSXZMlX,GIF,30993
2026-08-24,533,dfwpUHP88TTodHV7xY,GIF,30707
2026-08-24,534,Do7K8nCJQrwf7gsrRm,GIF,30673
2026-08-24,535,RHu5cVwkEKODGJMFhD,GIF,30655
2026-08-24,536,iINaib9YcAXeTPjjZE,GIF,30410
2026-08-24,537,BEH8snVdAHDiqrRvhv,GIF,30286
2026-08-24,538,HviuxhG9WFXzbBpjJe,GIF,30236
2026-08-24,539,KGTieGwsFTzfKxi73d,GIF,30220
2026-08-24,540,oVgehCwEPrMbYJAeuH,GIF,30045
2026-08-24,541,qvGvze34SYzFy0IOjo,GIF,29787
2026-08-24,542,FpWKtmKDYtFqgQ4F1p,STICKER,29565
2026-08-24,543,SQwDBfwWSCoRe4PcNJ,GIF,29513
2026-08-24,544,31mHgJnJUAJXIB62kJ,GIF,29266
2026-08-24,545,9YVJ3QFI0T2T1huuOt,GIF,29263
2026-08-24,546,uZzDdw53yMluV0UWVF,STICKER,28897
2026-08-24,547,FxFgVET0GLKFojvrla,GIF,28876
2026-08-24,548,RE60di0oRWMdq7SDoQ,STICKER,28824
2026-08-24,549,sN3d7kXdPbvjlidiJz,GIF,28685
2026-08-24,550,X29WgAKGLutorgO69Y,GIF,28326
2026-08-24,551,31xRGdGEGzR7zqVT8M,GIF,28287
2026-08-24,552,E7J4gMgNzH8P5fJIir,GIF,28248
2026-08-24,553,hftSnrV7jiNn6MkQk4,GIF,28218
2026-08-24,554,HM50iKLhED7tYTgtrk,STICKER,28054
2026-08-24,555,NKb9LW9MrxO48Cd9Mu,GIF,27974
2026-08-24,556,LLJZa29zWpqjzrVNHB,STICKER,27907
2026-08-24,557,GMsykn2kFJhMIBPMb9,GIF,27871
2026-08-24,558,e0s868pPHJojxQ4Vgs,STICKER,27688
2026-08-24,559,7js3sdMoAXf6iljz9J,STICKER,27660
2026-08-24,560,9Ls9XsHDxEiICpkIWJ,STICKER,27614
2026-08-24,561,ZmQW2HIzjSKv4646wY,GIF,27507
2026-08-24,562,GxQiKyAy9kzwWgAClZ,GIF,27242
2026-08-24,563,9joM0t278fxmxw63iM,STICKER,26964
2026-08-24,564,znORHj4fd8MAN7gbLr,GIF,26928
2026-08-24,565,LcCD3TkQe4SJroMYz5,GIF,26907
2026-08-24,566,cxkFjp3QZGzSh1Iyxz,GIF,26864
2026-08-24,567,0r0YUGcSj97ueZws1I,GIF,26725
2026-08-24,568,JGpns399tHOQYO7P9u,GIF,26665
2026-08-24,569,xQNauBqQ1WrqCAPuRE,GIF,26587
2026-08-24,570,wyVRFz9fJaE5B8IZ2I,GIF,26582
2026-08-24,571,QQeMYCJmSK3CvnW69G,GIF,26568
2026-08-24,572,ZIv6jXtuNWmqe8i4d8,GIF,26546
2026-08-24,573,hvHkkgdpNyYBCNwWii,GIF,26468
2026-08-24,574,d6ZMxXqdHwzsYsjIfP,GIF,25944
2026-08-24,575,JbyrV7bzRuZeOpzb30,GIF,25832
2026-08-24,576,3SkP2Mn8rWCPR7qYs8,STICKER,25719
2026-08-24,577,c14InbFxtr5gAFCZfy,GIF,25573
2026-08-24,578,ybF46HrsLDFuMrg0NO,GIF,25255
2026-08-24,579,Y88yhiJDH6tRpPaQ9Y,GIF,25239
2026-08-24,580,xD1vpKInrkzJ3Fxael,GIF,25209
2026-08-24,581,iRowpDxl0o0Qs0f422,GIF,25064
2026-08-24,582,NlQfFCNhxuArwRa0yg,GIF,25059
2026-08-24,583,nfDB8cFWhS4Dee2sgL,GIF,25051
2026-08-24,584,ifOOtGdoahRmSdfh4k,GIF,24748
2026-08-24,585,gMAqaGlYLH1LnHhSQu,GIF,24739
2026-08-24,586,U0K68elO5NOob4q372,GIF,24660
2026-08-24,587,4Z5Et8yinfeZ1jfuJF,GIF,24650
2026-08-24,588,s4hSWA7C4PRGJwjwkp,GIF,24552
2026-08-24,589,sgLnfOIYS7BUIHXUxC,GIF,24517
2026-08-24,590,zx3ayFaNycGyE1nZ01,STICKER,24478
2026-08-24,591,9C0eEDiObWC3COXjXj,GIF,24168
2026-08-24,592,x3LVct059nDJWWHnBs,GIF,23805
2026-08-24,593,JkGNpFYB3cY7FHn9sx,GIF,23776
2026-08-24,594,sT7JTqgV96345rxK6n,GIF,23611
2026-08-24,595,cpWDzbkGXinjazXAsQ,GIF,23557
2026-08-24,596,YOy4wfZdVp39GaHWHa,GIF,23393
2026-08-24,597,pWYoNgRTTOcpQEGdh4,GIF,23350
2026-08-24,598,cIJp8Y1yZVnCzjXSjQ,GIF,23202
2026-08-24,599,dBEeUL0mbzScibZaSv,GIF,23116
2026-08-24,600,4iC6WmsVhfZAeGj178,GIF,22861
2026-08-24,601,UiN6zWG0ArXRCn52L0,GIF,22827
2026-08-24,602,RjBXlk32cZwWJwL4gS,GIF,22562
2026-08-24,603,X4AaDMS42L6wqp9I4S,GIF,22532
2026-08-24,604,ApgAv4fFKYE5zQmdet,GIF,22447
2026-08-24,605,m7sXoT4sjUcHqlfqFS,STICKER,22439
2026-08-24,606,hLlrlSXRBLz2a3Fa9b,GIF,22277
2026-08-24,607,pKUmbMGZ5eNwfcEOwB,GIF,22270
2026-08-24,608,gzUNmzVfGkKdMxyHrF,STICKER,22238
2026-08-24,609,fkhqUwfGzSYOrSTJp9,GIF,22159
2026-08-24,610,hwIq8i6Qi7UnUGbacf,GIF,22091
2026-08-24,611,VErfqZkulaxhehX9uN,GIF,22084
2026-08-24,612,xjLbBByLJ19X487OlI,GIF,22057
2026-08-24,613,RZrRtVNSxivmiqc4ms,GIF,22046
2026-08-24,614,Fk1G76mvlTOS0YUZ5A,STICKER,22020
2026-08-24,615,uYAAG52VMeqNbeKxrw,GIF,21996
2026-08-24,616,oLP7BIj99u0sFUlnsV,GIF,21872
2026-08-24,617,3bdT6rswZrdJAAXyIY,GIF,21720
2026-08-24,618,xdfUlTMvx8p3k8Taet,GIF,21619
2026-08-24,619,G4bRYCUE94lLd7ftFC,GIF,21593
2026-08-24,620,tUcJ0CqH4BsIKAIDrB,GIF,21568
2026-08-24,621,1gsEMwwsNPO36OxOQK,GIF,21315
2026-08-24,622,cZYcjyCHHn2mk1ikmK,GIF,21122
2026-08-24,623,cR1Bnk7j1OAqINYtOY,GIF,21101
2026-08-24,624,3QOaNhNb8TA085CDrI,STICKER,21089
2026-08-24,625,MibqmLIdqxwQepv1u4,GIF,20979
2026-08-24,626,FQaUqL5cxE07TVmEbM,GIF,20959
2026-08-24,627,j4tl0BRFWySCPi8I98,GIF,20919
2026-08-24,628,IipkQotlmo8Sh1ABvk,GIF,20916
2026-08-24,629,vWQ3cNvlZdFGn4P8mC,GIF,20873
2026-08-24,630,cltZFv7xOOVgJUOrOP,STICKER,20859
2026-08-24,631,eSfJodS0foTOVqrBg1,GIF,20835
2026-08-24,632,bbd845md4bBhtzxnP2,GIF,20805
2026-08-24,633,GW5HlgHeRXwbcIRTAO,GIF,20773
2026-08-24,634,aA455rZHUzTePr7fRv,GIF,20664
2026-08-24,635,rI4yCkQXsGkvkN6qQy,GIF,20516
2026-08-24,636,QBNF6zlAHH46DTIM8A,STICKER,20456
2026-08-24,637,0kjZf6pew3SqzrzHH7,STICKER,20451
2026-08-24,638,pzLy6Kcx9jyVz05UxB,GIF,20281
2026-08-24,639,2ltRBrU98eB6SOCvlL,STICKER,20175
2026-08-24,640,oU1Fo2c50feGpaWwDh,GIF,20107
2026-08-24,641,tFyjXDG8DdgV7jbV1B,GIF,20080
2026-08-24,642,BqKx9z6SmgH9xfzMoU,STICKER,20057
2026-08-24,643,jKFcYsEGnQcAUJrto3,GIF,19924
2026-08-24,644,0DWKPIIDI9sWSoKa5F,STICKER,19563
2026-08-24,645,ZzOwQgO7FL2HlAGNPK,STICKER,19560
2026-08-24,646,RwHdKDHMgbReieccJ4,GIF,19522
2026-08-24,647,hPd95ZhVUZRpaqfS71,GIF,19510
2026-08-24,648,tRWPZFwfKYTcaQ0Vut,GIF,19483
2026-08-24,649,Fh1YBOMQy8ivv5QNzd,GIF,19454
2026-08-24,650,JdCL1IXkf3ObMe1SIJ,GIF,19448
2026-08-24,651,v2rHslWUoSF5p6UAlH,GIF,19426
2026-08-24,652,ioikNOK6094SPdG2gY,GIF,19322
2026-08-24,653,KDKNDBHabbk60REZnB,GIF,19197
2026-08-24,654,Ad00UhfBWCrf6iIraA,GIF,19153
2026-08-24,655,1pnf06KKMM2qlRmCIj,GIF,19140
2026-08-24,656,2AHzoH7CI4TQeyzYCD,GIF,18925
2026-08-24,657,hVlGeCHhXYdIj5VuGy,GIF,18741
2026-08-24,658,s0qV5J5dP5lzZkpC1r,GIF,18668
2026-08-24,659,KR0ABF8z9pul0Xn1vj,GIF,18589
2026-08-24,660,ob50T7GkSbkLLSRhQn,GIF,18540
2026-08-24,661,G0FL2jcpanSQMex6pQ,GIF,18485
2026-08-24,662,Dv4oKPwiykQqHhZr1W,STICKER,18436
2026-08-24,663,RWX2nTNdXEnrfWiZa4,STICKER,18316
2026-08-24,664,UHX8Z1xxM7q95ifvMN,GIF,18064
2026-08-24,665,IhRt3YlSBJDDGKmVfA,GIF,18036
2026-08-24,666,2jcJ3HFGUHkTyioaUT,GIF,17989
2026-08-24,667,eRX5a3BHg4ezXw0UCh,STICKER,17987
2026-08-24,668,ysB7TRjZlCfK705Qsx,GIF,17975
2026-08-24,669,3So6FuGb7wVk14P481,GIF,17882
2026-08-24,670,gU6fbKU11WZGfMjXey,STICKER,17767
2026-08-24,671,XniMEEmJBr9ukfaFPg,GIF,17650
2026-08-24,672,YhWN4jrl9saWCBtYVs,GIF,17587
2026-08-24,673,akR7RsXOEBsCpVxsp6,GIF,17560
2026-08-24,674,wulH1pzgOUFXQQNyor,GIF,17506
2026-08-24,675,vhCeQWMJEmFvfjONgE,STICKER,17490
2026-08-24,676,WEC8B0JL2IifWaSoOn,STICKER,17350
2026-08-24,677,yBUiOi29DnkVtPnSck,STICKER,17269
2026-08-24,678,AhaWzd6OjdlgzY8poL,GIF,17116
2026-08-24,679,H1bTEEl6lDeQC55aJ7,STICKER,17066
2026-08-24,680,UGSaXOiJokVFwXEoAT,GIF,17005
2026-08-24,681,bOLdbJxTL32fzUfQ79,GIF,16916
2026-08-24,682,UPnKAxvJFJWIJn1NNK,GIF,16903
2026-08-24,683,zysC5B66n65evvIv2j,GIF,16850
2026-08-24,684,MSUZpSsPXDiTRUuHTL,GIF,16814
2026-08-24,685,W2qRsuV2W45gij9eyQ,GIF,16806
2026-08-24,686,LgaosMJFuBdaBg4Zqw,GIF,16769
2026-08-24,687,QSA6gWBwyyXJIzo0gE,GIF,16753
2026-08-24,688,V2cgY6r7FOSTkCgBS1,GIF,16608
2026-08-24,689,eXp6TrPKFtz2QlG4Uo,STICKER,16604
2026-08-24,690,zIf83ye6vDhxzHKtUd,GIF,16565
2026-08-24,691,XHhUoP1JW91SPS6GbT,GIF,16515
2026-08-24,692,ju4JqzNVQrJQULIrQQ,STICKER,16238
2026-08-24,693,KksuC9fn8zo5RlERgg,GIF,16134
2026-08-24,694,pfDwG4T0vC4IxqS2eN,GIF,15809
2026-08-24,695,AkjBpF1TnoWQNI57N8,GIF,15760
2026-08-24,696,7HLrdcksEhIrZa9Zir,GIF,15639
2026-08-24,697,QED7OaVB6S127veeBk,STICKER,15580
2026-08-24,698,Z9OWqReW3I4Jr4MEdB,GIF,15564
2026-08-24,699,NMa7tlk37iWeBOSmwr,GIF,15482
2026-08-24,700,WHFiPP52PG9th1XmMP,GIF,15339
2026-08-24,701,UM7sju7MO1wK6KpVdR,GIF,15310
2026-08-24,702,LhW6KP4Nar6HsqGuKf,STICKER,15062
2026-08-24,703,uN8wdjnLJ5oRknSFQz,GIF,14999
2026-08-24,704,UpPyFzWrRSSCDjWW5S,GIF,14914
2026-08-24,705,MggXsKR6usuo2guR1w,STICKER,14907
2026-08-24,706,OlLlVUZxrcqZm6RPza,GIF,14904
2026-08-24,707,Atdw4UUjkYNWJaCahh,GIF,14878
2026-08-24,708,7uuBgvGPs6E5EttML4,GIF,14827
2026-08-24,709,k8u0YOIFdyRsTb950U,GIF,14758
2026-08-24,710,GQnycCHR2tSSMXS9oh,STICKER,14583
2026-08-24,711,HOOTxxN5gUjEhJDUzT,GIF,14160
2026-08-24,712,IMNgh51iJQHDWSoMm2,STICKER,14093
2026-08-24,713,aFoEcC8r12zpxNNvSz,GIF,14089
2026-08-24,714,s5mc5b4QlA0GqxfiMn,GIF,14033
2026-08-24,715,K53ka9tKBWvdlEmEiQ,GIF,14012
2026-08-24,716,l1mRHDgvYzHZVRI4M0,STICKER,13978
2026-08-24,717,kAZI2CjoJeDdkShdIp,GIF,13928
2026-08-24,718,4p4coQ86ez7Ru85vou,GIF,13821
2026-08-24,719,hkJqI1Z2eMIZGjaLGr,GIF,13792
2026-08-24,720,pxIwqllLtTqwkP3P7q,GIF,13745
2026-08-24,721,xW6AwwdTobQgDZ3nAU,GIF,13659
2026-08-24,722,lo0xHsbZsqAXm3DxRm,GIF,13615
2026-08-24,723,MMQp5dVRWpDk5TKSk3,GIF,13588
2026-08-24,724,aFQPmNaCbkCl3EdYeY,STICKER,13440
2026-08-24,725,BjjkqkqNUJC6wBg9S7,GIF,13400
2026-08-24,726,fT2ecOvmXPJxFkTbWJ,STICKER,13356
2026-08-24,727,1YIOwyDs2IK6MPvs3f,GIF,13319
2026-08-24,728,DtzZaTXJmluGoVaJzL,STICKER,13300
2026-08-24,729,MVdhlDm19paYqtsMfF,GIF,13262
2026-08-24,730,Lv5WcXLqEaEuaTO1ZQ,GIF,13253
2026-08-24,731,NzvXgZXYLnsZBmsdg8,STICKER,13228
2026-08-24,732,vilClGRTjSHu0GtpnI,STICKER,13183
2026-08-24,733,qY5hBUyiQSBf79ntVr,GIF,13125
2026-08-24,734,HKNFJD7cAwpvlYa6p1,GIF,13082
2026-08-24,735,nDLvxkW2XE2ZjcVKQR,GIF,13072
2026-08-24,736,g9LibgOagcZAvPML8w,STICKER,13052
2026-08-24,737,obqQ7nCPajM1XwGMzH,STICKER,13009
2026-08-24,738,hZtR0YEJJ66b1a0Yrb,GIF,12983
2026-08-24,739,0iqkjAyJgiCpPLy3Fq,GIF,12980
2026-08-24,740,XHby9xOM0HPzPJ6tqF,GIF,12869
2026-08-24,741,jzNfEq4G6PlhcWjGmV,STICKER,12838
2026-08-24,742,dQxNr6ZzGMHanmSGNo,GIF,12758
2026-08-24,743,Pd6VbhzYBpVXqj1D2b,GIF,12726
2026-08-24,744,m6uaoa7xX7Dg2HnF6p,GIF,12708
2026-08-24,745,qNokvWhj3oqF4D5q3D,GIF,12698
2026-08-24,746,v4mRkaIx4POC0DHgUM,STICKER,12536
2026-08-24,747,jCb2I9TIDuTGehdSHx,GIF,12495
2026-08-24,748,2fhhHvDo2dUJMgJFW6,GIF,12467
2026-08-24,749,A1yl317Qn9BkRcNDyq,GIF,12276
2026-08-24,750,XB8mTbeXNfl7OIlAkt,GIF,12241
2026-08-24,751,vfeGz24qxWeBGpJkzg,GIF,12145
2026-08-24,752,hJHziY8ehiG4m6HxSV,STICKER,12102
2026-08-24,753,5b6DvVHMPq5kG9QBE7,GIF,11979
2026-08-24,754,askudv60nEFqWPiu2F,STICKER,11974
2026-08-24,755,6RL11R4fio6tTZS5B3,STICKER,11928
2026-08-24,756,VOuTYkX8OhXjetxwQ5,GIF,11805
2026-08-24,757,64biIPpOpL0RUNkvRQ,STICKER,11788
2026-08-24,758,g1TgPevFB2j9fFhIUv,GIF,11772
2026-08-24,759,kAVvf8QMmCmXU7NDA6,GIF,11754
2026-08-24,760,oRUV18AcLTVmArBuy5,GIF,11682
2026-08-24,761,P2dP3D2kAzqcRPPaWr,GIF,11675
2026-08-24,762,PmswRSnBQr0RWZ4Bf4,STICKER,11400
2026-08-24,763,Pg9FLF1hIKRfew3hKh,STICKER,11392
2026-08-24,764,ocHIQm4HwUXQHcA1U0,GIF,11320
2026-08-24,765,x61sB9WoV0TIwRSfsR,GIF,11294
2026-08-24,766,YEzgbuQKP7ilTDmGni,GIF,11194
2026-08-24,767,BUkQuFqMIKmPbzBBH6,GIF,11162
2026-08-24,768,9Se0FcKFZFCt7lM2x3,GIF,11126
2026-08-24,769,23kKeMgwQdsTaTefn7,STICKER,11122
2026-08-24,770,pIQoynVdXIZshkdd9a,STICKER,11075
2026-08-24,771,KlL7G6C1HWtdM3YHse,GIF,10918
2026-08-24,772,btR3gAi7NqgMjA2aNz,GIF,10906
2026-08-24,773,oEgmDtYesxKZLeYfbk,STICKER,10897
2026-08-24,774,kqkgYGr6YOULDs5Fcn,GIF,10702
2026-08-24,775,Obpk3J2ge7JTNHLlsG,STICKER,10635
2026-08-24,776,fLLDOs1PXL5od8aETL,GIF,10580
2026-08-24,777,z7SQKvGQvXrAtw9e0b,STICKER,10550
2026-08-24,778,85pJRIDsWcRCRBKFhd,STICKER,10418
2026-08-24,779,Py3gKjdj74yZ1xYUDc,GIF,10417
2026-08-24,780,V6nWD8hjJ0NqRkwKwf,STICKER,10401
2026-08-24,781,xTsdxIAnggFtww1tbS,STICKER,10381
2026-08-24,782,pq5a9erYX0mupYAw0r,GIF,10348
2026-08-24,783,81EGk29eiw9H1hpqdY,GIF,10337
2026-08-24,784,tPrbmCVHFFg7K72O3L,GIF,10283
2026-08-24,785,fVPVSpEApPhaPTBlFK,STICKER,10238
2026-08-24,786,kkOBICGZgUnawZm7If,GIF,10208
2026-08-24,787,obWFB2xqw0881G6uwU,GIF,10155
2026-08-24,788,48lOBPTz2RBZlk6s5K,STICKER,10046
2026-08-24,789,QozR1lmgh6PNPxiPDH,GIF,9971
2026-08-24,790,5QdOBPO3tLl2QnMEml,STICKER,9837
2026-08-24,791,2MJOk63MZDgJLnCWbP,GIF,9758
2026-08-24,792,1VoVsG6WlTCqUv2uSU,STICKER,9745
2026-08-24,793,CPfrrA6I7wi4q0blhk,STICKER,9738
2026-08-24,794,TBERH8SbfqimWzO26A,STICKER,9683
2026-08-24,795,5sWddKfNN6ISDvkDWK,STICKER,9652
2026-08-24,796,F0x8UfLG8yOQPPRCj9,GIF,9556
2026-08-24,797,QZ7VxYXlPLhiWYe26G,GIF,9506
2026-08-24,798,FRKnlYZ5Sc1GyYRhym,STICKER,9476
2026-08-24,799,o582qaiYg31UCY2MHB,GIF,9420
2026-08-24,800,2PSJbtzGkCGH4bR9Md,GIF,9190
2026-08-24,801,DoNIRpsowBXVQjshzI,STICKER,9162
2026-08-24,802,rShS2A9N2fJxhddR73,STICKER,9112
2026-08-24,803,rFFMgUw7o0MdXN0Lcv,GIF,8844
2026-08-24,804,JJeQWqCysrgl8pxNh0,STICKER,8836
2026-08-24,805,GREZfNqe681gUp8ECl,GIF,8792
2026-08-24,806,uRu8dFMCWLKNRlMCmu,STICKER,8694
2026-08-24,807,nlRq8kEVEGEqLhJXS6,GIF,8492
2026-08-24,808,epsrwYgPyUV4qhCquP,GIF,8483
2026-08-24,809,6KAGK2RnpkpBJCM8pW,STICKER,8471
2026-08-24,810,mbf00vMY6UbT9h86hi,GIF,8370
2026-08-24,811,CznAgEDyLaic6yT3it,STICKER,8309
2026-08-24,812,FrixhPI7XEfr3wS5yp,GIF,8291
2026-08-24,813,eSsZhIN2fbG9cZ4qhI,GIF,8260
2026-08-24,814,2gXb2GoR2fu58PIHhV,STICKER,8249
2026-08-24,815,APgneCdOW1Reh0qaf0,STICKER,8184
2026-08-24,816,Zd7hy7VoGaOTlTsANK,GIF,8175
2026-08-24,817,Oy3HDm5jfdMkgrHwrf,GIF,8171
2026-08-24,818,JfYHNaMLT2Our6QZoh,STICKER,8160
2026-08-24,819,C932EjtWrmuYbX5KYd,GIF,8104
2026-08-24,820,AOXdCCwtj3Jeic1FY0,STICKER,8000
2026-08-24,821,ylQtCW6zrlfGS8glXw,STICKER,7964
2026-08-24,822,3WtvsRqbAJO3p0nxNG,GIF,7853
2026-08-24,823,ry6PYSjQZO6MRrR4mP,GIF,7836
2026-08-24,824,zwhh70RrzFm6xIkbty,STICKER,7764
2026-08-24,825,8hx8uoZR5mx3pAnEre,STICKER,7613
2026-08-24,826,4mTE4i8Zui0pfyN6Tj,STICKER,7611
2026-08-24,827,y4clWEz09eNed1WsX8,STICKER,7577
2026-08-24,828,ocQq23oTR3xieuMKVv,STICKER,7517
2026-08-24,829,NzJ2mFSbkzVkj29CYP,GIF,7477
2026-08-24,830,h3LXEuX6X5Oyq34byu,STICKER,7475
2026-08-24,831,BP9MV9M2iTOdPP2szZ,STICKER,7411
2026-08-24,832,W04ps2Hb3KrzSRGeh6,GIF,7405
2026-08-24,833,4LSRc6JcAvdcJvOele,STICKER,7368
2026-08-24,834,WI86dbD53DB2Ya13yE,GIF,7291
2026-08-24,835,1BWq9cSj4USk9qwS0z,GIF,7242
2026-08-24,836,5dhF60l8tjO4UUuTTz,STICKER,7234
2026-08-24,837,lckVXkNU5pajkTH2Y4,GIF,7042
2026-08-24,838,YSGYAhBJmO8fZiDyMH,GIF,6877
2026-08-24,839,Wotgrzr1tPTdfJTrp9,GIF,6856
2026-08-24,840,MoUvrMYhXbXOYMTXOs,STICKER,6823
2026-08-24,841,Ph7plOOKJNbslxKyrP,STICKER,6822
2026-08-24,842,1CtnvXO5JJQFN6DhpR,STICKER,6788
2026-08-24,843,ki9w0hQae7VtoRnFmi,GIF,6653
2026-08-24,844,1ui7bi7c2bgkwLOVkt,GIF,6610
2026-08-24,845,y9JLObWA6FDyT60nRE,STICKER,6572
2026-08-24,846,sUB4mT5lYLiasBJttS,STICKER,6329
2026-08-24,847,mHwma9gZf9Anp5nnVR,STICKER,6304
2026-08-24,848,gEjdVfmchsJIDdNhHn,GIF,6291
2026-08-24,849,cGbSORzwb2xpTVTEXC,GIF,6245
2026-08-24,850,9bpDIJJ6W3RRCyfGZP,GIF,6226
2026-08-24,851,zvQsooz0XRnldcroLB,STICKER,6164
2026-08-24,852,likC4dBv9fLsDhQq1X,GIF,6060
2026-08-24,853,93ZBUB81lQlO28oAU3,STICKER,6038
2026-08-24,854,ATiZp8tOfAvn28QQ1m,STICKER,5969
2026-08-24,855,eEsEr5zx8SiFZxNOFO,STICKER,5932
2026-08-24,856,MyCyi89mx9JPC9bHv7,GIF,5800
2026-08-24,857,d6UTJkeCNSuMgArYQg,STICKER,5787
2026-08-24,858,0S2uKh8lb7S9fwEimR,STICKER,5711
2026-08-24,859,oT8h0iLmJVj4OORrVw,GIF,5677
2026-08-24,860,NAZYVzLH4TyUPo7KZa,GIF,5449
2026-08-24,861,XrVIIbHzGO01bZXhfP,GIF,5445
2026-08-24,862,x6rwajoFHoTnDGEBmG,GIF,5282
2026-08-24,863,swXwzpLVqMM4Eop4OM,STICKER,5264
2026-08-24,864,F0VrUFmKKrBimQ9woR,STICKER,5262
2026-08-24,865,qelk4LqaOuWJeyH8dj,GIF,5196
2026-08-24,866,TGQHtxrjS5GuOOdx5W,GIF,5082
2026-08-24,867,TgzPQznnOCOG8NIE5T,STICKER,4945
2026-08-24,868,FE082NASfhS5hGoRfm,GIF,4861
2026-08-24,869,CaMmxb3XIcnjsNcooW,STICKER,4829
2026-08-24,870,USPTPyzyOMCwrK5zXw,STICKER,4748
2026-08-24,871,gS1Ap1qSUAuXOzcXTe,STICKER,4726
2026-08-24,872,pMfKSHdT0qvK2OJJKD,GIF,4661
2026-08-24,873,KAno7uyRv1fjZpX8y2,GIF,4649
2026-08-24,874,8eLBLo0NrUqDGNrH3W,STICKER,4609
2026-08-24,875,DYwNxxZXbBlCDPb8Ef,STICKER,4607
2026-08-24,876,8lSG7jt9Y9Cp31wkzs,STICKER,4556
2026-08-24,877,4hGHgXEoALrkYlKW9m,STICKER,4538
2026-08-24,878,mSUqzqKJXnQJGn8E0u,STICKER,4529
2026-08-24,879,ahzheVVpPPdCwejdOe,GIF,4500
2026-08-24,880,6nKHuV12HeAYk5Qyry,GIF,4305
2026-08-24,881,Jnc5Sl0MpsH7wF5PBG,GIF,4284
2026-08-24,882,mOfr7vCOfkmMgNZfhM,STICKER,4254
2026-08-24,883,UEKfzPmN5PVlXlteZ6,GIF,4209
2026-08-24,884,xsrxivJCfbyxTsmAzA,GIF,4152
2026-08-24,885,weu7IIXaeX1xtKGHgz,STICKER,4144
2026-08-24,886,PCp60Cx6Gi4nyLdAgN,STICKER,4108
2026-08-24,887,xkc4OjlkEu20QRCgt1,GIF,4086
2026-08-24,888,x1wUUVLTWSgjb61Drl,STICKER,4074
2026-08-24,889,gV15dSeODe88bn6qQR,STICKER,4052
2026-08-24,890,x1YB30hC9QDiEToWA1,GIF,4020
2026-08-24,891,hIP7IxySDujDjTcCgk,GIF,4019
2026-08-24,892,NeC3tEfdVwAx9KLUM0,STICKER,4018
2026-08-24,893,9UHt6If8rRUWpqieQ6,STICKER,4015
2026-08-24,894,jKPairXn7E0xJEqa05,STICKER,3990
2026-08-24,895,WnwDnEpBSVBu0PVCaD,GIF,3984
2026-08-24,896,15dUdBxg7yHfnRNU7Y,STICKER,3977
2026-08-24,897,Y0aIHKXBQx9NLXemZI,GIF,3974
2026-08-24,898,MzgtF00ibDEZHZkNPV,STICKER,3954
2026-08-24,899,Lx8INvzlMMlQ8bQNbo,GIF,3953
2026-08-24,900,vIo7Jz8nfzb8krTpw1,GIF,3946
2026-08-24,901,i8VD6cSurXwKJF8qoh,GIF,3929
2026-08-24,902,RvcR0cRgecgpmgCjti,GIF,3850
2026-08-24,903,6cX7vet4YAxk5XCPgB,STICKER,3792
2026-08-24,904,5BgFFHb09dESx7zqli,STICKER,3789
2026-08-24,905,mN9I9lpyxfZ8Gtkapj,GIF,3775
2026-08-24,906,z6IQFfFdVnCWKtTaRv,GIF,3770
2026-08-24,907,evwZTXQ9eTaIaMq5mV,GIF,3725
2026-08-24,908,EkcxDEfhpQPDEHLjwJ,STICKER,3704
2026-08-24,909,QWxKVnd7vJclaO5KD4,STICKER,3701
2026-08-24,910,1djpUfuj1q5zamopKb,STICKER,3629
2026-08-24,911,TLNXOTG5HpwUpM0AKc,GIF,3592
2026-08-24,912,BYbzy4UJj3jZGQzObN,STICKER,3574
2026-08-24,913,KdGrZVeuGKH1GUuc29,STICKER,3509
2026-08-24,914,QHoxSv5YXlXOtuE4DW,GIF,3467
2026-08-24,915,3fSVzda67xbuHj0jFc,GIF,3426
2026-08-24,916,0k7iBVimZCliGYjdfK,GIF,3408
2026-08-24,917,XTYH75Q2sO9K1quzVc,GIF,3348
2026-08-24,918,9U6b6gMXIeBroW6Uyr,GIF,3343
2026-08-24,919,1zXfmeVx5OsXfSPXZb,GIF,3340
2026-08-24,920,vkwh9ULskLJXWptoSI,GIF,3332
2026-08-24,921,p2siAywa55FzDHbCvQ,GIF,3317
2026-08-24,922,pUVuTcZHMGVaSaK1Ck,GIF,3317
2026-08-24,923,ISBdLIqOp4BB0XZ9ZP,STICKER,3302
2026-08-24,924,MOFcWviiXfudeIwlN5,GIF,3288
2026-08-24,925,UpKZHAIHaom7m8oqEG,GIF,3284
2026-08-24,926,smYcsWrx7gVuOkY5QQ,GIF,3231
2026-08-24,927,JYGndXVhK5n2aZ2mne,STICKER,3213
2026-08-24,928,77darDRCvKYK3108SW,GIF,3209
2026-08-24,929,6LwTAchE2sAFi1Acvr,GIF,3206
2026-08-24,930,MylLt7hnLWJS99x3F9,STICKER,3170
2026-08-24,931,c0JrW3Th0N1wNuPFsQ,GIF,3166
2026-08-24,932,vh8iTiG94nQbvh7KU8,GIF,3082
2026-08-24,933,jFL0Jku8oke1gRzhUF,GIF,3027
2026-08-24,934,f2A4QbhaMnmCOac22T,STICKER,3011
2026-08-24,935,TKD59tLZwJjpInRhVE,STICKER,2998
2026-08-24,936,UsmbteOniFBYGWTrHx,GIF,2987
2026-08-24,937,VV5t8tfDi28sKVeaOj,STICKER,2980
2026-08-24,938,PnqbhEnqfDEUnOi5cH,GIF,2915
2026-08-24,939,6JQsOcUAjOChX75DUd,GIF,2881
2026-08-24,940,ujzbmxCome2mkPrd2s,STICKER,2851
2026-08-24,941,JeYalHlJM12P8WmGRu,GIF,2772
2026-08-24,942,ItO7l3CTSHgpeB4Ywp,STICKER,2756
2026-08-24,943,ZVptXMYcNilTxHPwcx,GIF,2749
2026-08-24,944,A3LVoOEQrusFFssX5m,STICKER,2704
2026-08-24,945,JzWgXU8rTwWUH8tbYo,STICKER,2679
2026-08-24,946,NtixrPKVBoWUbOH7fu,GIF,2662
2026-08-24,947,KxC6WSlrAqoG2ZPZwr,GIF,2613
2026-08-24,948,HDcKa4AKZLIbXnJgVg,STICKER,2601
2026-08-24,949,cxbUMUj2i7eJ7yuA4i,GIF,2590
2026-08-24,950,SjvWVpHkfwMFdgXoBR,STICKER,2571
2026-08-24,951,GXeaCeLxr1Vgcurw78,GIF,2561
2026-08-24,952,ASrST0gOqd9ZQEQUcY,GIF,2500
2026-08-24,953,MkWIIlx3OJUj6dte7h,STICKER,2471
2026-08-24,954,wDqy3MMG6OulHguob9,GIF,2447
2026-08-24,955,RTfnIv6gEMX6qqTUtt,STICKER,2443
2026-08-24,956,vRiyDA4IVaT77hjzor,STICKER,2404
2026-08-24,957,nSbqs9LRfXGcnpxZSo,STICKER,2394
2026-08-24,958,4BK8VPhK3i3iJZFVPl,STICKER,2373
2026-08-24,959,ieMprRvRtPJlkSN7Z2,GIF,2347
2026-08-24,960,0fBwgKVBedJHFJzAQF,GIF,2339
2026-08-24,961,z2oQtqJei1ayrEiYcH,STICKER,2323
2026-08-24,962,f2ZHXrodz3RRcuqTOo,GIF,2309
2026-08-24,963,Zyd6JmTFfvjCT90VWW,GIF,2299
2026-08-24,964,Gizdqrs09PZXeoD16N,STICKER,2265
2026-08-24,965,WpmwMRDzK6t5HcmzCJ,GIF,2252
2026-08-24,966,fKD57YqKPZ3oA7M4xG,GIF,2236
2026-08-24,967,iU3b4pC0P1BXj0q33u,STICKER,2210
2026-08-24,968,c7HRyBlJet2bFWn5zF,GIF,2136
2026-08-24,969,z0sj3DuV3ttRPfVYRQ,STICKER,2099
2026-08-24,970,mVtnczUmQEvSF3sOSS,GIF,2092
2026-08-24,971,B1AR811Im6IVrbjfbH,STICKER,2090
2026-08-24,972,QdS9KpyCg26gLoaS1P,GIF,2058
2026-08-24,973,lExaka5k8Jvbdv8DSx,STICKER,2055
2026-08-24,974,kSQgxps254FWBwB2pO,GIF,2006
2026-08-24,975,nuT670sPtTkLpJGpxW,GIF,1958
2026-08-24,976,x3BOQ7gVdAFs1DyHjc,GIF,1938
2026-08-24,977,lZpO7Do65wTMyL6pTw,GIF,1930
2026-08-24,978,jOD0UBpJJ0cWe7HWpk,GIF,1919
2026-08-24,979,92MweENg9NFVV2IS5I,GIF,1909
2026-08-24,980,UeWsyojUXHXZZbB2bZ,STICKER,1905
2026-08-24,981,lqlcs6sggqbBo2FSm2,STICKER,1899
2026-08-24,982,u3yUNMoKcvZ5mFEDJu,GIF,1889
2026-08-24,983,XpipO7EiW0OXecyZOv,GIF,1874
2026-08-24,984,b9iyHY2H42ewQGxDWD,GIF,1871
2026-08-24,985,yIJmaX2vtYP7W3pG5N,STICKER,1861
2026-08-24,986,tbM0KkSZBNwDUqlqde,GIF,1860
2026-08-24,987,TVw6bjoUTlxRk8FSwM,GIF,1853
2026-08-24,988,SMe2S4rJE2Wdze1myZ,STICKER,1834
2026-08-24,989,YABTKYIAmeJSaLr2kV,STICKER,1830
2026-08-24,990,xbI1zrZd1QJXsqpByW,GIF,1815
2026-08-24,991,Wn5z9un3Nv5gIepz38,STICKER,1814
2026-08-24,992,R4gBgTFknn0FdAer3c,GIF,1812
2026-08-24,993,PEi1oQIIty4TOpuwD6,STICKER,1773
2026-08-24,994,hHU8cP569TFwoWcrl0,GIF,1764
2026-08-24,995,pKd7pqkQCBuTbHx879,STICKER,1751
2026-08-24,996,KSIkAZ1MLHevjSqt4O,GIF,1746
2026-08-24,997,BhVLSNtusGv4xTi0WR,GIF,1730
2026-08-24,998,yDFFScheemyrD4zgrE,STICKER,1726
2026-08-24,999,tv2iN6Zg5iW3bEBuSR,STICKER,1721
2026-08-24,1000,HNrd0RQYe1KzL6nmf6,GIF,1668
2026-08-31,1,S0GO7wvqciKU6znbFW,GIF,25568714
2026-08-31,2,VeQ7R5eLzOiZwny95R,GIF,12067529
2026-08-31,3,1MTfxcyrTyUFK9Zp3S,GIF,11173215
2026-08-31,4,YFsvkuJTxLc0uuNrhO,GIF,9957393
2026-08-31,5,Zil84rm4wvlWsJqo9C,GIF,9611488
2026-08-31,6,z1dXRwDsqrjs5KDOML,GIF,7062956
2026-08-31,7,s6eCu3KXqkq8sKt2pD,GIF,5803987
2026-08-31,8,6A9hefwTjvCDMURljb,GIF,5526683
2026-08-31,9,vFAra3l66GR59S9K40,GIF,4769733
2026-08-31,10,n20QOGJq9Smmy5c5Yx,GIF,3907963
2026-08-31,11,Tp7JErC4Ak5ZrF8ciK,GIF,3787168
2026-08-31,12,7UCWuilJRYlAu15j7U,GIF,3784660
2026-08-31,13,HXbjrTClytGyPjam3M,GIF,3643387
2026-08-31,14,hBt0VjWkZbFRBrBACu,GIF,3456143
2026-08-31,15,zFJd9Sp0856KS6dVtv,GIF,3240110
2026-08-31,16,VZ9JDjblGrqOCxqVFT,GIF,3167816
2026-08-31,17,01KHA2KdMQLQi136pi,GIF,3128816
2026-08-31,18,l8eIHDVeTwEm5VOjb1,GIF,2649620
2026-08-31,19,4XEUw17xG7OGK9nuJw,GIF,2523121
2026-08-31,20,ba5JMnrKk4o9z7yiP0,GIF,2491479
2026-08-31,21,3lTznm8qcjuD0dOyof,GIF,2278829
2026-08-31,22,kvrucA56Ge96PitAIf,GIF,2098917
2026-08-31,23,4yd3gQjXGb9aFks0bS,GIF,2068063
2026-08-31,24,gfv9pQSjyN83iR0zM0,GIF,1895294
2026-08-31,25,Atd0AOMP5wrkqhYQpM,GIF,1660531
2026-08-31,26,H1SV8pkPwh24wqRfyd,GIF,1658430
2026-08-31,27,ykoTW1SqAFoUKMXfwl,GIF,1652093
2026-08-31,28,N20tM6nrrXQMl4HYWz,GIF,1558965
2026-08-31,29,NnvB50iO7TqUyBzFvl,GIF,1507309
2026-08-31,30,FjOH5YsFZv0M1wuIBb,GIF,1475933
2026-08-31,31,AZgI9GQ4S4ul6qcA9u,GIF,1433411
2026-08-31,32,CQF6AFxLK2g5y2B2NN,GIF,1428288
2026-08-31,33,XCdhyRfbj2GvgufO0u,GIF,1419494
2026-08-31,34,MmwWuKZzjxYw05RF8z,GIF,1409579
2026-08-31,35,IvJvPYEXDOoV3ju64N,GIF,1388509
2026-08-31,36,Wmu62LX7EfEYjeZFom,GIF,1358444
2026-08-31,37,zbFMPSL8EgDfqeBgWZ,GIF,1282512
2026-08-31,38,bbQA9p31wBCfGP7Lqq,GIF,1275921
2026-08-31,39,BuT7JDz3OLtImz82QE,GIF,1228397
2026-08-31,40,zbcPsquuTZdA0tMKBx,GIF,1167935
2026-08-31,41,HBz4ZFEBOWzRdBO70e,GIF,1152873
2026-08-31,42,ZfzDxoltZ5FyWrmTJl,GIF,1134208
2026-08-31,43,XYGeNuYFTJxYanc1ij,GIF,1034507
2026-08-31,44,mwnu1QWfjuMZbKdgcp,GIF,1031896
2026-08-31,45,4zCNON1K71s6JXOFd5,GIF,965780
2026-08-31,46,pQxOnCwLvTBG4uf3KD,GIF,958391
2026-08-31,47,4yGaQKJE08kHXPuyMn,GIF,952493
2026-08-31,48,z7kuboVsFhWrC6gJDp,GIF,923848
2026-08-31,49,9dJzU7bFwJBIWjvWO0,GIF,899818
2026-08-31,50,g2KaTr5PnaMjjBUagH,GIF,890875
2026-08-31,51,5IYv7MHczMNdqnxWa1,GIF,885413
2026-08-31,52,6YX6lFHrE3n78eBvRu,GIF,883754
2026-08-31,53,pTNVcut8Um4qfqAn0v,GIF,848586
2026-08-31,54,qhb6MgP55rZQIiJPFf,GIF,831098
2026-08-31,55,w0t4WTCyVJfbNIAwdR,GIF,763326
2026-08-31,56,zuMnz0s1el2MO30gjg,GIF,759091
2026-08-31,57,WT9XlpCYQY7PtmCLT4,GIF,740904
2026-08-31,58,pGYHslrw9ZTEMk9Sn2,GIF,724382
2026-08-31,59,oowpSQYkmY8zkkApHu,GIF,714949
2026-08-31,60,I70wiKkwEVZWC2HFAO,GIF,710529
2026-08-31,61,6o7c1nxSuBTp6XIMzm,GIF,710404
2026-08-31,62,n4eta4zIkCRr6xbK2f,GIF,708938
2026-08-31,63,VUJFF1jbhxVFyUtLTJ,GIF,697762
2026-08-31,64,VFmjfFzMv0JETVuokv,GIF,688842
2026-08-31,65,cj0jRYyipLPlzwLs0i,GIF,625995
2026-08-31,66,QBgFxeacBb59LMX5su,GIF,624299
2026-08-31,67,ZUwEmP2EchPgZetmps,GIF,621572
2026-08-31,68,xNJVAiSsa1wtC14act,GIF,620743
2026-08-31,69,ZtAisAoRQRuf0wlOqe,GIF,607193
2026-08-31,70,p5EoYWZd7rXnSrk3A4,GIF,587629
2026-08-31,71,Brkoiafxyzb94gXrMa,GIF,576959
2026-08-31,72,KyJWoY8DDDBnJMn5fY,GIF,575631
2026-08-31,73,3CjwLHLooBGmDorkzF,GIF,574789
2026-08-31,74,PMny68XCKFiABxd1SZ,GIF,571098
2026-08-31,75,C2wLIBhg6rnF2Vk5p3,GIF,570130
2026-08-31,76,TWBEBifNIlRw3WZysb,GIF,564014
2026-08-31,77,TiuUji4KiJvFuzPFYg,GIF,545673
2026-08-31,78,sGr4yrFK3BHDsEhSAM,GIF,542865
2026-08-31,79,CLsZfPTw3az9SfokNz,GIF,539174
2026-08-31,80,eEEVPZVPzXY9ceK13z,GIF,535953
2026-08-31,81,VSmo1UmSEnNBOkzzKN,GIF,523686
2026-08-31,82,qpJtW9XMVylfz7N32c,GIF,515558
2026-08-31,83,2Tmk43f9xbaX1HX5XW,GIF,514643
2026-08-31,84,XbEj9EvaOwUas4Zfkd,GIF,503105
2026-08-31,85,WoJ1KruDxKQ1TdT7LG,GIF,502889
2026-08-31,86,67KY9IKgii3mZDcGQS,GIF,500021
2026-08-31,87,BxCTf1cNDlhFUdurmO,GIF,499112
2026-08-31,88,kFnvhvvnxA6KwTnIzA,GIF,466924
2026-08-31,89,V7KYS0VPWVdhPFUj9Z,GIF,465164
2026-08-31,90,N2GUDdRZbdCdUzYkuw,GIF,463008
2026-08-31,91,8tQLdg1TjgKBuuPbco,GIF,459085
2026-08-31,92,yVkY5XkSGEbmGkqKlt,GIF,454502
2026-08-31,93,uXV0BqmxAJt7VKNgZh,GIF,449990
2026-08-31,94,W4ZiN0w5JKJF4oK36b,GIF,436997
2026-08-31,95,hhL4cErWygGzv0PMwl,GIF,431821
2026-08-31,96,tgLpK2WbZhGe0D6UbT,GIF,431082
2026-08-31,97,tsiV9e5BNYJs9N63xu,GIF,426149
2026-08-31,98,bKDPhQuR4aMtOTfzSz,GIF,424979
2026-08-31,99,GAczcLkdTCTPS01kQy,GIF,424492
2026-08-31,100,ZqZUWuxULL0IZ3XdCW,GIF,423301
2026-08-31,101,HU5ZX6NCZHrKdAkGtf,GIF,417011
2026-08-31,102,cPeIETb5b6zKnkngts,GIF,404845
2026-08-31,103,9HtqtBJIrXjEyDlqtp,GIF,398690
2026-08-31,104,XR7PHHrmVHtqEK1gol,GIF,383824
2026-08-31,105,gSJLxCRJSAtTesQIH2,GIF,376721
2026-08-31,106,imjTWu6Vx9k0QJwpv4,GIF,371681
2026-08-31,107,9sKA3ibq7zX02Os7y4,GIF,365288
2026-08-31,108,clODkNL8QqeiiLV871,GIF,352123
2026-08-31,109,Oa4QJT3Fb0zQ037mov,GIF,344759
2026-08-31,110,rWdKQ4rLROfKD3cdLI,STICKER,344472
2026-08-31,111,soFxWwpvpFThVlZGd4,GIF,342505
2026-08-31,112,ydtlZT2ZGwRKUS7k90,GIF,340541
2026-08-31,113,pUnbgneAsAFpw9wmzw,GIF,337953
2026-08-31,114,m0RdfAX3ZVq56g6Ufb,GIF,335587
2026-08-31,115,wDcx1Rm1hXxGKefyTR,GIF,334920
2026-08-31,116,toIRQFAFFCtAWwJveB,GIF,329771
2026-08-31,117,i09kDxdM8snHxPKl1i,GIF,326117
2026-08-31,118,gGTnOmNz9RWBhLAOww,GIF,325616
2026-08-31,119,Px3XFOmPDLjRvP9YeG,GIF,320792
2026-08-31,120,uZ7GOHTYg3w6hAPN9v,GIF,319338
2026-08-31,121,sTKnZMlZKwYbtflXQq,GIF,318835
2026-08-31,122,3Vvcnjhme1hwqwMNke,GIF,317943
2026-08-31,123,woNoaZZ9V12dyjYjJo,GIF,315170
2026-08-31,124,QJ4gYE5K7A8FPhPHuX,GIF,311301
2026-08-31,125,bktvFDtSnncI1w598s,GIF,308380
2026-08-31,126,l23aOmdgpH4PVpPOOF,GIF,303178
2026-08-31,127,VtZku1FNcJfdfJLPya,GIF,302943
2026-08-31,128,sGkjKXy02jm6wjrij1,GIF,299352
2026-08-31,129,cwXLRZXXoL0np7eb72,GIF,289181
2026-08-31,130,VaHgVrzYDaGrz7JRiX,GIF,287484
2026-08-31,131,y2QSRInUPq9f5evJVB,GIF,286125
2026-08-31,132,rcKw9ZKuo0lLFzIuuZ,GIF,284489
2026-08-31,133,Vtg7zkTTczN2bvodCG,GIF,282946
2026-08-31,134,FCtjJQzZME69CW6ttp,GIF,278895
2026-08-31,135,RcKxMa4JVupSJSMnhX,GIF,278207
2026-08-31,136,H5b7aOpD0MCxbT3jFO,GIF,277403
2026-08-31,137,X8U2NmVTuTntFxGesd,GIF,275211
2026-08-31,138,gUn5uaz4fhAKi45l4u,GIF,274819
2026-08-31,139,TCYSBvF1McWeOViTdS,GIF,264820
2026-08-31,140,6UDc6ioncYRxWDnp0G,GIF,264519
2026-08-31,141,iUmxhJqvJmf1ytmdok,GIF,263580
2026-08-31,142,x6TIee2JM9pBwc4MBG,GIF,261767
2026-08-31,143,prWnSRzSzVrBZLv41A,GIF,259042
2026-08-31,144,dgXu5U7aMzbfILnDcj,GIF,255270
2026-08-31,145,tiqNAs5cs6O0h36elo,GIF,250509
2026-08-31,146,6SPE2NmJboU2RJtzU7,GIF,247103
2026-08-31,147,R60s9NrOwv5eTrRPzV,GIF,246431
2026-08-31,148,oxj2Z1k2cHtR0oZkqj,GIF,243027
2026-08-31,149,nohvpMrEwXy468gDFR,GIF,241652
2026-08-31,150,0QcUioJ7k6T2xRT6dI,GIF,241621
2026-08-31,151,PElQbTO025s7BK5sIP,STICKER,240781
2026-08-31,152,fOGrNl1SGyw9ZF5Qeh,GIF,240017
2026-08-31,153,GMibniHgHabH5FsvSf,GIF,240000
2026-08-31,154,K4y1b339hvcqk45WJ9,GIF,238287
2026-08-31,155,49UXvksd1mD6ivtzSS,GIF,237663
2026-08-31,156,5DIPupkmxQqmITQtN1,GIF,237653
2026-08-31,157,GJEvTVbP5UFX1rqFKc,GIF,236375
2026-08-31,158,0LBI2fJsWSO88UZip6,GIF,230608
2026-08-31,159,oC6Cx1YXBtvdoYXmZr,GIF,230569
2026-08-31,160,cYELoocQoVRmY2GRJq,GIF,230168
2026-08-31,161,zAo4CHpNAaNDg27lmG,GIF,227168
2026-08-31,162,kg26UxATxZow3AsKZZ,GIF,225715
2026-08-31,163,54Lr6tnL43zux7QcZh,GIF,224368
2026-08-31,164,6vaqqwTzS6SuR36oIW,GIF,222676
2026-08-31,165,V5xSpg6PoKMeC6mvhG,GIF,222644
2026-08-31,166,WmTuF4gz4C3ZfoHQGw,GIF,219653
2026-08-31,167,Lg6tJBqeg7Z8iHTvJK,GIF,218372
2026-08-31,168,vaKM2dq2diEh9vUBQP,GIF,216610
2026-08-31,169,r1CQkqGt4aI7wr1Ohw,GIF,215138
2026-08-31,170,czdCrCBERAQKBOfOLo,GIF,214030
2026-08-31,171,HoEkTdvUpnS9WvVPcF,GIF,212455
2026-08-31,172,TkAIyyDEx6r2Qrm007,GIF,212056
2026-08-31,173,zKf31joKvY23SQdSTF,GIF,211541
2026-08-31,174,ZlBrZ2naavOtI2qSAr,GIF,209733
2026-08-31,175,9bIcqjJn0WBjTCqQOT,GIF,208824
2026-08-31,176,al9NLseK6dPr8Q0mZz,GIF,202958
2026-08-31,177,xd0DzHA90wF0QspRKE,GIF,202554
2026-08-31,178,N8j7uvd3K7ewojOxxY,GIF,202476
2026-08-31,179,5grsDwlqX4kfy71Rdj,GIF,202165
2026-08-31,180,uZCGmkB8j9Y2LrKCgC,GIF,200754
2026-08-31,181,YfVEEx3kXDGBe8YKi8,GIF,199249
2026-08-31,182,3v4WsAL4dC4aMtTKdU,GIF,198994
2026-08-31,183,RUcKKOR9LAGm3Sy9CY,GIF,194863
2026-08-31,184,QGy9WgPA5wdXUx7yKE,GIF,194757
2026-08-31,185,N4HpPRFRixdNxu1Fg8,GIF,194604
2026-08-31,186,p6hxl3FX2QtPN1eWsj,GIF,194582
2026-08-31,187,3oDwGbxOLEg8bEEJIQ,GIF,194209
2026-08-31,188,MODuEqgpv6IROKtJrO,GIF,193229
2026-08-31,189,QoVAe2QifgvhK2rnTG,GIF,189641
2026-08-31,190,hRRHZWBCM1iGz8W69i,GIF,184484
2026-08-31,191,AJYr4bWzAFjdGH9q0o,GIF,184348
2026-08-31,192,xoGxhyhEQOp0jXphxx,GIF,183375
2026-08-31,193,LUgxmNMnZ1OaYHqZGW,GIF,183334
2026-08-31,194,b40vcDOn7iizajr2oM,GIF,181569
2026-08-31,195,hb9nhr6m3rjQeRs9jp,GIF,180091
2026-08-31,196,7HumoY5K6oo1enpFWe,GIF,179320
2026-08-31,197,IJSJIxvbADdqn7J4Y3,GIF,178697
2026-08-31,198,lZZ0LAMaAEOTY0ERz9,GIF,177110
2026-08-31,199,no6Mm0U0L9Mv9tzvN9,GIF,173073
2026-08-31,200,6C7KiVEfI724uCVi7b,GIF,170763
2026-08-31,201,5NxsFyN2WM2HjI1BpK,GIF,169545
2026-08-31,202,0jVa8eudaK9tG5KOUh,GIF,168245
2026-08-31,203,lGjWSowFgfSI3Q7CuM,GIF,168087
2026-08-31,204,EMrPMmyufe1a1Tz1A5,GIF,165374
2026-08-31,205,ej3ZCWbOwLxwRNC2Kg,GIF,162339
2026-08-31,206,ByodclSkYIdxh8KmGl,GIF,159949
2026-08-31,207,R3h2NcJNbFNBpS4g6q,GIF,158379
2026-08-31,208,Zfddxu8Y4dgWz6ABMI,GIF,157779
2026-08-31,209,XQGaZGKKKFL5DGdt4Y,GIF,155158
2026-08-31,210,QytjwhKBE2ObyydwQb,GIF,154619
2026-08-31,211,aZhAXcAN33Makb02CK,GIF,152613
2026-08-31,212,ncRqGV6vGvUMh7oR7x,GIF,152450
2026-08-31,213,8WBfBgNcz3Ep1OvSUC,GIF,151974
2026-08-31,214,uejerzhWkT2nfV4ekh,GIF,150754
2026-08-31,215,lMtSWlhMBsTkmUot5s,GIF,148572
2026-08-31,216,98ehMD8kX9bLkq9Gcw,GIF,147369
2026-08-31,217,LIqRddsJ488WR7JkgG,GIF,146920
2026-08-31,218,Xl33ygtw7ZElNbVTch,GIF,145911
2026-08-31,219,VaSaGr35NjXb2lexto,GIF,145346
2026-08-31,220,CPApJWHvsT3o5VuKVK,GIF,145336
2026-08-31,221,An7uqeayxR5J8dKHu4,GIF,145296
2026-08-31,222,wMeQ3go50ahhciuZwK,GIF,145183
2026-08-31,223,5IVmTwSUBkM26gnwiT,GIF,144345
2026-08-31,224,SAyhOhXMo16hk1ceaB,GIF,144321
2026-08-31,225,WhOTaSjCzQyMAMBn5v,GIF,143767
2026-08-31,226,sKf6fbM0Fhn4keHMYX,GIF,143396
2026-08-31,227,wvmHbFg1ExLSSKMaOD,GIF,142222
2026-08-31,228,JGbVQO4No1vjY8SRwp,GIF,141317
2026-08-31,229,6jMy4ML3746kQCwDNl,GIF,140507
2026-08-31,230,6guW2txh6RAr0RCnTP,GIF,138744
2026-08-31,231,O2iEG5r6EhWWPVCIMl,GIF,137545
2026-08-31,232,1L3Mvo7LQ6VfgJJT6I,GIF,136155
2026-08-31,233,w4nv4DunM9a4tOEi3Y,GIF,131887
2026-08-31,234,tZ7DeEmaE9nn2rqcF3,GIF,131335
2026-08-31,235,qeTcrWW3wozMaIX6Af,GIF,130692
2026-08-31,236,9HORd4teDGhOt46fEz,GIF,130161
2026-08-31,237,pPqefCee0DWoNtfPaN,GIF,129274
2026-08-31,238,nqEtJ6z9u3zHbdmFq9,GIF,128491
2026-08-31,239,P4mW1PplxZFjLv81SQ,GIF,127510
2026-08-31,240,LM6727wPq5tzhvVLMJ,GIF,124710
2026-08-31,241,X2tAL568gaKEgB9Anv,GIF,124635
2026-08-31,242,lHQGU1fP8dCpgZhRQ8,GIF,124456
2026-08-31,243,1Brq4LvOtRMIBJQi4U,GIF,124185
2026-08-31,244,5ssoenGB420wQegvln,GIF,122577
2026-08-31,245,Xy1embN5dYLxDL7J1h,GIF,122284
2026-08-31,246,P6CpYQD8EQVdHmbBB7,GIF,120807
2026-08-31,247,0f7MezZNdfdf09G5MR,GIF,120266
2026-08-31,248,NFlNPPsEU6FSGuOk3e,GIF,119687
2026-08-31,249,ew2RAEkOVb0O643Wtj,GIF,119661
2026-08-31,250,A5psYAq3PRYT26n0j8,GIF,119201
2026-08-31,251,mp4uQj1yhchE0FJb19,GIF,117681
2026-08-31,252,DWuxEYZBw978LKWG1b,GIF,117331
2026-08-31,253,ymR0THwsC0ryufBoCC,GIF,116918
2026-08-31,254,nNlKQlqY4lK6qAxiQV,GIF,116440
2026-08-31,255,FS1BfSHSEcBM7oXgnd,GIF,116415
2026-08-31,256,jJjpM5aG60awjoTpKb,GIF,115135
2026-08-31,257,jxA1BBEg6NzTQL7pvd,GIF,115100
2026-08-31,258,bzs9ftqVS6wCqrRuWx,GIF,114714
2026-08-31,259,gmEnnJ3Cj1fBPirnyp,GIF,114661
2026-08-31,260,XCGc4SGOCWsIxXCteW,GIF,114573
2026-08-31,261,1yWBEir2xnNtXtsIt9,GIF,114355
2026-08-31,262,mYNEpIFkBXXyA3E2SJ,GIF,114275
2026-08-31,263,2KDnf1jZTUJlrrasTZ,GIF,113867
2026-08-31,264,xal2XkbIQo668lc27M,GIF,113695
2026-08-31,265,3Ej0FdtgfzHznxfoaW,GIF,113513
2026-08-31,266,TnYyD0Y5gHcxxIs60O,GIF,113387
2026-08-31,267,01gaL9yoKUBxA6lLSx,GIF,112523
2026-08-31,268,RJZFIKDrvM9UVstlHg,GIF,110649
2026-08-31,269,FGnXiLnpzUXJ27Y8jD,GIF,110351
2026-08-31,270,ArFOjTGDqq45OKCAo4,GIF,109761
2026-08-31,271,vtBtvkJFk09naDtqBk,GIF,106871
2026-08-31,272,GGxYV9J86hAuLOftmX,GIF,106319
2026-08-31,273,maNlF3eSXasPrO4QdO,GIF,105506
2026-08-31,274,gWRf9HI5C42rN1HirJ,GIF,105226
2026-08-31,275,eGITs6JOnYa9vtjIwc,GIF,105145
2026-08-31,276,a8ZxCyyxdwfSsqTwsL,GIF,104806
2026-08-31,277,33ZJlVdrJfJqeZ8YAd,GIF,104151
2026-08-31,278,4agkjC6mUqzk4Ij9jS,GIF,101257
2026-08-31,279,BjiE1R8mHXxYRRhY0m,GIF,101168
2026-08-31,280,KcWVxQd0HvsbqguiXS,GIF,100851
2026-08-31,281,PictPG2QUCZqYQ7QJm,GIF,100526
2026-08-31,282,3DDxEpa9LhhPXbXpoY,GIF,99823
2026-08-31,283,pPGGvsQjn9xJb55F8i,GIF,98889
2026-08-31,284,unRjgoWoUAFhPVQLY9,GIF,98292
2026-08-31,285,8rDd90ItBDko5IMjqu,GIF,97402
2026-08-31,286,MgeNDcgT4gXYn338jR,GIF,97313
2026-08-31,287,jzppiGwPog15PVElfH,GIF,96784
2026-08-31,288,PAHScnX9IEczmvTWFx,GIF,96730
2026-08-31,289,bff86XIkSNuway0pUU,GIF,94428
2026-08-31,290,Z43RfKcmhr06OQ5ae2,GIF,93533
2026-08-31,291,tA9rysiKx5ifhNfO2T,GIF,92855
2026-08-31,292,VWeSrHKWQs9WHgEkvh,GIF,92039
2026-08-31,293,mruAYNxpRfWT7zWOVa,GIF,91532
2026-08-31,294,L6nYUwRlB4locGnAhT,STICKER,91240
2026-08-31,295,2fR6fBgW6BZU1CPIqG,GIF,90394
2026-08-31,296,QyRWxP3YleogvGmo01,GIF,90137
2026-08-31,297,zdfDUrgmjZWA1HNsfu,GIF,90020
2026-08-31,298,v5PJmNVxWOTTThmnQg,GIF,89675
2026-08-31,299,8Ju2XpAU8kax6RU9pd,GIF,86898
2026-08-31,300,6JNI1PXys4vMII0f9A,GIF,86294
2026-08-31,301,NZNjSEXDfUQbmupjJW,GIF,85933
2026-08-31,302,BAvIhFpn2zXzDlaAKV,GIF,84807
2026-08-31,303,QIpziLuXhTywLdbIkQ,GIF,84216
2026-08-31,304,w59SdHiwZO84yaEl4U,GIF,83932
2026-08-31,305,XjiCTell4KeSfAqaQZ,GIF,83524
2026-08-31,306,WxxWLGWv6UUZdsT2lS,GIF,83395
2026-08-31,307,IXMc63EIZGgNlNQNZD,GIF,83336
2026-08-31,308,yK7UnYilNJehrLYsIm,GIF,83335
2026-08-31,309,ptWaTNOtCbJyFoPOsI,GIF,83220
2026-08-31,310,TL448BG9MrQXfVRka2,GIF,82310
2026-08-31,311,tMZ7ky54PGeypqgalT,GIF,82309
2026-08-31,312,Gs7S4vm03HWudtCUxT,GIF,82307
2026-08-31,313,6qI2NYWngdAxxVX1zJ,GIF,81703
2026-08-31,314,4zJ0Gf0UHqoyJTiJij,GIF,81296
2026-08-31,315,NU5arjj8ut7RpNelJ9,GIF,81156
2026-08-31,316,uCLrRaHsmPHmSNVkY8,GIF,80611
2026-08-31,317,zSoJATxvNy74D0WE4l,GIF,80482
2026-08-31,318,shE8kiyTqgMBGFmkLs,GIF,80197
2026-08-31,319,kQRBgO3pn3vEnFTgXa,GIF,80024
2026-08-31,320,QMj3VgVVShzZkjSxTd,GIF,79291
2026-08-31,321,kAT28QxsTzw2o9sGe3,STICKER,79155
2026-08-31,322,9LjH7SfiKocKcE5PJv,STICKER,79067
2026-08-31,323,z2RmddzZET8w5zZtyb,GIF,78606
2026-08-31,324,SglBDgyXDRttbNrLM2,GIF,78561
2026-08-31,325,lDvigQV6SivDb1PP17,GIF,78490
2026-08-31,326,BG3Zejm7Xdx6wWUf1s,GIF,78377
2026-08-31,327,go703FNMkaozEq7tqJ,GIF,78348
2026-08-31,328,fAP7QAJ1xFD6JTFM1e,GIF,77556
2026-08-31,329,T0MPbboDiC4fnKtpKF,GIF,77552
2026-08-31,330,9h1jNCrbYXENVlj1FP,GIF,76751
2026-08-31,331,jRRG7jt2Js6MacrDGd,GIF,76654
2026-08-31,332,XIxeCLHT9zVohiL4T9,GIF,76447
2026-08-31,333,kkILXGQSJTp4z0TXb7,GIF,75002
2026-08-31,334,mnFrveFv1O0NCcXXRg,GIF,74791
2026-08-31,335,fJ9p947OpjYoUJv4pq,GIF,74562
2026-08-31,336,LOVAgqCndxbF0yVSvH,GIF,74550
2026-08-31,337,fuMmIN2aYzUIYpaWyv,STICKER,74270
2026-08-31,338,j5tlCfRuJaEYe1m3nq,STICKER,74255
2026-08-31,339,5Cniu3sjAb3IHZD5Bh,GIF,73612
2026-08-31,340,tG40NFJ94fjjn3vRXR,GIF,72602
2026-08-31,341,saM8smyVfRy2WxXNf3,GIF,71809
2026-08-31,342,dszvmLR6BjdJ3cN3B5,GIF,71672
2026-08-31,343,m6Ldp765JS1TOc1epw,GIF,71083
2026-08-31,344,1XZi1EWSQLY3rMU5hb,GIF,70786
2026-08-31,345,hUgUnBmpjUXA8w2eBC,GIF,70609
2026-08-31,346,PJDjRlqkTOWG8CAWNa,GIF,70459
2026-08-31,347,6Zo8j3dDBwQsYvhISc,GIF,70228
2026-08-31,348,QTRlMVKXeT15fGVLbk,GIF,70137
2026-08-31,349,XYiDNupHyw1MaXyFbY,GIF,68709
2026-08-31,350,99L1Ri4cmx4aZ82imT,GIF,68438
2026-08-31,351,kkOOWhftIUKH1gRFI3,GIF,68041
2026-08-31,352,VTG38I0RqkksEgqTdJ,GIF,67863
2026-08-31,353,RYjyZx74LQ511YUxgW,GIF,67586
2026-08-31,354,Foo1QLxlFskrsgYXD8,GIF,67540
2026-08-31,355,x7ukpMi4J3VotdbBxy,GIF,67516
2026-08-31,356,rkT6Jth8qRgE1h2Fn2,STICKER,67193
2026-08-31,357,Zw9IYZoi4lR40x6kOh,GIF,66862
2026-08-31,358,aow0lDW9gAStommdsS,GIF,66657
2026-08-31,359,YoWUM76JMiAUKm9ggl,GIF,66222
2026-08-31,360,XzFg2ZpcLiS4s3N1KC,GIF,66033
2026-08-31,361,cfLHHFi62dBMYsloN7,GIF,65263
2026-08-31,362,KPVPfTOGhR4ZDXsBWA,GIF,65201
2026-08-31,363,b7B608uSFXLuR9yWYH,GIF,65089
2026-08-31,364,4QXKOejCxZAOvUfjxZ,GIF,64615
2026-08-31,365,29Z7C8nHD9ijZuMqTV,GIF,64562
2026-08-31,366,x6u2P1xWEqpnimsun6,GIF,64388
2026-08-31,367,nRd5z0hIeY7xQz1yai,GIF,64147
2026-08-31,368,bfb6MDov8wj5qopEZC,GIF,64106
2026-08-31,369,R4K3oSgQ7goRV5dQW2,GIF,63763
2026-08-31,370,8HsLMUNvbQnVzLWcty,GIF,63673
2026-08-31,371,vXbH7KQWGqNe9heXju,GIF,63369
2026-08-31,372,mLYuk0RvMxWAISGnCA,GIF,63324
2026-08-31,373,WDTFmWErrBo9vvuMJ5,GIF,63145
2026-08-31,374,kg7ti21Zmn5y1AtniN,GIF,63078
2026-08-31,375,WxKKJGKsUUWPJgkf4N,GIF,62486
2026-08-31,376,N4Aef2XhTGp692NZx7,GIF,62268
2026-08-31,377,592ZMrdelj8j8DlQ2w,GIF,61679
2026-08-31,378,0OVzKdoHvIwJL7RduN,GIF,61510
2026-08-31,379,YRgKKGuDWNqdVKUsJK,GIF,61271
2026-08-31,380,MU4wAQ5AZqlBJTyGFw,GIF,61147
2026-08-31,381,Smkq4gh20rTCo9XA5K,GIF,60945
2026-08-31,382,Jj6MUSSOBIS7iy4cHl,GIF,60818
2026-08-31,383,O0dGSqMpJcA3Jk5tmZ,GIF,60390
2026-08-31,384,TDoPnJKJI06YrVOrtI,STICKER,59996
2026-08-31,385,dCqQrUmPgICwfSYzgi,GIF,59793
2026-08-31,386,TFVI6cSKjVwPaqZVKR,GIF,59739
2026-08-31,387,MZExsocb7ggfMPqiBk,GIF,59587
2026-08-31,388,DvT1BeIHu3ChyybxkR,GIF,58690
2026-08-31,389,GT9cgAAAtfM5JgcZpQ,GIF,58400
2026-08-31,390,9IwfTwulCPEiDADHzx,GIF,58356
2026-08-31,391,51xCLRv58gqjYM63YV,GIF,58222
2026-08-31,392,KyUIjPQuLolO6vfaFD,GIF,57996
2026-08-31,393,UwKnpGaeFmihxIEt4Z,GIF,57472
2026-08-31,394,PdVb9g4MVTNgQ2OL26,GIF,57141
2026-08-31,395,ywVDodGGYpgsU7vb0Q,GIF,57025
2026-08-31,396,EbEX6H0ZYbCTI9nI25,GIF,56974
2026-08-31,397,74V7r5XLB5PcOoGMbA,STICKER,56656
2026-08-31,398,AuqSnLsurW0tVC7kcu,GIF,56175
2026-08-31,399,JfqESuqy1kOf3HTr8Y,GIF,56166
2026-08-31,400,2XhJxylc2hyATdyLCy,GIF,55658
2026-08-31,401,ZUtSEAyBuCcewmA29F,GIF,55652
2026-08-31,402,XCB5P8yCHz9CiAl41q,GIF,55053
2026-08-31,403,9x7iTJfqgFQMCs0cvY,GIF,54829
2026-08-31,404,7t1kN8b7GyZljUC36u,GIF,54228
2026-08-31,405,A2z7pVURqwz3BlQdQp,GIF,54227
2026-08-31,406,PlShyiN5tlquexvBB2,GIF,54211
2026-08-31,407,bnqEjEUGGVrwEqWNJ0,GIF,54149
2026-08-31,408,zC1NmByT5WMiTaMHQS,GIF,53633
2026-08-31,409,IvciiQcSOnH7gFlwnK,GIF,53289
2026-08-31,410,fBTGAfGgiMyHUuJSIh,STICKER,53193
2026-08-31,411,rqRCINmIhqekY7cxwt,GIF,52960
2026-08-31,412,XPN3II0GRNvYBEbxqs,GIF,52668
2026-08-31,413,ZeK2ek6RtyEL73iY0B,GIF,52636
2026-08-31,414,Jzp6EmR66Abn9ExWls,GIF,52615
2026-08-31,415,J3HhbqcC2mKM6eetbu,GIF,52241
2026-08-31,416,CKVjlqUmBZdyT7d3W7,GIF,52085
2026-08-31,417,toz148aIki3hNi79mi,GIF,51859
2026-08-31,418,6nsJtjKzfX0DYG6Fg8,GIF,51700
2026-08-31,419,4I8DiIUSUnnTBauMmF,GIF,51644
2026-08-31,420,a3sOeDI1ZuE2UEGEjr,GIF,51607
2026-08-31,421,SMwNw54F5yZtqyTXNY,STICKER,51411
2026-08-31,422,RKSWD89SckpaCkF7lB,GIF,51405
2026-08-31,423,UzKPSpSLYsY3sTLQ7e,GIF,51003
2026-08-31,424,9F3kTka3lWs1MoyUW4,GIF,50835
2026-08-31,425,WCIkiuYpS3S6XKV8Rn,GIF,50783
2026-08-31,426,ZEleEa4pY0l7ufKnSY,GIF,50774
2026-08-31,427,wdwglOfifi6NYq9tjO,GIF,50582
2026-08-31,428,U6zenm1kWFjycNTkdz,GIF,50519
2026-08-31,429,j70G4xGbIAyl69HjSG,GIF,49672
2026-08-31,430,N6xT6C3SVJJSwH8Mgl,GIF,49595
2026-08-31,431,MrHh6mgOcdoAAO4tz0,GIF,49583
2026-08-31,432,0rAnJ9bILAp2bIGcpT,GIF,49016
2026-08-31,433,StRtbzWfsgs33wpW3M,GIF,48983
2026-08-31,434,Ksyo02KzynpxSGIdiu,GIF,48910
2026-08-31,435,JhkFcH98uvMrnDgmn6,GIF,48843
2026-08-31,436,WMsLuEcsJ8txlZ5Oh3,STICKER,48731
2026-08-31,437,jQgLlzy0ZT54ZCBLTt,GIF,48690
2026-08-31,438,YIVMHeeUzrNYt7qSqJ,GIF,48492
2026-08-31,439,kCbiTm717MlCNnAxeU,GIF,48473
2026-08-31,440,2FxcZ8wpN6fQC5YJ4z,STICKER,48234
2026-08-31,441,OwaFxnOAJSXQGMJYfE,STICKER,47956
2026-08-31,442,KtttnFu2Mr4fZKCeJe,STICKER,47687
2026-08-31,443,iINaib9YcAXeTPjjZE,GIF,47652
2026-08-31,444,V2iTAiTz1UENEuooXW,GIF,47562
2026-08-31,445,12h0oJrF1Dl0MHExt2,STICKER,47122
2026-08-31,446,BjjkqkqNUJC6wBg9S7,GIF,47042
2026-08-31,447,syTxsyJjCeublic7d4,GIF,47031
2026-08-31,448,QU3jtBvOsGT110czty,GIF,46983
2026-08-31,449,9ReJWTZDpvch3KYppQ,GIF,46953
2026-08-31,450,lJGL45KeCLzPSaUgTV,GIF,46524
2026-08-31,451,D41XyjutopurXno57q,GIF,46364
2026-08-31,452,6a3eNd7DeaD1dk11hn,GIF,46355
2026-08-31,453,P38cOb4eV8zvrGANTG,STICKER,45969
2026-08-31,454,kfjRVgBKSfpje8yaL1,GIF,45873
2026-08-31,455,5bLSkn2OEV2LU4IPHI,GIF,45588
2026-08-31,456,yzc7OYyffaFr1W6Jml,STICKER,45545
2026-08-31,457,JcOB2VB2OeXB5ExpHH,GIF,45496
2026-08-31,458,RlkKf5MBzEjqzqN3Pt,GIF,45438
2026-08-31,459,kc5sCk8smIzR9bEVmq,GIF,45283
2026-08-31,460,kmGi3ucTvgLv6pA7rE,GIF,44933
2026-08-31,461,0citpjho00ObF3pMEm,GIF,44864
2026-08-31,462,d07pfKl4LYFx9eOGnG,GIF,44845
2026-08-31,463,dxie0mdUARIwhn2yee,GIF,44684
2026-08-31,464,lUrvU5C0ui1UixvK9l,GIF,44603
2026-08-31,465,U4iDELyXogCfzk2SPc,GIF,44574
2026-08-31,466,aW3mqoINZ433Rj4TMz,GIF,44492
2026-08-31,467,bNXwltxLdCxIBUW0oA,STICKER,44272
2026-08-31,468,6DHkm44QfaRU4jjkTd,GIF,44108
2026-08-31,469,4iwyORJpVG7GLfMZvu,STICKER,43844
2026-08-31,470,vnuMwvlswGMW38poq2,GIF,43759
2026-08-31,471,mp178ZHLC4sHfOgO12,GIF,43156
2026-08-31,472,EsTiklBWYzosIzPluo,GIF,43120
2026-08-31,473,2FbqKii3sahcmtOgU2,GIF,42889
2026-08-31,474,okTyHZDSQ8u31wyT55,GIF,42879
2026-08-31,475,l5ZWNLnfskv9LTE03S,GIF,42641
2026-08-31,476,KB4yS05ErAJldfsNj8,GIF,42462
2026-08-31,477,iVj1jzisyn9qoy0HwT,GIF,42285
2026-08-31,478,IbdIiqy5nHTtHJKeuA,GIF,42199
2026-08-31,479,E0xJwLqR8naax696nQ,STICKER,42187
2026-08-31,480,clne8r9DaMEPN77izy,STICKER,42052
2026-08-31,481,NCXTJOeB6clLl1XIHm,GIF,42013
2026-08-31,482,S8nncQt2T539fDIA0b,GIF,41795
2026-08-31,483,DkMC0pbvPVy3KNCzzD,STICKER,41692
2026-08-31,484,JeYalHlJM12P8WmGRu,GIF,41597
2026-08-31,485,31xRGdGEGzR7zqVT8M,GIF,41382
2026-08-31,486,YeGuStp7fomlR6Gj8o,GIF,41114
2026-08-31,487,e0tqAwofWcxXx9iIN2,GIF,41111
2026-08-31,488,FXlBfysZeccejSPXLN,GIF,41064
2026-08-31,489,ADV5RUY8deNWvKXmg9,GIF,40837
2026-08-31,490,M466iBsWoTlNojJbyk,GIF,40558
2026-08-31,491,fFcZ7GbvG7949eU5xg,GIF,40278
2026-08-31,492,4bXiLL05WASnteKd7V,GIF,40198
2026-08-31,493,bRI1sNgKvZoO69xpZt,STICKER,39818
2026-08-31,494,DArpiMDTC0np9ytWe8,GIF,39699
2026-08-31,495,1d6N0pb13wv2X6Qqhh,GIF,39674
2026-08-31,496,6C8dDrMGIFZ1kV0kIc,STICKER,39594
2026-08-31,497,9L7p0XupqB44TIXms9,GIF,39545
2026-08-31,498,pUCY24xEv3FuNvWA54,GIF,39436
2026-08-31,499,UR5a8u78Xa7VdtyJIS,GIF,39395
2026-08-31,500,DGjlGcceVl5RDQC6v7,GIF,39364
2026-08-31,501,FzxAj0hfgyAdsW40AC,GIF,38895
2026-08-31,502,7rJDG9tWHp7KA9rDDq,GIF,38814
2026-08-31,503,XVluxxVNlvj7mOkHVD,STICKER,38658
2026-08-31,504,1qJHVFYH15SpmhSykp,GIF,38240
2026-08-31,505,U2RkG4c7Vpaz9UnSuZ,GIF,38239
2026-08-31,506,zQxSWfx8MQYyxMzLTW,GIF,38202
2026-08-31,507,dRdbbodInaw9ngy2et,GIF,37781
2026-08-31,508,BCu7HM8TzjOxYRWxCB,GIF,37696
2026-08-31,509,qJw4maZ7dvqO6QsGJh,GIF,37644
2026-08-31,510,DBNUsVBmNhdqMaetuc,GIF,37615
2026-08-31,511,LLJZa29zWpqjzrVNHB,STICKER,37539
2026-08-31,512,2OZgYoYD7xUPQjGmsl,GIF,37501
2026-08-31,513,nDcAtQrrztB6tjk8d1,STICKER,37315
2026-08-31,514,t8SxzpqSbWCkZscsKZ,STICKER,37302
2026-08-31,515,1knediJpPduWeBBS7N,GIF,37045
2026-08-31,516,CaEoDtcNHxY0y3Ll4k,GIF,36608
2026-08-31,517,5050Byd8dZiD8S7OQo,GIF,36572
2026-08-31,518,ejYsZu3TWsZPu9FeHo,STICKER,36042
2026-08-31,519,FpWKtmKDYtFqgQ4F1p,STICKER,36022
2026-08-31,520,oEK27lR1AH4L1uw531,GIF,35976
2026-08-31,521,V65BD1iwdbErs5NDw7,GIF,35885
2026-08-31,522,BKBmjqo7OhXyBwjnJ1,GIF,35870
2026-08-31,523,RE60di0oRWMdq7SDoQ,STICKER,35821
2026-08-31,524,20LOqJQZdFCTJzrMA9,GIF,35560
2026-08-31,525,UxIqUYwwUampJ8DTtS,GIF,35371
2026-08-31,526,9joM0t278fxmxw63iM,STICKER,35354
2026-08-31,527,vgMxyT3D5Nf7YtgLEN,GIF,35303
2026-08-31,528,dfwpUHP88TTodHV7xY,GIF,35295
2026-08-31,529,2XtaKuSyUmADvFNWeB,GIF,35242
2026-08-31,530,fsCP6Oda0qmhcNPKE1,GIF,34966
2026-08-31,531,vfeGz24qxWeBGpJkzg,GIF,34646
2026-08-31,532,HM50iKLhED7tYTgtrk,STICKER,34211
2026-08-31,533,TfKAAlWTfJBh06kQ5S,GIF,33855
2026-08-31,534,65WZEH3DbzTOskjZ9F,GIF,33705
2026-08-31,535,KGTieGwsFTzfKxi73d,GIF,33681
2026-08-31,536,zkn7BLV7uUc5Orkzzr,GIF,33665
2026-08-31,537,RHu5cVwkEKODGJMFhD,GIF,33378
2026-08-31,538,O42P37uJNFbMzRuV98,GIF,33311
2026-08-31,539,7js3sdMoAXf6iljz9J,STICKER,33106
2026-08-31,540,uZzDdw53yMluV0UWVF,STICKER,33092
2026-08-31,541,Ei2OUMXIhbpl8zcg07,GIF,33067
2026-08-31,542,QgBxz4jlNWpq4U0VBL,GIF,32780
2026-08-31,543,yiNGJnacgioeujOFDw,GIF,32719
2026-08-31,544,z3cQyCScaa6eQAPGxM,GIF,32669
2026-08-31,545,31mHgJnJUAJXIB62kJ,GIF,32594
2026-08-31,546,HviuxhG9WFXzbBpjJe,GIF,32488
2026-08-31,547,M3DQRSj2ZR4BSXZMlX,GIF,32485
2026-08-31,548,HeFCcdgF37XybNbJM1,GIF,32375
2026-08-31,549,kIF7T5i5o9pEglhEHa,GIF,32343
2026-08-31,550,wyVRFz9fJaE5B8IZ2I,GIF,31776
2026-08-31,551,BEH8snVdAHDiqrRvhv,GIF,31659
2026-08-31,552,Do7K8nCJQrwf7gsrRm,GIF,31547
2026-08-31,553,FxFgVET0GLKFojvrla,GIF,31366
2026-08-31,554,X29WgAKGLutorgO69Y,GIF,31304
2026-08-31,555,oVgehCwEPrMbYJAeuH,GIF,31297
2026-08-31,556,3SkP2Mn8rWCPR7qYs8,STICKER,31223
2026-08-31,557,SQwDBfwWSCoRe4PcNJ,GIF,31156
2026-08-31,558,qvGvze34SYzFy0IOjo,GIF,31055
2026-08-31,559,sN3d7kXdPbvjlidiJz,GIF,30630
2026-08-31,560,9YVJ3QFI0T2T1huuOt,GIF,30594
2026-08-31,561,9Ls9XsHDxEiICpkIWJ,STICKER,30137
2026-08-31,562,ZmQW2HIzjSKv4646wY,GIF,29916
2026-08-31,563,GxQiKyAy9kzwWgAClZ,GIF,29728
2026-08-31,564,2ltRBrU98eB6SOCvlL,STICKER,29537
2026-08-31,565,zx3ayFaNycGyE1nZ01,STICKER,29391
2026-08-31,566,e0s868pPHJojxQ4Vgs,STICKER,29144
2026-08-31,567,iRowpDxl0o0Qs0f422,GIF,28684
2026-08-31,568,LcCD3TkQe4SJroMYz5,GIF,28655
2026-08-31,569,hftSnrV7jiNn6MkQk4,GIF,28630
2026-08-31,570,GMsykn2kFJhMIBPMb9,GIF,28603
2026-08-31,571,4Z5Et8yinfeZ1jfuJF,GIF,28451
2026-08-31,572,E7J4gMgNzH8P5fJIir,GIF,28451
2026-08-31,573,xQNauBqQ1WrqCAPuRE,GIF,28367
2026-08-31,574,NlQfFCNhxuArwRa0yg,GIF,28298
2026-08-31,575,NKb9LW9MrxO48Cd9Mu,GIF,28278
2026-08-31,576,0r0YUGcSj97ueZws1I,GIF,28213
2026-08-31,577,hvHkkgdpNyYBCNwWii,GIF,28010
2026-08-31,578,QQeMYCJmSK3CvnW69G,GIF,27994
2026-08-31,579,JbyrV7bzRuZeOpzb30,GIF,27617
2026-08-31,580,UiN6zWG0ArXRCn52L0,GIF,27476
2026-08-31,581,cxkFjp3QZGzSh1Iyxz,GIF,27340
2026-08-31,582,Fk1G76mvlTOS0YUZ5A,STICKER,27337
2026-08-31,583,ifOOtGdoahRmSdfh4k,GIF,27166
2026-08-31,584,ybF46HrsLDFuMrg0NO,GIF,27127
2026-08-31,585,JGpns399tHOQYO7P9u,GIF,27120
2026-08-31,586,znORHj4fd8MAN7gbLr,GIF,27069
2026-08-31,587,gzUNmzVfGkKdMxyHrF,STICKER,26805
2026-08-31,588,ZIv6jXtuNWmqe8i4d8,GIF,26626
2026-08-31,589,m7sXoT4sjUcHqlfqFS,STICKER,26588
2026-08-31,590,sgLnfOIYS7BUIHXUxC,GIF,26577
2026-08-31,591,d6ZMxXqdHwzsYsjIfP,GIF,26543
2026-08-31,592,eRX5a3BHg4ezXw0UCh,STICKER,26467
2026-08-31,593,s4hSWA7C4PRGJwjwkp,GIF,26394
2026-08-31,594,U0K68elO5NOob4q372,GIF,26390
2026-08-31,595,c14InbFxtr5gAFCZfy,GIF,26262
2026-08-31,596,xD1vpKInrkzJ3Fxael,GIF,25746
2026-08-31,597,3bdT6rswZrdJAAXyIY,GIF,25724
2026-08-31,598,nfDB8cFWhS4Dee2sgL,GIF,25687
2026-08-31,599,Y88yhiJDH6tRpPaQ9Y,GIF,25369
2026-08-31,600,gMAqaGlYLH1LnHhSQu,GIF,25358
2026-08-31,601,cpWDzbkGXinjazXAsQ,GIF,25308
2026-08-31,602,RZrRtVNSxivmiqc4ms,GIF,25291
2026-08-31,603,pWYoNgRTTOcpQEGdh4,GIF,25183
2026-08-31,604,x3LVct059nDJWWHnBs,GIF,25168
2026-08-31,605,cIJp8Y1yZVnCzjXSjQ,GIF,24553
2026-08-31,606,dBEeUL0mbzScibZaSv,GIF,24422
2026-08-31,607,1gsEMwwsNPO36OxOQK,GIF,24382
2026-08-31,608,FQaUqL5cxE07TVmEbM,GIF,24366
2026-08-31,609,JkGNpFYB3cY7FHn9sx,GIF,24348
2026-08-31,610,9C0eEDiObWC3COXjXj,GIF,24315
2026-08-31,611,sT7JTqgV96345rxK6n,GIF,24260
2026-08-31,612,YOy4wfZdVp39GaHWHa,GIF,24246
2026-08-31,613,4iC6WmsVhfZAeGj178,GIF,24104
2026-08-31,614,3QOaNhNb8TA085CDrI,STICKER,24045
2026-08-31,615,gU6fbKU11WZGfMjXey,STICKER,23933
2026-08-31,616,pKUmbMGZ5eNwfcEOwB,GIF,23911
2026-08-31,617,QBNF6zlAHH46DTIM8A,STICKER,23847
2026-08-31,618,uYAAG52VMeqNbeKxrw,GIF,23784
2026-08-31,619,0DWKPIIDI9sWSoKa5F,STICKER,23540
2026-08-31,620,oLP7BIj99u0sFUlnsV,GIF,23475
2026-08-31,621,BqKx9z6SmgH9xfzMoU,STICKER,23454
2026-08-31,622,v2rHslWUoSF5p6UAlH,GIF,23419
2026-08-31,623,cltZFv7xOOVgJUOrOP,STICKER,23393
2026-08-31,624,RjBXlk32cZwWJwL4gS,GIF,23280
2026-08-31,625,hLlrlSXRBLz2a3Fa9b,GIF,23273
2026-08-31,626,rI4yCkQXsGkvkN6qQy,GIF,23262
2026-08-31,627,ApgAv4fFKYE5zQmdet,GIF,23181
2026-08-31,628,yBUiOi29DnkVtPnSck,STICKER,23174
2026-08-31,629,G4bRYCUE94lLd7ftFC,GIF,23139
2026-08-31,630,X4AaDMS42L6wqp9I4S,GIF,23134
2026-08-31,631,cZYcjyCHHn2mk1ikmK,GIF,23101
2026-08-31,632,cR1Bnk7j1OAqINYtOY,GIF,23062
2026-08-31,633,eXp6TrPKFtz2QlG4Uo,STICKER,22760
2026-08-31,634,0kjZf6pew3SqzrzHH7,STICKER,22707
2026-08-31,635,1pnf06KKMM2qlRmCIj,GIF,22698
2026-08-31,636,xjLbBByLJ19X487OlI,GIF,22687
2026-08-31,637,bbd845md4bBhtzxnP2,GIF,22641
2026-08-31,638,LhW6KP4Nar6HsqGuKf,STICKER,22632
2026-08-31,639,tUcJ0CqH4BsIKAIDrB,GIF,22525
2026-08-31,640,s0qV5J5dP5lzZkpC1r,GIF,22411
2026-08-31,641,fkhqUwfGzSYOrSTJp9,GIF,22400
2026-08-31,642,vWQ3cNvlZdFGn4P8mC,GIF,22354
2026-08-31,643,GW5HlgHeRXwbcIRTAO,GIF,22301
2026-08-31,644,hwIq8i6Qi7UnUGbacf,GIF,22231
2026-08-31,645,VErfqZkulaxhehX9uN,GIF,22192
2026-08-31,646,Dv4oKPwiykQqHhZr1W,STICKER,22169
2026-08-31,647,xdfUlTMvx8p3k8Taet,GIF,22123
2026-08-31,648,eSfJodS0foTOVqrBg1,GIF,22067
2026-08-31,649,XHhUoP1JW91SPS6GbT,GIF,22066
2026-08-31,650,RWX2nTNdXEnrfWiZa4,STICKER,21952
2026-08-31,651,KDKNDBHabbk60REZnB,GIF,21925
2026-08-31,652,MibqmLIdqxwQepv1u4,GIF,21857
2026-08-31,653,oU1Fo2c50feGpaWwDh,GIF,21734
2026-08-31,654,JdCL1IXkf3ObMe1SIJ,GIF,21686
2026-08-31,655,j4tl0BRFWySCPi8I98,GIF,21666
2026-08-31,656,RwHdKDHMgbReieccJ4,GIF,21627
2026-08-31,657,pzLy6Kcx9jyVz05UxB,GIF,21390
2026-08-31,658,IipkQotlmo8Sh1ABvk,GIF,21190
2026-08-31,659,ioikNOK6094SPdG2gY,GIF,21162
2026-08-31,660,hPd95ZhVUZRpaqfS71,GIF,21116
2026-08-31,661,1BWq9cSj4USk9qwS0z,GIF,21081
2026-08-31,662,jKFcYsEGnQcAUJrto3,GIF,21013
2026-08-31,663,aA455rZHUzTePr7fRv,GIF,20932
2026-08-31,664,vhCeQWMJEmFvfjONgE,STICKER,20890
2026-08-31,665,tFyjXDG8DdgV7jbV1B,GIF,20812
2026-08-31,666,uN8wdjnLJ5oRknSFQz,GIF,20774
2026-08-31,667,MggXsKR6usuo2guR1w,STICKER,20739
2026-08-31,668,tRWPZFwfKYTcaQ0Vut,GIF,20669
2026-08-31,669,G0FL2jcpanSQMex6pQ,GIF,20654
2026-08-31,670,H1bTEEl6lDeQC55aJ7,STICKER,20509
2026-08-31,671,Fh1YBOMQy8ivv5QNzd,GIF,20192
2026-08-31,672,ob50T7GkSbkLLSRhQn,GIF,20116
2026-08-31,673,ZzOwQgO7FL2HlAGNPK,STICKER,20062
2026-08-31,674,IhRt3YlSBJDDGKmVfA,GIF,20058
2026-08-31,675,fVPVSpEApPhaPTBlFK,STICKER,19906
2026-08-31,676,hVlGeCHhXYdIj5VuGy,GIF,19811
2026-08-31,677,KR0ABF8z9pul0Xn1vj,GIF,19805
2026-08-31,678,ysB7TRjZlCfK705Qsx,GIF,19793
2026-08-31,679,Ad00UhfBWCrf6iIraA,GIF,19640
2026-08-31,680,UHX8Z1xxM7q95ifvMN,GIF,19546
2026-08-31,681,NzvXgZXYLnsZBmsdg8,STICKER,19545
2026-08-31,682,YhWN4jrl9saWCBtYVs,GIF,19401
2026-08-31,683,2AHzoH7CI4TQeyzYCD,GIF,19391
2026-08-31,684,WEC8B0JL2IifWaSoOn,STICKER,19287
2026-08-31,685,ju4JqzNVQrJQULIrQQ,STICKER,19167
2026-08-31,686,zysC5B66n65evvIv2j,GIF,19137
2026-08-31,687,4p4coQ86ez7Ru85vou,GIF,18921
2026-08-31,688,bOLdbJxTL32fzUfQ79,GIF,18862
2026-08-31,689,2jcJ3HFGUHkTyioaUT,GIF,18756
2026-08-31,690,XniMEEmJBr9ukfaFPg,GIF,18645
2026-08-31,691,jzNfEq4G6PlhcWjGmV,STICKER,18577
2026-08-31,692,askudv60nEFqWPiu2F,STICKER,18501
2026-08-31,693,MSUZpSsPXDiTRUuHTL,GIF,18428
2026-08-31,694,QED7OaVB6S127veeBk,STICKER,18424
2026-08-31,695,akR7RsXOEBsCpVxsp6,GIF,18153
2026-08-31,696,wulH1pzgOUFXQQNyor,GIF,18094
2026-08-31,697,3So6FuGb7wVk14P481,GIF,17955
2026-08-31,698,KksuC9fn8zo5RlERgg,GIF,17692
2026-08-31,699,V2cgY6r7FOSTkCgBS1,GIF,17689
2026-08-31,700,AhaWzd6OjdlgzY8poL,GIF,17568
2026-08-31,701,UGSaXOiJokVFwXEoAT,GIF,17467
2026-08-31,702,MylLt7hnLWJS99x3F9,STICKER,17460
2026-08-31,703,UPnKAxvJFJWIJn1NNK,GIF,17429
2026-08-31,704,pfDwG4T0vC4IxqS2eN,GIF,17405
2026-08-31,705,QSA6gWBwyyXJIzo0gE,GIF,17403
2026-08-31,706,obqQ7nCPajM1XwGMzH,STICKER,17349
2026-08-31,707,2fhhHvDo2dUJMgJFW6,GIF,17336
2026-08-31,708,7HLrdcksEhIrZa9Zir,GIF,17291
2026-08-31,709,WHFiPP52PG9th1XmMP,GIF,17256
2026-08-31,710,1VoVsG6WlTCqUv2uSU,STICKER,17230
2026-08-31,711,W2qRsuV2W45gij9eyQ,GIF,17197
2026-08-31,712,GQnycCHR2tSSMXS9oh,STICKER,17173
2026-08-31,713,aFQPmNaCbkCl3EdYeY,STICKER,17171
2026-08-31,714,LgaosMJFuBdaBg4Zqw,GIF,17104
2026-08-31,715,oRUV18AcLTVmArBuy5,GIF,17029
2026-08-31,716,zIf83ye6vDhxzHKtUd,GIF,17004
2026-08-31,717,dQxNr6ZzGMHanmSGNo,GIF,16843
2026-08-31,718,9bpDIJJ6W3RRCyfGZP,GIF,16816
2026-08-31,719,UEKfzPmN5PVlXlteZ6,GIF,16680
2026-08-31,720,IMNgh51iJQHDWSoMm2,STICKER,16604
2026-08-31,721,Z9OWqReW3I4Jr4MEdB,GIF,16368
2026-08-31,722,NMa7tlk37iWeBOSmwr,GIF,16175
2026-08-31,723,l1mRHDgvYzHZVRI4M0,STICKER,16171
2026-08-31,724,Lv5WcXLqEaEuaTO1ZQ,GIF,16111
2026-08-31,725,7uuBgvGPs6E5EttML4,GIF,15963
2026-08-31,726,hJHziY8ehiG4m6HxSV,STICKER,15962
2026-08-31,727,AkjBpF1TnoWQNI57N8,GIF,15958
2026-08-31,728,UpPyFzWrRSSCDjWW5S,GIF,15776
2026-08-31,729,fT2ecOvmXPJxFkTbWJ,STICKER,15645
2026-08-31,730,k8u0YOIFdyRsTb950U,GIF,15644
2026-08-31,731,UM7sju7MO1wK6KpVdR,GIF,15503
2026-08-31,732,1YIOwyDs2IK6MPvs3f,GIF,15426
2026-08-31,733,s5mc5b4QlA0GqxfiMn,GIF,15254
2026-08-31,734,Atdw4UUjkYNWJaCahh,GIF,15217
2026-08-31,735,aFoEcC8r12zpxNNvSz,GIF,15216
2026-08-31,736,g9LibgOagcZAvPML8w,STICKER,15196
2026-08-31,737,vilClGRTjSHu0GtpnI,STICKER,15189
2026-08-31,738,OlLlVUZxrcqZm6RPza,GIF,15167
2026-08-31,739,0iqkjAyJgiCpPLy3Fq,GIF,15157
2026-08-31,740,xW6AwwdTobQgDZ3nAU,GIF,15034
2026-08-31,741,kAZI2CjoJeDdkShdIp,GIF,15013
2026-08-31,742,pIQoynVdXIZshkdd9a,STICKER,14967
2026-08-31,743,6RL11R4fio6tTZS5B3,STICKER,14934
2026-08-31,744,hkJqI1Z2eMIZGjaLGr,GIF,14832
2026-08-31,745,lo0xHsbZsqAXm3DxRm,GIF,14777
2026-08-31,746,HOOTxxN5gUjEhJDUzT,GIF,14619
2026-08-31,747,MMQp5dVRWpDk5TKSk3,GIF,14588
2026-08-31,748,K53ka9tKBWvdlEmEiQ,GIF,14495
2026-08-31,749,v4mRkaIx4POC0DHgUM,STICKER,14493
2026-08-31,750,81EGk29eiw9H1hpqdY,GIF,14384
2026-08-31,751,DtzZaTXJmluGoVaJzL,STICKER,14358
2026-08-31,752,64biIPpOpL0RUNkvRQ,STICKER,14208
2026-08-31,753,pxIwqllLtTqwkP3P7q,GIF,14129
2026-08-31,754,MVdhlDm19paYqtsMfF,GIF,14116
2026-08-31,755,Pd6VbhzYBpVXqj1D2b,GIF,14055
2026-08-31,756,PmswRSnBQr0RWZ4Bf4,STICKER,14026
2026-08-31,757,2PSJbtzGkCGH4bR9Md,GIF,13974
2026-08-31,758,Pg9FLF1hIKRfew3hKh,STICKER,13760
2026-08-31,759,hZtR0YEJJ66b1a0Yrb,GIF,13729
2026-08-31,760,m6uaoa7xX7Dg2HnF6p,GIF,13720
2026-08-31,761,qY5hBUyiQSBf79ntVr,GIF,13699
2026-08-31,762,HKNFJD7cAwpvlYa6p1,GIF,13602
2026-08-31,763,QZ7VxYXlPLhiWYe26G,GIF,13564
2026-08-31,764,obWFB2xqw0881G6uwU,GIF,13443
2026-08-31,765,CznAgEDyLaic6yT3it,STICKER,13403
2026-08-31,766,5QdOBPO3tLl2QnMEml,STICKER,13385
2026-08-31,767,nDLvxkW2XE2ZjcVKQR,GIF,13378
2026-08-31,768,A1yl317Qn9BkRcNDyq,GIF,13325
2026-08-31,769,CPfrrA6I7wi4q0blhk,STICKER,13286
2026-08-31,770,qNokvWhj3oqF4D5q3D,GIF,13195
2026-08-31,771,VOuTYkX8OhXjetxwQ5,GIF,13158
2026-08-31,772,23kKeMgwQdsTaTefn7,STICKER,13120
2026-08-31,773,XHby9xOM0HPzPJ6tqF,GIF,13100
2026-08-31,774,5b6DvVHMPq5kG9QBE7,GIF,13093
2026-08-31,775,Py3gKjdj74yZ1xYUDc,GIF,12988
2026-08-31,776,epsrwYgPyUV4qhCquP,GIF,12949
2026-08-31,777,oEgmDtYesxKZLeYfbk,STICKER,12947
2026-08-31,778,XB8mTbeXNfl7OIlAkt,GIF,12898
2026-08-31,779,jCb2I9TIDuTGehdSHx,GIF,12820
2026-08-31,780,cGbSORzwb2xpTVTEXC,GIF,12733
2026-08-31,781,x61sB9WoV0TIwRSfsR,GIF,12705
2026-08-31,782,xTsdxIAnggFtww1tbS,STICKER,12556
2026-08-31,783,Obpk3J2ge7JTNHLlsG,STICKER,12550
2026-08-31,784,BUkQuFqMIKmPbzBBH6,GIF,12543
2026-08-31,785,likC4dBv9fLsDhQq1X,GIF,12509
2026-08-31,786,g1TgPevFB2j9fFhIUv,GIF,12461
2026-08-31,787,GREZfNqe681gUp8ECl,GIF,12423
2026-08-31,788,48lOBPTz2RBZlk6s5K,STICKER,12351
2026-08-31,789,kqkgYGr6YOULDs5Fcn,GIF,12260
2026-08-31,790,P2dP3D2kAzqcRPPaWr,GIF,12195
2026-08-31,791,btR3gAi7NqgMjA2aNz,GIF,12180
2026-08-31,792,ocHIQm4HwUXQHcA1U0,GIF,12156
2026-08-31,793,kAVvf8QMmCmXU7NDA6,GIF,12109
2026-08-31,794,pMfKSHdT0qvK2OJJKD,GIF,12082
2026-08-31,795,85pJRIDsWcRCRBKFhd,STICKER,12067
2026-08-31,796,9Se0FcKFZFCt7lM2x3,GIF,11843
2026-08-31,797,V6nWD8hjJ0NqRkwKwf,STICKER,11671
2026-08-31,798,YEzgbuQKP7ilTDmGni,GIF,11655
2026-08-31,799,z7SQKvGQvXrAtw9e0b,STICKER,11524
2026-08-31,800,kkOBICGZgUnawZm7If,GIF,11412
2026-08-31,801,mbf00vMY6UbT9h86hi,GIF,11409
2026-08-31,802,APgneCdOW1Reh0qaf0,STICKER,11398
2026-08-31,803,8eLBLo0NrUqDGNrH3W,STICKER,11338
2026-08-31,804,KlL7G6C1HWtdM3YHse,GIF,11327
2026-08-31,805,5sWddKfNN6ISDvkDWK,STICKER,11303
2026-08-31,806,4LSRc6JcAvdcJvOele,STICKER,11267
2026-08-31,807,i8VD6cSurXwKJF8qoh,GIF,11123
2026-08-31,808,FRKnlYZ5Sc1GyYRhym,STICKER,11095
2026-08-31,809,WI86dbD53DB2Ya13yE,GIF,11056
2026-08-31,810,pq5a9erYX0mupYAw0r,GIF,10902
2026-08-31,811,fLLDOs1PXL5od8aETL,GIF,10895
2026-08-31,812,qelk4LqaOuWJeyH8dj,GIF,10825
2026-08-31,813,3WtvsRqbAJO3p0nxNG,GIF,10808
2026-08-31,814,tPrbmCVHFFg7K72O3L,GIF,10795
2026-08-31,815,TBERH8SbfqimWzO26A,STICKER,10781
2026-08-31,816,eSsZhIN2fbG9cZ4qhI,GIF,10698
2026-08-31,817,6JQsOcUAjOChX75DUd,GIF,10648
2026-08-31,818,TVw6bjoUTlxRk8FSwM,GIF,10588
2026-08-31,819,Wotgrzr1tPTdfJTrp9,GIF,10502
2026-08-31,820,YSGYAhBJmO8fZiDyMH,GIF,10486
2026-08-31,821,TKD59tLZwJjpInRhVE,STICKER,10423
2026-08-31,822,DoNIRpsowBXVQjshzI,STICKER,10414
2026-08-31,823,uRu8dFMCWLKNRlMCmu,STICKER,10329
2026-08-31,824,Jnc5Sl0MpsH7wF5PBG,GIF,10292
2026-08-31,825,QozR1lmgh6PNPxiPDH,GIF,10279
2026-08-31,826,rShS2A9N2fJxhddR73,STICKER,10213
2026-08-31,827,RvcR0cRgecgpmgCjti,GIF,10185
2026-08-31,828,2MJOk63MZDgJLnCWbP,GIF,10134
2026-08-31,829,nlRq8kEVEGEqLhJXS6,GIF,9960
2026-08-31,830,6KAGK2RnpkpBJCM8pW,STICKER,9950
2026-08-31,831,2gXb2GoR2fu58PIHhV,STICKER,9922
2026-08-31,832,JfYHNaMLT2Our6QZoh,STICKER,9877
2026-08-31,833,F0x8UfLG8yOQPPRCj9,GIF,9818
2026-08-31,834,o582qaiYg31UCY2MHB,GIF,9673
2026-08-31,835,Oy3HDm5jfdMkgrHwrf,GIF,9604
2026-08-31,836,6nKHuV12HeAYk5Qyry,GIF,9532
2026-08-31,837,JJeQWqCysrgl8pxNh0,STICKER,9511
2026-08-31,838,rFFMgUw7o0MdXN0Lcv,GIF,9491
2026-08-31,839,vRiyDA4IVaT77hjzor,STICKER,9431
2026-08-31,840,ahzheVVpPPdCwejdOe,GIF,9418
2026-08-31,841,Zd7hy7VoGaOTlTsANK,GIF,9370
2026-08-31,842,KxC6WSlrAqoG2ZPZwr,GIF,9261
2026-08-31,843,C932EjtWrmuYbX5KYd,GIF,9196
2026-08-31,844,AOXdCCwtj3Jeic1FY0,STICKER,9186
2026-08-31,845,BP9MV9M2iTOdPP2szZ,STICKER,9173
2026-08-31,846,ocQq23oTR3xieuMKVv,STICKER,9122
2026-08-31,847,Ph7plOOKJNbslxKyrP,STICKER,9113
2026-08-31,848,y4clWEz09eNed1WsX8,STICKER,9091
2026-08-31,849,4mTE4i8Zui0pfyN6Tj,STICKER,9083
2026-08-31,850,xkc4OjlkEu20QRCgt1,GIF,9053
2026-08-31,851,ki9w0hQae7VtoRnFmi,GIF,8874
2026-08-31,852,8hx8uoZR5mx3pAnEre,STICKER,8852
2026-08-31,853,FrixhPI7XEfr3wS5yp,GIF,8790
2026-08-31,854,ry6PYSjQZO6MRrR4mP,GIF,8771
2026-08-31,855,ISBdLIqOp4BB0XZ9ZP,STICKER,8744
2026-08-31,856,5dhF60l8tjO4UUuTTz,STICKER,8730
2026-08-31,857,SjvWVpHkfwMFdgXoBR,STICKER,8706
2026-08-31,858,evwZTXQ9eTaIaMq5mV,GIF,8705
2026-08-31,859,p2siAywa55FzDHbCvQ,GIF,8684
2026-08-31,860,ylQtCW6zrlfGS8glXw,STICKER,8642
2026-08-31,861,93ZBUB81lQlO28oAU3,STICKER,8481
2026-08-31,862,MOFcWviiXfudeIwlN5,GIF,8478
2026-08-31,863,zwhh70RrzFm6xIkbty,STICKER,8391
2026-08-31,864,KdGrZVeuGKH1GUuc29,STICKER,8299
2026-08-31,865,gEjdVfmchsJIDdNhHn,GIF,8291
2026-08-31,866,xsrxivJCfbyxTsmAzA,GIF,8205
2026-08-31,867,MoUvrMYhXbXOYMTXOs,STICKER,8143
2026-08-31,868,1ui7bi7c2bgkwLOVkt,GIF,8123
2026-08-31,869,GXeaCeLxr1Vgcurw78,GIF,8080
2026-08-31,870,smYcsWrx7gVuOkY5QQ,GIF,8048
2026-08-31,871,JYGndXVhK5n2aZ2mne,STICKER,8004
2026-08-31,872,NzJ2mFSbkzVkj29CYP,GIF,7945
2026-08-31,873,h3LXEuX6X5Oyq34byu,STICKER,7935
2026-08-31,874,XrVIIbHzGO01bZXhfP,GIF,7896
2026-08-31,875,lckVXkNU5pajkTH2Y4,GIF,7775
2026-08-31,876,1CtnvXO5JJQFN6DhpR,STICKER,7749
2026-08-31,877,0k7iBVimZCliGYjdfK,GIF,7745
2026-08-31,878,sUB4mT5lYLiasBJttS,STICKER,7735
2026-08-31,879,F0VrUFmKKrBimQ9woR,STICKER,7686
2026-08-31,880,eEsEr5zx8SiFZxNOFO,STICKER,7661
2026-08-31,881,UsmbteOniFBYGWTrHx,GIF,7640
2026-08-31,882,W04ps2Hb3KrzSRGeh6,GIF,7620
2026-08-31,883,TLNXOTG5HpwUpM0AKc,GIF,7599
2026-08-31,884,CaMmxb3XIcnjsNcooW,STICKER,7584
2026-08-31,885,3fSVzda67xbuHj0jFc,GIF,7547
2026-08-31,886,A3LVoOEQrusFFssX5m,STICKER,7503
2026-08-31,887,Y0aIHKXBQx9NLXemZI,GIF,7436
2026-08-31,888,pUVuTcZHMGVaSaK1Ck,GIF,7428
2026-08-31,889,x6rwajoFHoTnDGEBmG,GIF,7400
2026-08-31,890,MyCyi89mx9JPC9bHv7,GIF,7340
2026-08-31,891,mHwma9gZf9Anp5nnVR,STICKER,7340
2026-08-31,892,zvQsooz0XRnldcroLB,STICKER,7335
2026-08-31,893,WnwDnEpBSVBu0PVCaD,GIF,7280
2026-08-31,894,NtixrPKVBoWUbOH7fu,GIF,7215
2026-08-31,895,gS1Ap1qSUAuXOzcXTe,STICKER,7105
2026-08-31,896,vh8iTiG94nQbvh7KU8,GIF,7077
2026-08-31,897,9U6b6gMXIeBroW6Uyr,GIF,6955
2026-08-31,898,y9JLObWA6FDyT60nRE,STICKER,6950
2026-08-31,899,jFL0Jku8oke1gRzhUF,GIF,6945
2026-08-31,900,RTfnIv6gEMX6qqTUtt,STICKER,6898
2026-08-31,901,d6UTJkeCNSuMgArYQg,STICKER,6864
2026-08-31,902,x3BOQ7gVdAFs1DyHjc,GIF,6827
2026-08-31,903,NAZYVzLH4TyUPo7KZa,GIF,6786
2026-08-31,904,wDqy3MMG6OulHguob9,GIF,6583
2026-08-31,905,4BK8VPhK3i3iJZFVPl,STICKER,6581
2026-08-31,906,4hGHgXEoALrkYlKW9m,STICKER,6580
2026-08-31,907,0S2uKh8lb7S9fwEimR,STICKER,6565
2026-08-31,908,JzWgXU8rTwWUH8tbYo,STICKER,6490
2026-08-31,909,PnqbhEnqfDEUnOi5cH,GIF,6466
2026-08-31,910,USPTPyzyOMCwrK5zXw,STICKER,6433
2026-08-31,911,ATiZp8tOfAvn28QQ1m,STICKER,6401
2026-08-31,912,KAno7uyRv1fjZpX8y2,GIF,6391
2026-08-31,913,swXwzpLVqMM4Eop4OM,STICKER,6161
2026-08-31,914,8lSG7jt9Y9Cp31wkzs,STICKER,6142
2026-08-31,915,jKPairXn7E0xJEqa05,STICKER,6134
2026-08-31,916,PCp60Cx6Gi4nyLdAgN,STICKER,6081
2026-08-31,917,XTYH75Q2sO9K1quzVc,GIF,6066
2026-08-31,918,z2oQtqJei1ayrEiYcH,STICKER,5970
2026-08-31,919,MzgtF00ibDEZHZkNPV,STICKER,5944
2026-08-31,920,ZVptXMYcNilTxHPwcx,GIF,5940
2026-08-31,921,WLzt1JWtKef6R4MBNx,STICKER,5924
2026-08-31,922,b9iyHY2H42ewQGxDWD,GIF,5871
2026-08-31,923,cxbUMUj2i7eJ7yuA4i,GIF,5832
2026-08-31,924,iU3b4pC0P1BXj0q33u,STICKER,5799
2026-08-31,925,z0sj3DuV3ttRPfVYRQ,STICKER,5735
2026-08-31,926,oT8h0iLmJVj4OORrVw,GIF,5731
2026-08-31,927,ieMprRvRtPJlkSN7Z2,GIF,5722
2026-08-31,928,MkWIIlx3OJUj6dte7h,STICKER,5721
2026-08-31,929,GReEXRa7nHZrsUhkff,STICKER,5665
2026-08-31,930,3aLfwXXdaxpvQLE10A,STICKER,5578
2026-08-31,931,lExaka5k8Jvbdv8DSx,STICKER,5577
2026-08-31,932,TGQHtxrjS5GuOOdx5W,GIF,5551
2026-08-31,933,ASrST0gOqd9ZQEQUcY,GIF,5507
2026-08-31,934,TgzPQznnOCOG8NIE5T,STICKER,5481
2026-08-31,935,hIP7IxySDujDjTcCgk,GIF,5444
2026-08-31,936,FE082NASfhS5hGoRfm,GIF,5443
2026-08-31,937,0fBwgKVBedJHFJzAQF,GIF,5413
2026-08-31,938,x1YB30hC9QDiEToWA1,GIF,5388
2026-08-31,939,c0JrW3Th0N1wNuPFsQ,GIF,5279
2026-08-31,940,mSUqzqKJXnQJGn8E0u,STICKER,5252
2026-08-31,941,Zyd6JmTFfvjCT90VWW,GIF,5194
2026-08-31,942,NeC3tEfdVwAx9KLUM0,STICKER,5189
2026-08-31,943,DYwNxxZXbBlCDPb8Ef,STICKER,5142
2026-08-31,944,mVtnczUmQEvSF3sOSS,GIF,5059
2026-08-31,945,9UHt6If8rRUWpqieQ6,STICKER,4982
2026-08-31,946,LmZ1eYxkhzjwAdg5QL,GIF,4974
2026-08-31,947,fKD57YqKPZ3oA7M4xG,GIF,4926
2026-08-31,948,mOfr7vCOfkmMgNZfhM,STICKER,4926
2026-08-31,949,EkcxDEfhpQPDEHLjwJ,STICKER,4896
2026-08-31,950,XpipO7EiW0OXecyZOv,GIF,4855
2026-08-31,951,mN9I9lpyxfZ8Gtkapj,GIF,4836
2026-08-31,952,nuT670sPtTkLpJGpxW,GIF,4823
2026-08-31,953,c7HRyBlJet2bFWn5zF,GIF,4770
2026-08-31,954,f2ZHXrodz3RRcuqTOo,GIF,4769
2026-08-31,955,z6IQFfFdVnCWKtTaRv,GIF,4729
2026-08-31,956,15dUdBxg7yHfnRNU7Y,STICKER,4723
2026-08-31,957,WpmwMRDzK6t5HcmzCJ,GIF,4696
2026-08-31,958,x1wUUVLTWSgjb61Drl,STICKER,4660
2026-08-31,959,gV15dSeODe88bn6qQR,STICKER,4654
2026-08-31,960,5BgFFHb09dESx7zqli,STICKER,4629
2026-08-31,961,SMe2S4rJE2Wdze1myZ,STICKER,4623
2026-08-31,962,QdS9KpyCg26gLoaS1P,GIF,4599
2026-08-31,963,QWxKVnd7vJclaO5KD4,STICKER,4544
2026-08-31,964,lqlcs6sggqbBo2FSm2,STICKER,4544
2026-08-31,965,yIJmaX2vtYP7W3pG5N,STICKER,4524
2026-08-31,966,weu7IIXaeX1xtKGHgz,STICKER,4455
2026-08-31,967,vIo7Jz8nfzb8krTpw1,GIF,4434
2026-08-31,968,Lx8INvzlMMlQ8bQNbo,GIF,4395
2026-08-31,969,1djpUfuj1q5zamopKb,STICKER,4388
2026-08-31,970,pKd7pqkQCBuTbHx879,STICKER,4374
2026-08-31,971,xbI1zrZd1QJXsqpByW,GIF,4294
2026-08-31,972,vkwh9ULskLJXWptoSI,GIF,4278
2026-08-31,973,6cX7vet4YAxk5XCPgB,STICKER,4272
2026-08-31,974,QHoxSv5YXlXOtuE4DW,GIF,4257
2026-08-31,975,yDFFScheemyrD4zgrE,STICKER,4214
2026-08-31,976,tv2iN6Zg5iW3bEBuSR,STICKER,4198
2026-08-31,977,lZpO7Do65wTMyL6pTw,GIF,4197
2026-08-31,978,PEi1oQIIty4TOpuwD6,STICKER,4165
2026-08-31,979,BhVLSNtusGv4xTi0WR,GIF,4122
2026-08-31,980,hHU8cP569TFwoWcrl0,GIF,4114
2026-08-31,981,6LwTAchE2sAFi1Acvr,GIF,4081
2026-08-31,982,R4gBgTFknn0FdAer3c,GIF,4079
2026-08-31,983,jOD0UBpJJ0cWe7HWpk,GIF,4079
2026-08-31,984,B6FP8NtO4tVmogFbTB,STICKER,4059
2026-08-31,985,1zXfmeVx5OsXfSPXZb,GIF,4026
2026-08-31,986,UpKZHAIHaom7m8oqEG,GIF,4002
2026-08-31,987,YABTKYIAmeJSaLr2kV,STICKER,3976
2026-08-31,988,kSQgxps254FWBwB2pO,GIF,3961
2026-08-31,989,aYIodIqG1nmbH1MPuI,STICKER,3953
2026-08-31,990,HDcKa4AKZLIbXnJgVg,STICKER,3932
2026-08-31,991,77darDRCvKYK3108SW,GIF,3920
2026-08-31,992,BYbzy4UJj3jZGQzObN,STICKER,3873
2026-08-31,993,VV5t8tfDi28sKVeaOj,STICKER,3810
2026-08-31,994,HNrd0RQYe1KzL6nmf6,GIF,3800
2026-08-31,995,92MweENg9NFVV2IS5I,GIF,3793
2026-08-31,996,u3yUNMoKcvZ5mFEDJu,GIF,3767
2026-08-31,997,tbM0KkSZBNwDUqlqde,GIF,3716
2026-08-31,998,HVDscexF0PPZxgBh4M,GIF,3692
2026-08-31,999,Lovih36S5jU5y6aJht,STICKER,3586
2026-08-31,1000,ItO7l3CTSHgpeB4Ywp,STICKER,3583
