snapshot_date,gif_id,title,kind,created,upload_epoch,views
2026-07-08,N4Aef2XhTGp692NZx7,World Cup Football GIF by OneFootball Heads,gif,2026-07-06T16:44:20+0000,1783356260,514
2026-07-08,zkn7BLV7uUc5Orkzzr,Happy Football GIF by OneFootball Heads,gif,2026-07-06T16:44:16+0000,1783356256,1212
2026-07-08,UPnKAxvJFJWIJn1NNK,Happy Football GIF by OneFootball Heads,gif,2026-07-06T16:44:11+0000,1783356251,1016
2026-07-08,CKVjlqUmBZdyT7d3W7,World Cup Football GIF by OneFootball Heads,gif,2026-07-06T16:44:00+0000,1783356240,681
2026-07-08,go703FNMkaozEq7tqJ,World Cup Football GIF by OneFootball Heads,gif,2026-07-06T16:43:55+0000,1783356235,746
2026-07-08,x61sB9WoV0TIwRSfsR,World Cup Football GIF by OneFootball Heads,gif,2026-07-05T10:20:52+0000,1783246852,490
2026-07-08,pfDwG4T0vC4IxqS2eN,World Cup Football GIF by OneFootball Heads,gif,2026-07-05T10:20:45+0000,1783246845,1669
2026-07-08,1YIOwyDs2IK6MPvs3f,World Cup Football GIF by OneFootball Heads,gif,2026-07-05T10:20:35+0000,1783246835,566
2026-07-08,U4iDELyXogCfzk2SPc,World Cup Football GIF by OneFootball Heads,gif,2026-07-05T10:20:29+0000,1783246829,579
2026-07-08,NzJ2mFSbkzVkj29CYP,World Cup Football GIF by OneFootball Heads,gif,2026-07-05T10:20:22+0000,1783246822,1518
2026-07-08,xW6AwwdTobQgDZ3nAU,World Cup Football GIF by OneFootball Heads,gif,2026-07-05T10:20:15+0000,1783246815,496
2026-07-08,Pd6VbhzYBpVXqj1D2b,World Cup Football GIF by OneFootball Heads,gif,2026-07-05T10:20:03+0000,1783246803,2344
2026-07-08,bOLdbJxTL32fzUfQ79,Germany Football GIF by OneFootball Heads,gif,2026-07-05T10:19:57+0000,1783246797,916
2026-07-08,7HLrdcksEhIrZa9Zir,Germany Football GIF by OneFootball Heads,gif,2026-07-05T10:19:50+0000,1783246790,481
2026-07-08,uKuw4epL1KjAqERkXv,Germany Football GIF by OneFootball Heads,gif,2026-07-05T10:19:44+0000,0,0
2026-07-08,0LBI2fJsWSO88UZip6,World Cup Football GIF by OneFootball Heads,gif,2026-07-05T10:19:38+0000,1783246778,5240
2026-07-08,zysC5B66n65evvIv2j,World Cup Football GIF by OneFootball Heads,gif,2026-07-05T10:19:32+0000,1783246772,1300
2026-07-08,WDTFmWErrBo9vvuMJ5,World Cup Football GIF by OneFootball Heads,gif,2026-07-05T10:19:24+0000,1783246764,29494
2026-07-08,KksuC9fn8zo5RlERgg,World Cup Football GIF by OneFootball Heads,gif,2026-07-05T10:19:17+0000,1783246757,516
2026-07-08,1gsEMwwsNPO36OxOQK,World Cup Football GIF by OneFootball Heads,gif,2026-07-05T10:19:09+0000,1783246749,1476
2026-07-08,kCbiTm717MlCNnAxeU,France Football GIF by OneFootball Heads,gif,2026-07-05T10:19:02+0000,1783246742,882
2026-07-08,b7B608uSFXLuR9yWYH,France Football GIF by OneFootball Heads,gif,2026-07-05T10:18:56+0000,1783246736,590
2026-07-08,4bXiLL05WASnteKd7V,France Football GIF by OneFootball Heads,gif,2026-07-05T10:18:48+0000,1783246728,1372
2026-07-08,FxFgVET0GLKFojvrla,France Football GIF by OneFootball Heads,gif,2026-07-05T10:18:41+0000,1783246721,902
2026-07-08,5050Byd8dZiD8S7OQo,World Cup Football GIF by OneFootball Heads,gif,2026-07-05T10:18:35+0000,1783246715,1494
2026-07-08,uZCGmkB8j9Y2LrKCgC,World Cup Football GIF by OneFootball Heads,gif,2026-07-05T10:18:30+0000,1783246710,3053
2026-07-08,YEzgbuQKP7ilTDmGni,World Cup Football GIF by OneFootball Heads,gif,2026-07-05T10:18:22+0000,1783246702,1199
2026-07-08,31mHgJnJUAJXIB62kJ,World Cup Football GIF by OneFootball Heads,gif,2026-07-05T10:18:14+0000,1783246694,896
2026-07-08,V2iTAiTz1UENEuooXW,World Cup Football GIF by OneFootball Heads,gif,2026-07-05T10:18:06+0000,1783246686,3637
2026-07-08,6JNI1PXys4vMII0f9A,World Cup Football GIF by OneFootball Heads,gif,2026-07-05T10:17:57+0000,1783246677,5443
2026-07-08,U0K68elO5NOob4q372,World Cup Football GIF by OneFootball Heads,gif,2026-07-05T10:17:49+0000,1783246669,4419
2026-07-08,A1yl317Qn9BkRcNDyq,Germany Football GIF by OneFootball Heads,gif,2026-07-05T10:17:34+0000,1783246654,454
2026-07-08,UxIqUYwwUampJ8DTtS,World Cup Football GIF by OneFootball Heads,gif,2026-07-05T10:17:26+0000,1783246646,1469
2026-07-08,ifOOtGdoahRmSdfh4k,Germany Football GIF by OneFootball Heads,gif,2026-07-05T10:17:19+0000,1783246639,1404
2026-07-08,kqkgYGr6YOULDs5Fcn,World Cup Shrug GIF by OneFootball Heads,gif,2026-07-05T10:17:12+0000,1783246632,1546
2026-07-08,RHu5cVwkEKODGJMFhD,World Cup Football GIF by OneFootball Heads,gif,2026-07-05T10:17:05+0000,1783246625,3788
2026-07-08,imjTWu6Vx9k0QJwpv4,World Cup Football GIF by OneFootball Heads,gif,2026-07-05T10:16:58+0000,1783246618,3154
2026-07-08,JdCL1IXkf3ObMe1SIJ,World Cup Football GIF by OneFootball Heads,gif,2026-07-05T10:16:51+0000,1783246611,692
2026-07-08,jJjpM5aG60awjoTpKb,World Cup Football GIF by OneFootball Heads,gif,2026-07-05T10:16:44+0000,1783246604,1831
2026-07-08,bnqEjEUGGVrwEqWNJ0,World Cup Football GIF by OneFootball Heads,gif,2026-07-05T10:16:36+0000,1783246596,2772
2026-07-08,KyUIjPQuLolO6vfaFD,World Cup Football GIF by OneFootball Heads,gif,2026-07-05T10:16:30+0000,1783246590,12436
2026-07-08,rqRCINmIhqekY7cxwt,World Cup Football GIF by OneFootball Heads,gif,2026-07-05T10:16:13+0000,1783246573,11262
2026-07-08,GxQiKyAy9kzwWgAClZ,World Cup Football GIF by OneFootball Heads,gif,2026-07-05T10:16:06+0000,1783246566,582
2026-07-08,e0tqAwofWcxXx9iIN2,World Cup Football GIF by OneFootball Heads,gif,2026-07-05T10:15:58+0000,1783246558,7805
2026-07-08,jCb2I9TIDuTGehdSHx,World Cup Football GIF by OneFootball Heads,gif,2026-07-05T10:15:50+0000,1783246550,2130
2026-07-08,ybF46HrsLDFuMrg0NO,France Football GIF by OneFootball Heads,gif,2026-07-05T10:15:42+0000,1783246542,2797
2026-07-08,fFcZ7GbvG7949eU5xg,World Cup Football GIF by OneFootball Heads,gif,2026-07-05T10:15:36+0000,1783246536,3425
2026-07-08,hPd95ZhVUZRpaqfS71,World Cup Football GIF by OneFootball Heads,gif,2026-07-05T10:15:29+0000,1783246529,2687
2026-07-08,RwHdKDHMgbReieccJ4,World Cup Football GIF by OneFootball Heads,gif,2026-07-05T10:15:22+0000,1783246522,362
2026-07-08,YhWN4jrl9saWCBtYVs,World Cup Football GIF by OneFootball Heads,gif,2026-07-05T10:15:14+0000,1783246514,1360
2026-07-08,BKBmjqo7OhXyBwjnJ1,World Cup Football GIF by OneFootball Heads,gif,2026-07-05T10:15:03+0000,1783246503,410
2026-07-08,2OZgYoYD7xUPQjGmsl,World Cup Football GIF by OneFootball Heads,gif,2026-07-05T10:14:57+0000,1783246497,547
2026-07-08,FrixhPI7XEfr3wS5yp,World Cup Football GIF by OneFootball Heads,gif,2026-07-05T10:14:51+0000,1783246491,1408
2026-07-08,mp4uQj1yhchE0FJb19,World Cup Football GIF by OneFootball Heads,gif,2026-07-05T10:14:44+0000,1783246484,649
2026-07-08,WHFiPP52PG9th1XmMP,World Cup Football GIF by OneFootball Heads,gif,2026-07-05T10:14:36+0000,1783246476,2956
2026-07-08,zC1NmByT5WMiTaMHQS,Germany Football GIF by OneFootball Heads,gif,2026-07-05T10:14:29+0000,1783246469,1007
2026-07-08,dszvmLR6BjdJ3cN3B5,Germany Football GIF by OneFootball Heads,gif,2026-07-05T10:14:23+0000,1783246463,524
2026-07-08,iRowpDxl0o0Qs0f422,Germany Football GIF by OneFootball Heads,gif,2026-07-05T10:14:18+0000,1783246458,783
2026-07-08,DvT1BeIHu3ChyybxkR,World Cup Football GIF by OneFootball Heads,gif,2026-07-05T10:14:12+0000,1783246452,3509
2026-07-08,UzKPSpSLYsY3sTLQ7e,World Cup Football GIF by OneFootball Heads,gif,2026-07-05T10:14:03+0000,1783246443,996
2026-07-08,iVj1jzisyn9qoy0HwT,World Cup Football GIF by OneFootball Heads,gif,2026-07-05T10:13:54+0000,1783246434,2739
2026-07-08,MSUZpSsPXDiTRUuHTL,World Cup Football GIF by OneFootball Heads,gif,2026-07-05T10:13:45+0000,1783246425,472
2026-07-08,k8u0YOIFdyRsTb950U,World Cup Football GIF by OneFootball Heads,gif,2026-07-05T10:13:38+0000,1783246418,1284
2026-07-08,LcCD3TkQe4SJroMYz5,France Football GIF by OneFootball Heads,gif,2026-07-05T10:13:30+0000,1783246410,1502
2026-07-08,lJGL45KeCLzPSaUgTV,France Football GIF by OneFootball Heads,gif,2026-07-05T10:13:25+0000,1783246405,661
2026-07-08,X29WgAKGLutorgO69Y,France Football GIF by OneFootball Heads,gif,2026-07-05T10:13:18+0000,1783246398,1450
2026-07-08,6DHkm44QfaRU4jjkTd,France Football GIF by OneFootball Heads,gif,2026-07-05T10:13:11+0000,1783246391,861
2026-07-08,jQgLlzy0ZT54ZCBLTt,World Cup Football GIF by OneFootball Heads,gif,2026-07-05T10:13:04+0000,1783246384,1102
2026-07-08,nohvpMrEwXy468gDFR,World Cup Football GIF by OneFootball Heads,gif,2026-07-05T10:12:59+0000,1783246379,3208
2026-07-08,5IVmTwSUBkM26gnwiT,World Cup Football GIF by OneFootball Heads,gif,2026-07-05T10:12:51+0000,1783246371,1307
2026-07-08,XPN3II0GRNvYBEbxqs,World Cup Football GIF by OneFootball Heads,gif,2026-07-05T10:12:44+0000,1783246364,1362
2026-07-08,9x7iTJfqgFQMCs0cvY,World Cup Football GIF by OneFootball Heads,gif,2026-07-05T10:12:38+0000,1783246358,3499
2026-07-08,kQRBgO3pn3vEnFTgXa,World Cup Football GIF by OneFootball Heads,gif,2026-07-05T10:12:31+0000,1783246351,5114
2026-07-08,0r0YUGcSj97ueZws1I,World Cup Football GIF by OneFootball Heads,gif,2026-07-05T10:12:24+0000,1783246344,4586
2026-07-08,bzs9ftqVS6wCqrRuWx,Germany Football GIF by OneFootball Heads,gif,2026-07-05T10:12:13+0000,1783246333,511
2026-07-08,cR1Bnk7j1OAqINYtOY,World Cup Football GIF by OneFootball Heads,gif,2026-07-05T10:12:01+0000,1783246321,1067
2026-07-08,9L7p0XupqB44TIXms9,Germany Football GIF by OneFootball Heads,gif,2026-07-05T10:11:54+0000,1783246314,1312
2026-07-08,4Z5Et8yinfeZ1jfuJF,World Cup Shrug GIF by OneFootball Heads,gif,2026-07-05T10:11:43+0000,1783246303,1802
2026-07-08,hRRHZWBCM1iGz8W69i,World Cup Football GIF by OneFootball Heads,gif,2026-07-05T10:11:29+0000,1783246289,2164
2026-07-08,cZYcjyCHHn2mk1ikmK,World Cup Football GIF by OneFootball Heads,gif,2026-07-05T10:11:22+0000,1783246282,720
2026-07-08,toz148aIki3hNi79mi,World Cup Football GIF by OneFootball Heads,gif,2026-07-05T10:11:15+0000,1783246275,555
2026-07-08,saM8smyVfRy2WxXNf3,World Cup Football GIF by OneFootball Heads,gif,2026-07-05T10:11:06+0000,1783246266,2690
2026-07-08,sN3d7kXdPbvjlidiJz,World Cup Football GIF by OneFootball Heads,gif,2026-07-05T10:11:00+0000,1783246260,3363
2026-07-08,S8nncQt2T539fDIA0b,World Cup Football GIF by OneFootball Heads,gif,2026-07-05T10:10:40+0000,1783246240,8546
2026-07-08,2fhhHvDo2dUJMgJFW6,World Cup Football GIF by OneFootball Heads,gif,2026-07-05T10:10:32+0000,1783246232,500
2026-07-08,cxkFjp3QZGzSh1Iyxz,World Cup Football GIF by OneFootball Heads,gif,2026-07-05T10:10:26+0000,1783246226,7706
2026-07-08,kc5sCk8smIzR9bEVmq,World Cup Football GIF by OneFootball Heads,gif,2026-07-05T10:10:19+0000,1783246219,2184
2026-07-08,syTxsyJjCeublic7d4,France Football GIF by OneFootball Heads,gif,2026-07-05T10:10:12+0000,1783246212,923
2026-07-08,1yWBEir2xnNtXtsIt9,World Cup Football GIF by OneFootball Heads,gif,2026-07-05T10:10:04+0000,1783246204,2956
2026-07-08,6a3eNd7DeaD1dk11hn,World Cup Football GIF by OneFootball Heads,gif,2026-07-05T10:09:57+0000,1783246197,2307
2026-07-08,eSfJodS0foTOVqrBg1,6 7 Football GIF by OneFootball Heads,gif,2026-06-18T16:43:59+0000,1781801039,9239
2026-07-08,cpWDzbkGXinjazXAsQ,6 7 Football GIF by OneFootball Heads,gif,2026-06-18T16:43:55+0000,1781801035,10156
2026-07-08,JbyrV7bzRuZeOpzb30,World Cup Football GIF by OneFootball Heads,gif,2026-06-18T16:15:03+0000,1781799303,17405
2026-07-08,Do7K8nCJQrwf7gsrRm,World Cup Football GIF by OneFootball Heads,gif,2026-06-18T16:14:56+0000,1781799296,26344
2026-07-08,d07pfKl4LYFx9eOGnG,World Cup Football GIF by OneFootball Heads,gif,2026-06-18T16:14:50+0000,1781799290,27188
2026-07-08,iUmxhJqvJmf1ytmdok,World Cup Football GIF by OneFootball Heads,gif,2026-06-18T16:14:44+0000,1781799284,243790
2026-07-08,65WZEH3DbzTOskjZ9F,World Cup Football GIF by OneFootball Heads,gif,2026-06-18T16:14:38+0000,1781799278,24083
2026-07-08,NU5arjj8ut7RpNelJ9,World Cup Football GIF by OneFootball Heads,gif,2026-06-18T16:14:32+0000,1781799272,48705
2026-07-08,PdVb9g4MVTNgQ2OL26,World Cup Football GIF by OneFootball Heads,gif,2026-06-18T16:14:27+0000,1781799267,16061
2026-07-08,BAvIhFpn2zXzDlaAKV,World Cup Football GIF by OneFootball Heads,gif,2026-06-18T16:14:21+0000,1781799261,63331
2026-07-08,0citpjho00ObF3pMEm,World Cup Football GIF by OneFootball Heads,gif,2026-06-18T16:14:16+0000,1781799256,15339
2026-07-08,QTRlMVKXeT15fGVLbk,World Cup Football GIF by OneFootball Heads,gif,2026-06-18T16:14:10+0000,1781799250,30889
2026-07-08,VOuTYkX8OhXjetxwQ5,World Cup Football GIF by OneFootball Heads,gif,2026-06-18T16:14:01+0000,1781799241,4705
2026-07-08,ioikNOK6094SPdG2gY,World Cup Football GIF by OneFootball Heads,gif,2026-06-18T16:13:55+0000,1781799235,5503
2026-07-08,UHX8Z1xxM7q95ifvMN,World Cup Football GIF by OneFootball Heads,gif,2026-06-18T16:13:49+0000,1781799229,5625
2026-07-08,0iqkjAyJgiCpPLy3Fq,World Cup Football GIF by OneFootball Heads,gif,2026-06-18T16:13:44+0000,1781799224,4895
2026-07-08,RZrRtVNSxivmiqc4ms,World Cup Football GIF by OneFootball Heads,gif,2026-06-18T16:13:38+0000,1781799218,6596
2026-07-08,51xCLRv58gqjYM63YV,World Cup Football GIF by OneFootball Heads,gif,2026-06-18T16:13:32+0000,1781799212,22869
2026-07-08,IbdIiqy5nHTtHJKeuA,World Cup Football GIF by OneFootball Heads,gif,2026-06-18T16:13:26+0000,1781799206,24713
2026-07-08,lUrvU5C0ui1UixvK9l,World Cup Football GIF by OneFootball Heads,gif,2026-06-18T16:13:20+0000,1781799200,23111
2026-07-08,kfjRVgBKSfpje8yaL1,World Cup Football GIF by OneFootball Heads,gif,2026-06-18T16:13:14+0000,1781799194,30942
2026-07-08,8HsLMUNvbQnVzLWcty,World Cup Football GIF by OneFootball Heads,gif,2026-06-18T16:13:08+0000,1781799188,23566
2026-07-08,4iC6WmsVhfZAeGj178,World Cup Football GIF by OneFootball Heads,gif,2026-06-18T16:13:02+0000,1781799182,10391
2026-07-08,oU1Fo2c50feGpaWwDh,World Cup Football GIF by OneFootball Heads,gif,2026-06-18T16:12:55+0000,1781799175,8382
2026-07-08,GW5HlgHeRXwbcIRTAO,World Cup Football GIF by OneFootball Heads,gif,2026-06-18T16:12:48+0000,1781799168,7735
2026-07-08,j4tl0BRFWySCPi8I98,World Cup Football GIF by OneFootball Heads,gif,2026-06-18T16:12:41+0000,1781799161,12743
2026-07-08,Z9OWqReW3I4Jr4MEdB,World Cup Football GIF by OneFootball Heads,gif,2026-06-18T16:12:35+0000,1781799155,7848
2026-07-08,P2dP3D2kAzqcRPPaWr,World Cup Football GIF by OneFootball Heads,gif,2026-06-18T16:12:26+0000,1781799146,5747
2026-07-08,xjLbBByLJ19X487OlI,World Cup Football GIF by OneFootball Heads,gif,2026-06-18T16:12:20+0000,1781799140,11489
2026-07-08,MMQp5dVRWpDk5TKSk3,World Cup Football GIF by OneFootball Heads,gif,2026-06-18T16:12:06+0000,1781799126,7394
2026-07-08,hkJqI1Z2eMIZGjaLGr,World Cup Football GIF by OneFootball Heads,gif,2026-06-18T16:11:59+0000,1781799119,7443
2026-07-08,tFyjXDG8DdgV7jbV1B,World Cup Football GIF by OneFootball Heads,gif,2026-06-18T16:11:53+0000,1781799113,13607
2026-07-08,2jcJ3HFGUHkTyioaUT,World Cup Football GIF by OneFootball Heads,gif,2026-06-18T16:11:46+0000,1781799106,13361
2026-07-08,cIJp8Y1yZVnCzjXSjQ,World Cup Football GIF by OneFootball Heads,gif,2026-06-18T16:11:39+0000,1781799099,9519
2026-07-08,K53ka9tKBWvdlEmEiQ,World Cup Football GIF by OneFootball Heads,gif,2026-06-18T16:11:33+0000,1781799093,10319
2026-07-08,g1TgPevFB2j9fFhIUv,World Cup Football GIF by OneFootball Heads,gif,2026-06-18T16:11:27+0000,1781799087,7215
2026-07-08,KB4yS05ErAJldfsNj8,World Cup Football GIF by OneFootball Heads,gif,2026-06-18T16:11:21+0000,1781799081,15972
2026-07-08,1d6N0pb13wv2X6Qqhh,World Cup Football GIF by OneFootball Heads,gif,2026-06-18T16:11:14+0000,1781799074,19748
2026-07-08,pWYoNgRTTOcpQEGdh4,World Cup Football GIF by OneFootball Heads,gif,2026-06-18T16:11:08+0000,1781799068,11105
2026-07-08,G4bRYCUE94lLd7ftFC,World Cup Football GIF by OneFootball Heads,gif,2026-06-18T16:11:02+0000,1781799062,8318
2026-07-08,YeGuStp7fomlR6Gj8o,World Cup Football GIF by OneFootball Heads,gif,2026-06-18T16:10:55+0000,1781799055,23046
2026-07-08,HKNFJD7cAwpvlYa6p1,World Cup Football GIF by OneFootball Heads,gif,2026-06-18T16:10:49+0000,1781799049,8391
2026-07-08,qNokvWhj3oqF4D5q3D,World Cup Football GIF by OneFootball Heads,gif,2026-06-18T16:10:42+0000,1781799042,7653
2026-07-08,QozR1lmgh6PNPxiPDH,World Cup Football GIF by OneFootball Heads,gif,2026-06-18T16:10:36+0000,1781799036,6238
2026-07-08,F0x8UfLG8yOQPPRCj9,World Cup Football GIF by OneFootball Heads,gif,2026-06-18T16:10:28+0000,1781799028,6870
2026-07-08,xdfUlTMvx8p3k8Taet,World Cup Football GIF by OneFootball Heads,gif,2026-06-18T16:10:20+0000,1781799020,13999
2026-07-08,1qJHVFYH15SpmhSykp,Believe World Cup GIF by OneFootball Heads,gif,2026-06-18T16:10:14+0000,1781799014,28245
2026-07-08,nNlKQlqY4lK6qAxiQV,World Cup Football GIF by OneFootball Heads,gif,2026-06-18T16:10:03+0000,1781799003,111598
2026-07-08,nDLvxkW2XE2ZjcVKQR,World Cup Football GIF by OneFootball Heads,gif,2026-06-18T16:09:56+0000,1781798996,9400
2026-07-08,W04ps2Hb3KrzSRGeh6,World Cup Football GIF by OneFootball Heads,gif,2026-06-18T16:09:48+0000,1781798988,4994
2026-07-08,vgMxyT3D5Nf7YtgLEN,World Cup Football GIF by OneFootball Heads,gif,2026-06-18T14:34:01+0000,1781793241,10485
2026-07-08,NMa7tlk37iWeBOSmwr,World Cup Football GIF by OneFootball Heads,gif,2026-06-18T14:33:55+0000,1781793235,5721
2026-07-08,wyVRFz9fJaE5B8IZ2I,France Football GIF by OneFootball Heads,gif,2026-06-18T14:33:49+0000,1781793229,9066
2026-07-08,w59SdHiwZO84yaEl4U,World Cup Football GIF by OneFootball Heads,gif,2026-06-18T14:33:43+0000,1781793223,43255
2026-07-08,pxIwqllLtTqwkP3P7q,France Football GIF by OneFootball Heads,gif,2026-06-18T14:33:37+0000,1781793217,6433
2026-07-08,5DIPupkmxQqmITQtN1,World Cup Football GIF by OneFootball Heads,gif,2026-06-18T14:33:30+0000,1781793210,79555
2026-07-08,gmEnnJ3Cj1fBPirnyp,World Cup Football GIF by OneFootball Heads,gif,2026-06-18T14:33:25+0000,1781793205,85946
2026-07-08,nRd5z0hIeY7xQz1yai,World Cup Football GIF by OneFootball Heads,gif,2026-06-18T14:33:19+0000,1781793199,47939
2026-07-08,hLlrlSXRBLz2a3Fa9b,World Cup Football GIF by OneFootball Heads,gif,2026-06-18T14:33:12+0000,1781793192,8965
2026-07-08,VUJFF1jbhxVFyUtLTJ,World Cup Football GIF by OneFootball Heads,gif,2026-06-18T14:33:07+0000,1781793187,403815
2026-07-08,YIVMHeeUzrNYt7qSqJ,World Cup Football GIF by OneFootball Heads,gif,2026-06-18T14:33:01+0000,1781793181,45223
2026-07-08,0OVzKdoHvIwJL7RduN,World Cup Football GIF by OneFootball Heads,gif,2026-06-18T14:32:55+0000,1781793175,9643
2026-07-08,Ad00UhfBWCrf6iIraA,World Cup Football GIF by OneFootball Heads,gif,2026-06-18T14:32:49+0000,1781793169,7558
2026-07-08,YOy4wfZdVp39GaHWHa,World Cup Football GIF by OneFootball Heads,gif,2026-06-18T14:32:43+0000,1781793163,8647
2026-07-08,ysB7TRjZlCfK705Qsx,World Cup Football GIF by OneFootball Heads,gif,2026-06-18T14:32:37+0000,1781793157,9403
2026-07-08,oVgehCwEPrMbYJAeuH,France Football GIF by OneFootball Heads,gif,2026-06-18T14:32:30+0000,1781793150,10163
2026-07-08,XYiDNupHyw1MaXyFbY,World Cup Football GIF by OneFootball Heads,gif,2026-06-18T14:32:24+0000,1781793144,16219
2026-07-08,dRdbbodInaw9ngy2et,World Cup Football GIF by OneFootball Heads,gif,2026-06-18T14:32:18+0000,1781793138,25368
2026-07-08,kg26UxATxZow3AsKZZ,World Cup Football GIF by OneFootball Heads,gif,2026-06-18T14:32:12+0000,1781793132,208584
2026-07-08,lGjWSowFgfSI3Q7CuM,World Cup Football GIF by OneFootball Heads,gif,2026-06-18T14:32:01+0000,1781793121,45097
2026-07-08,VaSaGr35NjXb2lexto,World Cup Football GIF by OneFootball Heads,gif,2026-06-18T14:31:56+0000,1781793116,40196
2026-07-08,hftSnrV7jiNn6MkQk4,France Football GIF by OneFootball Heads,gif,2026-06-18T14:31:49+0000,1781793109,12211
2026-07-08,lo0xHsbZsqAXm3DxRm,France Football GIF by OneFootball Heads,gif,2026-06-18T14:31:43+0000,1781793103,5186
2026-07-08,pzLy6Kcx9jyVz05UxB,World Cup Football GIF by OneFootball Heads,gif,2026-06-18T14:31:30+0000,1781793090,14666
2026-07-08,TCYSBvF1McWeOViTdS,World Cup Football GIF by OneFootball Heads,gif,2026-06-18T14:31:23+0000,1781793083,27044
2026-07-08,LgaosMJFuBdaBg4Zqw,World Cup Football GIF by OneFootball Heads,gif,2026-06-18T14:31:18+0000,1781793078,13774
2026-07-08,UpPyFzWrRSSCDjWW5S,France Football GIF by OneFootball Heads,gif,2026-06-18T14:31:12+0000,1781793072,5043
2026-07-08,UiN6zWG0ArXRCn52L0,World Cup Football GIF by OneFootball Heads,gif,2026-06-18T14:31:05+0000,1781793065,11505
2026-07-08,pKUmbMGZ5eNwfcEOwB,World Cup Football GIF by OneFootball Heads,gif,2026-06-18T14:30:59+0000,1781793059,14603
2026-07-08,mnFrveFv1O0NCcXXRg,World Cup Football GIF by OneFootball Heads,gif,2026-06-18T14:30:52+0000,1781793052,9997
2026-07-08,5Cniu3sjAb3IHZD5Bh,World Cup Football GIF by OneFootball Heads,gif,2026-06-18T14:30:47+0000,1781793047,42621
2026-07-08,XB8mTbeXNfl7OIlAkt,World Cup Football GIF by OneFootball Heads,gif,2026-06-18T14:30:42+0000,1781793042,8096
2026-07-08,uYAAG52VMeqNbeKxrw,World Cup Football GIF by OneFootball Heads,gif,2026-06-18T14:30:36+0000,1781793036,12215
2026-07-08,4I8DiIUSUnnTBauMmF,World Cup Football GIF by OneFootball Heads,gif,2026-06-18T14:30:30+0000,1781793030,19414
2026-07-08,mYNEpIFkBXXyA3E2SJ,World Cup Football GIF by OneFootball Heads,gif,2026-06-18T14:30:24+0000,1781793024,74523
2026-07-08,pGYHslrw9ZTEMk9Sn2,World Cup Football GIF by OneFootball Heads,gif,2026-06-18T14:30:18+0000,1781793018,89521
2026-07-08,33ZJlVdrJfJqeZ8YAd,World Cup Football GIF by OneFootball Heads,gif,2026-06-18T14:30:12+0000,1781793012,15015
2026-07-08,RYjyZx74LQ511YUxgW,World Cup Football GIF by OneFootball Heads,gif,2026-06-18T14:30:06+0000,1781793006,12434
2026-07-08,HBz4ZFEBOWzRdBO70e,World Cup Football GIF by OneFootball Heads,gif,2026-06-18T14:30:00+0000,1781793000,38365
2026-07-08,BEH8snVdAHDiqrRvhv,World Cup Football GIF by OneFootball Heads,gif,2026-06-18T14:29:54+0000,1781792994,21713
2026-07-08,O2iEG5r6EhWWPVCIMl,World Cup Football GIF by OneFootball Heads,gif,2026-06-18T14:29:49+0000,1781792989,45383
2026-07-08,A2z7pVURqwz3BlQdQp,World Cup Football GIF by OneFootball Heads,gif,2026-06-18T14:29:43+0000,1781792983,35171
2026-07-08,U2RkG4c7Vpaz9UnSuZ,World Cup Football GIF by OneFootball Heads,gif,2026-06-18T14:29:36+0000,1781792976,16287
2026-07-08,ApgAv4fFKYE5zQmdet,World Cup Football GIF by OneFootball Heads,gif,2026-06-18T14:29:30+0000,1781792970,11081
2026-07-08,c14InbFxtr5gAFCZfy,World Cup Football GIF by OneFootball Heads,gif,2026-06-18T14:29:24+0000,1781792964,13896
2026-07-08,qY5hBUyiQSBf79ntVr,France Football GIF by OneFootball Heads,gif,2026-06-18T14:29:18+0000,1781792958,5570
2026-07-08,V2cgY6r7FOSTkCgBS1,Germany Football GIF by OneFootball Heads,gif,2026-06-18T14:29:11+0000,1781792951,9847
2026-07-08,KcWVxQd0HvsbqguiXS,France Football GIF by OneFootball Heads,gif,2026-06-18T14:29:04+0000,1781792944,82862
2026-07-08,z2RmddzZET8w5zZtyb,World Cup Football GIF by OneFootball Heads,gif,2026-06-18T14:28:59+0000,1781792939,37882
2026-07-08,GMsykn2kFJhMIBPMb9,World Cup Football GIF by OneFootball Heads,gif,2026-06-18T14:28:53+0000,1781792933,15666
2026-07-08,U6zenm1kWFjycNTkdz,France Football GIF by OneFootball Heads,gif,2026-06-18T14:28:47+0000,1781792927,12277
2026-07-08,V65BD1iwdbErs5NDw7,World Cup Football GIF by OneFootball Heads,gif,2026-06-18T14:28:41+0000,1781792921,20511
2026-07-08,KR0ABF8z9pul0Xn1vj,World Cup Football GIF by OneFootball Heads,gif,2026-06-18T14:28:28+0000,1781792908,7968
2026-07-08,kmGi3ucTvgLv6pA7rE,World Cup Football GIF by OneFootball Heads,gif,2026-06-18T14:28:23+0000,1781792903,29180
2026-07-08,xQNauBqQ1WrqCAPuRE,World Cup Football GIF by OneFootball Heads,gif,2026-06-18T14:28:16+0000,1781792896,17563
2026-07-08,KlL7G6C1HWtdM3YHse,Germany Football GIF by OneFootball Heads,gif,2026-06-18T14:28:10+0000,1781792890,7192
2026-07-08,Jj6MUSSOBIS7iy4cHl,World Cup Football GIF by OneFootball Heads,gif,2026-06-18T14:28:04+0000,1781792884,20268
2026-07-08,o582qaiYg31UCY2MHB,World Cup Football GIF by OneFootball Heads,gif,2026-06-18T14:27:58+0000,1781792878,7647
2026-07-08,MVdhlDm19paYqtsMfF,Germany Football GIF by OneFootball Heads,gif,2026-06-18T14:27:52+0000,1781792872,8526
2026-07-08,M3DQRSj2ZR4BSXZMlX,World Cup Football GIF by OneFootball Heads,gif,2026-06-18T14:27:46+0000,1781792866,14182
2026-07-08,Fh1YBOMQy8ivv5QNzd,World Cup Football GIF by OneFootball Heads,gif,2026-06-18T14:27:41+0000,1781792861,7665
2026-07-08,1L3Mvo7LQ6VfgJJT6I,World Cup Football GIF by OneFootball Heads,gif,2026-06-18T14:27:35+0000,1781792855,64877
2026-07-08,FQaUqL5cxE07TVmEbM,World Cup Football GIF by OneFootball Heads,gif,2026-06-18T14:27:29+0000,1781792849,9207
2026-07-08,D41XyjutopurXno57q,World Cup Football GIF by OneFootball Heads,gif,2026-06-18T14:27:24+0000,1781792844,26972
2026-07-08,zIf83ye6vDhxzHKtUd,Germany Football GIF by OneFootball Heads,gif,2026-06-18T14:27:18+0000,1781792838,10263
2026-07-08,aow0lDW9gAStommdsS,World Cup Football GIF by OneFootball Heads,gif,2026-06-18T14:27:13+0000,1781792833,53205
2026-07-08,wulH1pzgOUFXQQNyor,World Cup Football GIF by OneFootball Heads,gif,2026-06-18T14:27:07+0000,1781792827,11555
2026-07-08,QQeMYCJmSK3CvnW69G,World Cup Football GIF by OneFootball Heads,gif,2026-06-18T14:27:01+0000,1781792821,10200
2026-07-08,UR5a8u78Xa7VdtyJIS,World Cup Football GIF by OneFootball Heads,gif,2026-06-18T14:26:56+0000,1781792816,13996
2026-07-08,9IwfTwulCPEiDADHzx,World Cup Football GIF by OneFootball Heads,gif,2026-06-18T14:26:49+0000,1781792809,36731
2026-07-08,29Z7C8nHD9ijZuMqTV,World Cup Football GIF by OneFootball Heads,gif,2026-06-18T14:26:43+0000,1781792803,28407
2026-07-08,7uuBgvGPs6E5EttML4,World Cup Football GIF by OneFootball Heads,gif,2026-06-18T14:26:37+0000,1781792797,11410
2026-07-08,4QXKOejCxZAOvUfjxZ,World Cup Football GIF by OneFootball Heads,gif,2026-06-18T14:26:30+0000,1781792790,11895
2026-07-08,p6hxl3FX2QtPN1eWsj,World Cup Football GIF by OneFootball Heads,gif,2026-06-18T14:26:24+0000,1781792784,34503
2026-07-08,HviuxhG9WFXzbBpjJe,World Cup Football GIF by OneFootball Heads,gif,2026-06-18T14:26:13+0000,1781792773,17955
2026-07-08,5b6DvVHMPq5kG9QBE7,World Cup Football GIF by OneFootball Heads,gif,2026-06-18T14:26:06+0000,1781792766,8660
2026-07-08,Zw9IYZoi4lR40x6kOh,World Cup Football GIF by OneFootball Heads,gif,2026-06-18T14:25:59+0000,1781792759,16950
2026-07-08,FXlBfysZeccejSPXLN,World Cup Football GIF by OneFootball Heads,gif,2026-06-18T14:25:54+0000,1781792754,24000
2026-07-08,j70G4xGbIAyl69HjSG,World Cup Football GIF by OneFootball Heads,gif,2026-06-18T14:25:47+0000,1781792747,28245
2026-07-08,qvGvze34SYzFy0IOjo,World Cup Football GIF by OneFootball Heads,gif,2026-06-18T14:25:41+0000,1781792741,25339
2026-07-08,XIxeCLHT9zVohiL4T9,World Cup Football GIF by OneFootball Heads,gif,2026-06-18T14:25:35+0000,1781792735,55092
2026-07-08,nfDB8cFWhS4Dee2sgL,France Football GIF by OneFootball Heads,gif,2026-06-18T14:25:29+0000,1781792729,11115
2026-07-08,yiNGJnacgioeujOFDw,France Football GIF by OneFootball Heads,gif,2026-06-18T14:25:24+0000,1781792724,14008
2026-07-08,UM7sju7MO1wK6KpVdR,World Cup Football GIF by OneFootball Heads,gif,2026-06-18T14:25:18+0000,1781792718,6496
2026-07-08,2AHzoH7CI4TQeyzYCD,France Football GIF by OneFootball Heads,gif,2026-06-18T14:25:12+0000,1781792712,7236
2026-07-08,RUcKKOR9LAGm3Sy9CY,World Cup Football GIF by OneFootball Heads,gif,2026-06-18T14:25:06+0000,1781792706,34460
2026-07-08,ymR0THwsC0ryufBoCC,World Cup Football GIF by OneFootball Heads,gif,2026-06-18T13:00:11+0000,1781787611,62916
2026-07-08,l5ZWNLnfskv9LTE03S,World Cup Football GIF by OneFootball Heads,gif,2026-06-18T12:59:41+0000,1781787581,18206
2026-07-08,GGxYV9J86hAuLOftmX,World Cup Football GIF by OneFootball Heads,gif,2026-06-18T12:59:35+0000,1781787575,65602
2026-07-08,YRgKKGuDWNqdVKUsJK,World Cup Football GIF by OneFootball Heads,gif,2026-06-18T12:59:29+0000,1781787569,43419
2026-07-08,sgLnfOIYS7BUIHXUxC,World Cup Football GIF by OneFootball Heads,gif,2026-06-18T12:59:23+0000,1781787563,15587
2026-07-08,hvHkkgdpNyYBCNwWii,World Cup Football GIF by OneFootball Heads,gif,2026-06-18T12:59:17+0000,1781787557,13798
2026-07-08,ocHIQm4HwUXQHcA1U0,World Cup Football GIF by OneFootball Heads,gif,2026-06-18T12:59:12+0000,1781787552,9053
2026-07-08,hZtR0YEJJ66b1a0Yrb,World Cup Football GIF by OneFootball Heads,gif,2026-06-18T12:59:06+0000,1781787546,6478
2026-07-08,QSA6gWBwyyXJIzo0gE,World Cup Football GIF by OneFootball Heads,gif,2026-06-18T12:59:00+0000,1781787540,9879
2026-07-08,99L1Ri4cmx4aZ82imT,World Cup Football GIF by OneFootball Heads,gif,2026-06-18T12:58:52+0000,1781787532,25139
2026-07-08,T0MPbboDiC4fnKtpKF,World Cup Football GIF by OneFootball Heads,gif,2026-06-18T12:58:48+0000,1781787528,34155
2026-07-08,XCGc4SGOCWsIxXCteW,World Cup Football GIF by OneFootball Heads,gif,2026-06-18T12:58:42+0000,1781787522,48360
2026-07-08,zSoJATxvNy74D0WE4l,World Cup Football GIF by OneFootball Heads,gif,2026-06-18T12:58:36+0000,1781787516,20406
2026-07-08,uCLrRaHsmPHmSNVkY8,World Cup Football GIF by OneFootball Heads,gif,2026-06-18T12:58:30+0000,1781787510,18338
2026-07-08,tsiV9e5BNYJs9N63xu,World Cup Football GIF by OneFootball Heads,gif,2026-06-18T12:58:25+0000,1781787505,32750
2026-07-08,vWQ3cNvlZdFGn4P8mC,World Cup Football GIF by OneFootball Heads,gif,2026-06-18T12:58:20+0000,1781787500,8568
2026-07-08,m6uaoa7xX7Dg2HnF6p,World Cup Football GIF by OneFootball Heads,gif,2026-06-18T12:58:12+0000,1781787492,6393
2026-07-08,tG40NFJ94fjjn3vRXR,World Cup Football GIF by OneFootball Heads,gif,2026-06-18T12:58:01+0000,1781787481,54163
2026-07-08,Gs7S4vm03HWudtCUxT,World Cup Football GIF by OneFootball Heads,gif,2026-06-18T12:57:56+0000,1781787476,60303
2026-07-08,lDvigQV6SivDb1PP17,World Cup Football GIF by OneFootball Heads,gif,2026-06-18T12:57:51+0000,1781787471,26744
2026-07-08,6nsJtjKzfX0DYG6Fg8,World Cup Football GIF by OneFootball Heads,gif,2026-06-18T12:57:47+0000,1781787467,21756
2026-07-08,SQwDBfwWSCoRe4PcNJ,World Cup Football GIF by OneFootball Heads,gif,2026-06-18T12:57:43+0000,1781787463,17085
2026-07-08,UwKnpGaeFmihxIEt4Z,World Cup Football GIF by OneFootball Heads,gif,2026-06-18T12:57:38+0000,1781787458,26018
2026-07-08,TfKAAlWTfJBh06kQ5S,World Cup Football GIF by OneFootball Heads,gif,2026-06-18T12:57:33+0000,1781787453,8490
2026-07-08,rI4yCkQXsGkvkN6qQy,World Cup Football GIF by OneFootball Heads,gif,2026-06-18T12:57:28+0000,1781787448,8832
2026-07-08,x6u2P1xWEqpnimsun6,World Cup Football GIF by OneFootball Heads,gif,2026-06-18T12:57:22+0000,1781787442,14947
2026-07-08,aFoEcC8r12zpxNNvSz,World Cup Football GIF by OneFootball Heads,gif,2026-06-18T12:57:16+0000,1781787436,5684
2026-07-08,Atdw4UUjkYNWJaCahh,World Cup Football GIF by OneFootball Heads,gif,2026-06-18T12:57:11+0000,1781787431,11117
2026-07-08,2XhJxylc2hyATdyLCy,World Cup Football GIF by OneFootball Heads,gif,2026-06-18T12:57:05+0000,1781787425,35562
2026-07-08,NZNjSEXDfUQbmupjJW,World Cup Football GIF by OneFootball Heads,gif,2026-06-18T12:56:59+0000,1781787419,48148
2026-07-08,a8ZxCyyxdwfSsqTwsL,World Cup Football GIF by OneFootball Heads,gif,2026-06-18T12:56:54+0000,1781787414,74879
2026-07-08,PJDjRlqkTOWG8CAWNa,World Cup Football GIF by OneFootball Heads,gif,2026-06-18T12:56:48+0000,1781787408,52056
2026-07-08,5bLSkn2OEV2LU4IPHI,World Cup Football GIF by OneFootball Heads,gif,2026-06-18T12:56:42+0000,1781787402,40301
2026-07-08,cYELoocQoVRmY2GRJq,World Cup Football GIF by OneFootball Heads,gif,2026-06-18T12:56:35+0000,1781787395,207407
2026-07-08,tRWPZFwfKYTcaQ0Vut,World Cup Football GIF by OneFootball Heads,gif,2026-06-18T12:56:28+0000,1781787388,11197
2026-07-08,kAZI2CjoJeDdkShdIp,World Cup Football GIF by OneFootball Heads,gif,2026-06-18T12:56:24+0000,1781787384,7241
2026-07-08,hVlGeCHhXYdIj5VuGy,World Cup Football GIF by OneFootball Heads,gif,2026-06-18T12:56:18+0000,1781787378,11962
2026-07-08,WxKKJGKsUUWPJgkf4N,World Cup Football GIF by OneFootball Heads,gif,2026-06-18T12:56:13+0000,1781787373,38346
2026-07-08,WxxWLGWv6UUZdsT2lS,World Cup Football GIF by OneFootball Heads,gif,2026-06-18T12:56:07+0000,1781787367,51788
2026-07-08,btR3gAi7NqgMjA2aNz,World Cup Football GIF by OneFootball Heads,gif,2026-06-18T12:55:31+0000,1781787331,5071
2026-07-08,3bdT6rswZrdJAAXyIY,World Cup Football GIF by OneFootball Heads,gif,2026-06-18T12:55:26+0000,1781787326,5916
2026-07-08,tPrbmCVHFFg7K72O3L,World Cup Football GIF by OneFootball Heads,gif,2026-06-18T12:55:20+0000,1781787320,5431
2026-07-08,K4y1b339hvcqk45WJ9,World Cup Football GIF by OneFootball Heads,gif,2026-06-18T12:55:15+0000,1781787315,233574
2026-07-08,oLP7BIj99u0sFUlnsV,World Cup Football GIF by OneFootball Heads,gif,2026-06-18T12:55:09+0000,1781787309,14530
2026-07-08,x3LVct059nDJWWHnBs,World Cup Football GIF by OneFootball Heads,gif,2026-06-18T12:55:04+0000,1781787304,14693
2026-07-08,yK7UnYilNJehrLYsIm,World Cup Football GIF by OneFootball Heads,gif,2026-06-18T12:54:59+0000,1781787299,51615
2026-07-08,gWRf9HI5C42rN1HirJ,World Cup Football GIF by OneFootball Heads,gif,2026-06-18T12:54:53+0000,1781787293,76064
2026-07-08,xoGxhyhEQOp0jXphxx,World Cup Football GIF by OneFootball Heads,gif,2026-06-18T12:54:47+0000,1781787287,110584
2026-07-08,J3HhbqcC2mKM6eetbu,World Cup Football GIF by OneFootball Heads,gif,2026-06-18T12:54:42+0000,1781787282,32778
2026-07-08,DArpiMDTC0np9ytWe8,World Cup Football GIF by OneFootball Heads,gif,2026-06-18T12:54:37+0000,1781787277,31416
2026-07-08,hUgUnBmpjUXA8w2eBC,World Cup Football GIF by OneFootball Heads,gif,2026-06-18T12:54:32+0000,1781787272,55299
2026-07-08,RjBXlk32cZwWJwL4gS,World Cup Football GIF by OneFootball Heads,gif,2026-06-18T12:54:27+0000,1781787267,10071
2026-07-08,ZeK2ek6RtyEL73iY0B,World Cup Football GIF by OneFootball Heads,gif,2026-06-18T12:54:20+0000,1781787260,37411
2026-07-08,bff86XIkSNuway0pUU,World Cup Football GIF by OneFootball Heads,gif,2026-06-18T12:54:16+0000,1781787256,79155
2026-07-08,IvciiQcSOnH7gFlwnK,World Cup Football GIF by OneFootball Heads,gif,2026-06-18T12:54:11+0000,1781787251,38564
2026-07-08,9F3kTka3lWs1MoyUW4,World Cup Football GIF by OneFootball Heads,gif,2026-06-18T12:54:03+0000,1781787243,30079
2026-07-08,ncRqGV6vGvUMh7oR7x,World Cup Football GIF by OneFootball Heads,gif,2026-06-18T12:53:56+0000,1781787236,82146
2026-07-08,gMAqaGlYLH1LnHhSQu,World Cup Football GIF by OneFootball Heads,gif,2026-06-18T12:53:51+0000,1781787231,18244
2026-07-08,kg7ti21Zmn5y1AtniN,World Cup Football GIF by OneFootball Heads,gif,2026-06-18T12:53:46+0000,1781787226,19247
2026-07-08,XR7PHHrmVHtqEK1gol,World Cup Football GIF by OneFootball Heads,gif,2026-06-18T12:53:40+0000,1781787220,39942
2026-07-08,HeFCcdgF37XybNbJM1,World Cup Football GIF by OneFootball Heads,gif,2026-06-18T12:53:35+0000,1781787215,24652
2026-07-08,XniMEEmJBr9ukfaFPg,World Cup Football GIF by OneFootball Heads,gif,2026-06-18T12:53:30+0000,1781787210,10642
2026-07-08,z3cQyCScaa6eQAPGxM,World Cup Football GIF by OneFootball Heads,gif,2026-06-18T12:53:25+0000,1781787205,20577
2026-07-08,bbd845md4bBhtzxnP2,World Cup Football GIF by OneFootball Heads,gif,2026-06-18T12:53:20+0000,1781787200,12178
2026-07-08,IhRt3YlSBJDDGKmVfA,World Cup Football GIF by OneFootball Heads,gif,2026-06-18T12:53:15+0000,1781787195,9310
2026-07-08,ob50T7GkSbkLLSRhQn,World Cup Football GIF by OneFootball Heads,gif,2026-06-18T12:53:10+0000,1781787190,9701
2026-07-08,2MJOk63MZDgJLnCWbP,Germany Football GIF by OneFootball Heads,gif,2026-06-18T12:53:05+0000,1781787185,6038
2026-07-08,tUcJ0CqH4BsIKAIDrB,Germany Football GIF by OneFootball Heads,gif,2026-06-18T12:53:00+0000,1781787180,14871
2026-07-08,HOOTxxN5gUjEhJDUzT,Germany Football GIF by OneFootball Heads,gif,2026-06-18T12:52:54+0000,1781787174,9506
2026-07-08,MibqmLIdqxwQepv1u4,France Football GIF by OneFootball Heads,gif,2026-06-18T12:52:50+0000,1781787170,8068
2026-07-08,zQxSWfx8MQYyxMzLTW,France Football GIF by OneFootball Heads,gif,2026-06-18T12:52:43+0000,1781787163,9053
2026-07-08,QgBxz4jlNWpq4U0VBL,France Football GIF by OneFootball Heads,gif,2026-06-18T12:52:37+0000,1781787157,12192
2026-07-08,akR7RsXOEBsCpVxsp6,World Cup Football GIF by OneFootball Heads,gif,2026-06-18T12:52:32+0000,1781787152,7430
2026-07-08,Foo1QLxlFskrsgYXD8,World Cup Football GIF by OneFootball Heads,gif,2026-06-18T12:52:25+0000,1781787145,28465
2026-07-08,JGpns399tHOQYO7P9u,World Cup Football GIF by OneFootball Heads,gif,2026-06-18T12:52:18+0000,1781787138,9956
2026-07-08,aZhAXcAN33Makb02CK,World Cup Football GIF by OneFootball Heads,gif,2026-06-18T12:52:12+0000,1781787132,109657
2026-07-08,mruAYNxpRfWT7zWOVa,World Cup Football GIF by OneFootball Heads,gif,2026-06-18T12:52:04+0000,1781787124,51455
2026-07-08,dgXu5U7aMzbfILnDcj,World Cup Football GIF by OneFootball Heads,gif,2026-06-18T12:51:59+0000,1781787119,151901
2026-07-08,d6ZMxXqdHwzsYsjIfP,World Cup Football GIF by OneFootball Heads,gif,2026-06-18T12:51:54+0000,1781787114,16707
2026-07-08,QoVAe2QifgvhK2rnTG,Si Se Puede World Cup GIF by OneFootball Heads,gif,2026-06-18T12:51:49+0000,1781787109,138860
2026-07-08,NFlNPPsEU6FSGuOk3e,World Cup Football GIF by OneFootball Heads,gif,2026-06-18T12:51:43+0000,1781787103,64954
2026-07-08,pq5a9erYX0mupYAw0r,World Cup Football GIF by OneFootball Heads,gif,2026-06-18T12:51:38+0000,1781787098,6263
2026-07-08,9Se0FcKFZFCt7lM2x3,World Cup Football GIF by OneFootball Heads,gif,2026-06-18T12:51:33+0000,1781787093,5951
2026-07-08,9YVJ3QFI0T2T1huuOt,World Cup Football GIF by OneFootball Heads,gif,2026-06-18T12:51:29+0000,1781787089,21152
2026-07-08,M466iBsWoTlNojJbyk,World Cup Football GIF by OneFootball Heads,gif,2026-06-18T12:51:23+0000,1781787083,29794
2026-07-08,Ksyo02KzynpxSGIdiu,World Cup Football GIF by OneFootball Heads,gif,2026-06-18T12:51:19+0000,1781787079,19857
2026-07-08,EsTiklBWYzosIzPluo,World Cup Football GIF by OneFootball Heads,gif,2026-06-18T12:51:14+0000,1781787074,22138
2026-07-08,xd0DzHA90wF0QspRKE,World Cup Football GIF by OneFootball Heads,gif,2026-06-18T12:51:09+0000,1781787069,134112
2026-07-08,AhaWzd6OjdlgzY8poL,World Cup Football GIF by OneFootball Heads,gif,2026-06-18T12:51:03+0000,1781787063,14772
2026-07-08,fLLDOs1PXL5od8aETL,World Cup Football GIF by OneFootball Heads,gif,2026-06-18T12:50:59+0000,1781787059,8566
2026-07-08,AkjBpF1TnoWQNI57N8,World Cup Football GIF by OneFootball Heads,gif,2026-06-18T12:50:54+0000,1781787054,14204
2026-07-08,wvmHbFg1ExLSSKMaOD,World Cup Football GIF by OneFootball Heads,gif,2026-06-18T12:50:49+0000,1781787049,115115
2026-07-08,8tQLdg1TjgKBuuPbco,World Cup Football GIF by OneFootball Heads,gif,2026-06-18T12:50:43+0000,1781787043,408380
2026-07-08,Ei2OUMXIhbpl8zcg07,World Cup Football GIF by OneFootball Heads,gif,2026-06-18T12:50:37+0000,1781787037,25180
2026-07-08,1knediJpPduWeBBS7N,World Cup Football GIF by OneFootball Heads,gif,2026-06-18T12:50:32+0000,1781787032,24090
2026-07-08,eGITs6JOnYa9vtjIwc,World Cup Football GIF by OneFootball Heads,gif,2026-06-18T12:50:26+0000,1781787026,90385
2026-07-08,ywVDodGGYpgsU7vb0Q,World Cup Football GIF by OneFootball Heads,gif,2026-06-18T12:50:20+0000,1781787020,26005
2026-07-08,LIqRddsJ488WR7JkgG,World Cup Football GIF by OneFootball Heads,gif,2026-06-18T12:50:14+0000,1781787014,47344
2026-07-08,dBEeUL0mbzScibZaSv,World Cup Football GIF by OneFootball Heads,gif,2026-06-18T12:50:09+0000,1781787009,12627
2026-07-08,s4hSWA7C4PRGJwjwkp,World Cup Football GIF by OneFootball Heads,gif,2026-06-18T12:50:03+0000,1781787003,12006
2026-07-08,kAVvf8QMmCmXU7NDA6,World Cup Football GIF by OneFootball Heads,gif,2026-06-18T12:49:59+0000,1781786999,8377
2026-07-08,XHby9xOM0HPzPJ6tqF,World Cup Football GIF by OneFootball Heads,gif,2026-06-18T12:49:53+0000,1781786993,9609
2026-07-08,LM6727wPq5tzhvVLMJ,World Cup Football GIF by OneFootball Heads,gif,2026-06-18T12:49:48+0000,1781786988,20713
2026-07-08,RJZFIKDrvM9UVstlHg,World Cup Football GIF by OneFootball Heads,gif,2026-06-18T12:49:42+0000,1781786982,36339
2026-07-08,tZ7DeEmaE9nn2rqcF3,World Cup Football GIF by OneFootball Heads,gif,2026-06-18T12:49:36+0000,1781786976,40771
2026-07-08,XQGaZGKKKFL5DGdt4Y,Vamos Argentina World Cup GIF by OneFootball Heads,gif,2026-06-18T12:49:31+0000,1781786971,54249
2026-07-08,wdwglOfifi6NYq9tjO,World Cup Football GIF by OneFootball Heads,gif,2026-06-18T12:49:26+0000,1781786966,31002
2026-07-08,Lg6tJBqeg7Z8iHTvJK,World Cup Football GIF by OneFootball Heads,gif,2026-06-18T12:49:20+0000,1781786960,158942
2026-07-08,VFmjfFzMv0JETVuokv,World Cup Football GIF by OneFootball Heads,gif,2026-06-18T12:49:11+0000,1781786951,425356
2026-07-08,X8U2NmVTuTntFxGesd,Football Fan Vacation GIF by OneFootball Heads,gif,2026-05-22T01:55:27+0000,1779414927,165104
2026-07-08,An7uqeayxR5J8dKHu4,Level Up Football Meme GIF by OneFootball Heads,gif,2026-05-22T01:55:13+0000,1779414913,96403
2026-07-08,WCIkiuYpS3S6XKV8Rn,Cope Football Fan GIF by OneFootball Heads,gif,2026-05-22T01:55:00+0000,1779414900,35566
2026-07-08,QytjwhKBE2ObyydwQb,Big Game Matchday GIF by OneFootball Heads,gif,2026-05-22T01:54:53+0000,1779414893,108865
2026-07-08,Jzp6EmR66Abn9ExWls,Football Fan Transfer GIF by OneFootball Heads,gif,2026-05-22T01:54:39+0000,1779414879,39838
2026-07-08,6UDc6ioncYRxWDnp0G,Signing Football Fan GIF by OneFootball Heads,gif,2026-05-22T01:54:32+0000,1779414872,195977
2026-07-08,2FbqKii3sahcmtOgU2,Opening Day Hype GIF by OneFootball Heads,gif,2026-05-22T01:54:23+0000,1779414863,31241
2026-07-08,592ZMrdelj8j8DlQ2w,Football Fan Summer GIF by OneFootball Heads,gif,2026-05-22T01:54:17+0000,1779414857,54403
2026-07-08,R3h2NcJNbFNBpS4g6q,Out Of Office Season GIF by OneFootball Heads,gif,2026-05-22T01:54:10+0000,1779414850,111724
2026-07-08,b40vcDOn7iizajr2oM,Football Fan Scout GIF by OneFootball Heads,gif,2026-05-22T01:53:30+0000,1779414810,143719
2026-07-08,JhkFcH98uvMrnDgmn6,Sarcastic Football Fan GIF by OneFootball Heads,gif,2026-05-22T01:53:22+0000,1779414802,40689
2026-07-08,JkGNpFYB3cY7FHn9sx,Champions League Vibes GIF by OneFootball Heads,gif,2026-05-22T01:53:15+0000,1779414795,17828
2026-07-08,DBNUsVBmNhdqMaetuc,Champions League Knockout GIF by OneFootball Heads,gif,2026-05-22T01:53:08+0000,1779414788,23667
2026-07-08,dxie0mdUARIwhn2yee,Champions League Uefa GIF by OneFootball Heads,gif,2026-05-22T01:53:01+0000,1779414781,35272
2026-07-08,HoEkTdvUpnS9WvVPcF,Football Waiting GIF by OneFootball Heads,gif,2026-05-18T15:31:16+0000,1779118276,173026
2026-07-08,8Ju2XpAU8kax6RU9pd,Digital Art Crypto GIF by OneFootball Heads,gif,2026-05-18T15:31:09+0000,1779118269,57637
2026-07-08,UGSaXOiJokVFwXEoAT,Confused Crypto GIF by OneFootball Heads,gif,2026-05-18T15:31:03+0000,1779118263,12634
2026-07-08,RlkKf5MBzEjqzqN3Pt,Excited Crypto GIF by OneFootball Heads,gif,2026-05-18T15:30:57+0000,1779118257,31707
2026-07-08,OlLlVUZxrcqZm6RPza,Excited Digital Art GIF by OneFootball Heads,gif,2026-05-18T15:30:50+0000,1779118250,12775
2026-07-08,jxA1BBEg6NzTQL7pvd,Football Love GIF by OneFootball Heads,gif,2026-05-18T15:30:43+0000,1779118243,113144
2026-07-08,TL448BG9MrQXfVRka2,Happy Good Vibes GIF by OneFootball Heads,gif,2026-05-18T15:30:36+0000,1779118236,59506
2026-07-08,0jVa8eudaK9tG5KOUh,Nervous World Cup GIF by OneFootball Heads,gif,2026-05-18T15:30:25+0000,1779118225,139518
2026-07-08,NCXTJOeB6clLl1XIHm,Frustrated Football Fan GIF by OneFootball Heads,gif,2026-05-18T15:30:18+0000,1779118218,34160
2026-07-08,RKSWD89SckpaCkF7lB,World Cup Waiting GIF by OneFootball Heads,gif,2026-05-18T15:30:11+0000,1779118211,43992
2026-07-08,v5PJmNVxWOTTThmnQg,Excited World Cup GIF by OneFootball Heads,gif,2026-05-18T15:30:00+0000,1779118200,83672
2026-07-08,fsCP6Oda0qmhcNPKE1,Tag4 Tag5 GIF by OneFootball Heads,gif,2026-05-18T05:09:54+0000,1779080994,32085
2026-07-08,oT8h0iLmJVj4OORrVw,Football Celebrate GIF by OneFootball Heads,gif,2026-05-18T05:05:15+0000,1779080715,5076
2026-07-08,sT7JTqgV96345rxK6n,Nervous Football GIF by OneFootball Heads,gif,2026-05-18T05:05:03+0000,1779080703,19252
2026-07-08,oEK27lR1AH4L1uw531,Fantasy Football GIF by OneFootball Heads,gif,2026-05-18T05:04:57+0000,1779080697,21401
2026-07-08,XzFg2ZpcLiS4s3N1KC,Football Winning GIF by OneFootball Heads,gif,2026-05-18T05:04:51+0000,1779080691,49540
2026-07-08,maNlF3eSXasPrO4QdO,Time Out Football GIF by OneFootball Heads,gif,2026-03-26T22:33:20+0000,1774564400,94824
2026-07-08,czdCrCBERAQKBOfOLo,Football Soccer GIF by OneFootball Heads,gif,2026-03-26T22:33:15+0000,1774564395,180973
2026-07-08,vtBtvkJFk09naDtqBk,Football Frown GIF by OneFootball Heads,gif,2026-03-26T22:33:09+0000,1774564389,88666
2026-07-08,PMny68XCKFiABxd1SZ,Hat Trick Football GIF by OneFootball Heads,gif,2026-03-26T22:33:05+0000,1774564385,527825
2026-07-08,NKb9LW9MrxO48Cd9Mu,Not Funny Football GIF by OneFootball Heads,gif,2026-03-26T22:32:55+0000,1774564375,25399
2026-07-08,6guW2txh6RAr0RCnTP,April Fools Football GIF by OneFootball Heads,gif,2026-03-26T22:32:51+0000,1774564371,128587
2026-07-08,6o7c1nxSuBTp6XIMzm,Football Soccer GIF by OneFootball Heads,gif,2026-03-26T22:32:44+0000,1774564364,666345
2026-07-08,kFnvhvvnxA6KwTnIzA,Hat-Trick Football GIF by OneFootball Heads,gif,2026-03-26T22:32:38+0000,1774564358,381783
2026-07-08,ZEleEa4pY0l7ufKnSY,Hat Trick Football GIF by OneFootball Heads,gif,2026-03-26T22:32:31+0000,1774564351,46633
2026-07-08,pPGGvsQjn9xJb55F8i,Hat Trick Football GIF by OneFootball Heads,gif,2026-03-26T22:32:23+0000,1774564343,86179
2026-07-08,HXbjrTClytGyPjam3M,Hat-Trick Football GIF by OneFootball Heads,gif,2026-03-26T22:32:17+0000,1774564337,3379151
2026-07-08,2fR6fBgW6BZU1CPIqG,Easter Bunny Football GIF by OneFootball Heads,gif,2026-03-26T22:32:11+0000,1774564331,76606
2026-07-08,7HumoY5K6oo1enpFWe,Easter Bunny Football GIF by OneFootball Heads,gif,2026-03-26T22:32:07+0000,1774564327,163578
2026-07-08,Z43RfKcmhr06OQ5ae2,Easter Eggs Football GIF by OneFootball Heads,gif,2026-03-26T22:32:01+0000,1774564321,81791
2026-07-08,9bIcqjJn0WBjTCqQOT,Dance Football GIF by OneFootball Heads,gif,2026-03-26T22:31:56+0000,1774564316,179014
2026-07-08,MZExsocb7ggfMPqiBk,Football Soccer GIF by OneFootball Heads,gif,2026-03-26T22:31:48+0000,1774564308,43901
2026-07-08,EMrPMmyufe1a1Tz1A5,Full Time Football GIF by OneFootball Heads,gif,2026-03-26T22:31:43+0000,1774564303,148053
2026-07-08,GMibniHgHabH5FsvSf,Football Soccer GIF by OneFootball Heads,gif,2026-03-26T22:31:38+0000,1774564298,209472
2026-07-08,shE8kiyTqgMBGFmkLs,April Fools Football GIF by OneFootball Heads,gif,2026-03-26T22:31:34+0000,1774564294,75521
2026-07-08,5ssoenGB420wQegvln,April Fools Football GIF by OneFootball Heads,gif,2026-03-26T22:31:30+0000,1774564290,114669
2026-07-08,lMtSWlhMBsTkmUot5s,April Fools Football GIF by OneFootball Heads,gif,2026-03-26T22:31:24+0000,1774564284,139099
2026-07-08,XCdhyRfbj2GvgufO0u,Football Soccer GIF by OneFootball Heads,gif,2026-03-26T22:31:20+0000,1774564280,956132
2026-07-08,xD1vpKInrkzJ3Fxael,Space Time GIF by OneFootball Heads,gif,2026-02-09T04:39:28+0000,1770611968,22077
2026-07-08,WhOTaSjCzQyMAMBn5v,Podcast Commentator GIF by OneFootball Heads,gif,2026-02-09T04:39:22+0000,1770611962,130456
2026-07-08,DGjlGcceVl5RDQC6v7,Football Podcast GIF by OneFootball Heads,gif,2026-02-09T04:39:16+0000,1770611956,33336
2026-07-08,3So6FuGb7wVk14P481,Happy Holidays GIF by OneFootball Heads,gif,2026-02-09T04:39:11+0000,1770611951,17019
2026-07-08,cfLHHFi62dBMYsloN7,Shocked Whats That GIF by OneFootball Heads,gif,2026-02-09T04:38:50+0000,1770611930,54308
2026-07-08,Oa4QJT3Fb0zQ037mov,Shock Whats That GIF by OneFootball Heads,gif,2026-02-09T04:38:43+0000,1770611923,315853
2026-07-08,QGy9WgPA5wdXUx7yKE,Nara Superfans GIF by OneFootball Heads,gif,2026-02-09T04:38:35+0000,1770611915,156973
2026-07-08,eEEVPZVPzXY9ceK13z,Metal Detector Searching GIF by OneFootball Heads,gif,2026-02-09T04:38:25+0000,1770611905,484095
2026-07-08,ptWaTNOtCbJyFoPOsI,Run Fall Over GIF by OneFootball Heads,gif,2026-02-09T04:38:20+0000,1770611900,72564
2026-07-08,LOVAgqCndxbF0yVSvH,Red Flag Toxic Relationship GIF by OneFootball Heads,gif,2026-02-09T04:38:16+0000,1770611896,65141
2026-07-08,aA455rZHUzTePr7fRv,Happy Holidays GIF by OneFootball Heads,gif,2026-02-09T04:38:11+0000,1770611891,18504
2026-07-08,FjOH5YsFZv0M1wuIBb,Metal Detector GIF by OneFootball Heads,gif,2026-02-09T04:37:32+0000,1770611852,1422253
2026-07-08,no6Mm0U0L9Mv9tzvN9,Nara Superfans GIF by OneFootball Heads,gif,2026-02-09T04:37:27+0000,1770611847,140424
2026-07-08,bfb6MDov8wj5qopEZC,Sad Sorry GIF by OneFootball Heads,gif,2026-02-09T04:37:19+0000,1770611839,57862
2026-07-08,EbEX6H0ZYbCTI9nI25,Sad Mistake GIF by OneFootball Heads,gif,2026-02-09T04:37:13+0000,1770611833,50157
2026-07-08,aW3mqoINZ433Rj4TMz,Happy Green Flag GIF by OneFootball Heads,gif,2026-02-09T04:37:08+0000,1770611828,41705
2026-07-08,Xy1embN5dYLxDL7J1h,Ronaldo Flick GIF by OneFootball Heads,gif,2026-02-09T04:37:02+0000,1770611822,96371
2026-07-08,0f7MezZNdfdf09G5MR,Keeper Penalty GIF by OneFootball Heads,gif,2026-02-09T04:36:58+0000,1770611818,95694
2026-07-08,pUCY24xEv3FuNvWA54,Happy Football GIF by OneFootball Heads,gif,2026-02-09T04:36:54+0000,1770611814,34305
2026-07-08,BuT7JDz3OLtImz82QE,Walk Like An Egyptian Dancing GIF by OneFootball Heads,gif,2026-02-09T04:36:49+0000,1770611809,1111770
2026-07-08,MgeNDcgT4gXYn338jR,Happy Birthday Gift GIF by OneFootball Heads,gif,2026-02-09T04:36:43+0000,1770611803,84200
2026-07-08,rcKw9ZKuo0lLFzIuuZ,Warning Red Flag GIF by OneFootball Heads,gif,2026-02-09T04:36:38+0000,1770611798,242448
2026-07-08,N20tM6nrrXQMl4HYWz,Green Flag Relationships GIF by OneFootball Heads,gif,2026-02-09T04:36:33+0000,1770611793,1092859
2026-07-08,W2qRsuV2W45gij9eyQ,Spotlight Beacon GIF by OneFootball Heads,gif,2026-02-05T11:03:35+0000,1770289415,15409
2026-07-08,hhL4cErWygGzv0PMwl,Pool Party Summer GIF by OneFootball Heads,gif,2026-01-20T14:30:33+0000,1768919433,388964
2026-07-08,XCB5P8yCHz9CiAl41q,I Love You Couple GIF by OneFootball Heads,gif,2026-01-20T14:30:19+0000,1768919419,51849
2026-07-08,IipkQotlmo8Sh1ABvk,Valentines Day Love GIF by OneFootball Heads,gif,2026-01-20T14:30:08+0000,1768919408,19629
2026-07-08,CaEoDtcNHxY0y3Ll4k,Valentines Day GIF by OneFootball Heads,gif,2026-01-20T14:30:02+0000,1768919402,35692
2026-07-08,zKf31joKvY23SQdSTF,I Love You Flower GIF by OneFootball Heads,gif,2026-01-20T14:29:56+0000,1768919396,156891
2026-07-08,GT9cgAAAtfM5JgcZpQ,I Love You Flowers GIF by OneFootball Heads,gif,2026-01-20T14:29:46+0000,1768919386,49590
2026-07-08,01gaL9yoKUBxA6lLSx,I Love You Flowers GIF by OneFootball Heads,gif,2026-01-20T14:29:35+0000,1768919375,94678
2026-07-08,MODuEqgpv6IROKtJrO,Roblox GIF by OneFootball Heads,gif,2026-01-20T14:29:20+0000,1768919360,178121
2026-07-08,2Tmk43f9xbaX1HX5XW,Celebrate World Cup GIF by OneFootball Heads,gif,2026-01-20T05:12:20+0000,1768885940,491014
2026-07-08,VZ9JDjblGrqOCxqVFT,Celebrate World Cup GIF by OneFootball Heads,gif,2026-01-20T05:12:15+0000,1768885935,3036555
2026-07-08,bKDPhQuR4aMtOTfzSz,Celebrate World Cup GIF by OneFootball Heads,gif,2026-01-20T05:12:09+0000,1768885929,350945
2026-07-08,ZfzDxoltZ5FyWrmTJl,Celebrate World Cup GIF by OneFootball Heads,gif,2026-01-20T05:12:03+0000,1768885923,1080750
2026-07-08,0QcUioJ7k6T2xRT6dI,Celebrate World Cup GIF by OneFootball Heads,gif,2026-01-20T05:11:56+0000,1768885916,228725
2026-07-08,MmwWuKZzjxYw05RF8z,Celebrate World Cup GIF by OneFootball Heads,gif,2026-01-20T05:11:48+0000,1768885908,1315151
2026-07-08,4yGaQKJE08kHXPuyMn,Celebrate World Cup GIF by OneFootball Heads,gif,2026-01-20T05:11:41+0000,1768885901,890379
2026-07-08,IvJvPYEXDOoV3ju64N,Celebrate World Cup GIF by OneFootball Heads,gif,2026-01-20T05:11:34+0000,1768885894,1179014
2026-07-08,mLYuk0RvMxWAISGnCA,Celebrate World Cup GIF by OneFootball Heads,gif,2026-01-20T05:11:22+0000,1768885882,60243
2026-07-08,mwnu1QWfjuMZbKdgcp,Celebrate World Cup GIF by OneFootball Heads,gif,2026-01-20T05:11:12+0000,1768885872,942400
2026-07-08,5IYv7MHczMNdqnxWa1,Celebrate World Cup GIF by OneFootball Heads,gif,2026-01-20T05:11:06+0000,1768885866,570027
2026-07-08,3DDxEpa9LhhPXbXpoY,Celebrate World Cup GIF by OneFootball Heads,gif,2026-01-20T05:10:59+0000,1768885859,87779
2026-07-08,QJ4gYE5K7A8FPhPHuX,Celebrate World Cup GIF by OneFootball Heads,gif,2026-01-20T05:10:52+0000,1768885852,251977
2026-07-08,SAyhOhXMo16hk1ceaB,Celebrate World Cup GIF by OneFootball Heads,gif,2026-01-20T05:10:45+0000,1768885845,108663
2026-07-08,3CjwLHLooBGmDorkzF,Celebrate World Cup GIF by OneFootball Heads,gif,2026-01-20T05:10:39+0000,1768885839,552623
2026-07-08,54Lr6tnL43zux7QcZh,Celebrate World Cup GIF by OneFootball Heads,gif,2026-01-20T05:10:30+0000,1768885830,214012
2026-07-08,XjiCTell4KeSfAqaQZ,Celebrate World Cup GIF by OneFootball Heads,gif,2026-01-20T05:10:20+0000,1768885820,79261
2026-07-08,7rJDG9tWHp7KA9rDDq,Celebrate World Cup GIF by OneFootball Heads,gif,2026-01-20T05:10:15+0000,1768885815,37656
2026-07-08,ZIv6jXtuNWmqe8i4d8,Celebrate World Cup GIF by OneFootball Heads,gif,2026-01-20T05:09:53+0000,1768885793,25118
2026-07-08,Px3XFOmPDLjRvP9YeG,Celebrate World Cup GIF by OneFootball Heads,gif,2026-01-20T05:09:34+0000,1768885774,301729
2026-07-08,ej3ZCWbOwLxwRNC2Kg,Celebrate World Cup GIF by OneFootball Heads,gif,2026-01-20T05:09:28+0000,1768885768,149773
2026-07-08,PictPG2QUCZqYQ7QJm,Celebrate World Cup GIF by OneFootball Heads,gif,2026-01-20T05:09:19+0000,1768885759,92298
2026-07-08,r1CQkqGt4aI7wr1Ohw,Celebrate World Cup GIF by OneFootball Heads,gif,2026-01-20T05:09:10+0000,1768885750,179044
2026-07-08,zuMnz0s1el2MO30gjg,Celebrate World Cup GIF by OneFootball Heads,gif,2026-01-20T05:09:02+0000,1768885742,730528
2026-07-08,0rAnJ9bILAp2bIGcpT,Celebrate World Cup GIF by OneFootball Heads,gif,2026-01-20T05:08:55+0000,1768885735,43921
2026-07-08,R4K3oSgQ7goRV5dQW2,Celebrate World Cup GIF by OneFootball Heads,gif,2026-01-20T05:08:49+0000,1768885729,61462
2026-07-08,CQF6AFxLK2g5y2B2NN,Celebrate World Cup GIF by OneFootball Heads,gif,2026-01-20T05:08:43+0000,1768885723,1335248
2026-07-08,WoJ1KruDxKQ1TdT7LG,Celebrate World Cup GIF by OneFootball Heads,gif,2026-01-20T05:08:34+0000,1768885714,491387
2026-07-08,5NxsFyN2WM2HjI1BpK,Celebrate World Cup GIF by OneFootball Heads,gif,2026-01-20T05:08:25+0000,1768885705,166493
2026-07-08,qpJtW9XMVylfz7N32c,Celebrate World Cup GIF by OneFootball Heads,gif,2026-01-20T05:08:16+0000,1768885696,498941
2026-07-08,clODkNL8QqeiiLV871,Celebrate World Cup GIF by OneFootball Heads,gif,2026-01-20T05:08:08+0000,1768885688,299131
2026-07-08,ba5JMnrKk4o9z7yiP0,Celebrate World Cup GIF by OneFootball Heads,gif,2026-01-20T05:08:01+0000,1768885681,2228223
2026-07-08,Brkoiafxyzb94gXrMa,Celebrate World Cup GIF by OneFootball Heads,gif,2026-01-20T05:07:57+0000,1768885677,547503
2026-07-08,3lTznm8qcjuD0dOyof,Celebrate World Cup GIF by OneFootball Heads,gif,2026-01-20T05:07:52+0000,1768885672,1677944
2026-07-08,VSmo1UmSEnNBOkzzKN,Celebrate World Cup GIF by OneFootball Heads,gif,2026-01-20T05:07:46+0000,1768885666,450128
2026-07-08,4zCNON1K71s6JXOFd5,Celebrate World Cup GIF by OneFootball Heads,gif,2026-01-20T05:07:38+0000,1768885658,867809
2026-07-08,VTG38I0RqkksEgqTdJ,Celebrate World Cup GIF by OneFootball Heads,gif,2026-01-20T05:07:31+0000,1768885651,61390
2026-07-08,qhb6MgP55rZQIiJPFf,Celebrate World Cup GIF by OneFootball Heads,gif,2026-01-20T05:07:24+0000,1768885644,289326
2026-07-08,MU4wAQ5AZqlBJTyGFw,Celebrate World Cup GIF by OneFootball Heads,gif,2026-01-20T05:07:16+0000,1768885636,58148
2026-07-08,ykoTW1SqAFoUKMXfwl,Celebrate World Cup GIF by OneFootball Heads,gif,2026-01-20T05:07:09+0000,1768885629,1084326
2026-07-08,Xl33ygtw7ZElNbVTch,Celebrate World Cup GIF by OneFootball Heads,gif,2026-01-20T05:07:02+0000,1768885622,131378
2026-07-08,s6eCu3KXqkq8sKt2pD,World Cup Win GIF by OneFootball Heads,gif,2026-01-20T05:06:54+0000,1768885614,5479095
2026-07-08,m6Ldp765JS1TOc1epw,Celebrate World Cup GIF by OneFootball Heads,gif,2026-01-20T05:06:48+0000,1768885608,68020
2026-07-08,H5b7aOpD0MCxbT3jFO,Celebrate World Cup GIF by OneFootball Heads,gif,2026-01-20T05:06:42+0000,1768885602,272424
2026-07-08,HU5ZX6NCZHrKdAkGtf,Celebrate World Cup GIF by OneFootball Heads,gif,2026-01-20T05:06:35+0000,1768885595,386457
2026-07-08,BxCTf1cNDlhFUdurmO,Celebrate World Cup GIF by OneFootball Heads,gif,2026-01-20T05:06:27+0000,1768885587,464938
2026-07-08,i09kDxdM8snHxPKl1i,Celebrate World Cup GIF by OneFootball Heads,gif,2026-01-20T05:06:21+0000,1768885581,317012
2026-07-08,GAczcLkdTCTPS01kQy,Celebrate World Cup GIF by OneFootball Heads,gif,2026-01-20T05:06:16+0000,1768885576,410419
2026-07-08,N6xT6C3SVJJSwH8Mgl,Celebrate World Cup GIF by OneFootball Heads,gif,2026-01-20T05:06:08+0000,1768885568,46506
2026-07-08,WmTuF4gz4C3ZfoHQGw,Celebrate World Cup GIF by OneFootball Heads,gif,2026-01-20T05:06:00+0000,1768885560,198150
2026-07-08,gfv9pQSjyN83iR0zM0,Celebrate World Cup GIF by OneFootball Heads,gif,2026-01-20T05:05:47+0000,1768885547,1779928
2026-07-08,H1SV8pkPwh24wqRfyd,Celebrate World Cup GIF by OneFootball Heads,gif,2026-01-20T05:05:41+0000,1768885541,1603880
2026-07-08,XYGeNuYFTJxYanc1ij,Celebrate World Cup GIF by OneFootball Heads,gif,2026-01-20T05:05:22+0000,1768885522,925626
2026-07-08,bktvFDtSnncI1w598s,Celebrate World Cup GIF by OneFootball Heads,gif,2026-01-20T05:05:14+0000,1768885514,294697
2026-07-08,Tp7JErC4Ak5ZrF8ciK,Celebrate World Cup GIF by OneFootball Heads,gif,2026-01-20T05:05:08+0000,1768885508,3610631
2026-07-08,ZqZUWuxULL0IZ3XdCW,Celebrate World Cup GIF by OneFootball Heads,gif,2026-01-20T05:05:02+0000,1768885502,409059
2026-07-08,XbEj9EvaOwUas4Zfkd,Celebrate World Cup GIF by OneFootball Heads,gif,2026-01-20T05:04:55+0000,1768885495,479117
2026-07-08,n4eta4zIkCRr6xbK2f,Celebrate Germany GIF by OneFootball Heads,gif,2026-01-20T05:04:48+0000,1768885488,629352
2026-07-08,uXV0BqmxAJt7VKNgZh,Celebrate Germany GIF by OneFootball Heads,gif,2026-01-20T05:04:40+0000,1768885480,394896
2026-07-08,zdfDUrgmjZWA1HNsfu,Celebrate France GIF by OneFootball Heads,gif,2026-01-20T05:04:27+0000,1768885467,79738
2026-07-08,jRRG7jt2Js6MacrDGd,Celebrate France GIF by OneFootball Heads,gif,2026-01-20T05:04:19+0000,1768885459,65764
2026-07-08,9dJzU7bFwJBIWjvWO0,Celebrate World Cup GIF by OneFootball Heads,gif,2026-01-20T05:04:12+0000,1768885452,741466
2026-07-08,qeTcrWW3wozMaIX6Af,Celebrate World Cup GIF by OneFootball Heads,gif,2026-01-20T05:04:05+0000,1768885445,107744
2026-07-08,1MTfxcyrTyUFK9Zp3S,Celebrate World Cup GIF by OneFootball Heads,gif,2026-01-20T05:03:57+0000,1768885437,9024640
2026-07-08,w0t4WTCyVJfbNIAwdR,Celebrate World Cup GIF by OneFootball Heads,gif,2026-01-20T05:03:50+0000,1768885430,631454
2026-07-08,V7KYS0VPWVdhPFUj9Z,Celebrate World Cup GIF by OneFootball Heads,gif,2026-01-20T05:03:43+0000,1768885423,379144
2026-07-08,prWnSRzSzVrBZLv41A,Celebrate World Cup GIF by OneFootball Heads,gif,2026-01-20T05:03:31+0000,1768885411,231100
2026-07-08,7UCWuilJRYlAu15j7U,Celebrate World Cup GIF by OneFootball Heads,gif,2026-01-20T05:03:24+0000,1768885404,3649628
2026-07-08,pTNVcut8Um4qfqAn0v,Celebrate World Cup GIF by OneFootball Heads,gif,2026-01-20T05:03:16+0000,1768885396,836140
2026-07-08,IXMc63EIZGgNlNQNZD,Celebrate World Cup GIF by OneFootball Heads,gif,2026-01-20T05:03:10+0000,1768885390,78559
2026-07-08,QBgFxeacBb59LMX5su,Celebrate World Cup GIF by OneFootball Heads,gif,2026-01-20T05:03:03+0000,1768885383,552552
2026-07-08,wDcx1Rm1hXxGKefyTR,Celebrate World Cup GIF by OneFootball Heads,gif,2026-01-20T05:02:55+0000,1768885375,302769
2026-07-08,X4AaDMS42L6wqp9I4S,Celebrate World Cup GIF by OneFootball Heads,gif,2026-01-20T05:02:48+0000,1768885368,20862
2026-07-08,ZUwEmP2EchPgZetmps,Celebrate World Cup GIF by OneFootball Heads,gif,2026-01-20T05:02:40+0000,1768885360,576645
2026-07-08,PlShyiN5tlquexvBB2,Celebrate World Cup GIF by OneFootball Heads,gif,2026-01-20T05:02:34+0000,1768885354,52867
2026-07-08,S0GO7wvqciKU6znbFW,Celebrate World Cup GIF by OneFootball Heads,gif,2026-01-20T05:02:26+0000,1768885346,25269090
2026-07-08,Zil84rm4wvlWsJqo9C,Celebrate World Cup GIF by OneFootball Heads,gif,2026-01-20T05:02:18+0000,1768885338,9523034
2026-07-08,l23aOmdgpH4PVpPOOF,Celebrate World Cup GIF by OneFootball Heads,gif,2026-01-20T05:02:11+0000,1768885331,282427
2026-07-08,zAo4CHpNAaNDg27lmG,Celebrate World Cup GIF by OneFootball Heads,gif,2026-01-20T05:02:03+0000,1768885323,224019
2026-07-08,wMeQ3go50ahhciuZwK,Celebrate World Cup GIF by OneFootball Heads,gif,2026-01-20T05:01:55+0000,1768885315,120409
2026-07-08,3Ej0FdtgfzHznxfoaW,Celebrate World Cup GIF by OneFootball Heads,gif,2026-01-20T05:01:48+0000,1768885308,97897
2026-07-08,QU3jtBvOsGT110czty,Celebrate World Cup GIF by OneFootball Heads,gif,2026-01-20T05:01:42+0000,1768885302,45464
2026-07-08,kIF7T5i5o9pEglhEHa,Celebrate World Cup GIF by OneFootball Heads,gif,2026-01-20T05:01:37+0000,1768885297,31352
2026-07-08,Y88yhiJDH6tRpPaQ9Y,Celebrate World Cup GIF by OneFootball Heads,gif,2026-01-20T05:01:32+0000,1768885292,23757
2026-07-08,x7ukpMi4J3VotdbBxy,Celebrate World Cup GIF by OneFootball Heads,gif,2026-01-20T05:01:24+0000,1768885284,62334
2026-07-08,soFxWwpvpFThVlZGd4,Celebrate World Cup GIF by OneFootball Heads,gif,2026-01-20T05:01:15+0000,1768885275,290873
2026-07-08,6SPE2NmJboU2RJtzU7,Celebrate World Cup GIF by OneFootball Heads,gif,2026-01-20T05:01:06+0000,1768885266,213991
2026-07-08,g2KaTr5PnaMjjBUagH,Celebrate World Cup GIF by OneFootball Heads,gif,2026-01-20T05:00:58+0000,1768885258,771901
2026-07-08,oowpSQYkmY8zkkApHu,Celebrate World Cup GIF by OneFootball Heads,gif,2026-01-20T05:00:50+0000,1768885250,635383
2026-07-08,vnuMwvlswGMW38poq2,Celebrate World Cup GIF by OneFootball Heads,gif,2026-01-20T05:00:42+0000,1768885242,42095
2026-07-08,W4ZiN0w5JKJF4oK36b,Celebrate World Cup GIF by OneFootball Heads,gif,2026-01-20T05:00:35+0000,1768885235,416210
2026-07-08,cj0jRYyipLPlzwLs0i,Celebrate World Cup GIF by OneFootball Heads,gif,2026-01-20T05:00:24+0000,1768885224,602923
2026-07-08,JcOB2VB2OeXB5ExpHH,Gerald Calm Down GIF by OneFootball Heads,gif,2025-10-31T03:54:48+0000,1761882888,42411
2026-07-08,zbcPsquuTZdA0tMKBx,Celebration Brazil GIF by OneFootball Heads,gif,2025-10-25T01:56:58+0000,1761357418,1048609
2026-07-08,kkOOWhftIUKH1gRFI3,Hype Celebrate GIF by OneFootball Heads,gif,2025-10-23T09:22:13+0000,1761211333,64850
2026-07-08,Smkq4gh20rTCo9XA5K,Football Celebration Superfans GIF by OneFootball Heads,gif,2025-10-23T09:22:01+0000,1761211321,58294
2026-07-08,TnYyD0Y5gHcxxIs60O,Notes Notebook GIF by OneFootball Heads,gif,2025-10-23T09:21:45+0000,1761211305,103737
2026-07-08,cPeIETb5b6zKnkngts,Serious Red Card GIF by OneFootball Heads,gif,2025-10-19T17:12:31+0000,1760893951,379784
2026-07-08,JGbVQO4No1vjY8SRwp,Soccer Warning GIF by OneFootball Heads,gif,2025-10-19T17:12:25+0000,1760893945,118230
2026-07-08,9sKA3ibq7zX02Os7y4,Happy Celebration GIF by OneFootball Heads,gif,2025-10-19T17:12:20+0000,1760893940,311760
2026-07-08,VWeSrHKWQs9WHgEkvh,Well Done Yes GIF by OneFootball Heads,gif,2025-10-19T17:12:07+0000,1760893927,76387
2026-07-08,QMj3VgVVShzZkjSxTd,Jack O Lantern Fun GIF by OneFootball Heads,gif,2025-10-19T17:11:58+0000,1760893918,75113
2026-07-08,BCu7HM8TzjOxYRWxCB,Pumpkin Spice Smile GIF by OneFootball Heads,gif,2025-10-19T17:11:50+0000,1760893910,34567
2026-07-08,SglBDgyXDRttbNrLM2,Soccer Warning GIF by OneFootball Heads,gif,2025-10-19T17:11:43+0000,1760893903,73352
2026-07-08,Atd0AOMP5wrkqhYQpM,Serious Red Card GIF by OneFootball Heads,gif,2025-10-19T17:11:38+0000,1760893898,1468037
2026-07-08,tMZ7ky54PGeypqgalT,Surprise Represent GIF by OneFootball Heads,gif,2025-10-19T17:11:33+0000,1760893893,76787
2026-07-08,4yd3gQjXGb9aFks0bS,Serious Red Card GIF by OneFootball Heads,gif,2025-10-19T17:11:24+0000,1760893884,1989303
2026-07-08,YfVEEx3kXDGBe8YKi8,Podcast Tune In GIF by OneFootball Heads,gif,2025-10-19T17:11:19+0000,1760893879,178949
2026-07-08,fJ9p947OpjYoUJv4pq,Pumpkin Spice Halloween GIF by OneFootball Heads,gif,2025-10-19T17:11:13+0000,1760893873,64891
2026-07-08,TFVI6cSKjVwPaqZVKR,Football Fan Celebration GIF by OneFootball Heads,gif,2025-10-19T17:11:06+0000,1760893866,54385
2026-07-08,Zfddxu8Y4dgWz6ABMI,Well Done Thumbs Up GIF by OneFootball Heads,gif,2025-10-19T17:10:56+0000,1760893856,140422
2026-07-08,n20QOGJq9Smmy5c5Yx,Happy Love It GIF by OneFootball Heads,gif,2025-10-19T17:10:49+0000,1760893849,3830407
2026-07-08,67KY9IKgii3mZDcGQS,Excited Lets Go GIF by OneFootball Heads,gif,2025-10-19T17:10:39+0000,1760893839,478264
2026-07-08,p5EoYWZd7rXnSrk3A4,Serious Stop GIF by OneFootball Heads,gif,2025-10-19T17:10:33+0000,1760893833,505749
2026-07-08,Wmu62LX7EfEYjeZFom,Join In Lets Go GIF by OneFootball Heads,gif,2025-10-19T17:10:27+0000,1760893827,1253924
2026-07-08,ZtAisAoRQRuf0wlOqe,Proud Celebration GIF by OneFootball Heads,gif,2025-10-19T17:10:20+0000,1760893820,574307
2026-07-08,tA9rysiKx5ifhNfO2T,Halloween Smile GIF by OneFootball Heads,gif,2025-10-19T17:10:06+0000,1760893806,83717
2026-07-08,unRjgoWoUAFhPVQLY9,Support Love GIF by OneFootball Heads,gif,2025-10-19T17:09:56+0000,1760893796,83862
2026-07-08,bbQA9p31wBCfGP7Lqq,Red Button No GIF by OneFootball Heads,gif,2025-10-19T17:09:44+0000,1760893784,1193293
2026-07-08,zFJd9Sp0856KS6dVtv,Start Yes GIF by OneFootball Heads,gif,2025-10-19T17:09:36+0000,1760893776,3104487
2026-07-08,vFAra3l66GR59S9K40,Proud Number One GIF by OneFootball Heads,gif,2025-10-19T17:09:31+0000,1760893771,4650828
2026-07-08,StRtbzWfsgs33wpW3M,Excited Team Spirit GIF by OneFootball Heads,gif,2025-10-19T17:09:19+0000,1760893759,48407
2026-07-08,QyRWxP3YleogvGmo01,Jack O Lantern Smile GIF by OneFootball Heads,gif,2025-10-19T17:09:12+0000,1760893752,71051
2026-07-08,9HtqtBJIrXjEyDlqtp,Scoring Football Game GIF by OneFootball Heads,gif,2025-09-11T07:36:44+0000,1757576204,352892
2026-07-08,01KHA2KdMQLQi136pi,Save Big Game GIF by OneFootball Heads,gif,2025-09-11T07:36:40+0000,1757576200,2864123
2026-07-08,GJEvTVbP5UFX1rqFKc,Frustrated Video Games GIF by OneFootball Heads,gif,2025-09-11T07:36:35+0000,1757576195,199039
2026-07-08,N4HpPRFRixdNxu1Fg8,Celebration Hype GIF by OneFootball Heads,gif,2025-09-11T07:36:29+0000,1757576189,174799
2026-07-08,6jMy4ML3746kQCwDNl,Tired Sleep Well GIF by OneFootball Heads,gif,2025-09-11T07:36:23+0000,1757576183,117643
2026-07-08,V5xSpg6PoKMeC6mvhG,Stay Cool Chill GIF by OneFootball Heads,gif,2025-09-11T07:36:13+0000,1757576173,176164
2026-07-08,BjiE1R8mHXxYRRhY0m,Work From Home Swag GIF by OneFootball Heads,gif,2025-09-11T07:36:02+0000,1757576162,90610
2026-07-08,sKf6fbM0Fhn4keHMYX,Big Game Outta This World GIF by OneFootball Heads,gif,2025-09-11T07:35:57+0000,1757576157,137579
2026-07-08,PAHScnX9IEczmvTWFx,Locked In Running GIF by OneFootball Heads,gif,2025-09-11T07:35:53+0000,1757576153,86754
2026-07-08,ydtlZT2ZGwRKUS7k90,Bored Fed Up GIF by OneFootball Heads,gif,2025-09-11T07:35:44+0000,1757576144,222506
2026-07-08,nqEtJ6z9u3zHbdmFq9,Tired Barbecue GIF by OneFootball Heads,gif,2025-09-11T07:35:39+0000,1757576139,105119
2026-07-08,LUgxmNMnZ1OaYHqZGW,Tired Game Over GIF by OneFootball Heads,gif,2025-09-11T07:35:35+0000,1757576135,157047
2026-07-08,zbFMPSL8EgDfqeBgWZ,Save Football Game GIF by OneFootball Heads,gif,2025-09-11T07:35:31+0000,1757576131,1223298
2026-07-08,8rDd90ItBDko5IMjqu,Celebrating Game Time GIF by OneFootball Heads,gif,2025-09-11T07:35:26+0000,1757576126,85692
2026-07-08,CPApJWHvsT3o5VuKVK,Football Fan Bubbles GIF by OneFootball Heads,gif,2025-09-11T07:35:22+0000,1757576122,124339
2026-07-08,7t1kN8b7GyZljUC36u,Football Fan Wow GIF by OneFootball Heads,gif,2025-09-11T07:35:16+0000,1757576116,49129
2026-07-08,1XZi1EWSQLY3rMU5hb,Around The World Football Culture GIF by OneFootball Heads,gif,2025-09-11T07:35:09+0000,1757576109,66124
2026-07-08,MrHh6mgOcdoAAO4tz0,Football Player Running GIF by OneFootball Heads,gif,2025-09-11T07:35:01+0000,1757576101,43827
2026-07-08,xal2XkbIQo668lc27M,Goalkeeper Save GIF by OneFootball Heads,gif,2025-09-11T07:34:57+0000,1757576097,99541
2026-07-08,ew2RAEkOVb0O643Wtj,Good Vibes Dancing GIF by OneFootball Heads,gif,2025-09-11T07:34:53+0000,1757576093,93432
2026-07-08,9h1jNCrbYXENVlj1FP,Happy Game Day GIF by OneFootball Heads,gif,2025-09-11T07:34:45+0000,1757576085,72074
2026-07-08,mp178ZHLC4sHfOgO12,Excited Good Vibes GIF by OneFootball Heads,gif,2025-09-11T07:34:34+0000,1757576074,38661
2026-07-08,KyJWoY8DDDBnJMn5fY,Frustrated Video Game GIF by OneFootball Heads,gif,2025-09-11T07:34:22+0000,1757576062,516436
2026-07-08,pUnbgneAsAFpw9wmzw,Game Time Goalkeeper GIF by OneFootball Heads,gif,2025-09-11T07:34:17+0000,1757576057,292155
2026-07-08,sGr4yrFK3BHDsEhSAM,Game Time Football GIF by OneFootball Heads,gif,2025-09-11T07:34:12+0000,1757576052,503154
2026-07-08,gGTnOmNz9RWBhLAOww,Hungry Bad Day GIF by OneFootball Heads,gif,2025-09-11T07:34:08+0000,1757576048,288907
2026-07-08,C2wLIBhg6rnF2Vk5p3,Bored Fed Up GIF by OneFootball Heads,gif,2025-09-11T07:34:03+0000,1757576043,507868
2026-07-08,cwXLRZXXoL0np7eb72,Bubbles Childhood GIF by OneFootball Heads,gif,2025-09-11T07:33:58+0000,1757576038,251144
2026-07-08,ByodclSkYIdxh8KmGl,Work From Home Hello GIF by OneFootball Heads,gif,2025-09-11T07:33:51+0000,1757576031,144223
2026-07-08,hb9nhr6m3rjQeRs9jp,Tired Game Over GIF by OneFootball Heads,gif,2025-09-11T07:33:45+0000,1757576025,134863
2026-07-08,yVkY5XkSGEbmGkqKlt,Foodie Watermelon GIF by OneFootball Heads,gif,2025-09-11T07:33:40+0000,1757576020,415029
2026-07-08,4agkjC6mUqzk4Ij9jS,Shocked No Way GIF by OneFootball Heads,gif,2025-08-04T07:32:28+0000,1754292748,81874
2026-07-08,E7J4gMgNzH8P5fJIir,Excuse Me What GIF by OneFootball Heads,gif,2025-08-04T07:32:23+0000,1754292743,26702
2026-07-08,znORHj4fd8MAN7gbLr,Excuse Me What GIF by OneFootball Heads,gif,2025-08-04T07:32:18+0000,1754292738,25562
2026-07-08,fAP7QAJ1xFD6JTFM1e,Celebration Wow GIF by OneFootball Heads,gif,2025-08-04T07:32:11+0000,1754292731,74037
2026-07-08,oC6Cx1YXBtvdoYXmZr,Celebration Wow GIF by OneFootball Heads,gif,2025-08-04T07:32:06+0000,1754292726,222307
2026-07-08,P4mW1PplxZFjLv81SQ,Happy We Got This GIF by OneFootball Heads,gif,2025-08-04T07:31:58+0000,1754292718,117877
2026-07-08,6vaqqwTzS6SuR36oIW,Tidy Up GIF by OneFootball Heads,gif,2025-08-04T07:31:52+0000,1754292712,190447
2026-07-08,6YX6lFHrE3n78eBvRu,Tidy Up GIF by OneFootball Heads,gif,2025-08-04T07:31:46+0000,1754292706,816905
2026-07-08,JfqESuqy1kOf3HTr8Y,Frustration Swirling GIF by OneFootball Heads,gif,2025-08-04T07:31:39+0000,1754292699,48213
2026-07-08,2KDnf1jZTUJlrrasTZ,Fifa Swirling GIF by OneFootball Heads,gif,2025-08-04T07:31:34+0000,1754292694,102362
2026-07-08,Sfiri0PXigpGueBftO,Happy Pizza Time GIF by OneFootball Heads,gif,2025-08-04T07:31:29+0000,1754292689,15
2026-07-08,6Zo8j3dDBwQsYvhISc,Pizza Time Eating GIF by OneFootball Heads,gif,2025-08-04T07:31:24+0000,1754292684,53117
2026-07-08,9C0eEDiObWC3COXjXj,No Way What GIF by OneFootball Heads,gif,2025-08-04T07:31:18+0000,1754292678,23158
2026-07-08,BG3Zejm7Xdx6wWUf1s,Cant Believe It No Way GIF by OneFootball Heads,gif,2025-08-04T07:31:12+0000,1754292672,70363
2026-07-08,uejerzhWkT2nfV4ekh,Var Whistle GIF by OneFootball Heads,gif,2025-08-04T07:31:08+0000,1754292668,139124
2026-07-08,CLsZfPTw3az9SfokNz,Referee Var GIF by OneFootball Heads,gif,2025-08-04T07:31:02+0000,1754292662,457227
2026-07-08,98ehMD8kX9bLkq9Gcw,Angry Watch Out GIF by OneFootball Heads,gif,2025-08-04T07:30:56+0000,1754292656,127452
2026-07-08,sTKnZMlZKwYbtflXQq,Angry Watch Out GIF by OneFootball Heads,gif,2025-08-04T07:30:52+0000,1754292652,284020
2026-07-08,2XtaKuSyUmADvFNWeB,Lets Go Please GIF by OneFootball Heads,gif,2025-08-04T07:30:47+0000,1754292647,33509
2026-07-08,AJYr4bWzAFjdGH9q0o,Lets Go Please GIF by OneFootball Heads,gif,2025-08-04T07:30:41+0000,1754292641,168361
2026-07-08,ZUtSEAyBuCcewmA29F,Champions League Celebration GIF by OneFootball Heads,gif,2025-08-04T07:30:36+0000,1754292636,47158
2026-07-08,TWBEBifNIlRw3WZysb,Happy Champions League GIF by OneFootball Heads,gif,2025-08-04T07:30:29+0000,1754292629,522876
2026-07-08,sGkjKXy02jm6wjrij1,I Love You Kiss GIF by OneFootball Heads,gif,2025-08-03T14:21:20+0000,1754230880,263721
2026-07-08,m0RdfAX3ZVq56g6Ufb,I Love You Kiss GIF by OneFootball Heads,gif,2025-08-03T14:21:14+0000,1754230874,258056
2026-07-08,lHQGU1fP8dCpgZhRQ8,Sad Its Over GIF by OneFootball Heads,gif,2025-08-03T14:21:06+0000,1754230866,118234
2026-07-08,kvrucA56Ge96PitAIf,Sad Game Over GIF by OneFootball Heads,gif,2025-08-03T14:21:01+0000,1754230861,1973482
2026-07-08,N8j7uvd3K7ewojOxxY,Accuse He Did It GIF by OneFootball Heads,gif,2025-08-03T14:20:55+0000,1754230855,160311
2026-07-08,YFsvkuJTxLc0uuNrhO,Accuse He Did It GIF by OneFootball Heads,gif,2025-08-03T14:20:49+0000,1754230849,9654596
2026-07-08,B7HEiOs673jZ4sYq3q,Betting Game On GIF by OneFootball Heads,gif,2025-08-03T14:20:41+0000,0,0
2026-07-08,49lmGu0eQ7ISpToUTU,Betting All In GIF by OneFootball Heads,gif,2025-08-03T14:20:34+0000,1754230834,2
2026-07-08,QIpziLuXhTywLdbIkQ,Happy We Did It GIF by OneFootball Heads,gif,2025-08-03T14:20:25+0000,1754230825,74044
2026-07-08,TkAIyyDEx6r2Qrm007,Well Done Good Job GIF by OneFootball Heads,gif,2025-08-03T14:20:21+0000,1754230821,185262
2026-07-08,fkhqUwfGzSYOrSTJp9,Excited Lets Go GIF by OneFootball Heads,gif,2025-08-03T14:20:16+0000,1754230816,19958
2026-07-08,x6TIee2JM9pBwc4MBG,Excited Video Game GIF by OneFootball Heads,gif,2025-08-03T14:20:05+0000,1754230805,237434
2026-07-08,YoWUM76JMiAUKm9ggl,Good Vibes Thank You GIF by OneFootball Heads,gif,2025-08-03T14:19:59+0000,1754230799,56551
2026-07-08,6qI2NYWngdAxxVX1zJ,Good Vibes Thank You GIF by OneFootball Heads,gif,2025-08-03T14:19:54+0000,1754230794,52385
2026-07-08,uZ7GOHTYg3w6hAPN9v,Unity We Agree GIF by OneFootball Heads,gif,2025-08-03T14:19:49+0000,1754230789,305337
2026-07-08,5grsDwlqX4kfy71Rdj,Shake Hands Yes GIF by OneFootball Heads,gif,2025-08-03T14:19:43+0000,1754230783,176615
2026-07-08,3Vvcnjhme1hwqwMNke,Whats Going On Hello GIF by OneFootball Heads,gif,2025-07-01T18:21:14+0000,1751394074,293299
2026-07-08,ArFOjTGDqq45OKCAo4,Breathe Slow Down GIF by OneFootball Heads,gif,2025-07-01T18:21:10+0000,1751394070,91734
2026-07-08,ZlBrZ2naavOtI2qSAr,Happy Game Over GIF by OneFootball Heads,gif,2025-07-01T18:21:05+0000,1751394065,183927
2026-07-08,8WBfBgNcz3Ep1OvSUC,Happy Fan Reaction GIF by OneFootball Heads,gif,2025-07-01T18:20:59+0000,1751394059,137190
2026-07-08,AZgI9GQ4S4ul6qcA9u,Football Fan GIF by OneFootball Heads,gif,2025-07-01T18:20:54+0000,1751394054,1281147
2026-07-08,gSJLxCRJSAtTesQIH2,Game Over Football GIF by OneFootball Heads,gif,2025-07-01T18:20:49+0000,1751394049,347891
2026-07-08,3v4WsAL4dC4aMtTKdU,Soccer Wow GIF by OneFootball Heads,gif,2025-07-01T18:20:41+0000,1751394041,172444
2026-07-08,al9NLseK6dPr8Q0mZz,Bored Tv Sports GIF by OneFootball Heads,gif,2025-07-01T18:20:33+0000,1751394033,182686
2026-07-08,xNJVAiSsa1wtC14act,Angry Soccer GIF by OneFootball Heads,gif,2025-07-01T18:20:28+0000,1751394028,578660
2026-07-08,1Brq4LvOtRMIBJQi4U,Bored Game Time GIF by OneFootball Heads,gif,2025-07-01T18:20:22+0000,1751394022,108216
2026-07-08,Vtg7zkTTczN2bvodCG,Stay Hydrated Drink Water GIF by OneFootball Heads,gif,2025-07-01T18:20:17+0000,1751394017,229808
2026-07-08,z1dXRwDsqrjs5KDOML,Bored Old Man GIF by OneFootball Heads,gif,2025-07-01T18:20:11+0000,1751394011,6890771
2026-07-08,l8eIHDVeTwEm5VOjb1,Tv Time Yawn GIF by OneFootball Heads,gif,2025-07-01T18:20:06+0000,1751394006,2509605
2026-07-08,R60s9NrOwv5eTrRPzV,Game Day Chips GIF by OneFootball Heads,gif,2025-07-01T18:20:01+0000,1751394001,216489
2026-07-08,pQxOnCwLvTBG4uf3KD,Angry Over It GIF by OneFootball Heads,gif,2025-07-01T18:19:55+0000,1751393995,902329
2026-07-08,woNoaZZ9V12dyjYjJo,Game Over Football GIF by OneFootball Heads,gif,2025-07-01T18:19:48+0000,1751393988,292066
2026-07-08,X2tAL568gaKEgB9Anv,Football Popping In GIF by OneFootball Heads,gif,2025-07-01T18:19:43+0000,1751393983,114624
2026-07-08,VaHgVrzYDaGrz7JRiX,Sorry Leave Me Alone GIF by OneFootball Heads,gif,2025-07-01T18:19:38+0000,1751393978,267012
2026-07-08,tiqNAs5cs6O0h36elo,Game On Football GIF by OneFootball Heads,gif,2025-07-01T18:19:32+0000,1751393972,220860
2026-07-08,VErfqZkulaxhehX9uN,Lets Go Football GIF by OneFootball Heads,gif,2025-07-01T18:19:26+0000,1751393966,21437
2026-07-08,pPqefCee0DWoNtfPaN,Final Match Kiss GIF by OneFootball Heads,gif,2025-07-01T18:19:20+0000,1751393960,119015
2026-07-08,3oDwGbxOLEg8bEEJIQ,Football Omg GIF by OneFootball Heads,gif,2025-07-01T18:19:15+0000,1751393955,183748
2026-07-08,vXbH7KQWGqNe9heXju,Excited Soccer GIF by OneFootball Heads,gif,2025-07-01T18:19:09+0000,1751393949,56993
2026-07-08,P6CpYQD8EQVdHmbBB7,Game Night Football GIF by OneFootball Heads,gif,2025-07-01T18:18:49+0000,1751393929,105336
2026-07-08,z7kuboVsFhWrC6gJDp,Cool Off Break Time GIF by OneFootball Heads,gif,2025-07-01T18:18:42+0000,1751393922,861064
2026-07-08,FCtjJQzZME69CW6ttp,Football Soccer GIF by OneFootball Heads,gif,2025-07-01T18:18:37+0000,1751393917,265933
2026-07-08,VtZku1FNcJfdfJLPya,Lets Go Football GIF by OneFootball Heads,gif,2025-07-01T18:18:32+0000,1751393912,278215
2026-07-08,w4nv4DunM9a4tOEi3Y,Excited Game Time GIF by OneFootball Heads,gif,2025-07-01T18:18:27+0000,1751393907,124080
2026-07-08,a3sOeDI1ZuE2UEGEjr,Happy Football GIF by OneFootball Heads,gif,2025-07-01T18:18:18+0000,1751393898,47724
2026-07-08,KPVPfTOGhR4ZDXsBWA,Angry Football Fan GIF by OneFootball Heads,gif,2025-07-01T18:18:10+0000,1751393890,56234
2026-07-08,hwIq8i6Qi7UnUGbacf,Angry Game Time GIF by OneFootball Heads,gif,2025-07-01T18:18:01+0000,1751393881,21046
2026-07-08,NnvB50iO7TqUyBzFvl,Big Brain Funny Gif GIF by OneFootball Heads,gif,2025-06-26T12:13:26+0000,1750940006,1419155
2026-07-08,VeQ7R5eLzOiZwny95R,Preach For Real GIF by OneFootball Heads,gif,2025-06-26T12:13:18+0000,1750939998,11754088
2026-07-08,4XEUw17xG7OGK9nuJw,Happy Lets Go GIF by OneFootball Heads,gif,2025-06-26T12:13:13+0000,1750939993,2491498
2026-07-08,I70wiKkwEVZWC2HFAO,Happy Birthday GIF by OneFootball Heads,gif,2025-06-20T19:06:07+0000,1750446367,521599
2026-07-08,fOGrNl1SGyw9ZF5Qeh,Truth Agree GIF by OneFootball Heads,gif,2025-06-20T13:20:39+0000,1750425639,188073
2026-07-08,jzppiGwPog15PVElfH,Good Vibes Chill GIF by OneFootball Heads,gif,2025-06-20T13:20:30+0000,1750425630,88826
2026-07-08,oxj2Z1k2cHtR0oZkqj,Coffee Time Reaction Gif GIF by OneFootball Heads,gif,2025-06-20T13:20:24+0000,1750425624,199662
2026-07-08,TiuUji4KiJvFuzPFYg,Hungry Noodles GIF by OneFootball Heads,gif,2025-06-20T13:20:13+0000,1750425613,519174
2026-07-08,6A9hefwTjvCDMURljb,Game Show Reaction Gif GIF by OneFootball Heads,gif,2025-06-20T13:19:53+0000,1750425593,5370471
2026-07-08,toIRQFAFFCtAWwJveB,Whats Up Hello GIF by OneFootball Heads,gif,2025-06-18T09:53:48+0000,1750240428,304892
2026-07-08,dCqQrUmPgICwfSYzgi,Well Done Yes GIF by OneFootball Heads,gif,2025-06-18T09:53:22+0000,1750240402,45818
2026-07-08,hBt0VjWkZbFRBrBACu,Refreshing Water Bottle GIF by OneFootball Heads,gif,2025-06-18T09:52:56+0000,1750240376,3372494
2026-07-08,9HORd4teDGhOt46fEz,Youre Cute Love You GIF by OneFootball Heads,gif,2025-06-18T09:52:38+0000,1750240358,116384
2026-07-08,tgLpK2WbZhGe0D6UbT,Slow Motion Boom GIF by OneFootball Heads,gif,2025-06-18T09:52:08+0000,1750240328,382721
2026-07-08,y2QSRInUPq9f5evJVB,Stay Calm Market Crash GIF by OneFootball Heads,gif,2025-06-18T09:51:23+0000,1750240283,242054
2026-07-08,N2GUDdRZbdCdUzYkuw,Celebrate Lets Go GIF by OneFootball Heads,gif,2025-06-18T09:50:51+0000,1750240251,350175
2026-07-08,FzxAj0hfgyAdsW40AC,Lets Go Success GIF by OneFootball Heads,gif,2025-06-18T09:50:27+0000,1750240227,36166
2026-07-08,WT9XlpCYQY7PtmCLT4,OneFootball Heads GIF,gif,2025-06-16T07:55:46+0000,1750060546,673198
2026-07-08,FS1BfSHSEcBM7oXgnd,OneFootball Heads GIF,gif,2025-06-13T19:24:38+0000,1749842678,103259
2026-07-08,vaKM2dq2diEh9vUBQP,OneFootball Heads GIF,gif,2025-06-13T19:24:32+0000,1749842672,185383
2026-07-08,gUn5uaz4fhAKi45l4u,OneFootball Heads GIF,gif,2025-06-13T19:24:26+0000,1749842666,246964
2026-07-08,RcKxMa4JVupSJSMnhX,OneFootball Heads GIF,gif,2025-06-13T19:24:21+0000,1749842661,261158
2026-07-13,N4Aef2XhTGp692NZx7,World Cup Football GIF by OneFootball Heads,gif,2026-07-06T16:44:20+0000,1783356260,10553
2026-07-13,zkn7BLV7uUc5Orkzzr,Happy Football GIF by OneFootball Heads,gif,2026-07-06T16:44:16+0000,1783356256,19219
2026-07-13,UPnKAxvJFJWIJn1NNK,Happy Football GIF by OneFootball Heads,gif,2026-07-06T16:44:11+0000,1783356251,7279
2026-07-13,CKVjlqUmBZdyT7d3W7,World Cup Football GIF by OneFootball Heads,gif,2026-07-06T16:44:00+0000,1783356240,13697
2026-07-13,go703FNMkaozEq7tqJ,World Cup Football GIF by OneFootball Heads,gif,2026-07-06T16:43:55+0000,1783356235,17887
2026-07-13,x61sB9WoV0TIwRSfsR,World Cup Football GIF by OneFootball Heads,gif,2026-07-05T10:20:52+0000,1783246852,1780
2026-07-13,pfDwG4T0vC4IxqS2eN,World Cup Football GIF by OneFootball Heads,gif,2026-07-05T10:20:45+0000,1783246845,3283
2026-07-13,1YIOwyDs2IK6MPvs3f,World Cup Football GIF by OneFootball Heads,gif,2026-07-05T10:20:35+0000,1783246835,1844
2026-07-13,U4iDELyXogCfzk2SPc,World Cup Football GIF by OneFootball Heads,gif,2026-07-05T10:20:29+0000,1783246829,3809
2026-07-13,NzJ2mFSbkzVkj29CYP,World Cup Football GIF by OneFootball Heads,gif,2026-07-05T10:20:22+0000,1783246822,2314
2026-07-13,xW6AwwdTobQgDZ3nAU,World Cup Football GIF by OneFootball Heads,gif,2026-07-05T10:20:15+0000,1783246815,1619
2026-07-13,Pd6VbhzYBpVXqj1D2b,World Cup Football GIF by OneFootball Heads,gif,2026-07-05T10:20:03+0000,1783246803,6002
2026-07-13,bOLdbJxTL32fzUfQ79,Germany Football GIF by OneFootball Heads,gif,2026-07-05T10:19:57+0000,1783246797,3135
2026-07-13,7HLrdcksEhIrZa9Zir,Germany Football GIF by OneFootball Heads,gif,2026-07-05T10:19:50+0000,1783246790,1803
2026-07-13,uKuw4epL1KjAqERkXv,Germany Football GIF by OneFootball Heads,gif,2026-07-05T10:19:44+0000,1783246784,3
2026-07-13,0LBI2fJsWSO88UZip6,World Cup Football GIF by OneFootball Heads,gif,2026-07-05T10:19:38+0000,1783246778,11971
2026-07-13,zysC5B66n65evvIv2j,World Cup Football GIF by OneFootball Heads,gif,2026-07-05T10:19:32+0000,1783246772,2516
2026-07-13,WDTFmWErrBo9vvuMJ5,World Cup Football GIF by OneFootball Heads,gif,2026-07-05T10:19:24+0000,1783246764,33537
2026-07-13,KksuC9fn8zo5RlERgg,World Cup Football GIF by OneFootball Heads,gif,2026-07-05T10:19:17+0000,1783246757,2262
2026-07-13,1gsEMwwsNPO36OxOQK,World Cup Football GIF by OneFootball Heads,gif,2026-07-05T10:19:09+0000,1783246749,6780
2026-07-13,kCbiTm717MlCNnAxeU,France Football GIF by OneFootball Heads,gif,2026-07-05T10:19:02+0000,1783246742,8875
2026-07-13,b7B608uSFXLuR9yWYH,France Football GIF by OneFootball Heads,gif,2026-07-05T10:18:56+0000,1783246736,7662
2026-07-13,4bXiLL05WASnteKd7V,France Football GIF by OneFootball Heads,gif,2026-07-05T10:18:48+0000,1783246728,9369
2026-07-13,FxFgVET0GLKFojvrla,France Football GIF by OneFootball Heads,gif,2026-07-05T10:18:41+0000,1783246721,5238
2026-07-13,5050Byd8dZiD8S7OQo,World Cup Football GIF by OneFootball Heads,gif,2026-07-05T10:18:35+0000,1783246715,5922
2026-07-13,uZCGmkB8j9Y2LrKCgC,World Cup Football GIF by OneFootball Heads,gif,2026-07-05T10:18:30+0000,1783246710,12623
2026-07-13,YEzgbuQKP7ilTDmGni,World Cup Football GIF by OneFootball Heads,gif,2026-07-05T10:18:22+0000,1783246702,3641
2026-07-13,31mHgJnJUAJXIB62kJ,World Cup Football GIF by OneFootball Heads,gif,2026-07-05T10:18:14+0000,1783246694,4314
2026-07-13,V2iTAiTz1UENEuooXW,World Cup Football GIF by OneFootball Heads,gif,2026-07-05T10:18:06+0000,1783246686,7273
2026-07-13,6JNI1PXys4vMII0f9A,World Cup Football GIF by OneFootball Heads,gif,2026-07-05T10:17:57+0000,1783246677,12865
2026-07-13,U0K68elO5NOob4q372,World Cup Football GIF by OneFootball Heads,gif,2026-07-05T10:17:49+0000,1783246669,12113
2026-07-13,A1yl317Qn9BkRcNDyq,Germany Football GIF by OneFootball Heads,gif,2026-07-05T10:17:34+0000,1783246654,1949
2026-07-13,UxIqUYwwUampJ8DTtS,World Cup Football GIF by OneFootball Heads,gif,2026-07-05T10:17:26+0000,1783246646,4059
2026-07-13,ifOOtGdoahRmSdfh4k,Germany Football GIF by OneFootball Heads,gif,2026-07-05T10:17:19+0000,1783246639,4419
2026-07-13,kqkgYGr6YOULDs5Fcn,World Cup Shrug GIF by OneFootball Heads,gif,2026-07-05T10:17:12+0000,1783246632,2662
2026-07-13,RHu5cVwkEKODGJMFhD,World Cup Football GIF by OneFootball Heads,gif,2026-07-05T10:17:05+0000,1783246625,6949
2026-07-13,imjTWu6Vx9k0QJwpv4,World Cup Football GIF by OneFootball Heads,gif,2026-07-05T10:16:58+0000,1783246618,6663
2026-07-13,JdCL1IXkf3ObMe1SIJ,World Cup Football GIF by OneFootball Heads,gif,2026-07-05T10:16:51+0000,1783246611,2334
2026-07-13,jJjpM5aG60awjoTpKb,World Cup Football GIF by OneFootball Heads,gif,2026-07-05T10:16:44+0000,1783246604,6262
2026-07-13,bnqEjEUGGVrwEqWNJ0,World Cup Football GIF by OneFootball Heads,gif,2026-07-05T10:16:36+0000,1783246596,9544
2026-07-13,KyUIjPQuLolO6vfaFD,World Cup Football GIF by OneFootball Heads,gif,2026-07-05T10:16:30+0000,1783246590,17045
2026-07-13,rqRCINmIhqekY7cxwt,World Cup Football GIF by OneFootball Heads,gif,2026-07-05T10:16:13+0000,1783246573,16629
2026-07-13,GxQiKyAy9kzwWgAClZ,World Cup Football GIF by OneFootball Heads,gif,2026-07-05T10:16:06+0000,1783246566,5051
2026-07-13,e0tqAwofWcxXx9iIN2,World Cup Football GIF by OneFootball Heads,gif,2026-07-05T10:15:58+0000,1783246558,18303
2026-07-13,jCb2I9TIDuTGehdSHx,World Cup Football GIF by OneFootball Heads,gif,2026-07-05T10:15:50+0000,1783246550,5134
2026-07-13,ybF46HrsLDFuMrg0NO,France Football GIF by OneFootball Heads,gif,2026-07-05T10:15:42+0000,1783246542,10198
2026-07-13,fFcZ7GbvG7949eU5xg,World Cup Football GIF by OneFootball Heads,gif,2026-07-05T10:15:36+0000,1783246536,7687
2026-07-13,hPd95ZhVUZRpaqfS71,World Cup Football GIF by OneFootball Heads,gif,2026-07-05T10:15:29+0000,1783246529,4979
2026-07-13,RwHdKDHMgbReieccJ4,World Cup Football GIF by OneFootball Heads,gif,2026-07-05T10:15:22+0000,1783246522,1702
2026-07-13,YhWN4jrl9saWCBtYVs,World Cup Football GIF by OneFootball Heads,gif,2026-07-05T10:15:14+0000,1783246514,2938
2026-07-13,BKBmjqo7OhXyBwjnJ1,World Cup Football GIF by OneFootball Heads,gif,2026-07-05T10:15:03+0000,1783246503,2101
2026-07-13,2OZgYoYD7xUPQjGmsl,World Cup Football GIF by OneFootball Heads,gif,2026-07-05T10:14:57+0000,1783246497,3296
2026-07-13,FrixhPI7XEfr3wS5yp,World Cup Football GIF by OneFootball Heads,gif,2026-07-05T10:14:51+0000,1783246491,2262
2026-07-13,mp4uQj1yhchE0FJb19,World Cup Football GIF by OneFootball Heads,gif,2026-07-05T10:14:44+0000,1783246484,6893
2026-07-13,WHFiPP52PG9th1XmMP,World Cup Football GIF by OneFootball Heads,gif,2026-07-05T10:14:36+0000,1783246476,7414
2026-07-13,zC1NmByT5WMiTaMHQS,Germany Football GIF by OneFootball Heads,gif,2026-07-05T10:14:29+0000,1783246469,4788
2026-07-13,dszvmLR6BjdJ3cN3B5,Germany Football GIF by OneFootball Heads,gif,2026-07-05T10:14:23+0000,1783246463,2935
2026-07-13,iRowpDxl0o0Qs0f422,Germany Football GIF by OneFootball Heads,gif,2026-07-05T10:14:18+0000,1783246458,3523
2026-07-13,DvT1BeIHu3ChyybxkR,World Cup Football GIF by OneFootball Heads,gif,2026-07-05T10:14:12+0000,1783246452,7772
2026-07-13,UzKPSpSLYsY3sTLQ7e,World Cup Football GIF by OneFootball Heads,gif,2026-07-05T10:14:03+0000,1783246443,2878
2026-07-13,iVj1jzisyn9qoy0HwT,World Cup Football GIF by OneFootball Heads,gif,2026-07-05T10:13:54+0000,1783246434,18898
2026-07-13,MSUZpSsPXDiTRUuHTL,World Cup Football GIF by OneFootball Heads,gif,2026-07-05T10:13:45+0000,1783246425,2146
2026-07-13,k8u0YOIFdyRsTb950U,World Cup Football GIF by OneFootball Heads,gif,2026-07-05T10:13:38+0000,1783246418,6084
2026-07-13,LcCD3TkQe4SJroMYz5,France Football GIF by OneFootball Heads,gif,2026-07-05T10:13:30+0000,1783246410,7405
2026-07-13,lJGL45KeCLzPSaUgTV,France Football GIF by OneFootball Heads,gif,2026-07-05T10:13:25+0000,1783246405,8208
2026-07-13,X29WgAKGLutorgO69Y,France Football GIF by OneFootball Heads,gif,2026-07-05T10:13:18+0000,1783246398,9498
2026-07-13,6DHkm44QfaRU4jjkTd,France Football GIF by OneFootball Heads,gif,2026-07-05T10:13:11+0000,1783246391,4813
2026-07-13,jQgLlzy0ZT54ZCBLTt,World Cup Football GIF by OneFootball Heads,gif,2026-07-05T10:13:04+0000,1783246384,6233
2026-07-13,nohvpMrEwXy468gDFR,World Cup Football GIF by OneFootball Heads,gif,2026-07-05T10:12:59+0000,1783246379,15489
2026-07-13,5IVmTwSUBkM26gnwiT,World Cup Football GIF by OneFootball Heads,gif,2026-07-05T10:12:51+0000,1783246371,7421
2026-07-13,XPN3II0GRNvYBEbxqs,World Cup Football GIF by OneFootball Heads,gif,2026-07-05T10:12:44+0000,1783246364,5420
2026-07-13,9x7iTJfqgFQMCs0cvY,World Cup Football GIF by OneFootball Heads,gif,2026-07-05T10:12:38+0000,1783246358,7043
2026-07-13,kQRBgO3pn3vEnFTgXa,World Cup Football GIF by OneFootball Heads,gif,2026-07-05T10:12:31+0000,1783246351,12076
2026-07-13,0r0YUGcSj97ueZws1I,World Cup Football GIF by OneFootball Heads,gif,2026-07-05T10:12:24+0000,1783246344,10790
2026-07-13,bzs9ftqVS6wCqrRuWx,Germany Football GIF by OneFootball Heads,gif,2026-07-05T10:12:13+0000,1783246333,5504
2026-07-13,cR1Bnk7j1OAqINYtOY,World Cup Football GIF by OneFootball Heads,gif,2026-07-05T10:12:01+0000,1783246321,2475
2026-07-13,9L7p0XupqB44TIXms9,Germany Football GIF by OneFootball Heads,gif,2026-07-05T10:11:54+0000,1783246314,4404
2026-07-13,4Z5Et8yinfeZ1jfuJF,World Cup Shrug GIF by OneFootball Heads,gif,2026-07-05T10:11:43+0000,1783246303,3955
2026-07-13,hRRHZWBCM1iGz8W69i,World Cup Football GIF by OneFootball Heads,gif,2026-07-05T10:11:29+0000,1783246289,6817
2026-07-13,cZYcjyCHHn2mk1ikmK,World Cup Football GIF by OneFootball Heads,gif,2026-07-05T10:11:22+0000,1783246282,2261
2026-07-13,toz148aIki3hNi79mi,World Cup Football GIF by OneFootball Heads,gif,2026-07-05T10:11:15+0000,1783246275,3262
2026-07-13,saM8smyVfRy2WxXNf3,World Cup Football GIF by OneFootball Heads,gif,2026-07-05T10:11:06+0000,1783246266,9642
2026-07-13,sN3d7kXdPbvjlidiJz,World Cup Football GIF by OneFootball Heads,gif,2026-07-05T10:11:00+0000,1783246260,5908
2026-07-13,S8nncQt2T539fDIA0b,World Cup Football GIF by OneFootball Heads,gif,2026-07-05T10:10:40+0000,1783246240,13095
2026-07-13,2fhhHvDo2dUJMgJFW6,World Cup Football GIF by OneFootball Heads,gif,2026-07-05T10:10:32+0000,1783246232,3161
2026-07-13,cxkFjp3QZGzSh1Iyxz,World Cup Football GIF by OneFootball Heads,gif,2026-07-05T10:10:26+0000,1783246226,17275
2026-07-13,kc5sCk8smIzR9bEVmq,World Cup Football GIF by OneFootball Heads,gif,2026-07-05T10:10:19+0000,1783246219,6372
2026-07-13,syTxsyJjCeublic7d4,France Football GIF by OneFootball Heads,gif,2026-07-05T10:10:12+0000,1783246212,5203
2026-07-13,1yWBEir2xnNtXtsIt9,World Cup Football GIF by OneFootball Heads,gif,2026-07-05T10:10:04+0000,1783246204,11249
2026-07-13,6a3eNd7DeaD1dk11hn,World Cup Football GIF by OneFootball Heads,gif,2026-07-05T10:09:57+0000,1783246197,4981
2026-07-13,eSfJodS0foTOVqrBg1,6 7 Football GIF by OneFootball Heads,gif,2026-06-18T16:43:59+0000,1781801039,11169
2026-07-13,cpWDzbkGXinjazXAsQ,6 7 Football GIF by OneFootball Heads,gif,2026-06-18T16:43:55+0000,1781801035,12312
2026-07-13,JbyrV7bzRuZeOpzb30,World Cup Football GIF by OneFootball Heads,gif,2026-06-18T16:15:03+0000,1781799303,18296
2026-07-13,Do7K8nCJQrwf7gsrRm,World Cup Football GIF by OneFootball Heads,gif,2026-06-18T16:14:56+0000,1781799296,27026
2026-07-13,d07pfKl4LYFx9eOGnG,World Cup Football GIF by OneFootball Heads,gif,2026-06-18T16:14:50+0000,1781799290,28425
2026-07-13,iUmxhJqvJmf1ytmdok,World Cup Football GIF by OneFootball Heads,gif,2026-06-18T16:14:44+0000,1781799284,245288
2026-07-13,65WZEH3DbzTOskjZ9F,World Cup Football GIF by OneFootball Heads,gif,2026-06-18T16:14:38+0000,1781799278,25057
2026-07-13,NU5arjj8ut7RpNelJ9,World Cup Football GIF by OneFootball Heads,gif,2026-06-18T16:14:32+0000,1781799272,51575
2026-07-13,PdVb9g4MVTNgQ2OL26,World Cup Football GIF by OneFootball Heads,gif,2026-06-18T16:14:27+0000,1781799267,19369
2026-07-13,BAvIhFpn2zXzDlaAKV,World Cup Football GIF by OneFootball Heads,gif,2026-06-18T16:14:21+0000,1781799261,64540
2026-07-13,0citpjho00ObF3pMEm,World Cup Football GIF by OneFootball Heads,gif,2026-06-18T16:14:16+0000,1781799256,16508
2026-07-13,QTRlMVKXeT15fGVLbk,World Cup Football GIF by OneFootball Heads,gif,2026-06-18T16:14:10+0000,1781799250,33732
2026-07-13,VOuTYkX8OhXjetxwQ5,World Cup Football GIF by OneFootball Heads,gif,2026-06-18T16:14:01+0000,1781799241,5436
2026-07-13,ioikNOK6094SPdG2gY,World Cup Football GIF by OneFootball Heads,gif,2026-06-18T16:13:55+0000,1781799235,6447
2026-07-13,UHX8Z1xxM7q95ifvMN,World Cup Football GIF by OneFootball Heads,gif,2026-06-18T16:13:49+0000,1781799229,6548
2026-07-13,0iqkjAyJgiCpPLy3Fq,World Cup Football GIF by OneFootball Heads,gif,2026-06-18T16:13:44+0000,1781799224,5515
2026-07-13,RZrRtVNSxivmiqc4ms,World Cup Football GIF by OneFootball Heads,gif,2026-06-18T16:13:38+0000,1781799218,7945
2026-07-13,51xCLRv58gqjYM63YV,World Cup Football GIF by OneFootball Heads,gif,2026-06-18T16:13:32+0000,1781799212,25887
2026-07-13,IbdIiqy5nHTtHJKeuA,World Cup Football GIF by OneFootball Heads,gif,2026-06-18T16:13:26+0000,1781799206,25899
2026-07-13,lUrvU5C0ui1UixvK9l,World Cup Football GIF by OneFootball Heads,gif,2026-06-18T16:13:20+0000,1781799200,25389
2026-07-13,kfjRVgBKSfpje8yaL1,World Cup Football GIF by OneFootball Heads,gif,2026-06-18T16:13:14+0000,1781799194,32550
2026-07-13,8HsLMUNvbQnVzLWcty,World Cup Football GIF by OneFootball Heads,gif,2026-06-18T16:13:08+0000,1781799188,25666
2026-07-13,4iC6WmsVhfZAeGj178,World Cup Football GIF by OneFootball Heads,gif,2026-06-18T16:13:02+0000,1781799182,11758
2026-07-13,oU1Fo2c50feGpaWwDh,World Cup Football GIF by OneFootball Heads,gif,2026-06-18T16:12:55+0000,1781799175,9497
2026-07-13,GW5HlgHeRXwbcIRTAO,World Cup Football GIF by OneFootball Heads,gif,2026-06-18T16:12:48+0000,1781799168,9428
2026-07-13,j4tl0BRFWySCPi8I98,World Cup Football GIF by OneFootball Heads,gif,2026-06-18T16:12:41+0000,1781799161,13752
2026-07-13,Z9OWqReW3I4Jr4MEdB,World Cup Football GIF by OneFootball Heads,gif,2026-06-18T16:12:35+0000,1781799155,8681
2026-07-13,P2dP3D2kAzqcRPPaWr,World Cup Football GIF by OneFootball Heads,gif,2026-06-18T16:12:26+0000,1781799146,6252
2026-07-13,xjLbBByLJ19X487OlI,World Cup Football GIF by OneFootball Heads,gif,2026-06-18T16:12:20+0000,1781799140,13725
2026-07-13,MMQp5dVRWpDk5TKSk3,World Cup Football GIF by OneFootball Heads,gif,2026-06-18T16:12:06+0000,1781799126,8082
2026-07-13,hkJqI1Z2eMIZGjaLGr,World Cup Football GIF by OneFootball Heads,gif,2026-06-18T16:11:59+0000,1781799119,8118
2026-07-13,tFyjXDG8DdgV7jbV1B,World Cup Football GIF by OneFootball Heads,gif,2026-06-18T16:11:53+0000,1781799113,14305
2026-07-13,2jcJ3HFGUHkTyioaUT,World Cup Football GIF by OneFootball Heads,gif,2026-06-18T16:11:46+0000,1781799106,14015
2026-07-13,cIJp8Y1yZVnCzjXSjQ,World Cup Football GIF by OneFootball Heads,gif,2026-06-18T16:11:39+0000,1781799099,10507
2026-07-13,K53ka9tKBWvdlEmEiQ,World Cup Football GIF by OneFootball Heads,gif,2026-06-18T16:11:33+0000,1781799093,10769
2026-07-13,g1TgPevFB2j9fFhIUv,World Cup Football GIF by OneFootball Heads,gif,2026-06-18T16:11:27+0000,1781799087,7739
2026-07-13,KB4yS05ErAJldfsNj8,World Cup Football GIF by OneFootball Heads,gif,2026-06-18T16:11:21+0000,1781799081,17888
2026-07-13,1d6N0pb13wv2X6Qqhh,World Cup Football GIF by OneFootball Heads,gif,2026-06-18T16:11:14+0000,1781799074,22708
2026-07-13,pWYoNgRTTOcpQEGdh4,World Cup Football GIF by OneFootball Heads,gif,2026-06-18T16:11:08+0000,1781799068,12974
2026-07-13,G4bRYCUE94lLd7ftFC,World Cup Football GIF by OneFootball Heads,gif,2026-06-18T16:11:02+0000,1781799062,9676
2026-07-13,YeGuStp7fomlR6Gj8o,World Cup Football GIF by OneFootball Heads,gif,2026-06-18T16:10:55+0000,1781799055,24690
2026-07-13,HKNFJD7cAwpvlYa6p1,World Cup Football GIF by OneFootball Heads,gif,2026-06-18T16:10:49+0000,1781799049,9075
2026-07-13,qNokvWhj3oqF4D5q3D,World Cup Football GIF by OneFootball Heads,gif,2026-06-18T16:10:42+0000,1781799042,8316
2026-07-13,QozR1lmgh6PNPxiPDH,World Cup Football GIF by OneFootball Heads,gif,2026-06-18T16:10:36+0000,1781799036,6696
2026-07-13,F0x8UfLG8yOQPPRCj9,World Cup Football GIF by OneFootball Heads,gif,2026-06-18T16:10:28+0000,1781799028,7187
2026-07-13,xdfUlTMvx8p3k8Taet,World Cup Football GIF by OneFootball Heads,gif,2026-06-18T16:10:20+0000,1781799020,15002
2026-07-13,1qJHVFYH15SpmhSykp,Believe World Cup GIF by OneFootball Heads,gif,2026-06-18T16:10:14+0000,1781799014,30470
2026-07-13,nNlKQlqY4lK6qAxiQV,World Cup Football GIF by OneFootball Heads,gif,2026-06-18T16:10:03+0000,1781799003,112169
2026-07-13,nDLvxkW2XE2ZjcVKQR,World Cup Football GIF by OneFootball Heads,gif,2026-06-18T16:09:56+0000,1781798996,9843
2026-07-13,W04ps2Hb3KrzSRGeh6,World Cup Football GIF by OneFootball Heads,gif,2026-06-18T16:09:48+0000,1781798988,5296
2026-07-13,vgMxyT3D5Nf7YtgLEN,World Cup Football GIF by OneFootball Heads,gif,2026-06-18T14:34:01+0000,1781793241,10827
2026-07-13,NMa7tlk37iWeBOSmwr,World Cup Football GIF by OneFootball Heads,gif,2026-06-18T14:33:55+0000,1781793235,6353
2026-07-13,wyVRFz9fJaE5B8IZ2I,France Football GIF by OneFootball Heads,gif,2026-06-18T14:33:49+0000,1781793229,12239
2026-07-13,w59SdHiwZO84yaEl4U,World Cup Football GIF by OneFootball Heads,gif,2026-06-18T14:33:43+0000,1781793223,54082
2026-07-13,pxIwqllLtTqwkP3P7q,France Football GIF by OneFootball Heads,gif,2026-06-18T14:33:37+0000,1781793217,8732
2026-07-13,5DIPupkmxQqmITQtN1,World Cup Football GIF by OneFootball Heads,gif,2026-06-18T14:33:30+0000,1781793210,90229
2026-07-13,gmEnnJ3Cj1fBPirnyp,World Cup Football GIF by OneFootball Heads,gif,2026-06-18T14:33:25+0000,1781793205,87565
2026-07-13,nRd5z0hIeY7xQz1yai,World Cup Football GIF by OneFootball Heads,gif,2026-06-18T14:33:19+0000,1781793199,49644
2026-07-13,hLlrlSXRBLz2a3Fa9b,World Cup Football GIF by OneFootball Heads,gif,2026-06-18T14:33:12+0000,1781793192,12498
2026-07-13,VUJFF1jbhxVFyUtLTJ,World Cup Football GIF by OneFootball Heads,gif,2026-06-18T14:33:07+0000,1781793187,577359
2026-07-13,YIVMHeeUzrNYt7qSqJ,World Cup Football GIF by OneFootball Heads,gif,2026-06-18T14:33:01+0000,1781793181,45605
2026-07-13,0OVzKdoHvIwJL7RduN,World Cup Football GIF by OneFootball Heads,gif,2026-06-18T14:32:55+0000,1781793175,20265
2026-07-13,Ad00UhfBWCrf6iIraA,World Cup Football GIF by OneFootball Heads,gif,2026-06-18T14:32:49+0000,1781793169,10955
2026-07-13,YOy4wfZdVp39GaHWHa,World Cup Football GIF by OneFootball Heads,gif,2026-06-18T14:32:43+0000,1781793163,12839
2026-07-13,ysB7TRjZlCfK705Qsx,World Cup Football GIF by OneFootball Heads,gif,2026-06-18T14:32:37+0000,1781793157,10209
2026-07-13,oVgehCwEPrMbYJAeuH,France Football GIF by OneFootball Heads,gif,2026-06-18T14:32:30+0000,1781793150,19533
2026-07-13,XYiDNupHyw1MaXyFbY,World Cup Football GIF by OneFootball Heads,gif,2026-06-18T14:32:24+0000,1781793144,21409
2026-07-13,dRdbbodInaw9ngy2et,World Cup Football GIF by OneFootball Heads,gif,2026-06-18T14:32:18+0000,1781793138,26499
2026-07-13,kg26UxATxZow3AsKZZ,World Cup Football GIF by OneFootball Heads,gif,2026-06-18T14:32:12+0000,1781793132,209674
2026-07-13,lGjWSowFgfSI3Q7CuM,World Cup Football GIF by OneFootball Heads,gif,2026-06-18T14:32:01+0000,1781793121,131324
2026-07-13,VaSaGr35NjXb2lexto,World Cup Football GIF by OneFootball Heads,gif,2026-06-18T14:31:56+0000,1781793116,42799
2026-07-13,hftSnrV7jiNn6MkQk4,France Football GIF by OneFootball Heads,gif,2026-06-18T14:31:49+0000,1781793109,19759
2026-07-13,lo0xHsbZsqAXm3DxRm,France Football GIF by OneFootball Heads,gif,2026-06-18T14:31:43+0000,1781793103,7024
2026-07-13,pzLy6Kcx9jyVz05UxB,World Cup Football GIF by OneFootball Heads,gif,2026-06-18T14:31:30+0000,1781793090,15230
2026-07-13,TCYSBvF1McWeOViTdS,World Cup Football GIF by OneFootball Heads,gif,2026-06-18T14:31:23+0000,1781793083,54578
2026-07-13,LgaosMJFuBdaBg4Zqw,World Cup Football GIF by OneFootball Heads,gif,2026-06-18T14:31:18+0000,1781793078,14116
2026-07-13,UpPyFzWrRSSCDjWW5S,France Football GIF by OneFootball Heads,gif,2026-06-18T14:31:12+0000,1781793072,6987
2026-07-13,UiN6zWG0ArXRCn52L0,World Cup Football GIF by OneFootball Heads,gif,2026-06-18T14:31:05+0000,1781793065,12381
2026-07-13,pKUmbMGZ5eNwfcEOwB,World Cup Football GIF by OneFootball Heads,gif,2026-06-18T14:30:59+0000,1781793059,15257
2026-07-13,mnFrveFv1O0NCcXXRg,World Cup Football GIF by OneFootball Heads,gif,2026-06-18T14:30:52+0000,1781793052,14945
2026-07-13,5Cniu3sjAb3IHZD5Bh,World Cup Football GIF by OneFootball Heads,gif,2026-06-18T14:30:47+0000,1781793047,54084
2026-07-13,XB8mTbeXNfl7OIlAkt,World Cup Football GIF by OneFootball Heads,gif,2026-06-18T14:30:42+0000,1781793042,8593
2026-07-13,uYAAG52VMeqNbeKxrw,World Cup Football GIF by OneFootball Heads,gif,2026-06-18T14:30:36+0000,1781793036,13286
2026-07-13,4I8DiIUSUnnTBauMmF,World Cup Football GIF by OneFootball Heads,gif,2026-06-18T14:30:30+0000,1781793030,21694
2026-07-13,mYNEpIFkBXXyA3E2SJ,World Cup Football GIF by OneFootball Heads,gif,2026-06-18T14:30:24+0000,1781793024,96526
2026-07-13,pGYHslrw9ZTEMk9Sn2,World Cup Football GIF by OneFootball Heads,gif,2026-06-18T14:30:18+0000,1781793018,134823
2026-07-13,33ZJlVdrJfJqeZ8YAd,World Cup Football GIF by OneFootball Heads,gif,2026-06-18T14:30:12+0000,1781793012,20969
2026-07-13,RYjyZx74LQ511YUxgW,World Cup Football GIF by OneFootball Heads,gif,2026-06-18T14:30:06+0000,1781793006,16044
2026-07-13,HBz4ZFEBOWzRdBO70e,World Cup Football GIF by OneFootball Heads,gif,2026-06-18T14:30:00+0000,1781793000,46801
2026-07-13,BEH8snVdAHDiqrRvhv,World Cup Football GIF by OneFootball Heads,gif,2026-06-18T14:29:54+0000,1781792994,22615
2026-07-13,O2iEG5r6EhWWPVCIMl,World Cup Football GIF by OneFootball Heads,gif,2026-06-18T14:29:49+0000,1781792989,53218
2026-07-13,A2z7pVURqwz3BlQdQp,World Cup Football GIF by OneFootball Heads,gif,2026-06-18T14:29:43+0000,1781792983,37769
2026-07-13,U2RkG4c7Vpaz9UnSuZ,World Cup Football GIF by OneFootball Heads,gif,2026-06-18T14:29:36+0000,1781792976,17964
2026-07-13,ApgAv4fFKYE5zQmdet,World Cup Football GIF by OneFootball Heads,gif,2026-06-18T14:29:30+0000,1781792970,11752
2026-07-13,c14InbFxtr5gAFCZfy,World Cup Football GIF by OneFootball Heads,gif,2026-06-18T14:29:24+0000,1781792964,19055
2026-07-13,qY5hBUyiQSBf79ntVr,France Football GIF by OneFootball Heads,gif,2026-06-18T14:29:18+0000,1781792958,7625
2026-07-13,V2cgY6r7FOSTkCgBS1,Germany Football GIF by OneFootball Heads,gif,2026-06-18T14:29:11+0000,1781792951,10550
2026-07-13,KcWVxQd0HvsbqguiXS,France Football GIF by OneFootball Heads,gif,2026-06-18T14:29:04+0000,1781792944,85755
2026-07-13,z2RmddzZET8w5zZtyb,World Cup Football GIF by OneFootball Heads,gif,2026-06-18T14:28:59+0000,1781792939,41542
2026-07-13,GMsykn2kFJhMIBPMb9,World Cup Football GIF by OneFootball Heads,gif,2026-06-18T14:28:53+0000,1781792933,20986
2026-07-13,U6zenm1kWFjycNTkdz,France Football GIF by OneFootball Heads,gif,2026-06-18T14:28:47+0000,1781792927,25201
2026-07-13,V65BD1iwdbErs5NDw7,World Cup Football GIF by OneFootball Heads,gif,2026-06-18T14:28:41+0000,1781792921,26723
2026-07-13,KR0ABF8z9pul0Xn1vj,World Cup Football GIF by OneFootball Heads,gif,2026-06-18T14:28:28+0000,1781792908,8588
2026-07-13,kmGi3ucTvgLv6pA7rE,World Cup Football GIF by OneFootball Heads,gif,2026-06-18T14:28:23+0000,1781792903,30883
2026-07-13,xQNauBqQ1WrqCAPuRE,World Cup Football GIF by OneFootball Heads,gif,2026-06-18T14:28:16+0000,1781792896,18430
2026-07-13,KlL7G6C1HWtdM3YHse,Germany Football GIF by OneFootball Heads,gif,2026-06-18T14:28:10+0000,1781792890,7642
2026-07-13,Jj6MUSSOBIS7iy4cHl,World Cup Football GIF by OneFootball Heads,gif,2026-06-18T14:28:04+0000,1781792884,22005
2026-07-13,o582qaiYg31UCY2MHB,World Cup Football GIF by OneFootball Heads,gif,2026-06-18T14:27:58+0000,1781792878,7801
2026-07-13,MVdhlDm19paYqtsMfF,Germany Football GIF by OneFootball Heads,gif,2026-06-18T14:27:52+0000,1781792872,9082
2026-07-13,M3DQRSj2ZR4BSXZMlX,World Cup Football GIF by OneFootball Heads,gif,2026-06-18T14:27:46+0000,1781792866,17613
2026-07-13,Fh1YBOMQy8ivv5QNzd,World Cup Football GIF by OneFootball Heads,gif,2026-06-18T14:27:41+0000,1781792861,10621
2026-07-13,1L3Mvo7LQ6VfgJJT6I,World Cup Football GIF by OneFootball Heads,gif,2026-06-18T14:27:35+0000,1781792855,79449
2026-07-13,FQaUqL5cxE07TVmEbM,World Cup Football GIF by OneFootball Heads,gif,2026-06-18T14:27:29+0000,1781792849,10161
2026-07-13,D41XyjutopurXno57q,World Cup Football GIF by OneFootball Heads,gif,2026-06-18T14:27:24+0000,1781792844,29535
2026-07-13,zIf83ye6vDhxzHKtUd,Germany Football GIF by OneFootball Heads,gif,2026-06-18T14:27:18+0000,1781792838,10771
2026-07-13,aow0lDW9gAStommdsS,World Cup Football GIF by OneFootball Heads,gif,2026-06-18T14:27:13+0000,1781792833,54292
2026-07-13,wulH1pzgOUFXQQNyor,World Cup Football GIF by OneFootball Heads,gif,2026-06-18T14:27:07+0000,1781792827,11978
2026-07-13,QQeMYCJmSK3CvnW69G,World Cup Football GIF by OneFootball Heads,gif,2026-06-18T14:27:01+0000,1781792821,14027
2026-07-13,UR5a8u78Xa7VdtyJIS,World Cup Football GIF by OneFootball Heads,gif,2026-06-18T14:26:56+0000,1781792816,22275
2026-07-13,9IwfTwulCPEiDADHzx,World Cup Football GIF by OneFootball Heads,gif,2026-06-18T14:26:49+0000,1781792809,38821
2026-07-13,29Z7C8nHD9ijZuMqTV,World Cup Football GIF by OneFootball Heads,gif,2026-06-18T14:26:43+0000,1781792803,33780
2026-07-13,7uuBgvGPs6E5EttML4,World Cup Football GIF by OneFootball Heads,gif,2026-06-18T14:26:37+0000,1781792797,11698
2026-07-13,4QXKOejCxZAOvUfjxZ,World Cup Football GIF by OneFootball Heads,gif,2026-06-18T14:26:30+0000,1781792790,15832
2026-07-13,p6hxl3FX2QtPN1eWsj,World Cup Football GIF by OneFootball Heads,gif,2026-06-18T14:26:24+0000,1781792784,119609
2026-07-13,HviuxhG9WFXzbBpjJe,World Cup Football GIF by OneFootball Heads,gif,2026-06-18T14:26:13+0000,1781792773,19218
2026-07-13,5b6DvVHMPq5kG9QBE7,World Cup Football GIF by OneFootball Heads,gif,2026-06-18T14:26:06+0000,1781792766,8977
2026-07-13,Zw9IYZoi4lR40x6kOh,World Cup Football GIF by OneFootball Heads,gif,2026-06-18T14:25:59+0000,1781792759,21682
2026-07-13,FXlBfysZeccejSPXLN,World Cup Football GIF by OneFootball Heads,gif,2026-06-18T14:25:54+0000,1781792754,25604
2026-07-13,j70G4xGbIAyl69HjSG,World Cup Football GIF by OneFootball Heads,gif,2026-06-18T14:25:47+0000,1781792747,37810
2026-07-13,qvGvze34SYzFy0IOjo,World Cup Football GIF by OneFootball Heads,gif,2026-06-18T14:25:41+0000,1781792741,25895
2026-07-13,XIxeCLHT9zVohiL4T9,World Cup Football GIF by OneFootball Heads,gif,2026-06-18T14:25:35+0000,1781792735,68967
2026-07-13,nfDB8cFWhS4Dee2sgL,France Football GIF by OneFootball Heads,gif,2026-06-18T14:25:29+0000,1781792729,16447
2026-07-13,yiNGJnacgioeujOFDw,France Football GIF by OneFootball Heads,gif,2026-06-18T14:25:24+0000,1781792724,21705
2026-07-13,UM7sju7MO1wK6KpVdR,World Cup Football GIF by OneFootball Heads,gif,2026-06-18T14:25:18+0000,1781792718,9118
2026-07-13,2AHzoH7CI4TQeyzYCD,France Football GIF by OneFootball Heads,gif,2026-06-18T14:25:12+0000,1781792712,11167
2026-07-13,RUcKKOR9LAGm3Sy9CY,World Cup Football GIF by OneFootball Heads,gif,2026-06-18T14:25:06+0000,1781792706,40425
2026-07-13,ymR0THwsC0ryufBoCC,World Cup Football GIF by OneFootball Heads,gif,2026-06-18T13:00:11+0000,1781787611,90509
2026-07-13,l5ZWNLnfskv9LTE03S,World Cup Football GIF by OneFootball Heads,gif,2026-06-18T12:59:41+0000,1781787581,19422
2026-07-13,GGxYV9J86hAuLOftmX,World Cup Football GIF by OneFootball Heads,gif,2026-06-18T12:59:35+0000,1781787575,67388
2026-07-13,YRgKKGuDWNqdVKUsJK,World Cup Football GIF by OneFootball Heads,gif,2026-06-18T12:59:29+0000,1781787569,44310
2026-07-13,sgLnfOIYS7BUIHXUxC,World Cup Football GIF by OneFootball Heads,gif,2026-06-18T12:59:23+0000,1781787563,16487
2026-07-13,hvHkkgdpNyYBCNwWii,World Cup Football GIF by OneFootball Heads,gif,2026-06-18T12:59:17+0000,1781787557,21418
2026-07-13,ocHIQm4HwUXQHcA1U0,World Cup Football GIF by OneFootball Heads,gif,2026-06-18T12:59:12+0000,1781787552,9286
2026-07-13,hZtR0YEJJ66b1a0Yrb,World Cup Football GIF by OneFootball Heads,gif,2026-06-18T12:59:06+0000,1781787546,7205
2026-07-13,QSA6gWBwyyXJIzo0gE,World Cup Football GIF by OneFootball Heads,gif,2026-06-18T12:59:00+0000,1781787540,11070
2026-07-13,99L1Ri4cmx4aZ82imT,World Cup Football GIF by OneFootball Heads,gif,2026-06-18T12:58:52+0000,1781787532,60476
2026-07-13,T0MPbboDiC4fnKtpKF,World Cup Football GIF by OneFootball Heads,gif,2026-06-18T12:58:48+0000,1781787528,51772
2026-07-13,XCGc4SGOCWsIxXCteW,World Cup Football GIF by OneFootball Heads,gif,2026-06-18T12:58:42+0000,1781787522,98409
2026-07-13,zSoJATxvNy74D0WE4l,World Cup Football GIF by OneFootball Heads,gif,2026-06-18T12:58:36+0000,1781787516,25193
2026-07-13,uCLrRaHsmPHmSNVkY8,World Cup Football GIF by OneFootball Heads,gif,2026-06-18T12:58:30+0000,1781787510,25010
2026-07-13,tsiV9e5BNYJs9N63xu,World Cup Football GIF by OneFootball Heads,gif,2026-06-18T12:58:25+0000,1781787505,46558
2026-07-13,vWQ3cNvlZdFGn4P8mC,World Cup Football GIF by OneFootball Heads,gif,2026-06-18T12:58:20+0000,1781787500,9745
2026-07-13,m6uaoa7xX7Dg2HnF6p,World Cup Football GIF by OneFootball Heads,gif,2026-06-18T12:58:12+0000,1781787492,7020
2026-07-13,tG40NFJ94fjjn3vRXR,World Cup Football GIF by OneFootball Heads,gif,2026-06-18T12:58:01+0000,1781787481,56027
2026-07-13,Gs7S4vm03HWudtCUxT,World Cup Football GIF by OneFootball Heads,gif,2026-06-18T12:57:56+0000,1781787476,63710
2026-07-13,lDvigQV6SivDb1PP17,World Cup Football GIF by OneFootball Heads,gif,2026-06-18T12:57:51+0000,1781787471,30696
2026-07-13,6nsJtjKzfX0DYG6Fg8,World Cup Football GIF by OneFootball Heads,gif,2026-06-18T12:57:47+0000,1781787467,24854
2026-07-13,SQwDBfwWSCoRe4PcNJ,World Cup Football GIF by OneFootball Heads,gif,2026-06-18T12:57:43+0000,1781787463,18550
2026-07-13,UwKnpGaeFmihxIEt4Z,World Cup Football GIF by OneFootball Heads,gif,2026-06-18T12:57:38+0000,1781787458,29149
2026-07-13,TfKAAlWTfJBh06kQ5S,World Cup Football GIF by OneFootball Heads,gif,2026-06-18T12:57:33+0000,1781787453,9276
2026-07-13,rI4yCkQXsGkvkN6qQy,World Cup Football GIF by OneFootball Heads,gif,2026-06-18T12:57:28+0000,1781787448,9470
2026-07-13,x6u2P1xWEqpnimsun6,World Cup Football GIF by OneFootball Heads,gif,2026-06-18T12:57:22+0000,1781787442,15961
2026-07-13,aFoEcC8r12zpxNNvSz,World Cup Football GIF by OneFootball Heads,gif,2026-06-18T12:57:16+0000,1781787436,6916
2026-07-13,Atdw4UUjkYNWJaCahh,World Cup Football GIF by OneFootball Heads,gif,2026-06-18T12:57:11+0000,1781787431,11950
2026-07-13,2XhJxylc2hyATdyLCy,World Cup Football GIF by OneFootball Heads,gif,2026-06-18T12:57:05+0000,1781787425,37596
2026-07-13,NZNjSEXDfUQbmupjJW,World Cup Football GIF by OneFootball Heads,gif,2026-06-18T12:56:59+0000,1781787419,51829
2026-07-13,a8ZxCyyxdwfSsqTwsL,World Cup Football GIF by OneFootball Heads,gif,2026-06-18T12:56:54+0000,1781787414,78186
2026-07-13,PJDjRlqkTOWG8CAWNa,World Cup Football GIF by OneFootball Heads,gif,2026-06-18T12:56:48+0000,1781787408,55960
2026-07-13,5bLSkn2OEV2LU4IPHI,World Cup Football GIF by OneFootball Heads,gif,2026-06-18T12:56:42+0000,1781787402,40934
2026-07-13,cYELoocQoVRmY2GRJq,World Cup Football GIF by OneFootball Heads,gif,2026-06-18T12:56:35+0000,1781787395,214968
2026-07-13,tRWPZFwfKYTcaQ0Vut,World Cup Football GIF by OneFootball Heads,gif,2026-06-18T12:56:28+0000,1781787388,12001
2026-07-13,kAZI2CjoJeDdkShdIp,World Cup Football GIF by OneFootball Heads,gif,2026-06-18T12:56:24+0000,1781787384,7863
2026-07-13,hVlGeCHhXYdIj5VuGy,World Cup Football GIF by OneFootball Heads,gif,2026-06-18T12:56:18+0000,1781787378,12557
2026-07-13,WxKKJGKsUUWPJgkf4N,World Cup Football GIF by OneFootball Heads,gif,2026-06-18T12:56:13+0000,1781787373,50876
2026-07-13,WxxWLGWv6UUZdsT2lS,World Cup Football GIF by OneFootball Heads,gif,2026-06-18T12:56:07+0000,1781787367,68195
2026-07-13,btR3gAi7NqgMjA2aNz,World Cup Football GIF by OneFootball Heads,gif,2026-06-18T12:55:31+0000,1781787331,6549
2026-07-13,3bdT6rswZrdJAAXyIY,World Cup Football GIF by OneFootball Heads,gif,2026-06-18T12:55:26+0000,1781787326,6974
2026-07-13,tPrbmCVHFFg7K72O3L,World Cup Football GIF by OneFootball Heads,gif,2026-06-18T12:55:20+0000,1781787320,5982
2026-07-13,K4y1b339hvcqk45WJ9,World Cup Football GIF by OneFootball Heads,gif,2026-06-18T12:55:15+0000,1781787315,234142
2026-07-13,oLP7BIj99u0sFUlnsV,World Cup Football GIF by OneFootball Heads,gif,2026-06-18T12:55:09+0000,1781787309,15179
2026-07-13,x3LVct059nDJWWHnBs,World Cup Football GIF by OneFootball Heads,gif,2026-06-18T12:55:04+0000,1781787304,16043
2026-07-13,yK7UnYilNJehrLYsIm,World Cup Football GIF by OneFootball Heads,gif,2026-06-18T12:54:59+0000,1781787299,63455
2026-07-13,gWRf9HI5C42rN1HirJ,World Cup Football GIF by OneFootball Heads,gif,2026-06-18T12:54:53+0000,1781787293,90711
2026-07-13,xoGxhyhEQOp0jXphxx,World Cup Football GIF by OneFootball Heads,gif,2026-06-18T12:54:47+0000,1781787287,153179
2026-07-13,J3HhbqcC2mKM6eetbu,World Cup Football GIF by OneFootball Heads,gif,2026-06-18T12:54:42+0000,1781787282,34563
2026-07-13,DArpiMDTC0np9ytWe8,World Cup Football GIF by OneFootball Heads,gif,2026-06-18T12:54:37+0000,1781787277,31935
2026-07-13,hUgUnBmpjUXA8w2eBC,World Cup Football GIF by OneFootball Heads,gif,2026-06-18T12:54:32+0000,1781787272,56690
2026-07-13,RjBXlk32cZwWJwL4gS,World Cup Football GIF by OneFootball Heads,gif,2026-06-18T12:54:27+0000,1781787267,11530
2026-07-13,ZeK2ek6RtyEL73iY0B,World Cup Football GIF by OneFootball Heads,gif,2026-06-18T12:54:20+0000,1781787260,38096
2026-07-13,bff86XIkSNuway0pUU,World Cup Football GIF by OneFootball Heads,gif,2026-06-18T12:54:16+0000,1781787256,80392
2026-07-13,IvciiQcSOnH7gFlwnK,World Cup Football GIF by OneFootball Heads,gif,2026-06-18T12:54:11+0000,1781787251,39880
2026-07-13,9F3kTka3lWs1MoyUW4,World Cup Football GIF by OneFootball Heads,gif,2026-06-18T12:54:03+0000,1781787243,35022
2026-07-13,ncRqGV6vGvUMh7oR7x,World Cup Football GIF by OneFootball Heads,gif,2026-06-18T12:53:56+0000,1781787236,92006
2026-07-13,gMAqaGlYLH1LnHhSQu,World Cup Football GIF by OneFootball Heads,gif,2026-06-18T12:53:51+0000,1781787231,18873
2026-07-13,kg7ti21Zmn5y1AtniN,World Cup Football GIF by OneFootball Heads,gif,2026-06-18T12:53:46+0000,1781787226,21095
2026-07-13,XR7PHHrmVHtqEK1gol,World Cup Football GIF by OneFootball Heads,gif,2026-06-18T12:53:40+0000,1781787220,58078
2026-07-13,HeFCcdgF37XybNbJM1,World Cup Football GIF by OneFootball Heads,gif,2026-06-18T12:53:35+0000,1781787215,25397
2026-07-13,XniMEEmJBr9ukfaFPg,World Cup Football GIF by OneFootball Heads,gif,2026-06-18T12:53:30+0000,1781787210,11324
2026-07-13,z3cQyCScaa6eQAPGxM,World Cup Football GIF by OneFootball Heads,gif,2026-06-18T12:53:25+0000,1781787205,21913
2026-07-13,bbd845md4bBhtzxnP2,World Cup Football GIF by OneFootball Heads,gif,2026-06-18T12:53:20+0000,1781787200,13077
2026-07-13,IhRt3YlSBJDDGKmVfA,World Cup Football GIF by OneFootball Heads,gif,2026-06-18T12:53:15+0000,1781787195,10229
2026-07-13,ob50T7GkSbkLLSRhQn,World Cup Football GIF by OneFootball Heads,gif,2026-06-18T12:53:10+0000,1781787190,10866
2026-07-13,2MJOk63MZDgJLnCWbP,Germany Football GIF by OneFootball Heads,gif,2026-06-18T12:53:05+0000,1781787185,6349
2026-07-13,tUcJ0CqH4BsIKAIDrB,Germany Football GIF by OneFootball Heads,gif,2026-06-18T12:53:00+0000,1781787180,15585
2026-07-13,HOOTxxN5gUjEhJDUzT,Germany Football GIF by OneFootball Heads,gif,2026-06-18T12:52:54+0000,1781787174,9966
2026-07-13,MibqmLIdqxwQepv1u4,France Football GIF by OneFootball Heads,gif,2026-06-18T12:52:50+0000,1781787170,11087
2026-07-13,zQxSWfx8MQYyxMzLTW,France Football GIF by OneFootball Heads,gif,2026-06-18T12:52:43+0000,1781787163,13182
2026-07-13,QgBxz4jlNWpq4U0VBL,France Football GIF by OneFootball Heads,gif,2026-06-18T12:52:37+0000,1781787157,19251
2026-07-13,akR7RsXOEBsCpVxsp6,World Cup Football GIF by OneFootball Heads,gif,2026-06-18T12:52:32+0000,1781787152,10478
2026-07-13,Foo1QLxlFskrsgYXD8,World Cup Football GIF by OneFootball Heads,gif,2026-06-18T12:52:25+0000,1781787145,42106
2026-07-13,JGpns399tHOQYO7P9u,World Cup Football GIF by OneFootball Heads,gif,2026-06-18T12:52:18+0000,1781787138,15313
2026-07-13,aZhAXcAN33Makb02CK,World Cup Football GIF by OneFootball Heads,gif,2026-06-18T12:52:12+0000,1781787132,123312
2026-07-13,mruAYNxpRfWT7zWOVa,World Cup Football GIF by OneFootball Heads,gif,2026-06-18T12:52:04+0000,1781787124,62656
2026-07-13,dgXu5U7aMzbfILnDcj,World Cup Football GIF by OneFootball Heads,gif,2026-06-18T12:51:59+0000,1781787119,200756
2026-07-13,d6ZMxXqdHwzsYsjIfP,World Cup Football GIF by OneFootball Heads,gif,2026-06-18T12:51:54+0000,1781787114,17256
2026-07-13,QoVAe2QifgvhK2rnTG,Si Se Puede World Cup GIF by OneFootball Heads,gif,2026-06-18T12:51:49+0000,1781787109,144445
2026-07-13,NFlNPPsEU6FSGuOk3e,World Cup Football GIF by OneFootball Heads,gif,2026-06-18T12:51:43+0000,1781787103,78559
2026-07-13,pq5a9erYX0mupYAw0r,World Cup Football GIF by OneFootball Heads,gif,2026-06-18T12:51:38+0000,1781787098,6713
2026-07-13,9Se0FcKFZFCt7lM2x3,World Cup Football GIF by OneFootball Heads,gif,2026-06-18T12:51:33+0000,1781787093,6467
2026-07-13,9YVJ3QFI0T2T1huuOt,World Cup Football GIF by OneFootball Heads,gif,2026-06-18T12:51:29+0000,1781787089,21828
2026-07-13,M466iBsWoTlNojJbyk,World Cup Football GIF by OneFootball Heads,gif,2026-06-18T12:51:23+0000,1781787083,30639
2026-07-13,Ksyo02KzynpxSGIdiu,World Cup Football GIF by OneFootball Heads,gif,2026-06-18T12:51:19+0000,1781787079,31485
2026-07-13,EsTiklBWYzosIzPluo,World Cup Football GIF by OneFootball Heads,gif,2026-06-18T12:51:14+0000,1781787074,23830
2026-07-13,xd0DzHA90wF0QspRKE,World Cup Football GIF by OneFootball Heads,gif,2026-06-18T12:51:09+0000,1781787069,152033
2026-07-13,AhaWzd6OjdlgzY8poL,World Cup Football GIF by OneFootball Heads,gif,2026-06-18T12:51:03+0000,1781787063,15040
2026-07-13,fLLDOs1PXL5od8aETL,World Cup Football GIF by OneFootball Heads,gif,2026-06-18T12:50:59+0000,1781787059,8715
2026-07-13,AkjBpF1TnoWQNI57N8,World Cup Football GIF by OneFootball Heads,gif,2026-06-18T12:50:54+0000,1781787054,14463
2026-07-13,wvmHbFg1ExLSSKMaOD,World Cup Football GIF by OneFootball Heads,gif,2026-06-18T12:50:49+0000,1781787049,118067
2026-07-13,8tQLdg1TjgKBuuPbco,World Cup Football GIF by OneFootball Heads,gif,2026-06-18T12:50:43+0000,1781787043,413165
2026-07-13,Ei2OUMXIhbpl8zcg07,World Cup Football GIF by OneFootball Heads,gif,2026-06-18T12:50:37+0000,1781787037,25999
2026-07-13,1knediJpPduWeBBS7N,World Cup Football GIF by OneFootball Heads,gif,2026-06-18T12:50:32+0000,1781787032,25620
2026-07-13,eGITs6JOnYa9vtjIwc,World Cup Football GIF by OneFootball Heads,gif,2026-06-18T12:50:26+0000,1781787026,91064
2026-07-13,ywVDodGGYpgsU7vb0Q,World Cup Football GIF by OneFootball Heads,gif,2026-06-18T12:50:20+0000,1781787020,35311
2026-07-13,LIqRddsJ488WR7JkgG,World Cup Football GIF by OneFootball Heads,gif,2026-06-18T12:50:14+0000,1781787014,82451
2026-07-13,dBEeUL0mbzScibZaSv,World Cup Football GIF by OneFootball Heads,gif,2026-06-18T12:50:09+0000,1781787009,13332
2026-07-13,s4hSWA7C4PRGJwjwkp,World Cup Football GIF by OneFootball Heads,gif,2026-06-18T12:50:03+0000,1781787003,13157
2026-07-13,kAVvf8QMmCmXU7NDA6,World Cup Football GIF by OneFootball Heads,gif,2026-06-18T12:49:59+0000,1781786999,8779
2026-07-13,XHby9xOM0HPzPJ6tqF,World Cup Football GIF by OneFootball Heads,gif,2026-06-18T12:49:53+0000,1781786993,10230
2026-07-13,LM6727wPq5tzhvVLMJ,World Cup Football GIF by OneFootball Heads,gif,2026-06-18T12:49:48+0000,1781786988,34896
2026-07-13,RJZFIKDrvM9UVstlHg,World Cup Football GIF by OneFootball Heads,gif,2026-06-18T12:49:42+0000,1781786982,48091
2026-07-13,tZ7DeEmaE9nn2rqcF3,World Cup Football GIF by OneFootball Heads,gif,2026-06-18T12:49:36+0000,1781786976,61405
2026-07-13,XQGaZGKKKFL5DGdt4Y,Vamos Argentina World Cup GIF by OneFootball Heads,gif,2026-06-18T12:49:31+0000,1781786971,75147
2026-07-13,wdwglOfifi6NYq9tjO,World Cup Football GIF by OneFootball Heads,gif,2026-06-18T12:49:26+0000,1781786966,32611
2026-07-13,Lg6tJBqeg7Z8iHTvJK,World Cup Football GIF by OneFootball Heads,gif,2026-06-18T12:49:20+0000,1781786960,163457
2026-07-13,VFmjfFzMv0JETVuokv,World Cup Football GIF by OneFootball Heads,gif,2026-06-18T12:49:11+0000,1781786951,441980
2026-07-13,X8U2NmVTuTntFxGesd,Football Fan Vacation GIF by OneFootball Heads,gif,2026-05-22T01:55:27+0000,1779414927,176295
2026-07-13,An7uqeayxR5J8dKHu4,Level Up Football Meme GIF by OneFootball Heads,gif,2026-05-22T01:55:13+0000,1779414913,104808
2026-07-13,WCIkiuYpS3S6XKV8Rn,Cope Football Fan GIF by OneFootball Heads,gif,2026-05-22T01:55:00+0000,1779414900,37923
2026-07-13,QytjwhKBE2ObyydwQb,Big Game Matchday GIF by OneFootball Heads,gif,2026-05-22T01:54:53+0000,1779414893,116877
2026-07-13,Jzp6EmR66Abn9ExWls,Football Fan Transfer GIF by OneFootball Heads,gif,2026-05-22T01:54:39+0000,1779414879,42121
2026-07-13,6UDc6ioncYRxWDnp0G,Signing Football Fan GIF by OneFootball Heads,gif,2026-05-22T01:54:32+0000,1779414872,205684
2026-07-13,2FbqKii3sahcmtOgU2,Opening Day Hype GIF by OneFootball Heads,gif,2026-05-22T01:54:23+0000,1779414863,32501
2026-07-13,592ZMrdelj8j8DlQ2w,Football Fan Summer GIF by OneFootball Heads,gif,2026-05-22T01:54:17+0000,1779414857,56370
2026-07-13,R3h2NcJNbFNBpS4g6q,Out Of Office Season GIF by OneFootball Heads,gif,2026-05-22T01:54:10+0000,1779414850,121676
2026-07-13,b40vcDOn7iizajr2oM,Football Fan Scout GIF by OneFootball Heads,gif,2026-05-22T01:53:30+0000,1779414810,150637
2026-07-13,JhkFcH98uvMrnDgmn6,Sarcastic Football Fan GIF by OneFootball Heads,gif,2026-05-22T01:53:22+0000,1779414802,42649
2026-07-13,JkGNpFYB3cY7FHn9sx,Champions League Vibes GIF by OneFootball Heads,gif,2026-05-22T01:53:15+0000,1779414795,18832
2026-07-13,DBNUsVBmNhdqMaetuc,Champions League Knockout GIF by OneFootball Heads,gif,2026-05-22T01:53:08+0000,1779414788,25124
2026-07-13,dxie0mdUARIwhn2yee,Champions League Uefa GIF by OneFootball Heads,gif,2026-05-22T01:53:01+0000,1779414781,36661
2026-07-13,HoEkTdvUpnS9WvVPcF,Football Waiting GIF by OneFootball Heads,gif,2026-05-18T15:31:16+0000,1779118276,183973
2026-07-13,8Ju2XpAU8kax6RU9pd,Digital Art Crypto GIF by OneFootball Heads,gif,2026-05-18T15:31:09+0000,1779118269,61199
2026-07-13,UGSaXOiJokVFwXEoAT,Confused Crypto GIF by OneFootball Heads,gif,2026-05-18T15:31:03+0000,1779118263,13282
2026-07-13,RlkKf5MBzEjqzqN3Pt,Excited Crypto GIF by OneFootball Heads,gif,2026-05-18T15:30:57+0000,1779118257,33950
2026-07-13,OlLlVUZxrcqZm6RPza,Excited Digital Art GIF by OneFootball Heads,gif,2026-05-18T15:30:50+0000,1779118250,13073
2026-07-13,jxA1BBEg6NzTQL7pvd,Football Love GIF by OneFootball Heads,gif,2026-05-18T15:30:43+0000,1779118243,114062
2026-07-13,TL448BG9MrQXfVRka2,Happy Good Vibes GIF by OneFootball Heads,gif,2026-05-18T15:30:36+0000,1779118236,60452
2026-07-13,0jVa8eudaK9tG5KOUh,Nervous World Cup GIF by OneFootball Heads,gif,2026-05-18T15:30:25+0000,1779118225,145690
2026-07-13,NCXTJOeB6clLl1XIHm,Frustrated Football Fan GIF by OneFootball Heads,gif,2026-05-18T15:30:18+0000,1779118218,35763
2026-07-13,RKSWD89SckpaCkF7lB,World Cup Waiting GIF by OneFootball Heads,gif,2026-05-18T15:30:11+0000,1779118211,45848
2026-07-13,v5PJmNVxWOTTThmnQg,Excited World Cup GIF by OneFootball Heads,gif,2026-05-18T15:30:00+0000,1779118200,87499
2026-07-13,fsCP6Oda0qmhcNPKE1,Tag4 Tag5 GIF by OneFootball Heads,gif,2026-05-18T05:09:54+0000,1779080994,33073
2026-07-13,oT8h0iLmJVj4OORrVw,Football Celebrate GIF by OneFootball Heads,gif,2026-05-18T05:05:15+0000,1779080715,5168
2026-07-13,sT7JTqgV96345rxK6n,Nervous Football GIF by OneFootball Heads,gif,2026-05-18T05:05:03+0000,1779080703,19986
2026-07-13,oEK27lR1AH4L1uw531,Fantasy Football GIF by OneFootball Heads,gif,2026-05-18T05:04:57+0000,1779080697,22499
2026-07-13,XzFg2ZpcLiS4s3N1KC,Football Winning GIF by OneFootball Heads,gif,2026-05-18T05:04:51+0000,1779080691,51886
2026-07-13,maNlF3eSXasPrO4QdO,Time Out Football GIF by OneFootball Heads,gif,2026-03-26T22:33:20+0000,1774564400,95810
2026-07-13,czdCrCBERAQKBOfOLo,Football Soccer GIF by OneFootball Heads,gif,2026-03-26T22:33:15+0000,1774564395,185170
2026-07-13,vtBtvkJFk09naDtqBk,Football Frown GIF by OneFootball Heads,gif,2026-03-26T22:33:09+0000,1774564389,90323
2026-07-13,PMny68XCKFiABxd1SZ,Hat Trick Football GIF by OneFootball Heads,gif,2026-03-26T22:33:05+0000,1774564385,552754
2026-07-13,NKb9LW9MrxO48Cd9Mu,Not Funny Football GIF by OneFootball Heads,gif,2026-03-26T22:32:55+0000,1774564375,25724
2026-07-13,6guW2txh6RAr0RCnTP,April Fools Football GIF by OneFootball Heads,gif,2026-03-26T22:32:51+0000,1774564371,132437
2026-07-13,6o7c1nxSuBTp6XIMzm,Football Soccer GIF by OneFootball Heads,gif,2026-03-26T22:32:44+0000,1774564364,676641
2026-07-13,kFnvhvvnxA6KwTnIzA,Hat-Trick Football GIF by OneFootball Heads,gif,2026-03-26T22:32:38+0000,1774564358,389635
2026-07-13,ZEleEa4pY0l7ufKnSY,Hat Trick Football GIF by OneFootball Heads,gif,2026-03-26T22:32:31+0000,1774564351,46961
2026-07-13,pPGGvsQjn9xJb55F8i,Hat Trick Football GIF by OneFootball Heads,gif,2026-03-26T22:32:23+0000,1774564343,87586
2026-07-13,HXbjrTClytGyPjam3M,Hat-Trick Football GIF by OneFootball Heads,gif,2026-03-26T22:32:17+0000,1774564337,3446273
2026-07-13,2fR6fBgW6BZU1CPIqG,Easter Bunny Football GIF by OneFootball Heads,gif,2026-03-26T22:32:11+0000,1774564331,77905
2026-07-13,7HumoY5K6oo1enpFWe,Easter Bunny Football GIF by OneFootball Heads,gif,2026-03-26T22:32:07+0000,1774564327,164981
2026-07-13,Z43RfKcmhr06OQ5ae2,Easter Eggs Football GIF by OneFootball Heads,gif,2026-03-26T22:32:01+0000,1774564321,82875
2026-07-13,9bIcqjJn0WBjTCqQOT,Dance Football GIF by OneFootball Heads,gif,2026-03-26T22:31:56+0000,1774564316,182364
2026-07-13,MZExsocb7ggfMPqiBk,Football Soccer GIF by OneFootball Heads,gif,2026-03-26T22:31:48+0000,1774564308,45493
2026-07-13,EMrPMmyufe1a1Tz1A5,Full Time Football GIF by OneFootball Heads,gif,2026-03-26T22:31:43+0000,1774564303,150950
2026-07-13,GMibniHgHabH5FsvSf,Football Soccer GIF by OneFootball Heads,gif,2026-03-26T22:31:38+0000,1774564298,226449
2026-07-13,shE8kiyTqgMBGFmkLs,April Fools Football GIF by OneFootball Heads,gif,2026-03-26T22:31:34+0000,1774564294,75912
2026-07-13,5ssoenGB420wQegvln,April Fools Football GIF by OneFootball Heads,gif,2026-03-26T22:31:30+0000,1774564290,116055
2026-07-13,lMtSWlhMBsTkmUot5s,April Fools Football GIF by OneFootball Heads,gif,2026-03-26T22:31:24+0000,1774564284,141256
2026-07-13,XCdhyRfbj2GvgufO0u,Football Soccer GIF by OneFootball Heads,gif,2026-03-26T22:31:20+0000,1774564280,1231847
2026-07-13,xD1vpKInrkzJ3Fxael,Space Time GIF by OneFootball Heads,gif,2026-02-09T04:39:28+0000,1770611968,22388
2026-07-13,WhOTaSjCzQyMAMBn5v,Podcast Commentator GIF by OneFootball Heads,gif,2026-02-09T04:39:22+0000,1770611962,131815
2026-07-13,DGjlGcceVl5RDQC6v7,Football Podcast GIF by OneFootball Heads,gif,2026-02-09T04:39:16+0000,1770611956,34134
2026-07-13,3So6FuGb7wVk14P481,Happy Holidays GIF by OneFootball Heads,gif,2026-02-09T04:39:11+0000,1770611951,17189
2026-07-13,cfLHHFi62dBMYsloN7,Shocked Whats That GIF by OneFootball Heads,gif,2026-02-09T04:38:50+0000,1770611930,55075
2026-07-13,Oa4QJT3Fb0zQ037mov,Shock Whats That GIF by OneFootball Heads,gif,2026-02-09T04:38:43+0000,1770611923,318910
2026-07-13,QGy9WgPA5wdXUx7yKE,Nara Superfans GIF by OneFootball Heads,gif,2026-02-09T04:38:35+0000,1770611915,159747
2026-07-13,eEEVPZVPzXY9ceK13z,Metal Detector Searching GIF by OneFootball Heads,gif,2026-02-09T04:38:25+0000,1770611905,488052
2026-07-13,ptWaTNOtCbJyFoPOsI,Run Fall Over GIF by OneFootball Heads,gif,2026-02-09T04:38:20+0000,1770611900,73503
2026-07-13,LOVAgqCndxbF0yVSvH,Red Flag Toxic Relationship GIF by OneFootball Heads,gif,2026-02-09T04:38:16+0000,1770611896,65927
2026-07-13,aA455rZHUzTePr7fRv,Happy Holidays GIF by OneFootball Heads,gif,2026-02-09T04:38:11+0000,1770611891,18793
2026-07-13,FjOH5YsFZv0M1wuIBb,Metal Detector GIF by OneFootball Heads,gif,2026-02-09T04:37:32+0000,1770611852,1433094
2026-07-13,no6Mm0U0L9Mv9tzvN9,Nara Superfans GIF by OneFootball Heads,gif,2026-02-09T04:37:27+0000,1770611847,142803
2026-07-13,bfb6MDov8wj5qopEZC,Sad Sorry GIF by OneFootball Heads,gif,2026-02-09T04:37:19+0000,1770611839,58418
2026-07-13,EbEX6H0ZYbCTI9nI25,Sad Mistake GIF by OneFootball Heads,gif,2026-02-09T04:37:13+0000,1770611833,50898
2026-07-13,aW3mqoINZ433Rj4TMz,Happy Green Flag GIF by OneFootball Heads,gif,2026-02-09T04:37:08+0000,1770611828,42056
2026-07-13,Xy1embN5dYLxDL7J1h,Ronaldo Flick GIF by OneFootball Heads,gif,2026-02-09T04:37:02+0000,1770611822,98950
2026-07-13,0f7MezZNdfdf09G5MR,Keeper Penalty GIF by OneFootball Heads,gif,2026-02-09T04:36:58+0000,1770611818,97890
2026-07-13,pUCY24xEv3FuNvWA54,Happy Football GIF by OneFootball Heads,gif,2026-02-09T04:36:54+0000,1770611814,34734
2026-07-13,BuT7JDz3OLtImz82QE,Walk Like An Egyptian Dancing GIF by OneFootball Heads,gif,2026-02-09T04:36:49+0000,1770611809,1126209
2026-07-13,MgeNDcgT4gXYn338jR,Happy Birthday Gift GIF by OneFootball Heads,gif,2026-02-09T04:36:43+0000,1770611803,85409
2026-07-13,rcKw9ZKuo0lLFzIuuZ,Warning Red Flag GIF by OneFootball Heads,gif,2026-02-09T04:36:38+0000,1770611798,246413
2026-07-13,N20tM6nrrXQMl4HYWz,Green Flag Relationships GIF by OneFootball Heads,gif,2026-02-09T04:36:33+0000,1770611793,1112384
2026-07-13,W2qRsuV2W45gij9eyQ,Spotlight Beacon GIF by OneFootball Heads,gif,2026-02-05T11:03:35+0000,1770289415,15544
2026-07-13,hhL4cErWygGzv0PMwl,Pool Party Summer GIF by OneFootball Heads,gif,2026-01-20T14:30:33+0000,1768919433,393139
2026-07-13,XCB5P8yCHz9CiAl41q,I Love You Couple GIF by OneFootball Heads,gif,2026-01-20T14:30:19+0000,1768919419,52620
2026-07-13,IipkQotlmo8Sh1ABvk,Valentines Day Love GIF by OneFootball Heads,gif,2026-01-20T14:30:08+0000,1768919408,19760
2026-07-13,CaEoDtcNHxY0y3Ll4k,Valentines Day GIF by OneFootball Heads,gif,2026-01-20T14:30:02+0000,1768919402,35827
2026-07-13,zKf31joKvY23SQdSTF,I Love You Flower GIF by OneFootball Heads,gif,2026-01-20T14:29:56+0000,1768919396,159822
2026-07-13,GT9cgAAAtfM5JgcZpQ,I Love You Flowers GIF by OneFootball Heads,gif,2026-01-20T14:29:46+0000,1768919386,50668
2026-07-13,01gaL9yoKUBxA6lLSx,I Love You Flowers GIF by OneFootball Heads,gif,2026-01-20T14:29:35+0000,1768919375,96132
2026-07-13,MODuEqgpv6IROKtJrO,Roblox GIF by OneFootball Heads,gif,2026-01-20T14:29:20+0000,1768919360,179505
2026-07-13,2Tmk43f9xbaX1HX5XW,Celebrate World Cup GIF by OneFootball Heads,gif,2026-01-20T05:12:20+0000,1768885940,499650
2026-07-13,VZ9JDjblGrqOCxqVFT,Celebrate World Cup GIF by OneFootball Heads,gif,2026-01-20T05:12:15+0000,1768885935,3076852
2026-07-13,bKDPhQuR4aMtOTfzSz,Celebrate World Cup GIF by OneFootball Heads,gif,2026-01-20T05:12:09+0000,1768885929,363223
2026-07-13,ZfzDxoltZ5FyWrmTJl,Celebrate World Cup GIF by OneFootball Heads,gif,2026-01-20T05:12:03+0000,1768885923,1103531
2026-07-13,0QcUioJ7k6T2xRT6dI,Celebrate World Cup GIF by OneFootball Heads,gif,2026-01-20T05:11:56+0000,1768885916,229826
2026-07-13,MmwWuKZzjxYw05RF8z,Celebrate World Cup GIF by OneFootball Heads,gif,2026-01-20T05:11:48+0000,1768885908,1334929
2026-07-13,4yGaQKJE08kHXPuyMn,Celebrate World Cup GIF by OneFootball Heads,gif,2026-01-20T05:11:41+0000,1768885901,907676
2026-07-13,IvJvPYEXDOoV3ju64N,Celebrate World Cup GIF by OneFootball Heads,gif,2026-01-20T05:11:34+0000,1768885894,1219428
2026-07-13,mLYuk0RvMxWAISGnCA,Celebrate World Cup GIF by OneFootball Heads,gif,2026-01-20T05:11:22+0000,1768885882,60577
2026-07-13,mwnu1QWfjuMZbKdgcp,Celebrate World Cup GIF by OneFootball Heads,gif,2026-01-20T05:11:12+0000,1768885872,979289
2026-07-13,5IYv7MHczMNdqnxWa1,Celebrate World Cup GIF by OneFootball Heads,gif,2026-01-20T05:11:06+0000,1768885866,793091
2026-07-13,3DDxEpa9LhhPXbXpoY,Celebrate World Cup GIF by OneFootball Heads,gif,2026-01-20T05:10:59+0000,1768885859,94881
2026-07-13,QJ4gYE5K7A8FPhPHuX,Celebrate World Cup GIF by OneFootball Heads,gif,2026-01-20T05:10:52+0000,1768885852,263520
2026-07-13,SAyhOhXMo16hk1ceaB,Celebrate World Cup GIF by OneFootball Heads,gif,2026-01-20T05:10:45+0000,1768885845,113700
2026-07-13,3CjwLHLooBGmDorkzF,Celebrate World Cup GIF by OneFootball Heads,gif,2026-01-20T05:10:39+0000,1768885839,558115
2026-07-13,54Lr6tnL43zux7QcZh,Celebrate World Cup GIF by OneFootball Heads,gif,2026-01-20T05:10:30+0000,1768885830,215190
2026-07-13,XjiCTell4KeSfAqaQZ,Celebrate World Cup GIF by OneFootball Heads,gif,2026-01-20T05:10:20+0000,1768885820,79584
2026-07-13,7rJDG9tWHp7KA9rDDq,Celebrate World Cup GIF by OneFootball Heads,gif,2026-01-20T05:10:15+0000,1768885815,37857
2026-07-13,ZIv6jXtuNWmqe8i4d8,Celebrate World Cup GIF by OneFootball Heads,gif,2026-01-20T05:09:53+0000,1768885793,25376
2026-07-13,Px3XFOmPDLjRvP9YeG,Celebrate World Cup GIF by OneFootball Heads,gif,2026-01-20T05:09:34+0000,1768885774,314562
2026-07-13,ej3ZCWbOwLxwRNC2Kg,Celebrate World Cup GIF by OneFootball Heads,gif,2026-01-20T05:09:28+0000,1768885768,154221
2026-07-13,PictPG2QUCZqYQ7QJm,Celebrate World Cup GIF by OneFootball Heads,gif,2026-01-20T05:09:19+0000,1768885759,93220
2026-07-13,r1CQkqGt4aI7wr1Ohw,Celebrate World Cup GIF by OneFootball Heads,gif,2026-01-20T05:09:10+0000,1768885750,180886
2026-07-13,zuMnz0s1el2MO30gjg,Celebrate World Cup GIF by OneFootball Heads,gif,2026-01-20T05:09:02+0000,1768885742,740337
2026-07-13,0rAnJ9bILAp2bIGcpT,Celebrate World Cup GIF by OneFootball Heads,gif,2026-01-20T05:08:55+0000,1768885735,44119
2026-07-13,R4K3oSgQ7goRV5dQW2,Celebrate World Cup GIF by OneFootball Heads,gif,2026-01-20T05:08:49+0000,1768885729,61774
2026-07-13,CQF6AFxLK2g5y2B2NN,Celebrate World Cup GIF by OneFootball Heads,gif,2026-01-20T05:08:43+0000,1768885723,1383845
2026-07-13,WoJ1KruDxKQ1TdT7LG,Celebrate World Cup GIF by OneFootball Heads,gif,2026-01-20T05:08:34+0000,1768885714,494533
2026-07-13,5NxsFyN2WM2HjI1BpK,Celebrate World Cup GIF by OneFootball Heads,gif,2026-01-20T05:08:25+0000,1768885705,166881
2026-07-13,qpJtW9XMVylfz7N32c,Celebrate World Cup GIF by OneFootball Heads,gif,2026-01-20T05:08:16+0000,1768885696,501891
2026-07-13,clODkNL8QqeiiLV871,Celebrate World Cup GIF by OneFootball Heads,gif,2026-01-20T05:08:08+0000,1768885688,306079
2026-07-13,ba5JMnrKk4o9z7yiP0,Celebrate World Cup GIF by OneFootball Heads,gif,2026-01-20T05:08:01+0000,1768885681,2260311
2026-07-13,Brkoiafxyzb94gXrMa,Celebrate World Cup GIF by OneFootball Heads,gif,2026-01-20T05:07:57+0000,1768885677,554049
2026-07-13,3lTznm8qcjuD0dOyof,Celebrate World Cup GIF by OneFootball Heads,gif,2026-01-20T05:07:52+0000,1768885672,2027695
2026-07-13,VSmo1UmSEnNBOkzzKN,Celebrate World Cup GIF by OneFootball Heads,gif,2026-01-20T05:07:46+0000,1768885666,491990
2026-07-13,4zCNON1K71s6JXOFd5,Celebrate World Cup GIF by OneFootball Heads,gif,2026-01-20T05:07:38+0000,1768885658,876147
2026-07-13,VTG38I0RqkksEgqTdJ,Celebrate World Cup GIF by OneFootball Heads,gif,2026-01-20T05:07:31+0000,1768885651,62176
2026-07-13,qhb6MgP55rZQIiJPFf,Celebrate World Cup GIF by OneFootball Heads,gif,2026-01-20T05:07:24+0000,1768885644,293048
2026-07-13,MU4wAQ5AZqlBJTyGFw,Celebrate World Cup GIF by OneFootball Heads,gif,2026-01-20T05:07:16+0000,1768885636,58513
2026-07-13,ykoTW1SqAFoUKMXfwl,Celebrate World Cup GIF by OneFootball Heads,gif,2026-01-20T05:07:09+0000,1768885629,1363299
2026-07-13,Xl33ygtw7ZElNbVTch,Celebrate World Cup GIF by OneFootball Heads,gif,2026-01-20T05:07:02+0000,1768885622,140549
2026-07-13,s6eCu3KXqkq8sKt2pD,World Cup Win GIF by OneFootball Heads,gif,2026-01-20T05:06:54+0000,1768885614,5560427
2026-07-13,m6Ldp765JS1TOc1epw,Celebrate World Cup GIF by OneFootball Heads,gif,2026-01-20T05:06:48+0000,1768885608,68560
2026-07-13,H5b7aOpD0MCxbT3jFO,Celebrate World Cup GIF by OneFootball Heads,gif,2026-01-20T05:06:42+0000,1768885602,273101
2026-07-13,HU5ZX6NCZHrKdAkGtf,Celebrate World Cup GIF by OneFootball Heads,gif,2026-01-20T05:06:35+0000,1768885595,391559
2026-07-13,BxCTf1cNDlhFUdurmO,Celebrate World Cup GIF by OneFootball Heads,gif,2026-01-20T05:06:27+0000,1768885587,473882
2026-07-13,i09kDxdM8snHxPKl1i,Celebrate World Cup GIF by OneFootball Heads,gif,2026-01-20T05:06:21+0000,1768885581,319706
2026-07-13,GAczcLkdTCTPS01kQy,Celebrate World Cup GIF by OneFootball Heads,gif,2026-01-20T05:06:16+0000,1768885576,420636
2026-07-13,N6xT6C3SVJJSwH8Mgl,Celebrate World Cup GIF by OneFootball Heads,gif,2026-01-20T05:06:08+0000,1768885568,46748
2026-07-13,WmTuF4gz4C3ZfoHQGw,Celebrate World Cup GIF by OneFootball Heads,gif,2026-01-20T05:06:00+0000,1768885560,210125
2026-07-13,gfv9pQSjyN83iR0zM0,Celebrate World Cup GIF by OneFootball Heads,gif,2026-01-20T05:05:47+0000,1768885547,1815746
2026-07-13,H1SV8pkPwh24wqRfyd,Celebrate World Cup GIF by OneFootball Heads,gif,2026-01-20T05:05:41+0000,1768885541,1614210
2026-07-13,XYGeNuYFTJxYanc1ij,Celebrate World Cup GIF by OneFootball Heads,gif,2026-01-20T05:05:22+0000,1768885522,985620
2026-07-13,bktvFDtSnncI1w598s,Celebrate World Cup GIF by OneFootball Heads,gif,2026-01-20T05:05:14+0000,1768885514,304790
2026-07-13,Tp7JErC4Ak5ZrF8ciK,Celebrate World Cup GIF by OneFootball Heads,gif,2026-01-20T05:05:08+0000,1768885508,3657391
2026-07-13,ZqZUWuxULL0IZ3XdCW,Celebrate World Cup GIF by OneFootball Heads,gif,2026-01-20T05:05:02+0000,1768885502,411627
2026-07-13,XbEj9EvaOwUas4Zfkd,Celebrate World Cup GIF by OneFootball Heads,gif,2026-01-20T05:04:55+0000,1768885495,491716
2026-07-13,n4eta4zIkCRr6xbK2f,Celebrate Germany GIF by OneFootball Heads,gif,2026-01-20T05:04:48+0000,1768885488,656066
2026-07-13,uXV0BqmxAJt7VKNgZh,Celebrate Germany GIF by OneFootball Heads,gif,2026-01-20T05:04:40+0000,1768885480,400973
2026-07-13,zdfDUrgmjZWA1HNsfu,Celebrate France GIF by OneFootball Heads,gif,2026-01-20T05:04:27+0000,1768885467,85053
2026-07-13,jRRG7jt2Js6MacrDGd,Celebrate France GIF by OneFootball Heads,gif,2026-01-20T05:04:19+0000,1768885459,72535
2026-07-13,9dJzU7bFwJBIWjvWO0,Celebrate World Cup GIF by OneFootball Heads,gif,2026-01-20T05:04:12+0000,1768885452,812027
2026-07-13,qeTcrWW3wozMaIX6Af,Celebrate World Cup GIF by OneFootball Heads,gif,2026-01-20T05:04:05+0000,1768885445,112556
2026-07-13,1MTfxcyrTyUFK9Zp3S,Celebrate World Cup GIF by OneFootball Heads,gif,2026-01-20T05:03:57+0000,1768885437,10801103
2026-07-13,w0t4WTCyVJfbNIAwdR,Celebrate World Cup GIF by OneFootball Heads,gif,2026-01-20T05:03:50+0000,1768885430,731254
2026-07-13,V7KYS0VPWVdhPFUj9Z,Celebrate World Cup GIF by OneFootball Heads,gif,2026-01-20T05:03:43+0000,1768885423,404840
2026-07-13,prWnSRzSzVrBZLv41A,Celebrate World Cup GIF by OneFootball Heads,gif,2026-01-20T05:03:31+0000,1768885411,238688
2026-07-13,7UCWuilJRYlAu15j7U,Celebrate World Cup GIF by OneFootball Heads,gif,2026-01-20T05:03:24+0000,1768885404,3666965
2026-07-13,pTNVcut8Um4qfqAn0v,Celebrate World Cup GIF by OneFootball Heads,gif,2026-01-20T05:03:16+0000,1768885396,838376
2026-07-13,IXMc63EIZGgNlNQNZD,Celebrate World Cup GIF by OneFootball Heads,gif,2026-01-20T05:03:10+0000,1768885390,81638
2026-07-13,QBgFxeacBb59LMX5su,Celebrate World Cup GIF by OneFootball Heads,gif,2026-01-20T05:03:03+0000,1768885383,562617
2026-07-13,wDcx1Rm1hXxGKefyTR,Celebrate World Cup GIF by OneFootball Heads,gif,2026-01-20T05:02:55+0000,1768885375,320127
2026-07-13,X4AaDMS42L6wqp9I4S,Celebrate World Cup GIF by OneFootball Heads,gif,2026-01-20T05:02:48+0000,1768885368,21082
2026-07-13,ZUwEmP2EchPgZetmps,Celebrate World Cup GIF by OneFootball Heads,gif,2026-01-20T05:02:40+0000,1768885360,581181
2026-07-13,PlShyiN5tlquexvBB2,Celebrate World Cup GIF by OneFootball Heads,gif,2026-01-20T05:02:34+0000,1768885354,53104
2026-07-13,S0GO7wvqciKU6znbFW,Celebrate World Cup GIF by OneFootball Heads,gif,2026-01-20T05:02:26+0000,1768885346,25367712
2026-07-13,Zil84rm4wvlWsJqo9C,Celebrate World Cup GIF by OneFootball Heads,gif,2026-01-20T05:02:18+0000,1768885338,9559286
2026-07-13,l23aOmdgpH4PVpPOOF,Celebrate World Cup GIF by OneFootball Heads,gif,2026-01-20T05:02:11+0000,1768885331,292141
2026-07-13,zAo4CHpNAaNDg27lmG,Celebrate World Cup GIF by OneFootball Heads,gif,2026-01-20T05:02:03+0000,1768885323,225058
2026-07-13,wMeQ3go50ahhciuZwK,Celebrate World Cup GIF by OneFootball Heads,gif,2026-01-20T05:01:55+0000,1768885315,137079
2026-07-13,3Ej0FdtgfzHznxfoaW,Celebrate World Cup GIF by OneFootball Heads,gif,2026-01-20T05:01:48+0000,1768885308,107749
2026-07-13,QU3jtBvOsGT110czty,Celebrate World Cup GIF by OneFootball Heads,gif,2026-01-20T05:01:42+0000,1768885302,45687
2026-07-13,kIF7T5i5o9pEglhEHa,Celebrate World Cup GIF by OneFootball Heads,gif,2026-01-20T05:01:37+0000,1768885297,31461
2026-07-13,Y88yhiJDH6tRpPaQ9Y,Celebrate World Cup GIF by OneFootball Heads,gif,2026-01-20T05:01:32+0000,1768885292,23971
2026-07-13,x7ukpMi4J3VotdbBxy,Celebrate World Cup GIF by OneFootball Heads,gif,2026-01-20T05:01:24+0000,1768885284,62874
2026-07-13,soFxWwpvpFThVlZGd4,Celebrate World Cup GIF by OneFootball Heads,gif,2026-01-20T05:01:15+0000,1768885275,309863
2026-07-13,6SPE2NmJboU2RJtzU7,Celebrate World Cup GIF by OneFootball Heads,gif,2026-01-20T05:01:06+0000,1768885266,228319
2026-07-13,g2KaTr5PnaMjjBUagH,Celebrate World Cup GIF by OneFootball Heads,gif,2026-01-20T05:00:58+0000,1768885258,799234
2026-07-13,oowpSQYkmY8zkkApHu,Celebrate World Cup GIF by OneFootball Heads,gif,2026-01-20T05:00:50+0000,1768885250,704919
2026-07-13,vnuMwvlswGMW38poq2,Celebrate World Cup GIF by OneFootball Heads,gif,2026-01-20T05:00:42+0000,1768885242,42314
2026-07-13,W4ZiN0w5JKJF4oK36b,Celebrate World Cup GIF by OneFootball Heads,gif,2026-01-20T05:00:35+0000,1768885235,432091
2026-07-13,cj0jRYyipLPlzwLs0i,Celebrate World Cup GIF by OneFootball Heads,gif,2026-01-20T05:00:24+0000,1768885224,608936
2026-07-13,JcOB2VB2OeXB5ExpHH,Gerald Calm Down GIF by OneFootball Heads,gif,2025-10-31T03:54:48+0000,1761882888,42850
2026-07-13,zbcPsquuTZdA0tMKBx,Celebration Brazil GIF by OneFootball Heads,gif,2025-10-25T01:56:58+0000,1761357418,1063762
2026-07-13,kkOOWhftIUKH1gRFI3,Hype Celebrate GIF by OneFootball Heads,gif,2025-10-23T09:22:13+0000,1761211333,65340
2026-07-13,Smkq4gh20rTCo9XA5K,Football Celebration Superfans GIF by OneFootball Heads,gif,2025-10-23T09:22:01+0000,1761211321,58742
2026-07-13,TnYyD0Y5gHcxxIs60O,Notes Notebook GIF by OneFootball Heads,gif,2025-10-23T09:21:45+0000,1761211305,104840
2026-07-13,cPeIETb5b6zKnkngts,Serious Red Card GIF by OneFootball Heads,gif,2025-10-19T17:12:31+0000,1760893951,386464
2026-07-13,JGbVQO4No1vjY8SRwp,Soccer Warning GIF by OneFootball Heads,gif,2025-10-19T17:12:25+0000,1760893945,123353
2026-07-13,9sKA3ibq7zX02Os7y4,Happy Celebration GIF by OneFootball Heads,gif,2025-10-19T17:12:20+0000,1760893940,317267
2026-07-13,VWeSrHKWQs9WHgEkvh,Well Done Yes GIF by OneFootball Heads,gif,2025-10-19T17:12:07+0000,1760893927,78161
2026-07-13,QMj3VgVVShzZkjSxTd,Jack O Lantern Fun GIF by OneFootball Heads,gif,2025-10-19T17:11:58+0000,1760893918,75542
2026-07-13,BCu7HM8TzjOxYRWxCB,Pumpkin Spice Smile GIF by OneFootball Heads,gif,2025-10-19T17:11:50+0000,1760893910,34856
2026-07-13,SglBDgyXDRttbNrLM2,Soccer Warning GIF by OneFootball Heads,gif,2025-10-19T17:11:43+0000,1760893903,73973
2026-07-13,Atd0AOMP5wrkqhYQpM,Serious Red Card GIF by OneFootball Heads,gif,2025-10-19T17:11:38+0000,1760893898,1555065
2026-07-13,tMZ7ky54PGeypqgalT,Surprise Represent GIF by OneFootball Heads,gif,2025-10-19T17:11:33+0000,1760893893,78066
2026-07-13,4yd3gQjXGb9aFks0bS,Serious Red Card GIF by OneFootball Heads,gif,2025-10-19T17:11:24+0000,1760893884,1997411
2026-07-13,YfVEEx3kXDGBe8YKi8,Podcast Tune In GIF by OneFootball Heads,gif,2025-10-19T17:11:19+0000,1760893879,180373
2026-07-13,fJ9p947OpjYoUJv4pq,Pumpkin Spice Halloween GIF by OneFootball Heads,gif,2025-10-19T17:11:13+0000,1760893873,65924
2026-07-13,TFVI6cSKjVwPaqZVKR,Football Fan Celebration GIF by OneFootball Heads,gif,2025-10-19T17:11:06+0000,1760893866,54976
2026-07-13,Zfddxu8Y4dgWz6ABMI,Well Done Thumbs Up GIF by OneFootball Heads,gif,2025-10-19T17:10:56+0000,1760893856,142094
2026-07-13,n20QOGJq9Smmy5c5Yx,Happy Love It GIF by OneFootball Heads,gif,2025-10-19T17:10:49+0000,1760893849,3837829
2026-07-13,67KY9IKgii3mZDcGQS,Excited Lets Go GIF by OneFootball Heads,gif,2025-10-19T17:10:39+0000,1760893839,484474
2026-07-13,p5EoYWZd7rXnSrk3A4,Serious Stop GIF by OneFootball Heads,gif,2025-10-19T17:10:33+0000,1760893833,514385
2026-07-13,Wmu62LX7EfEYjeZFom,Join In Lets Go GIF by OneFootball Heads,gif,2025-10-19T17:10:27+0000,1760893827,1301956
2026-07-13,ZtAisAoRQRuf0wlOqe,Proud Celebration GIF by OneFootball Heads,gif,2025-10-19T17:10:20+0000,1760893820,579853
2026-07-13,tA9rysiKx5ifhNfO2T,Halloween Smile GIF by OneFootball Heads,gif,2025-10-19T17:10:06+0000,1760893806,84496
2026-07-13,unRjgoWoUAFhPVQLY9,Support Love GIF by OneFootball Heads,gif,2025-10-19T17:09:56+0000,1760893796,85361
2026-07-13,bbQA9p31wBCfGP7Lqq,Red Button No GIF by OneFootball Heads,gif,2025-10-19T17:09:44+0000,1760893784,1207187
2026-07-13,zFJd9Sp0856KS6dVtv,Start Yes GIF by OneFootball Heads,gif,2025-10-19T17:09:36+0000,1760893776,3124331
2026-07-13,vFAra3l66GR59S9K40,Proud Number One GIF by OneFootball Heads,gif,2025-10-19T17:09:31+0000,1760893771,4684796
2026-07-13,StRtbzWfsgs33wpW3M,Excited Team Spirit GIF by OneFootball Heads,gif,2025-10-19T17:09:19+0000,1760893759,48675
2026-07-13,QyRWxP3YleogvGmo01,Jack O Lantern Smile GIF by OneFootball Heads,gif,2025-10-19T17:09:12+0000,1760893752,72420
2026-07-13,9HtqtBJIrXjEyDlqtp,Scoring Football Game GIF by OneFootball Heads,gif,2025-09-11T07:36:44+0000,1757576204,357105
2026-07-13,01KHA2KdMQLQi136pi,Save Big Game GIF by OneFootball Heads,gif,2025-09-11T07:36:40+0000,1757576200,2968325
2026-07-13,GJEvTVbP5UFX1rqFKc,Frustrated Video Games GIF by OneFootball Heads,gif,2025-09-11T07:36:35+0000,1757576195,208607
2026-07-13,N4HpPRFRixdNxu1Fg8,Celebration Hype GIF by OneFootball Heads,gif,2025-09-11T07:36:29+0000,1757576189,178277
2026-07-13,6jMy4ML3746kQCwDNl,Tired Sleep Well GIF by OneFootball Heads,gif,2025-09-11T07:36:23+0000,1757576183,119959
2026-07-13,V5xSpg6PoKMeC6mvhG,Stay Cool Chill GIF by OneFootball Heads,gif,2025-09-11T07:36:13+0000,1757576173,181554
2026-07-13,BjiE1R8mHXxYRRhY0m,Work From Home Swag GIF by OneFootball Heads,gif,2025-09-11T07:36:02+0000,1757576162,91817
2026-07-13,sKf6fbM0Fhn4keHMYX,Big Game Outta This World GIF by OneFootball Heads,gif,2025-09-11T07:35:57+0000,1757576157,139548
2026-07-13,PAHScnX9IEczmvTWFx,Locked In Running GIF by OneFootball Heads,gif,2025-09-11T07:35:53+0000,1757576153,88995
2026-07-13,ydtlZT2ZGwRKUS7k90,Bored Fed Up GIF by OneFootball Heads,gif,2025-09-11T07:35:44+0000,1757576144,230844
2026-07-13,nqEtJ6z9u3zHbdmFq9,Tired Barbecue GIF by OneFootball Heads,gif,2025-09-11T07:35:39+0000,1757576139,107269
2026-07-13,LUgxmNMnZ1OaYHqZGW,Tired Game Over GIF by OneFootball Heads,gif,2025-09-11T07:35:35+0000,1757576135,159654
2026-07-13,zbFMPSL8EgDfqeBgWZ,Save Football Game GIF by OneFootball Heads,gif,2025-09-11T07:35:31+0000,1757576131,1240963
2026-07-13,8rDd90ItBDko5IMjqu,Celebrating Game Time GIF by OneFootball Heads,gif,2025-09-11T07:35:26+0000,1757576126,87343
2026-07-13,CPApJWHvsT3o5VuKVK,Football Fan Bubbles GIF by OneFootball Heads,gif,2025-09-11T07:35:22+0000,1757576122,126211
2026-07-13,7t1kN8b7GyZljUC36u,Football Fan Wow GIF by OneFootball Heads,gif,2025-09-11T07:35:16+0000,1757576116,49750
2026-07-13,1XZi1EWSQLY3rMU5hb,Around The World Football Culture GIF by OneFootball Heads,gif,2025-09-11T07:35:09+0000,1757576109,66733
2026-07-13,MrHh6mgOcdoAAO4tz0,Football Player Running GIF by OneFootball Heads,gif,2025-09-11T07:35:01+0000,1757576101,44369
2026-07-13,xal2XkbIQo668lc27M,Goalkeeper Save GIF by OneFootball Heads,gif,2025-09-11T07:34:57+0000,1757576097,100902
2026-07-13,ew2RAEkOVb0O643Wtj,Good Vibes Dancing GIF by OneFootball Heads,gif,2025-09-11T07:34:53+0000,1757576093,95189
2026-07-13,9h1jNCrbYXENVlj1FP,Happy Game Day GIF by OneFootball Heads,gif,2025-09-11T07:34:45+0000,1757576085,72555
2026-07-13,mp178ZHLC4sHfOgO12,Excited Good Vibes GIF by OneFootball Heads,gif,2025-09-11T07:34:34+0000,1757576074,39112
2026-07-13,KyJWoY8DDDBnJMn5fY,Frustrated Video Game GIF by OneFootball Heads,gif,2025-09-11T07:34:22+0000,1757576062,519815
2026-07-13,pUnbgneAsAFpw9wmzw,Game Time Goalkeeper GIF by OneFootball Heads,gif,2025-09-11T07:34:17+0000,1757576057,296804
2026-07-13,sGr4yrFK3BHDsEhSAM,Game Time Football GIF by OneFootball Heads,gif,2025-09-11T07:34:12+0000,1757576052,506953
2026-07-13,gGTnOmNz9RWBhLAOww,Hungry Bad Day GIF by OneFootball Heads,gif,2025-09-11T07:34:08+0000,1757576048,293603
2026-07-13,C2wLIBhg6rnF2Vk5p3,Bored Fed Up GIF by OneFootball Heads,gif,2025-09-11T07:34:03+0000,1757576043,524775
2026-07-13,cwXLRZXXoL0np7eb72,Bubbles Childhood GIF by OneFootball Heads,gif,2025-09-11T07:33:58+0000,1757576038,254218
2026-07-13,ByodclSkYIdxh8KmGl,Work From Home Hello GIF by OneFootball Heads,gif,2025-09-11T07:33:51+0000,1757576031,145871
2026-07-13,hb9nhr6m3rjQeRs9jp,Tired Game Over GIF by OneFootball Heads,gif,2025-09-11T07:33:45+0000,1757576025,145604
2026-07-13,yVkY5XkSGEbmGkqKlt,Foodie Watermelon GIF by OneFootball Heads,gif,2025-09-11T07:33:40+0000,1757576020,420768
2026-07-13,4agkjC6mUqzk4Ij9jS,Shocked No Way GIF by OneFootball Heads,gif,2025-08-04T07:32:28+0000,1754292748,83144
2026-07-13,E7J4gMgNzH8P5fJIir,Excuse Me What GIF by OneFootball Heads,gif,2025-08-04T07:32:23+0000,1754292743,26993
2026-07-13,znORHj4fd8MAN7gbLr,Excuse Me What GIF by OneFootball Heads,gif,2025-08-04T07:32:18+0000,1754292738,25888
2026-07-13,fAP7QAJ1xFD6JTFM1e,Celebration Wow GIF by OneFootball Heads,gif,2025-08-04T07:32:11+0000,1754292731,74449
2026-07-13,oC6Cx1YXBtvdoYXmZr,Celebration Wow GIF by OneFootball Heads,gif,2025-08-04T07:32:06+0000,1754292726,223381
2026-07-13,P4mW1PplxZFjLv81SQ,Happy We Got This GIF by OneFootball Heads,gif,2025-08-04T07:31:58+0000,1754292718,118929
2026-07-13,6vaqqwTzS6SuR36oIW,Tidy Up GIF by OneFootball Heads,gif,2025-08-04T07:31:52+0000,1754292712,193399
2026-07-13,6YX6lFHrE3n78eBvRu,Tidy Up GIF by OneFootball Heads,gif,2025-08-04T07:31:46+0000,1754292706,825504
2026-07-13,JfqESuqy1kOf3HTr8Y,Frustration Swirling GIF by OneFootball Heads,gif,2025-08-04T07:31:39+0000,1754292699,49099
2026-07-13,2KDnf1jZTUJlrrasTZ,Fifa Swirling GIF by OneFootball Heads,gif,2025-08-04T07:31:34+0000,1754292694,104853
2026-07-13,Sfiri0PXigpGueBftO,Happy Pizza Time GIF by OneFootball Heads,gif,2025-08-04T07:31:29+0000,1754292689,15
2026-07-13,6Zo8j3dDBwQsYvhISc,Pizza Time Eating GIF by OneFootball Heads,gif,2025-08-04T07:31:24+0000,1754292684,54491
2026-07-13,9C0eEDiObWC3COXjXj,No Way What GIF by OneFootball Heads,gif,2025-08-04T07:31:18+0000,1754292678,23391
2026-07-13,BG3Zejm7Xdx6wWUf1s,Cant Believe It No Way GIF by OneFootball Heads,gif,2025-08-04T07:31:12+0000,1754292672,71220
2026-07-13,uejerzhWkT2nfV4ekh,Var Whistle GIF by OneFootball Heads,gif,2025-08-04T07:31:08+0000,1754292668,140690
2026-07-13,CLsZfPTw3az9SfokNz,Referee Var GIF by OneFootball Heads,gif,2025-08-04T07:31:02+0000,1754292662,474935
2026-07-13,98ehMD8kX9bLkq9Gcw,Angry Watch Out GIF by OneFootball Heads,gif,2025-08-04T07:30:56+0000,1754292656,129210
2026-07-13,sTKnZMlZKwYbtflXQq,Angry Watch Out GIF by OneFootball Heads,gif,2025-08-04T07:30:52+0000,1754292652,287603
2026-07-13,2XtaKuSyUmADvFNWeB,Lets Go Please GIF by OneFootball Heads,gif,2025-08-04T07:30:47+0000,1754292647,33841
2026-07-13,AJYr4bWzAFjdGH9q0o,Lets Go Please GIF by OneFootball Heads,gif,2025-08-04T07:30:41+0000,1754292641,172683
2026-07-13,ZUtSEAyBuCcewmA29F,Champions League Celebration GIF by OneFootball Heads,gif,2025-08-04T07:30:36+0000,1754292636,47871
2026-07-13,TWBEBifNIlRw3WZysb,Happy Champions League GIF by OneFootball Heads,gif,2025-08-04T07:30:29+0000,1754292629,530993
2026-07-13,sGkjKXy02jm6wjrij1,I Love You Kiss GIF by OneFootball Heads,gif,2025-08-03T14:21:20+0000,1754230880,268313
2026-07-13,m0RdfAX3ZVq56g6Ufb,I Love You Kiss GIF by OneFootball Heads,gif,2025-08-03T14:21:14+0000,1754230874,263113
2026-07-13,lHQGU1fP8dCpgZhRQ8,Sad Its Over GIF by OneFootball Heads,gif,2025-08-03T14:21:06+0000,1754230866,118912
2026-07-13,kvrucA56Ge96PitAIf,Sad Game Over GIF by OneFootball Heads,gif,2025-08-03T14:21:01+0000,1754230861,2054632
2026-07-13,N8j7uvd3K7ewojOxxY,Accuse He Did It GIF by OneFootball Heads,gif,2025-08-03T14:20:55+0000,1754230855,164191
2026-07-13,YFsvkuJTxLc0uuNrhO,Accuse He Did It GIF by OneFootball Heads,gif,2025-08-03T14:20:49+0000,1754230849,9785981
2026-07-13,B7HEiOs673jZ4sYq3q,Betting Game On GIF by OneFootball Heads,gif,2025-08-03T14:20:41+0000,0,0
2026-07-13,49lmGu0eQ7ISpToUTU,Betting All In GIF by OneFootball Heads,gif,2025-08-03T14:20:34+0000,1754230834,2
2026-07-13,QIpziLuXhTywLdbIkQ,Happy We Did It GIF by OneFootball Heads,gif,2025-08-03T14:20:25+0000,1754230825,74959
2026-07-13,TkAIyyDEx6r2Qrm007,Well Done Good Job GIF by OneFootball Heads,gif,2025-08-03T14:20:21+0000,1754230821,187671
2026-07-13,fkhqUwfGzSYOrSTJp9,Excited Lets Go GIF by OneFootball Heads,gif,2025-08-03T14:20:16+0000,1754230816,20231
2026-07-13,x6TIee2JM9pBwc4MBG,Excited Video Game GIF by OneFootball Heads,gif,2025-08-03T14:20:05+0000,1754230805,239651
2026-07-13,YoWUM76JMiAUKm9ggl,Good Vibes Thank You GIF by OneFootball Heads,gif,2025-08-03T14:19:59+0000,1754230799,57357
2026-07-13,6qI2NYWngdAxxVX1zJ,Good Vibes Thank You GIF by OneFootball Heads,gif,2025-08-03T14:19:54+0000,1754230794,55479
2026-07-13,uZ7GOHTYg3w6hAPN9v,Unity We Agree GIF by OneFootball Heads,gif,2025-08-03T14:19:49+0000,1754230789,309280
2026-07-13,5grsDwlqX4kfy71Rdj,Shake Hands Yes GIF by OneFootball Heads,gif,2025-08-03T14:19:43+0000,1754230783,178835
2026-07-13,3Vvcnjhme1hwqwMNke,Whats Going On Hello GIF by OneFootball Heads,gif,2025-07-01T18:21:14+0000,1751394074,295269
2026-07-13,ArFOjTGDqq45OKCAo4,Breathe Slow Down GIF by OneFootball Heads,gif,2025-07-01T18:21:10+0000,1751394070,93318
2026-07-13,ZlBrZ2naavOtI2qSAr,Happy Game Over GIF by OneFootball Heads,gif,2025-07-01T18:21:05+0000,1751394065,186442
2026-07-13,8WBfBgNcz3Ep1OvSUC,Happy Fan Reaction GIF by OneFootball Heads,gif,2025-07-01T18:20:59+0000,1751394059,138611
2026-07-13,AZgI9GQ4S4ul6qcA9u,Football Fan GIF by OneFootball Heads,gif,2025-07-01T18:20:54+0000,1751394054,1325742
2026-07-13,gSJLxCRJSAtTesQIH2,Game Over Football GIF by OneFootball Heads,gif,2025-07-01T18:20:49+0000,1751394049,351430
2026-07-13,3v4WsAL4dC4aMtTKdU,Soccer Wow GIF by OneFootball Heads,gif,2025-07-01T18:20:41+0000,1751394041,174910
2026-07-13,al9NLseK6dPr8Q0mZz,Bored Tv Sports GIF by OneFootball Heads,gif,2025-07-01T18:20:33+0000,1751394033,184264
2026-07-13,xNJVAiSsa1wtC14act,Angry Soccer GIF by OneFootball Heads,gif,2025-07-01T18:20:28+0000,1751394028,583815
2026-07-13,1Brq4LvOtRMIBJQi4U,Bored Game Time GIF by OneFootball Heads,gif,2025-07-01T18:20:22+0000,1751394022,109964
2026-07-13,Vtg7zkTTczN2bvodCG,Stay Hydrated Drink Water GIF by OneFootball Heads,gif,2025-07-01T18:20:17+0000,1751394017,239550
2026-07-13,z1dXRwDsqrjs5KDOML,Bored Old Man GIF by OneFootball Heads,gif,2025-07-01T18:20:11+0000,1751394011,6957374
2026-07-13,l8eIHDVeTwEm5VOjb1,Tv Time Yawn GIF by OneFootball Heads,gif,2025-07-01T18:20:06+0000,1751394006,2528991
2026-07-13,R60s9NrOwv5eTrRPzV,Game Day Chips GIF by OneFootball Heads,gif,2025-07-01T18:20:01+0000,1751394001,220830
2026-07-13,pQxOnCwLvTBG4uf3KD,Angry Over It GIF by OneFootball Heads,gif,2025-07-01T18:19:55+0000,1751393995,907999
2026-07-13,woNoaZZ9V12dyjYjJo,Game Over Football GIF by OneFootball Heads,gif,2025-07-01T18:19:48+0000,1751393988,295333
2026-07-13,X2tAL568gaKEgB9Anv,Football Popping In GIF by OneFootball Heads,gif,2025-07-01T18:19:43+0000,1751393983,115765
2026-07-13,VaHgVrzYDaGrz7JRiX,Sorry Leave Me Alone GIF by OneFootball Heads,gif,2025-07-01T18:19:38+0000,1751393978,269258
2026-07-13,tiqNAs5cs6O0h36elo,Game On Football GIF by OneFootball Heads,gif,2025-07-01T18:19:32+0000,1751393972,224501
2026-07-13,VErfqZkulaxhehX9uN,Lets Go Football GIF by OneFootball Heads,gif,2025-07-01T18:19:26+0000,1751393966,21549
2026-07-13,pPqefCee0DWoNtfPaN,Final Match Kiss GIF by OneFootball Heads,gif,2025-07-01T18:19:20+0000,1751393960,120183
2026-07-13,3oDwGbxOLEg8bEEJIQ,Football Omg GIF by OneFootball Heads,gif,2025-07-01T18:19:15+0000,1751393955,185101
2026-07-13,vXbH7KQWGqNe9heXju,Excited Soccer GIF by OneFootball Heads,gif,2025-07-01T18:19:09+0000,1751393949,57747
2026-07-13,P6CpYQD8EQVdHmbBB7,Game Night Football GIF by OneFootball Heads,gif,2025-07-01T18:18:49+0000,1751393929,107029
2026-07-13,z7kuboVsFhWrC6gJDp,Cool Off Break Time GIF by OneFootball Heads,gif,2025-07-01T18:18:42+0000,1751393922,868372
2026-07-13,FCtjJQzZME69CW6ttp,Football Soccer GIF by OneFootball Heads,gif,2025-07-01T18:18:37+0000,1751393917,267283
2026-07-13,VtZku1FNcJfdfJLPya,Lets Go Football GIF by OneFootball Heads,gif,2025-07-01T18:18:32+0000,1751393912,281947
2026-07-13,w4nv4DunM9a4tOEi3Y,Excited Game Time GIF by OneFootball Heads,gif,2025-07-01T18:18:27+0000,1751393907,124748
2026-07-13,a3sOeDI1ZuE2UEGEjr,Happy Football GIF by OneFootball Heads,gif,2025-07-01T18:18:18+0000,1751393898,48414
2026-07-13,KPVPfTOGhR4ZDXsBWA,Angry Football Fan GIF by OneFootball Heads,gif,2025-07-01T18:18:10+0000,1751393890,57435
2026-07-13,hwIq8i6Qi7UnUGbacf,Angry Game Time GIF by OneFootball Heads,gif,2025-07-01T18:18:01+0000,1751393881,21211
2026-07-13,NnvB50iO7TqUyBzFvl,Big Brain Funny Gif GIF by OneFootball Heads,gif,2025-06-26T12:13:26+0000,1750940006,1431269
2026-07-13,VeQ7R5eLzOiZwny95R,Preach For Real GIF by OneFootball Heads,gif,2025-06-26T12:13:18+0000,1750939998,11839476
2026-07-13,4XEUw17xG7OGK9nuJw,Happy Lets Go GIF by OneFootball Heads,gif,2025-06-26T12:13:13+0000,1750939993,2498318
2026-07-13,I70wiKkwEVZWC2HFAO,Happy Birthday GIF by OneFootball Heads,gif,2025-06-20T19:06:07+0000,1750446367,536708
2026-07-13,fOGrNl1SGyw9ZF5Qeh,Truth Agree GIF by OneFootball Heads,gif,2025-06-20T13:20:39+0000,1750425639,192370
2026-07-13,jzppiGwPog15PVElfH,Good Vibes Chill GIF by OneFootball Heads,gif,2025-06-20T13:20:30+0000,1750425630,89774
2026-07-13,oxj2Z1k2cHtR0oZkqj,Coffee Time Reaction Gif GIF by OneFootball Heads,gif,2025-06-20T13:20:24+0000,1750425624,203338
2026-07-13,TiuUji4KiJvFuzPFYg,Hungry Noodles GIF by OneFootball Heads,gif,2025-06-20T13:20:13+0000,1750425613,523064
2026-07-13,6A9hefwTjvCDMURljb,Game Show Reaction Gif GIF by OneFootball Heads,gif,2025-06-20T13:19:53+0000,1750425593,5398771
2026-07-13,toIRQFAFFCtAWwJveB,Whats Up Hello GIF by OneFootball Heads,gif,2025-06-18T09:53:48+0000,1750240428,306950
2026-07-13,dCqQrUmPgICwfSYzgi,Well Done Yes GIF by OneFootball Heads,gif,2025-06-18T09:53:22+0000,1750240402,46496
2026-07-13,hBt0VjWkZbFRBrBACu,Refreshing Water Bottle GIF by OneFootball Heads,gif,2025-06-18T09:52:56+0000,1750240376,3396881
2026-07-13,9HORd4teDGhOt46fEz,Youre Cute Love You GIF by OneFootball Heads,gif,2025-06-18T09:52:38+0000,1750240358,117488
2026-07-13,tgLpK2WbZhGe0D6UbT,Slow Motion Boom GIF by OneFootball Heads,gif,2025-06-18T09:52:08+0000,1750240328,386757
2026-07-13,y2QSRInUPq9f5evJVB,Stay Calm Market Crash GIF by OneFootball Heads,gif,2025-06-18T09:51:23+0000,1750240283,246002
2026-07-13,N2GUDdRZbdCdUzYkuw,Celebrate Lets Go GIF by OneFootball Heads,gif,2025-06-18T09:50:51+0000,1750240251,358072
2026-07-13,FzxAj0hfgyAdsW40AC,Lets Go Success GIF by OneFootball Heads,gif,2025-06-18T09:50:27+0000,1750240227,36380
2026-07-13,WT9XlpCYQY7PtmCLT4,OneFootball Heads GIF,gif,2025-06-16T07:55:46+0000,1750060546,677759
2026-07-13,FS1BfSHSEcBM7oXgnd,OneFootball Heads GIF,gif,2025-06-13T19:24:38+0000,1749842678,104691
2026-07-13,vaKM2dq2diEh9vUBQP,OneFootball Heads GIF,gif,2025-06-13T19:24:32+0000,1749842672,188097
2026-07-13,gUn5uaz4fhAKi45l4u,OneFootball Heads GIF,gif,2025-06-13T19:24:26+0000,1749842666,251179
2026-07-13,RcKxMa4JVupSJSMnhX,OneFootball Heads GIF,gif,2025-06-13T19:24:21+0000,1749842661,262673
2026-07-20,N4Aef2XhTGp692NZx7,World Cup Football GIF by OneFootball Heads,gif,2026-07-06T16:44:20+0000,1783356260,31660
2026-07-20,zkn7BLV7uUc5Orkzzr,Happy Football GIF by OneFootball Heads,gif,2026-07-06T16:44:16+0000,1783356256,24727
2026-07-20,UPnKAxvJFJWIJn1NNK,Happy Football GIF by OneFootball Heads,gif,2026-07-06T16:44:11+0000,1783356251,9839
2026-07-20,CKVjlqUmBZdyT7d3W7,World Cup Football GIF by OneFootball Heads,gif,2026-07-06T16:44:00+0000,1783356240,32936
2026-07-20,go703FNMkaozEq7tqJ,World Cup Football GIF by OneFootball Heads,gif,2026-07-06T16:43:55+0000,1783356235,44255
2026-07-20,x61sB9WoV0TIwRSfsR,World Cup Football GIF by OneFootball Heads,gif,2026-07-05T10:20:52+0000,1783246852,3556
2026-07-20,pfDwG4T0vC4IxqS2eN,World Cup Football GIF by OneFootball Heads,gif,2026-07-05T10:20:45+0000,1783246845,4967
2026-07-20,1YIOwyDs2IK6MPvs3f,World Cup Football GIF by OneFootball Heads,gif,2026-07-05T10:20:35+0000,1783246835,3575
2026-07-20,U4iDELyXogCfzk2SPc,World Cup Football GIF by OneFootball Heads,gif,2026-07-05T10:20:29+0000,1783246829,8756
2026-07-20,NzJ2mFSbkzVkj29CYP,World Cup Football GIF by OneFootball Heads,gif,2026-07-05T10:20:22+0000,1783246822,3259
2026-07-20,xW6AwwdTobQgDZ3nAU,World Cup Football GIF by OneFootball Heads,gif,2026-07-05T10:20:15+0000,1783246815,4340
2026-07-20,Pd6VbhzYBpVXqj1D2b,World Cup Football GIF by OneFootball Heads,gif,2026-07-05T10:20:03+0000,1783246803,7261
2026-07-20,bOLdbJxTL32fzUfQ79,Germany Football GIF by OneFootball Heads,gif,2026-07-05T10:19:57+0000,1783246797,5637
2026-07-20,7HLrdcksEhIrZa9Zir,Germany Football GIF by OneFootball Heads,gif,2026-07-05T10:19:50+0000,1783246790,3527
2026-07-20,uKuw4epL1KjAqERkXv,Germany Football GIF by OneFootball Heads,gif,2026-07-05T10:19:44+0000,1783246784,4
2026-07-20,0LBI2fJsWSO88UZip6,World Cup Football GIF by OneFootball Heads,gif,2026-07-05T10:19:38+0000,1783246778,62522
2026-07-20,zysC5B66n65evvIv2j,World Cup Football GIF by OneFootball Heads,gif,2026-07-05T10:19:32+0000,1783246772,5120
2026-07-20,WDTFmWErrBo9vvuMJ5,World Cup Football GIF by OneFootball Heads,gif,2026-07-05T10:19:24+0000,1783246764,36856
2026-07-20,KksuC9fn8zo5RlERgg,World Cup Football GIF by OneFootball Heads,gif,2026-07-05T10:19:17+0000,1783246757,4534
2026-07-20,1gsEMwwsNPO36OxOQK,World Cup Football GIF by OneFootball Heads,gif,2026-07-05T10:19:09+0000,1783246749,9658
2026-07-20,kCbiTm717MlCNnAxeU,France Football GIF by OneFootball Heads,gif,2026-07-05T10:19:02+0000,1783246742,19293
2026-07-20,b7B608uSFXLuR9yWYH,France Football GIF by OneFootball Heads,gif,2026-07-05T10:18:56+0000,1783246736,19917
2026-07-20,4bXiLL05WASnteKd7V,France Football GIF by OneFootball Heads,gif,2026-07-05T10:18:48+0000,1783246728,17759
2026-07-20,FxFgVET0GLKFojvrla,France Football GIF by OneFootball Heads,gif,2026-07-05T10:18:41+0000,1783246721,11803
2026-07-20,5050Byd8dZiD8S7OQo,World Cup Football GIF by OneFootball Heads,gif,2026-07-05T10:18:35+0000,1783246715,14745
2026-07-20,uZCGmkB8j9Y2LrKCgC,World Cup Football GIF by OneFootball Heads,gif,2026-07-05T10:18:30+0000,1783246710,53533
2026-07-20,YEzgbuQKP7ilTDmGni,World Cup Football GIF by OneFootball Heads,gif,2026-07-05T10:18:22+0000,1783246702,8163
2026-07-20,31mHgJnJUAJXIB62kJ,World Cup Football GIF by OneFootball Heads,gif,2026-07-05T10:18:14+0000,1783246694,9469
2026-07-20,V2iTAiTz1UENEuooXW,World Cup Football GIF by OneFootball Heads,gif,2026-07-05T10:18:06+0000,1783246686,22700
2026-07-20,6JNI1PXys4vMII0f9A,World Cup Football GIF by OneFootball Heads,gif,2026-07-05T10:17:57+0000,1783246677,34409
2026-07-20,U0K68elO5NOob4q372,World Cup Football GIF by OneFootball Heads,gif,2026-07-05T10:17:49+0000,1783246669,14313
2026-07-20,A1yl317Qn9BkRcNDyq,Germany Football GIF by OneFootball Heads,gif,2026-07-05T10:17:34+0000,1783246654,4209
2026-07-20,UxIqUYwwUampJ8DTtS,World Cup Football GIF by OneFootball Heads,gif,2026-07-05T10:17:26+0000,1783246646,9300
2026-07-20,ifOOtGdoahRmSdfh4k,Germany Football GIF by OneFootball Heads,gif,2026-07-05T10:17:19+0000,1783246639,7992
2026-07-20,kqkgYGr6YOULDs5Fcn,World Cup Shrug GIF by OneFootball Heads,gif,2026-07-05T10:17:12+0000,1783246632,3791
2026-07-20,RHu5cVwkEKODGJMFhD,World Cup Football GIF by OneFootball Heads,gif,2026-07-05T10:17:05+0000,1783246625,11923
2026-07-20,imjTWu6Vx9k0QJwpv4,World Cup Football GIF by OneFootball Heads,gif,2026-07-05T10:16:58+0000,1783246618,310868
2026-07-20,JdCL1IXkf3ObMe1SIJ,World Cup Football GIF by OneFootball Heads,gif,2026-07-05T10:16:51+0000,1783246611,5497
2026-07-20,jJjpM5aG60awjoTpKb,World Cup Football GIF by OneFootball Heads,gif,2026-07-05T10:16:44+0000,1783246604,19620
2026-07-20,bnqEjEUGGVrwEqWNJ0,World Cup Football GIF by OneFootball Heads,gif,2026-07-05T10:16:36+0000,1783246596,18263
2026-07-20,KyUIjPQuLolO6vfaFD,World Cup Football GIF by OneFootball Heads,gif,2026-07-05T10:16:30+0000,1783246590,24581
2026-07-20,rqRCINmIhqekY7cxwt,World Cup Football GIF by OneFootball Heads,gif,2026-07-05T10:16:13+0000,1783246573,22281
2026-07-20,GxQiKyAy9kzwWgAClZ,World Cup Football GIF by OneFootball Heads,gif,2026-07-05T10:16:06+0000,1783246566,11180
2026-07-20,e0tqAwofWcxXx9iIN2,World Cup Football GIF by OneFootball Heads,gif,2026-07-05T10:15:58+0000,1783246558,22454
2026-07-20,jCb2I9TIDuTGehdSHx,World Cup Football GIF by OneFootball Heads,gif,2026-07-05T10:15:50+0000,1783246550,9507
2026-07-20,ybF46HrsLDFuMrg0NO,France Football GIF by OneFootball Heads,gif,2026-07-05T10:15:42+0000,1783246542,16285
2026-07-20,fFcZ7GbvG7949eU5xg,World Cup Football GIF by OneFootball Heads,gif,2026-07-05T10:15:36+0000,1783246536,21977
2026-07-20,hPd95ZhVUZRpaqfS71,World Cup Football GIF by OneFootball Heads,gif,2026-07-05T10:15:29+0000,1783246529,8495
2026-07-20,RwHdKDHMgbReieccJ4,World Cup Football GIF by OneFootball Heads,gif,2026-07-05T10:15:22+0000,1783246522,5038
2026-07-20,YhWN4jrl9saWCBtYVs,World Cup Football GIF by OneFootball Heads,gif,2026-07-05T10:15:14+0000,1783246514,5354
2026-07-20,BKBmjqo7OhXyBwjnJ1,World Cup Football GIF by OneFootball Heads,gif,2026-07-05T10:15:03+0000,1783246503,6717
2026-07-20,2OZgYoYD7xUPQjGmsl,World Cup Football GIF by OneFootball Heads,gif,2026-07-05T10:14:57+0000,1783246497,7287
2026-07-20,FrixhPI7XEfr3wS5yp,World Cup Football GIF by OneFootball Heads,gif,2026-07-05T10:14:51+0000,1783246491,3436
2026-07-20,mp4uQj1yhchE0FJb19,World Cup Football GIF by OneFootball Heads,gif,2026-07-05T10:14:44+0000,1783246484,22737
2026-07-20,WHFiPP52PG9th1XmMP,World Cup Football GIF by OneFootball Heads,gif,2026-07-05T10:14:36+0000,1783246476,8640
2026-07-20,zC1NmByT5WMiTaMHQS,Germany Football GIF by OneFootball Heads,gif,2026-07-05T10:14:29+0000,1783246469,13029
2026-07-20,dszvmLR6BjdJ3cN3B5,Germany Football GIF by OneFootball Heads,gif,2026-07-05T10:14:23+0000,1783246463,12556
2026-07-20,iRowpDxl0o0Qs0f422,Germany Football GIF by OneFootball Heads,gif,2026-07-05T10:14:18+0000,1783246458,7718
2026-07-20,DvT1BeIHu3ChyybxkR,World Cup Football GIF by OneFootball Heads,gif,2026-07-05T10:14:12+0000,1783246452,20784
2026-07-20,UzKPSpSLYsY3sTLQ7e,World Cup Football GIF by OneFootball Heads,gif,2026-07-05T10:14:03+0000,1783246443,9730
2026-07-20,iVj1jzisyn9qoy0HwT,World Cup Football GIF by OneFootball Heads,gif,2026-07-05T10:13:54+0000,1783246434,22856
2026-07-20,MSUZpSsPXDiTRUuHTL,World Cup Football GIF by OneFootball Heads,gif,2026-07-05T10:13:45+0000,1783246425,4779
2026-07-20,k8u0YOIFdyRsTb950U,World Cup Football GIF by OneFootball Heads,gif,2026-07-05T10:13:38+0000,1783246418,7848
2026-07-20,LcCD3TkQe4SJroMYz5,France Football GIF by OneFootball Heads,gif,2026-07-05T10:13:30+0000,1783246410,14952
2026-07-20,lJGL45KeCLzPSaUgTV,France Football GIF by OneFootball Heads,gif,2026-07-05T10:13:25+0000,1783246405,19656
2026-07-20,X29WgAKGLutorgO69Y,France Football GIF by OneFootball Heads,gif,2026-07-05T10:13:18+0000,1783246398,15121
2026-07-20,6DHkm44QfaRU4jjkTd,France Football GIF by OneFootball Heads,gif,2026-07-05T10:13:11+0000,1783246391,11596
2026-07-20,jQgLlzy0ZT54ZCBLTt,World Cup Football GIF by OneFootball Heads,gif,2026-07-05T10:13:04+0000,1783246384,16501
2026-07-20,nohvpMrEwXy468gDFR,World Cup Football GIF by OneFootball Heads,gif,2026-07-05T10:12:59+0000,1783246379,80978
2026-07-20,5IVmTwSUBkM26gnwiT,World Cup Football GIF by OneFootball Heads,gif,2026-07-05T10:12:51+0000,1783246371,26983
2026-07-20,XPN3II0GRNvYBEbxqs,World Cup Football GIF by OneFootball Heads,gif,2026-07-05T10:12:44+0000,1783246364,13521
2026-07-20,9x7iTJfqgFQMCs0cvY,World Cup Football GIF by OneFootball Heads,gif,2026-07-05T10:12:38+0000,1783246358,18569
2026-07-20,kQRBgO3pn3vEnFTgXa,World Cup Football GIF by OneFootball Heads,gif,2026-07-05T10:12:31+0000,1783246351,30241
2026-07-20,0r0YUGcSj97ueZws1I,World Cup Football GIF by OneFootball Heads,gif,2026-07-05T10:12:24+0000,1783246344,13613
2026-07-20,bzs9ftqVS6wCqrRuWx,Germany Football GIF by OneFootball Heads,gif,2026-07-05T10:12:13+0000,1783246333,20262
2026-07-20,cR1Bnk7j1OAqINYtOY,World Cup Football GIF by OneFootball Heads,gif,2026-07-05T10:12:01+0000,1783246321,6142
2026-07-20,9L7p0XupqB44TIXms9,Germany Football GIF by OneFootball Heads,gif,2026-07-05T10:11:54+0000,1783246314,10283
2026-07-20,4Z5Et8yinfeZ1jfuJF,World Cup Shrug GIF by OneFootball Heads,gif,2026-07-05T10:11:43+0000,1783246303,7260
2026-07-20,hRRHZWBCM1iGz8W69i,World Cup Football GIF by OneFootball Heads,gif,2026-07-05T10:11:29+0000,1783246289,87872
2026-07-20,cZYcjyCHHn2mk1ikmK,World Cup Football GIF by OneFootball Heads,gif,2026-07-05T10:11:22+0000,1783246282,5927
2026-07-20,toz148aIki3hNi79mi,World Cup Football GIF by OneFootball Heads,gif,2026-07-05T10:11:15+0000,1783246275,10973
2026-07-20,saM8smyVfRy2WxXNf3,World Cup Football GIF by OneFootball Heads,gif,2026-07-05T10:11:06+0000,1783246266,22730
2026-07-20,sN3d7kXdPbvjlidiJz,World Cup Football GIF by OneFootball Heads,gif,2026-07-05T10:11:00+0000,1783246260,10040
2026-07-20,S8nncQt2T539fDIA0b,World Cup Football GIF by OneFootball Heads,gif,2026-07-05T10:10:40+0000,1783246240,17866
2026-07-20,2fhhHvDo2dUJMgJFW6,World Cup Football GIF by OneFootball Heads,gif,2026-07-05T10:10:32+0000,1783246232,4890
2026-07-20,cxkFjp3QZGzSh1Iyxz,World Cup Football GIF by OneFootball Heads,gif,2026-07-05T10:10:26+0000,1783246226,20481
2026-07-20,kc5sCk8smIzR9bEVmq,World Cup Football GIF by OneFootball Heads,gif,2026-07-05T10:10:19+0000,1783246219,15487
2026-07-20,syTxsyJjCeublic7d4,France Football GIF by OneFootball Heads,gif,2026-07-05T10:10:12+0000,1783246212,13440
2026-07-20,1yWBEir2xnNtXtsIt9,World Cup Football GIF by OneFootball Heads,gif,2026-07-05T10:10:04+0000,1783246204,36484
2026-07-20,6a3eNd7DeaD1dk11hn,World Cup Football GIF by OneFootball Heads,gif,2026-07-05T10:09:57+0000,1783246197,11784
2026-07-20,eSfJodS0foTOVqrBg1,6 7 Football GIF by OneFootball Heads,gif,2026-06-18T16:43:59+0000,1781801039,12610
2026-07-20,cpWDzbkGXinjazXAsQ,6 7 Football GIF by OneFootball Heads,gif,2026-06-18T16:43:55+0000,1781801035,14388
2026-07-20,JbyrV7bzRuZeOpzb30,World Cup Football GIF by OneFootball Heads,gif,2026-06-18T16:15:03+0000,1781799303,19220
2026-07-20,Do7K8nCJQrwf7gsrRm,World Cup Football GIF by OneFootball Heads,gif,2026-06-18T16:14:56+0000,1781799296,27583
2026-07-20,d07pfKl4LYFx9eOGnG,World Cup Football GIF by OneFootball Heads,gif,2026-06-18T16:14:50+0000,1781799290,30949
2026-07-20,iUmxhJqvJmf1ytmdok,World Cup Football GIF by OneFootball Heads,gif,2026-06-18T16:14:44+0000,1781799284,247269
2026-07-20,65WZEH3DbzTOskjZ9F,World Cup Football GIF by OneFootball Heads,gif,2026-06-18T16:14:38+0000,1781799278,26113
2026-07-20,NU5arjj8ut7RpNelJ9,World Cup Football GIF by OneFootball Heads,gif,2026-06-18T16:14:32+0000,1781799272,55029
2026-07-20,PdVb9g4MVTNgQ2OL26,World Cup Football GIF by OneFootball Heads,gif,2026-06-18T16:14:27+0000,1781799267,22221
2026-07-20,BAvIhFpn2zXzDlaAKV,World Cup Football GIF by OneFootball Heads,gif,2026-06-18T16:14:21+0000,1781799261,66424
2026-07-20,0citpjho00ObF3pMEm,World Cup Football GIF by OneFootball Heads,gif,2026-06-18T16:14:16+0000,1781799256,18364
2026-07-20,QTRlMVKXeT15fGVLbk,World Cup Football GIF by OneFootball Heads,gif,2026-06-18T16:14:10+0000,1781799250,37200
2026-07-20,VOuTYkX8OhXjetxwQ5,World Cup Football GIF by OneFootball Heads,gif,2026-06-18T16:14:01+0000,1781799241,6332
2026-07-20,ioikNOK6094SPdG2gY,World Cup Football GIF by OneFootball Heads,gif,2026-06-18T16:13:55+0000,1781799235,7725
2026-07-20,UHX8Z1xxM7q95ifvMN,World Cup Football GIF by OneFootball Heads,gif,2026-06-18T16:13:49+0000,1781799229,9172
2026-07-20,0iqkjAyJgiCpPLy3Fq,World Cup Football GIF by OneFootball Heads,gif,2026-06-18T16:13:44+0000,1781799224,6331
2026-07-20,RZrRtVNSxivmiqc4ms,World Cup Football GIF by OneFootball Heads,gif,2026-06-18T16:13:38+0000,1781799218,10143
2026-07-20,51xCLRv58gqjYM63YV,World Cup Football GIF by OneFootball Heads,gif,2026-06-18T16:13:32+0000,1781799212,27973
2026-07-20,IbdIiqy5nHTtHJKeuA,World Cup Football GIF by OneFootball Heads,gif,2026-06-18T16:13:26+0000,1781799206,27812
2026-07-20,lUrvU5C0ui1UixvK9l,World Cup Football GIF by OneFootball Heads,gif,2026-06-18T16:13:20+0000,1781799200,27498
2026-07-20,kfjRVgBKSfpje8yaL1,World Cup Football GIF by OneFootball Heads,gif,2026-06-18T16:13:14+0000,1781799194,34426
2026-07-20,8HsLMUNvbQnVzLWcty,World Cup Football GIF by OneFootball Heads,gif,2026-06-18T16:13:08+0000,1781799188,28752
2026-07-20,4iC6WmsVhfZAeGj178,World Cup Football GIF by OneFootball Heads,gif,2026-06-18T16:13:02+0000,1781799182,12969
2026-07-20,oU1Fo2c50feGpaWwDh,World Cup Football GIF by OneFootball Heads,gif,2026-06-18T16:12:55+0000,1781799175,10781
2026-07-20,GW5HlgHeRXwbcIRTAO,World Cup Football GIF by OneFootball Heads,gif,2026-06-18T16:12:48+0000,1781799168,10931
2026-07-20,j4tl0BRFWySCPi8I98,World Cup Football GIF by OneFootball Heads,gif,2026-06-18T16:12:41+0000,1781799161,14620
2026-07-20,Z9OWqReW3I4Jr4MEdB,World Cup Football GIF by OneFootball Heads,gif,2026-06-18T16:12:35+0000,1781799155,9532
2026-07-20,P2dP3D2kAzqcRPPaWr,World Cup Football GIF by OneFootball Heads,gif,2026-06-18T16:12:26+0000,1781799146,6713
2026-07-20,xjLbBByLJ19X487OlI,World Cup Football GIF by OneFootball Heads,gif,2026-06-18T16:12:20+0000,1781799140,14328
2026-07-20,MMQp5dVRWpDk5TKSk3,World Cup Football GIF by OneFootball Heads,gif,2026-06-18T16:12:06+0000,1781799126,8840
2026-07-20,hkJqI1Z2eMIZGjaLGr,World Cup Football GIF by OneFootball Heads,gif,2026-06-18T16:11:59+0000,1781799119,8920
2026-07-20,tFyjXDG8DdgV7jbV1B,World Cup Football GIF by OneFootball Heads,gif,2026-06-18T16:11:53+0000,1781799113,15214
2026-07-20,2jcJ3HFGUHkTyioaUT,World Cup Football GIF by OneFootball Heads,gif,2026-06-18T16:11:46+0000,1781799106,14566
2026-07-20,cIJp8Y1yZVnCzjXSjQ,World Cup Football GIF by OneFootball Heads,gif,2026-06-18T16:11:39+0000,1781799099,11346
2026-07-20,K53ka9tKBWvdlEmEiQ,World Cup Football GIF by OneFootball Heads,gif,2026-06-18T16:11:33+0000,1781799093,11198
2026-07-20,g1TgPevFB2j9fFhIUv,World Cup Football GIF by OneFootball Heads,gif,2026-06-18T16:11:27+0000,1781799087,8311
2026-07-20,KB4yS05ErAJldfsNj8,World Cup Football GIF by OneFootball Heads,gif,2026-06-18T16:11:21+0000,1781799081,20034
2026-07-20,1d6N0pb13wv2X6Qqhh,World Cup Football GIF by OneFootball Heads,gif,2026-06-18T16:11:14+0000,1781799074,24397
2026-07-20,pWYoNgRTTOcpQEGdh4,World Cup Football GIF by OneFootball Heads,gif,2026-06-18T16:11:08+0000,1781799068,14454
2026-07-20,G4bRYCUE94lLd7ftFC,World Cup Football GIF by OneFootball Heads,gif,2026-06-18T16:11:02+0000,1781799062,10980
2026-07-20,YeGuStp7fomlR6Gj8o,World Cup Football GIF by OneFootball Heads,gif,2026-06-18T16:10:55+0000,1781799055,26065
2026-07-20,HKNFJD7cAwpvlYa6p1,World Cup Football GIF by OneFootball Heads,gif,2026-06-18T16:10:49+0000,1781799049,9634
2026-07-20,qNokvWhj3oqF4D5q3D,World Cup Football GIF by OneFootball Heads,gif,2026-06-18T16:10:42+0000,1781799042,9040
2026-07-20,QozR1lmgh6PNPxiPDH,World Cup Football GIF by OneFootball Heads,gif,2026-06-18T16:10:36+0000,1781799036,7221
2026-07-20,F0x8UfLG8yOQPPRCj9,World Cup Football GIF by OneFootball Heads,gif,2026-06-18T16:10:28+0000,1781799028,7490
2026-07-20,xdfUlTMvx8p3k8Taet,World Cup Football GIF by OneFootball Heads,gif,2026-06-18T16:10:20+0000,1781799020,16446
2026-07-20,1qJHVFYH15SpmhSykp,Believe World Cup GIF by OneFootball Heads,gif,2026-06-18T16:10:14+0000,1781799014,32317
2026-07-20,nNlKQlqY4lK6qAxiQV,World Cup Football GIF by OneFootball Heads,gif,2026-06-18T16:10:03+0000,1781799003,112818
2026-07-20,nDLvxkW2XE2ZjcVKQR,World Cup Football GIF by OneFootball Heads,gif,2026-06-18T16:09:56+0000,1781798996,10348
2026-07-20,W04ps2Hb3KrzSRGeh6,World Cup Football GIF by OneFootball Heads,gif,2026-06-18T16:09:48+0000,1781798988,5592
2026-07-20,vgMxyT3D5Nf7YtgLEN,World Cup Football GIF by OneFootball Heads,gif,2026-06-18T14:34:01+0000,1781793241,11859
2026-07-20,NMa7tlk37iWeBOSmwr,World Cup Football GIF by OneFootball Heads,gif,2026-06-18T14:33:55+0000,1781793235,7094
2026-07-20,wyVRFz9fJaE5B8IZ2I,France Football GIF by OneFootball Heads,gif,2026-06-18T14:33:49+0000,1781793229,15636
2026-07-20,w59SdHiwZO84yaEl4U,World Cup Football GIF by OneFootball Heads,gif,2026-06-18T14:33:43+0000,1781793223,67507
2026-07-20,pxIwqllLtTqwkP3P7q,France Football GIF by OneFootball Heads,gif,2026-06-18T14:33:37+0000,1781793217,11046
2026-07-20,5DIPupkmxQqmITQtN1,World Cup Football GIF by OneFootball Heads,gif,2026-06-18T14:33:30+0000,1781793210,196321
2026-07-20,gmEnnJ3Cj1fBPirnyp,World Cup Football GIF by OneFootball Heads,gif,2026-06-18T14:33:25+0000,1781793205,90107
2026-07-20,nRd5z0hIeY7xQz1yai,World Cup Football GIF by OneFootball Heads,gif,2026-06-18T14:33:19+0000,1781793199,51467
2026-07-20,hLlrlSXRBLz2a3Fa9b,World Cup Football GIF by OneFootball Heads,gif,2026-06-18T14:33:12+0000,1781793192,16975
2026-07-20,VUJFF1jbhxVFyUtLTJ,World Cup Football GIF by OneFootball Heads,gif,2026-06-18T14:33:07+0000,1781793187,630114
2026-07-20,YIVMHeeUzrNYt7qSqJ,World Cup Football GIF by OneFootball Heads,gif,2026-06-18T14:33:01+0000,1781793181,45898
2026-07-20,0OVzKdoHvIwJL7RduN,World Cup Football GIF by OneFootball Heads,gif,2026-06-18T14:32:55+0000,1781793175,37067
2026-07-20,Ad00UhfBWCrf6iIraA,World Cup Football GIF by OneFootball Heads,gif,2026-06-18T14:32:49+0000,1781793169,16535
2026-07-20,YOy4wfZdVp39GaHWHa,World Cup Football GIF by OneFootball Heads,gif,2026-06-18T14:32:43+0000,1781793163,19593
2026-07-20,ysB7TRjZlCfK705Qsx,World Cup Football GIF by OneFootball Heads,gif,2026-06-18T14:32:37+0000,1781793157,11249
2026-07-20,oVgehCwEPrMbYJAeuH,France Football GIF by OneFootball Heads,gif,2026-06-18T14:32:30+0000,1781793150,23194
2026-07-20,XYiDNupHyw1MaXyFbY,World Cup Football GIF by OneFootball Heads,gif,2026-06-18T14:32:24+0000,1781793144,39845
2026-07-20,dRdbbodInaw9ngy2et,World Cup Football GIF by OneFootball Heads,gif,2026-06-18T14:32:18+0000,1781793138,27866
2026-07-20,kg26UxATxZow3AsKZZ,World Cup Football GIF by OneFootball Heads,gif,2026-06-18T14:32:12+0000,1781793132,210409
2026-07-20,lGjWSowFgfSI3Q7CuM,World Cup Football GIF by OneFootball Heads,gif,2026-06-18T14:32:01+0000,1781793121,150263
2026-07-20,VaSaGr35NjXb2lexto,World Cup Football GIF by OneFootball Heads,gif,2026-06-18T14:31:56+0000,1781793116,45661
2026-07-20,hftSnrV7jiNn6MkQk4,France Football GIF by OneFootball Heads,gif,2026-06-18T14:31:49+0000,1781793109,25766
2026-07-20,lo0xHsbZsqAXm3DxRm,France Football GIF by OneFootball Heads,gif,2026-06-18T14:31:43+0000,1781793103,9344
2026-07-20,pzLy6Kcx9jyVz05UxB,World Cup Football GIF by OneFootball Heads,gif,2026-06-18T14:31:30+0000,1781793090,15833
2026-07-20,TCYSBvF1McWeOViTdS,World Cup Football GIF by OneFootball Heads,gif,2026-06-18T14:31:23+0000,1781793083,134624
2026-07-20,LgaosMJFuBdaBg4Zqw,World Cup Football GIF by OneFootball Heads,gif,2026-06-18T14:31:18+0000,1781793078,14431
2026-07-20,UpPyFzWrRSSCDjWW5S,France Football GIF by OneFootball Heads,gif,2026-06-18T14:31:12+0000,1781793072,9585
2026-07-20,UiN6zWG0ArXRCn52L0,World Cup Football GIF by OneFootball Heads,gif,2026-06-18T14:31:05+0000,1781793065,13332
2026-07-20,pKUmbMGZ5eNwfcEOwB,World Cup Football GIF by OneFootball Heads,gif,2026-06-18T14:30:59+0000,1781793059,16119
2026-07-20,mnFrveFv1O0NCcXXRg,World Cup Football GIF by OneFootball Heads,gif,2026-06-18T14:30:52+0000,1781793052,27409
2026-07-20,5Cniu3sjAb3IHZD5Bh,World Cup Football GIF by OneFootball Heads,gif,2026-06-18T14:30:47+0000,1781793047,56828
2026-07-20,XB8mTbeXNfl7OIlAkt,World Cup Football GIF by OneFootball Heads,gif,2026-06-18T14:30:42+0000,1781793042,9160
2026-07-20,uYAAG52VMeqNbeKxrw,World Cup Football GIF by OneFootball Heads,gif,2026-06-18T14:30:36+0000,1781793036,14660
2026-07-20,4I8DiIUSUnnTBauMmF,World Cup Football GIF by OneFootball Heads,gif,2026-06-18T14:30:30+0000,1781793030,24823
2026-07-20,mYNEpIFkBXXyA3E2SJ,World Cup Football GIF by OneFootball Heads,gif,2026-06-18T14:30:24+0000,1781793024,99724
2026-07-20,pGYHslrw9ZTEMk9Sn2,World Cup Football GIF by OneFootball Heads,gif,2026-06-18T14:30:18+0000,1781793018,405810
2026-07-20,33ZJlVdrJfJqeZ8YAd,World Cup Football GIF by OneFootball Heads,gif,2026-06-18T14:30:12+0000,1781793012,41583
2026-07-20,RYjyZx74LQ511YUxgW,World Cup Football GIF by OneFootball Heads,gif,2026-06-18T14:30:06+0000,1781793006,31270
2026-07-20,HBz4ZFEBOWzRdBO70e,World Cup Football GIF by OneFootball Heads,gif,2026-06-18T14:30:00+0000,1781793000,117768
2026-07-20,BEH8snVdAHDiqrRvhv,World Cup Football GIF by OneFootball Heads,gif,2026-06-18T14:29:54+0000,1781792994,23621
2026-07-20,O2iEG5r6EhWWPVCIMl,World Cup Football GIF by OneFootball Heads,gif,2026-06-18T14:29:49+0000,1781792989,69807
2026-07-20,A2z7pVURqwz3BlQdQp,World Cup Football GIF by OneFootball Heads,gif,2026-06-18T14:29:43+0000,1781792983,39187
2026-07-20,U2RkG4c7Vpaz9UnSuZ,World Cup Football GIF by OneFootball Heads,gif,2026-06-18T14:29:36+0000,1781792976,20308
2026-07-20,ApgAv4fFKYE5zQmdet,World Cup Football GIF by OneFootball Heads,gif,2026-06-18T14:29:30+0000,1781792970,12354
2026-07-20,c14InbFxtr5gAFCZfy,World Cup Football GIF by OneFootball Heads,gif,2026-06-18T14:29:24+0000,1781792964,19984
2026-07-20,qY5hBUyiQSBf79ntVr,France Football GIF by OneFootball Heads,gif,2026-06-18T14:29:18+0000,1781792958,10308
2026-07-20,V2cgY6r7FOSTkCgBS1,Germany Football GIF by OneFootball Heads,gif,2026-06-18T14:29:11+0000,1781792951,11307
2026-07-20,KcWVxQd0HvsbqguiXS,France Football GIF by OneFootball Heads,gif,2026-06-18T14:29:04+0000,1781792944,90075
2026-07-20,z2RmddzZET8w5zZtyb,World Cup Football GIF by OneFootball Heads,gif,2026-06-18T14:28:59+0000,1781792939,43932
2026-07-20,GMsykn2kFJhMIBPMb9,World Cup Football GIF by OneFootball Heads,gif,2026-06-18T14:28:53+0000,1781792933,21932
2026-07-20,U6zenm1kWFjycNTkdz,France Football GIF by OneFootball Heads,gif,2026-06-18T14:28:47+0000,1781792927,34646
2026-07-20,V65BD1iwdbErs5NDw7,World Cup Football GIF by OneFootball Heads,gif,2026-06-18T14:28:41+0000,1781792921,27838
2026-07-20,KR0ABF8z9pul0Xn1vj,World Cup Football GIF by OneFootball Heads,gif,2026-06-18T14:28:28+0000,1781792908,9434
2026-07-20,kmGi3ucTvgLv6pA7rE,World Cup Football GIF by OneFootball Heads,gif,2026-06-18T14:28:23+0000,1781792903,32788
2026-07-20,xQNauBqQ1WrqCAPuRE,World Cup Football GIF by OneFootball Heads,gif,2026-06-18T14:28:16+0000,1781792896,19516
2026-07-20,KlL7G6C1HWtdM3YHse,Germany Football GIF by OneFootball Heads,gif,2026-06-18T14:28:10+0000,1781792890,8099
2026-07-20,Jj6MUSSOBIS7iy4cHl,World Cup Football GIF by OneFootball Heads,gif,2026-06-18T14:28:04+0000,1781792884,23822
2026-07-20,o582qaiYg31UCY2MHB,World Cup Football GIF by OneFootball Heads,gif,2026-06-18T14:27:58+0000,1781792878,8099
2026-07-20,MVdhlDm19paYqtsMfF,Germany Football GIF by OneFootball Heads,gif,2026-06-18T14:27:52+0000,1781792872,9643
2026-07-20,M3DQRSj2ZR4BSXZMlX,World Cup Football GIF by OneFootball Heads,gif,2026-06-18T14:27:46+0000,1781792866,20557
2026-07-20,Fh1YBOMQy8ivv5QNzd,World Cup Football GIF by OneFootball Heads,gif,2026-06-18T14:27:41+0000,1781792861,15334
2026-07-20,1L3Mvo7LQ6VfgJJT6I,World Cup Football GIF by OneFootball Heads,gif,2026-06-18T14:27:35+0000,1781792855,113214
2026-07-20,FQaUqL5cxE07TVmEbM,World Cup Football GIF by OneFootball Heads,gif,2026-06-18T14:27:29+0000,1781792849,11141
2026-07-20,D41XyjutopurXno57q,World Cup Football GIF by OneFootball Heads,gif,2026-06-18T14:27:24+0000,1781792844,31067
2026-07-20,zIf83ye6vDhxzHKtUd,Germany Football GIF by OneFootball Heads,gif,2026-06-18T14:27:18+0000,1781792838,11376
2026-07-20,aow0lDW9gAStommdsS,World Cup Football GIF by OneFootball Heads,gif,2026-06-18T14:27:13+0000,1781792833,55492
2026-07-20,wulH1pzgOUFXQQNyor,World Cup Football GIF by OneFootball Heads,gif,2026-06-18T14:27:07+0000,1781792827,12415
2026-07-20,QQeMYCJmSK3CvnW69G,World Cup Football GIF by OneFootball Heads,gif,2026-06-18T14:27:01+0000,1781792821,20733
2026-07-20,UR5a8u78Xa7VdtyJIS,World Cup Football GIF by OneFootball Heads,gif,2026-06-18T14:26:56+0000,1781792816,33190
2026-07-20,9IwfTwulCPEiDADHzx,World Cup Football GIF by OneFootball Heads,gif,2026-06-18T14:26:49+0000,1781792809,41286
2026-07-20,29Z7C8nHD9ijZuMqTV,World Cup Football GIF by OneFootball Heads,gif,2026-06-18T14:26:43+0000,1781792803,48327
2026-07-20,7uuBgvGPs6E5EttML4,World Cup Football GIF by OneFootball Heads,gif,2026-06-18T14:26:37+0000,1781792797,11991
2026-07-20,4QXKOejCxZAOvUfjxZ,World Cup Football GIF by OneFootball Heads,gif,2026-06-18T14:26:30+0000,1781792790,29450
2026-07-20,p6hxl3FX2QtPN1eWsj,World Cup Football GIF by OneFootball Heads,gif,2026-06-18T14:26:24+0000,1781792784,144625
2026-07-20,HviuxhG9WFXzbBpjJe,World Cup Football GIF by OneFootball Heads,gif,2026-06-18T14:26:13+0000,1781792773,20785
2026-07-20,5b6DvVHMPq5kG9QBE7,World Cup Football GIF by OneFootball Heads,gif,2026-06-18T14:26:06+0000,1781792766,9666
2026-07-20,Zw9IYZoi4lR40x6kOh,World Cup Football GIF by OneFootball Heads,gif,2026-06-18T14:25:59+0000,1781792759,41003
2026-07-20,FXlBfysZeccejSPXLN,World Cup Football GIF by OneFootball Heads,gif,2026-06-18T14:25:54+0000,1781792754,27248
2026-07-20,j70G4xGbIAyl69HjSG,World Cup Football GIF by OneFootball Heads,gif,2026-06-18T14:25:47+0000,1781792747,39296
2026-07-20,qvGvze34SYzFy0IOjo,World Cup Football GIF by OneFootball Heads,gif,2026-06-18T14:25:41+0000,1781792741,26231
2026-07-20,XIxeCLHT9zVohiL4T9,World Cup Football GIF by OneFootball Heads,gif,2026-06-18T14:25:35+0000,1781792735,70889
2026-07-20,nfDB8cFWhS4Dee2sgL,France Football GIF by OneFootball Heads,gif,2026-06-18T14:25:29+0000,1781792729,20692
2026-07-20,yiNGJnacgioeujOFDw,France Football GIF by OneFootball Heads,gif,2026-06-18T14:25:24+0000,1781792724,25030
2026-07-20,UM7sju7MO1wK6KpVdR,World Cup Football GIF by OneFootball Heads,gif,2026-06-18T14:25:18+0000,1781792718,13734
2026-07-20,2AHzoH7CI4TQeyzYCD,France Football GIF by OneFootball Heads,gif,2026-06-18T14:25:12+0000,1781792712,14507
2026-07-20,RUcKKOR9LAGm3Sy9CY,World Cup Football GIF by OneFootball Heads,gif,2026-06-18T14:25:06+0000,1781792706,88949
2026-07-20,ymR0THwsC0ryufBoCC,World Cup Football GIF by OneFootball Heads,gif,2026-06-18T13:00:11+0000,1781787611,96353
2026-07-20,l5ZWNLnfskv9LTE03S,World Cup Football GIF by OneFootball Heads,gif,2026-06-18T12:59:41+0000,1781787581,21394
2026-07-20,GGxYV9J86hAuLOftmX,World Cup Football GIF by OneFootball Heads,gif,2026-06-18T12:59:35+0000,1781787575,69567
2026-07-20,YRgKKGuDWNqdVKUsJK,World Cup Football GIF by OneFootball Heads,gif,2026-06-18T12:59:29+0000,1781787569,45796
2026-07-20,sgLnfOIYS7BUIHXUxC,World Cup Football GIF by OneFootball Heads,gif,2026-06-18T12:59:23+0000,1781787563,17924
2026-07-20,hvHkkgdpNyYBCNwWii,World Cup Football GIF by OneFootball Heads,gif,2026-06-18T12:59:17+0000,1781787557,22545
2026-07-20,ocHIQm4HwUXQHcA1U0,World Cup Football GIF by OneFootball Heads,gif,2026-06-18T12:59:12+0000,1781787552,9730
2026-07-20,hZtR0YEJJ66b1a0Yrb,World Cup Football GIF by OneFootball Heads,gif,2026-06-18T12:59:06+0000,1781787546,7985
2026-07-20,QSA6gWBwyyXJIzo0gE,World Cup Football GIF by OneFootball Heads,gif,2026-06-18T12:59:00+0000,1781787540,11904
2026-07-20,99L1Ri4cmx4aZ82imT,World Cup Football GIF by OneFootball Heads,gif,2026-06-18T12:58:52+0000,1781787532,61413
2026-07-20,T0MPbboDiC4fnKtpKF,World Cup Football GIF by OneFootball Heads,gif,2026-06-18T12:58:48+0000,1781787528,55319
2026-07-20,XCGc4SGOCWsIxXCteW,World Cup Football GIF by OneFootball Heads,gif,2026-06-18T12:58:42+0000,1781787522,103419
2026-07-20,zSoJATxvNy74D0WE4l,World Cup Football GIF by OneFootball Heads,gif,2026-06-18T12:58:36+0000,1781787516,52744
2026-07-20,uCLrRaHsmPHmSNVkY8,World Cup Football GIF by OneFootball Heads,gif,2026-06-18T12:58:30+0000,1781787510,50355
2026-07-20,tsiV9e5BNYJs9N63xu,World Cup Football GIF by OneFootball Heads,gif,2026-06-18T12:58:25+0000,1781787505,165118
2026-07-20,vWQ3cNvlZdFGn4P8mC,World Cup Football GIF by OneFootball Heads,gif,2026-06-18T12:58:20+0000,1781787500,11464
2026-07-20,m6uaoa7xX7Dg2HnF6p,World Cup Football GIF by OneFootball Heads,gif,2026-06-18T12:58:12+0000,1781787492,7824
2026-07-20,tG40NFJ94fjjn3vRXR,World Cup Football GIF by OneFootball Heads,gif,2026-06-18T12:58:01+0000,1781787481,58648
2026-07-20,Gs7S4vm03HWudtCUxT,World Cup Football GIF by OneFootball Heads,gif,2026-06-18T12:57:56+0000,1781787476,67635
2026-07-20,lDvigQV6SivDb1PP17,World Cup Football GIF by OneFootball Heads,gif,2026-06-18T12:57:51+0000,1781787471,32701
2026-07-20,6nsJtjKzfX0DYG6Fg8,World Cup Football GIF by OneFootball Heads,gif,2026-06-18T12:57:47+0000,1781787467,28555
2026-07-20,SQwDBfwWSCoRe4PcNJ,World Cup Football GIF by OneFootball Heads,gif,2026-06-18T12:57:43+0000,1781787463,20415
2026-07-20,UwKnpGaeFmihxIEt4Z,World Cup Football GIF by OneFootball Heads,gif,2026-06-18T12:57:38+0000,1781787458,33628
2026-07-20,TfKAAlWTfJBh06kQ5S,World Cup Football GIF by OneFootball Heads,gif,2026-06-18T12:57:33+0000,1781787453,11660
2026-07-20,rI4yCkQXsGkvkN6qQy,World Cup Football GIF by OneFootball Heads,gif,2026-06-18T12:57:28+0000,1781787448,10523
2026-07-20,x6u2P1xWEqpnimsun6,World Cup Football GIF by OneFootball Heads,gif,2026-06-18T12:57:22+0000,1781787442,17198
2026-07-20,aFoEcC8r12zpxNNvSz,World Cup Football GIF by OneFootball Heads,gif,2026-06-18T12:57:16+0000,1781787436,7888
2026-07-20,Atdw4UUjkYNWJaCahh,World Cup Football GIF by OneFootball Heads,gif,2026-06-18T12:57:11+0000,1781787431,12375
2026-07-20,2XhJxylc2hyATdyLCy,World Cup Football GIF by OneFootball Heads,gif,2026-06-18T12:57:05+0000,1781787425,40475
2026-07-20,NZNjSEXDfUQbmupjJW,World Cup Football GIF by OneFootball Heads,gif,2026-06-18T12:56:59+0000,1781787419,56350
2026-07-20,a8ZxCyyxdwfSsqTwsL,World Cup Football GIF by OneFootball Heads,gif,2026-06-18T12:56:54+0000,1781787414,81871
2026-07-20,PJDjRlqkTOWG8CAWNa,World Cup Football GIF by OneFootball Heads,gif,2026-06-18T12:56:48+0000,1781787408,59224
2026-07-20,5bLSkn2OEV2LU4IPHI,World Cup Football GIF by OneFootball Heads,gif,2026-06-18T12:56:42+0000,1781787402,41570
2026-07-20,cYELoocQoVRmY2GRJq,World Cup Football GIF by OneFootball Heads,gif,2026-06-18T12:56:35+0000,1781787395,220541
2026-07-20,tRWPZFwfKYTcaQ0Vut,World Cup Football GIF by OneFootball Heads,gif,2026-06-18T12:56:28+0000,1781787388,13239
2026-07-20,kAZI2CjoJeDdkShdIp,World Cup Football GIF by OneFootball Heads,gif,2026-06-18T12:56:24+0000,1781787384,8910
2026-07-20,hVlGeCHhXYdIj5VuGy,World Cup Football GIF by OneFootball Heads,gif,2026-06-18T12:56:18+0000,1781787378,13606
2026-07-20,WxKKJGKsUUWPJgkf4N,World Cup Football GIF by OneFootball Heads,gif,2026-06-18T12:56:13+0000,1781787373,52446
2026-07-20,WxxWLGWv6UUZdsT2lS,World Cup Football GIF by OneFootball Heads,gif,2026-06-18T12:56:07+0000,1781787367,70292
2026-07-20,btR3gAi7NqgMjA2aNz,World Cup Football GIF by OneFootball Heads,gif,2026-06-18T12:55:31+0000,1781787331,7121
2026-07-20,3bdT6rswZrdJAAXyIY,World Cup Football GIF by OneFootball Heads,gif,2026-06-18T12:55:26+0000,1781787326,8227
2026-07-20,tPrbmCVHFFg7K72O3L,World Cup Football GIF by OneFootball Heads,gif,2026-06-18T12:55:20+0000,1781787320,6603
2026-07-20,K4y1b339hvcqk45WJ9,World Cup Football GIF by OneFootball Heads,gif,2026-06-18T12:55:15+0000,1781787315,234678
2026-07-20,oLP7BIj99u0sFUlnsV,World Cup Football GIF by OneFootball Heads,gif,2026-06-18T12:55:09+0000,1781787309,15984
2026-07-20,x3LVct059nDJWWHnBs,World Cup Football GIF by OneFootball Heads,gif,2026-06-18T12:55:04+0000,1781787304,17060
2026-07-20,yK7UnYilNJehrLYsIm,World Cup Football GIF by OneFootball Heads,gif,2026-06-18T12:54:59+0000,1781787299,65762
2026-07-20,gWRf9HI5C42rN1HirJ,World Cup Football GIF by OneFootball Heads,gif,2026-06-18T12:54:53+0000,1781787293,92979
2026-07-20,xoGxhyhEQOp0jXphxx,World Cup Football GIF by OneFootball Heads,gif,2026-06-18T12:54:47+0000,1781787287,157093
2026-07-20,J3HhbqcC2mKM6eetbu,World Cup Football GIF by OneFootball Heads,gif,2026-06-18T12:54:42+0000,1781787282,36568
2026-07-20,DArpiMDTC0np9ytWe8,World Cup Football GIF by OneFootball Heads,gif,2026-06-18T12:54:37+0000,1781787277,32379
2026-07-20,hUgUnBmpjUXA8w2eBC,World Cup Football GIF by OneFootball Heads,gif,2026-06-18T12:54:32+0000,1781787272,57755
2026-07-20,RjBXlk32cZwWJwL4gS,World Cup Football GIF by OneFootball Heads,gif,2026-06-18T12:54:27+0000,1781787267,14536
2026-07-20,ZeK2ek6RtyEL73iY0B,World Cup Football GIF by OneFootball Heads,gif,2026-06-18T12:54:20+0000,1781787260,39191
2026-07-20,bff86XIkSNuway0pUU,World Cup Football GIF by OneFootball Heads,gif,2026-06-18T12:54:16+0000,1781787256,81775
2026-07-20,IvciiQcSOnH7gFlwnK,World Cup Football GIF by OneFootball Heads,gif,2026-06-18T12:54:11+0000,1781787251,42021
2026-07-20,9F3kTka3lWs1MoyUW4,World Cup Football GIF by OneFootball Heads,gif,2026-06-18T12:54:03+0000,1781787243,37219
2026-07-20,ncRqGV6vGvUMh7oR7x,World Cup Football GIF by OneFootball Heads,gif,2026-06-18T12:53:56+0000,1781787236,105580
2026-07-20,gMAqaGlYLH1LnHhSQu,World Cup Football GIF by OneFootball Heads,gif,2026-06-18T12:53:51+0000,1781787231,19821
2026-07-20,kg7ti21Zmn5y1AtniN,World Cup Football GIF by OneFootball Heads,gif,2026-06-18T12:53:46+0000,1781787226,25269
2026-07-20,XR7PHHrmVHtqEK1gol,World Cup Football GIF by OneFootball Heads,gif,2026-06-18T12:53:40+0000,1781787220,125929
2026-07-20,HeFCcdgF37XybNbJM1,World Cup Football GIF by OneFootball Heads,gif,2026-06-18T12:53:35+0000,1781787215,26346
2026-07-20,XniMEEmJBr9ukfaFPg,World Cup Football GIF by OneFootball Heads,gif,2026-06-18T12:53:30+0000,1781787210,12235
2026-07-20,z3cQyCScaa6eQAPGxM,World Cup Football GIF by OneFootball Heads,gif,2026-06-18T12:53:25+0000,1781787205,23429
2026-07-20,bbd845md4bBhtzxnP2,World Cup Football GIF by OneFootball Heads,gif,2026-06-18T12:53:20+0000,1781787200,14167
2026-07-20,IhRt3YlSBJDDGKmVfA,World Cup Football GIF by OneFootball Heads,gif,2026-06-18T12:53:15+0000,1781787195,11239
2026-07-20,ob50T7GkSbkLLSRhQn,World Cup Football GIF by OneFootball Heads,gif,2026-06-18T12:53:10+0000,1781787190,11898
2026-07-20,2MJOk63MZDgJLnCWbP,Germany Football GIF by OneFootball Heads,gif,2026-06-18T12:53:05+0000,1781787185,6751
2026-07-20,tUcJ0CqH4BsIKAIDrB,Germany Football GIF by OneFootball Heads,gif,2026-06-18T12:53:00+0000,1781787180,16451
2026-07-20,HOOTxxN5gUjEhJDUzT,Germany Football GIF by OneFootball Heads,gif,2026-06-18T12:52:54+0000,1781787174,10589
2026-07-20,MibqmLIdqxwQepv1u4,France Football GIF by OneFootball Heads,gif,2026-06-18T12:52:50+0000,1781787170,15368
2026-07-20,zQxSWfx8MQYyxMzLTW,France Football GIF by OneFootball Heads,gif,2026-06-18T12:52:43+0000,1781787163,18926
2026-07-20,QgBxz4jlNWpq4U0VBL,France Football GIF by OneFootball Heads,gif,2026-06-18T12:52:37+0000,1781787157,29126
2026-07-20,akR7RsXOEBsCpVxsp6,World Cup Football GIF by OneFootball Heads,gif,2026-06-18T12:52:32+0000,1781787152,14772
2026-07-20,Foo1QLxlFskrsgYXD8,World Cup Football GIF by OneFootball Heads,gif,2026-06-18T12:52:25+0000,1781787145,63252
2026-07-20,JGpns399tHOQYO7P9u,World Cup Football GIF by OneFootball Heads,gif,2026-06-18T12:52:18+0000,1781787138,24136
2026-07-20,aZhAXcAN33Makb02CK,World Cup Football GIF by OneFootball Heads,gif,2026-06-18T12:52:12+0000,1781787132,127121
2026-07-20,mruAYNxpRfWT7zWOVa,World Cup Football GIF by OneFootball Heads,gif,2026-06-18T12:52:04+0000,1781787124,66405
2026-07-20,dgXu5U7aMzbfILnDcj,World Cup Football GIF by OneFootball Heads,gif,2026-06-18T12:51:59+0000,1781787119,214320
2026-07-20,d6ZMxXqdHwzsYsjIfP,World Cup Football GIF by OneFootball Heads,gif,2026-06-18T12:51:54+0000,1781787114,17847
2026-07-20,QoVAe2QifgvhK2rnTG,Si Se Puede World Cup GIF by OneFootball Heads,gif,2026-06-18T12:51:49+0000,1781787109,151722
2026-07-20,NFlNPPsEU6FSGuOk3e,World Cup Football GIF by OneFootball Heads,gif,2026-06-18T12:51:43+0000,1781787103,91545
2026-07-20,pq5a9erYX0mupYAw0r,World Cup Football GIF by OneFootball Heads,gif,2026-06-18T12:51:38+0000,1781787098,7169
2026-07-20,9Se0FcKFZFCt7lM2x3,World Cup Football GIF by OneFootball Heads,gif,2026-06-18T12:51:33+0000,1781787093,7027
2026-07-20,9YVJ3QFI0T2T1huuOt,World Cup Football GIF by OneFootball Heads,gif,2026-06-18T12:51:29+0000,1781787089,22680
2026-07-20,M466iBsWoTlNojJbyk,World Cup Football GIF by OneFootball Heads,gif,2026-06-18T12:51:23+0000,1781787083,31636
2026-07-20,Ksyo02KzynpxSGIdiu,World Cup Football GIF by OneFootball Heads,gif,2026-06-18T12:51:19+0000,1781787079,33666
2026-07-20,EsTiklBWYzosIzPluo,World Cup Football GIF by OneFootball Heads,gif,2026-06-18T12:51:14+0000,1781787074,25740
2026-07-20,xd0DzHA90wF0QspRKE,World Cup Football GIF by OneFootball Heads,gif,2026-06-18T12:51:09+0000,1781787069,163750
2026-07-20,AhaWzd6OjdlgzY8poL,World Cup Football GIF by OneFootball Heads,gif,2026-06-18T12:51:03+0000,1781787063,15386
2026-07-20,fLLDOs1PXL5od8aETL,World Cup Football GIF by OneFootball Heads,gif,2026-06-18T12:50:59+0000,1781787059,9133
2026-07-20,AkjBpF1TnoWQNI57N8,World Cup Football GIF by OneFootball Heads,gif,2026-06-18T12:50:54+0000,1781787054,14654
2026-07-20,wvmHbFg1ExLSSKMaOD,World Cup Football GIF by OneFootball Heads,gif,2026-06-18T12:50:49+0000,1781787049,122534
2026-07-20,8tQLdg1TjgKBuuPbco,World Cup Football GIF by OneFootball Heads,gif,2026-06-18T12:50:43+0000,1781787043,420695
2026-07-20,Ei2OUMXIhbpl8zcg07,World Cup Football GIF by OneFootball Heads,gif,2026-06-18T12:50:37+0000,1781787037,26806
2026-07-20,1knediJpPduWeBBS7N,World Cup Football GIF by OneFootball Heads,gif,2026-06-18T12:50:32+0000,1781787032,27428
2026-07-20,eGITs6JOnYa9vtjIwc,World Cup Football GIF by OneFootball Heads,gif,2026-06-18T12:50:26+0000,1781787026,91917
2026-07-20,ywVDodGGYpgsU7vb0Q,World Cup Football GIF by OneFootball Heads,gif,2026-06-18T12:50:20+0000,1781787020,38596
2026-07-20,LIqRddsJ488WR7JkgG,World Cup Football GIF by OneFootball Heads,gif,2026-06-18T12:50:14+0000,1781787014,109587
2026-07-20,dBEeUL0mbzScibZaSv,World Cup Football GIF by OneFootball Heads,gif,2026-06-18T12:50:09+0000,1781787009,14806
2026-07-20,s4hSWA7C4PRGJwjwkp,World Cup Football GIF by OneFootball Heads,gif,2026-06-18T12:50:03+0000,1781787003,14903
2026-07-20,kAVvf8QMmCmXU7NDA6,World Cup Football GIF by OneFootball Heads,gif,2026-06-18T12:49:59+0000,1781786999,9256
2026-07-20,XHby9xOM0HPzPJ6tqF,World Cup Football GIF by OneFootball Heads,gif,2026-06-18T12:49:53+0000,1781786993,10699
2026-07-20,LM6727wPq5tzhvVLMJ,World Cup Football GIF by OneFootball Heads,gif,2026-06-18T12:49:48+0000,1781786988,89312
2026-07-20,RJZFIKDrvM9UVstlHg,World Cup Football GIF by OneFootball Heads,gif,2026-06-18T12:49:42+0000,1781786982,73849
2026-07-20,tZ7DeEmaE9nn2rqcF3,World Cup Football GIF by OneFootball Heads,gif,2026-06-18T12:49:36+0000,1781786976,95885
2026-07-20,XQGaZGKKKFL5DGdt4Y,Vamos Argentina World Cup GIF by OneFootball Heads,gif,2026-06-18T12:49:31+0000,1781786971,120206
2026-07-20,wdwglOfifi6NYq9tjO,World Cup Football GIF by OneFootball Heads,gif,2026-06-18T12:49:26+0000,1781786966,34854
2026-07-20,Lg6tJBqeg7Z8iHTvJK,World Cup Football GIF by OneFootball Heads,gif,2026-06-18T12:49:20+0000,1781786960,172558
2026-07-20,VFmjfFzMv0JETVuokv,World Cup Football GIF by OneFootball Heads,gif,2026-06-18T12:49:11+0000,1781786951,455704
2026-07-20,X8U2NmVTuTntFxGesd,Football Fan Vacation GIF by OneFootball Heads,gif,2026-05-22T01:55:27+0000,1779414927,186862
2026-07-20,An7uqeayxR5J8dKHu4,Level Up Football Meme GIF by OneFootball Heads,gif,2026-05-22T01:55:13+0000,1779414913,110925
2026-07-20,WCIkiuYpS3S6XKV8Rn,Cope Football Fan GIF by OneFootball Heads,gif,2026-05-22T01:55:00+0000,1779414900,39458
2026-07-20,QytjwhKBE2ObyydwQb,Big Game Matchday GIF by OneFootball Heads,gif,2026-05-22T01:54:53+0000,1779414893,120319
2026-07-20,Jzp6EmR66Abn9ExWls,Football Fan Transfer GIF by OneFootball Heads,gif,2026-05-22T01:54:39+0000,1779414879,43891
2026-07-20,6UDc6ioncYRxWDnp0G,Signing Football Fan GIF by OneFootball Heads,gif,2026-05-22T01:54:32+0000,1779414872,211348
2026-07-20,2FbqKii3sahcmtOgU2,Opening Day Hype GIF by OneFootball Heads,gif,2026-05-22T01:54:23+0000,1779414863,33597
2026-07-20,592ZMrdelj8j8DlQ2w,Football Fan Summer GIF by OneFootball Heads,gif,2026-05-22T01:54:17+0000,1779414857,57194
2026-07-20,R3h2NcJNbFNBpS4g6q,Out Of Office Season GIF by OneFootball Heads,gif,2026-05-22T01:54:10+0000,1779414850,127409
2026-07-20,b40vcDOn7iizajr2oM,Football Fan Scout GIF by OneFootball Heads,gif,2026-05-22T01:53:30+0000,1779414810,154693
2026-07-20,JhkFcH98uvMrnDgmn6,Sarcastic Football Fan GIF by OneFootball Heads,gif,2026-05-22T01:53:22+0000,1779414802,43749
2026-07-20,JkGNpFYB3cY7FHn9sx,Champions League Vibes GIF by OneFootball Heads,gif,2026-05-22T01:53:15+0000,1779414795,19555
2026-07-20,DBNUsVBmNhdqMaetuc,Champions League Knockout GIF by OneFootball Heads,gif,2026-05-22T01:53:08+0000,1779414788,26368
2026-07-20,dxie0mdUARIwhn2yee,Champions League Uefa GIF by OneFootball Heads,gif,2026-05-22T01:53:01+0000,1779414781,37709
2026-07-20,HoEkTdvUpnS9WvVPcF,Football Waiting GIF by OneFootball Heads,gif,2026-05-18T15:31:16+0000,1779118276,187799
2026-07-20,8Ju2XpAU8kax6RU9pd,Digital Art Crypto GIF by OneFootball Heads,gif,2026-05-18T15:31:09+0000,1779118269,65230
2026-07-20,UGSaXOiJokVFwXEoAT,Confused Crypto GIF by OneFootball Heads,gif,2026-05-18T15:31:03+0000,1779118263,13926
2026-07-20,RlkKf5MBzEjqzqN3Pt,Excited Crypto GIF by OneFootball Heads,gif,2026-05-18T15:30:57+0000,1779118257,35290
2026-07-20,OlLlVUZxrcqZm6RPza,Excited Digital Art GIF by OneFootball Heads,gif,2026-05-18T15:30:50+0000,1779118250,13326
2026-07-20,jxA1BBEg6NzTQL7pvd,Football Love GIF by OneFootball Heads,gif,2026-05-18T15:30:43+0000,1779118243,114191
2026-07-20,TL448BG9MrQXfVRka2,Happy Good Vibes GIF by OneFootball Heads,gif,2026-05-18T15:30:36+0000,1779118236,61945
2026-07-20,0jVa8eudaK9tG5KOUh,Nervous World Cup GIF by OneFootball Heads,gif,2026-05-18T15:30:25+0000,1779118225,148746
2026-07-20,NCXTJOeB6clLl1XIHm,Frustrated Football Fan GIF by OneFootball Heads,gif,2026-05-18T15:30:18+0000,1779118218,36847
2026-07-20,RKSWD89SckpaCkF7lB,World Cup Waiting GIF by OneFootball Heads,gif,2026-05-18T15:30:11+0000,1779118211,46813
2026-07-20,v5PJmNVxWOTTThmnQg,Excited World Cup GIF by OneFootball Heads,gif,2026-05-18T15:30:00+0000,1779118200,87982
2026-07-20,fsCP6Oda0qmhcNPKE1,Tag4 Tag5 GIF by OneFootball Heads,gif,2026-05-18T05:09:54+0000,1779080994,33335
2026-07-20,oT8h0iLmJVj4OORrVw,Football Celebrate GIF by OneFootball Heads,gif,2026-05-18T05:05:15+0000,1779080715,5256
2026-07-20,sT7JTqgV96345rxK6n,Nervous Football GIF by OneFootball Heads,gif,2026-05-18T05:05:03+0000,1779080703,20723
2026-07-20,oEK27lR1AH4L1uw531,Fantasy Football GIF by OneFootball Heads,gif,2026-05-18T05:04:57+0000,1779080697,23712
2026-07-20,XzFg2ZpcLiS4s3N1KC,Football Winning GIF by OneFootball Heads,gif,2026-05-18T05:04:51+0000,1779080691,53031
2026-07-20,maNlF3eSXasPrO4QdO,Time Out Football GIF by OneFootball Heads,gif,2026-03-26T22:33:20+0000,1774564400,96967
2026-07-20,czdCrCBERAQKBOfOLo,Football Soccer GIF by OneFootball Heads,gif,2026-03-26T22:33:15+0000,1774564395,189838
2026-07-20,vtBtvkJFk09naDtqBk,Football Frown GIF by OneFootball Heads,gif,2026-03-26T22:33:09+0000,1774564389,92559
2026-07-20,PMny68XCKFiABxd1SZ,Hat Trick Football GIF by OneFootball Heads,gif,2026-03-26T22:33:05+0000,1774564385,560291
2026-07-20,NKb9LW9MrxO48Cd9Mu,Not Funny Football GIF by OneFootball Heads,gif,2026-03-26T22:32:55+0000,1774564375,26044
2026-07-20,6guW2txh6RAr0RCnTP,April Fools Football GIF by OneFootball Heads,gif,2026-03-26T22:32:51+0000,1774564371,133297
2026-07-20,6o7c1nxSuBTp6XIMzm,Football Soccer GIF by OneFootball Heads,gif,2026-03-26T22:32:44+0000,1774564364,683430
2026-07-20,kFnvhvvnxA6KwTnIzA,Hat-Trick Football GIF by OneFootball Heads,gif,2026-03-26T22:32:38+0000,1774564358,397148
2026-07-20,ZEleEa4pY0l7ufKnSY,Hat Trick Football GIF by OneFootball Heads,gif,2026-03-26T22:32:31+0000,1774564351,47325
2026-07-20,pPGGvsQjn9xJb55F8i,Hat Trick Football GIF by OneFootball Heads,gif,2026-03-26T22:32:23+0000,1774564343,88528
2026-07-20,HXbjrTClytGyPjam3M,Hat-Trick Football GIF by OneFootball Heads,gif,2026-03-26T22:32:17+0000,1774564337,3486192
2026-07-20,2fR6fBgW6BZU1CPIqG,Easter Bunny Football GIF by OneFootball Heads,gif,2026-03-26T22:32:11+0000,1774564331,79728
2026-07-20,7HumoY5K6oo1enpFWe,Easter Bunny Football GIF by OneFootball Heads,gif,2026-03-26T22:32:07+0000,1774564327,167021
2026-07-20,Z43RfKcmhr06OQ5ae2,Easter Eggs Football GIF by OneFootball Heads,gif,2026-03-26T22:32:01+0000,1774564321,84477
2026-07-20,9bIcqjJn0WBjTCqQOT,Dance Football GIF by OneFootball Heads,gif,2026-03-26T22:31:56+0000,1774564316,186085
2026-07-20,MZExsocb7ggfMPqiBk,Football Soccer GIF by OneFootball Heads,gif,2026-03-26T22:31:48+0000,1774564308,47423
2026-07-20,EMrPMmyufe1a1Tz1A5,Full Time Football GIF by OneFootball Heads,gif,2026-03-26T22:31:43+0000,1774564303,152620
2026-07-20,GMibniHgHabH5FsvSf,Football Soccer GIF by OneFootball Heads,gif,2026-03-26T22:31:38+0000,1774564298,229936
2026-07-20,shE8kiyTqgMBGFmkLs,April Fools Football GIF by OneFootball Heads,gif,2026-03-26T22:31:34+0000,1774564294,76462
2026-07-20,5ssoenGB420wQegvln,April Fools Football GIF by OneFootball Heads,gif,2026-03-26T22:31:30+0000,1774564290,116913
2026-07-20,lMtSWlhMBsTkmUot5s,April Fools Football GIF by OneFootball Heads,gif,2026-03-26T22:31:24+0000,1774564284,142201
2026-07-20,XCdhyRfbj2GvgufO0u,Football Soccer GIF by OneFootball Heads,gif,2026-03-26T22:31:20+0000,1774564280,1295629
2026-07-20,xD1vpKInrkzJ3Fxael,Space Time GIF by OneFootball Heads,gif,2026-02-09T04:39:28+0000,1770611968,22784
2026-07-20,WhOTaSjCzQyMAMBn5v,Podcast Commentator GIF by OneFootball Heads,gif,2026-02-09T04:39:22+0000,1770611962,134007
2026-07-20,DGjlGcceVl5RDQC6v7,Football Podcast GIF by OneFootball Heads,gif,2026-02-09T04:39:16+0000,1770611956,35419
2026-07-20,3So6FuGb7wVk14P481,Happy Holidays GIF by OneFootball Heads,gif,2026-02-09T04:39:11+0000,1770611951,17264
2026-07-20,cfLHHFi62dBMYsloN7,Shocked Whats That GIF by OneFootball Heads,gif,2026-02-09T04:38:50+0000,1770611930,55897
2026-07-20,Oa4QJT3Fb0zQ037mov,Shock Whats That GIF by OneFootball Heads,gif,2026-02-09T04:38:43+0000,1770611923,320784
2026-07-20,QGy9WgPA5wdXUx7yKE,Nara Superfans GIF by OneFootball Heads,gif,2026-02-09T04:38:35+0000,1770611915,163442
2026-07-20,eEEVPZVPzXY9ceK13z,Metal Detector Searching GIF by OneFootball Heads,gif,2026-02-09T04:38:25+0000,1770611905,491070
2026-07-20,ptWaTNOtCbJyFoPOsI,Run Fall Over GIF by OneFootball Heads,gif,2026-02-09T04:38:20+0000,1770611900,74607
2026-07-20,LOVAgqCndxbF0yVSvH,Red Flag Toxic Relationship GIF by OneFootball Heads,gif,2026-02-09T04:38:16+0000,1770611896,66889
2026-07-20,aA455rZHUzTePr7fRv,Happy Holidays GIF by OneFootball Heads,gif,2026-02-09T04:38:11+0000,1770611891,19024
2026-07-20,FjOH5YsFZv0M1wuIBb,Metal Detector GIF by OneFootball Heads,gif,2026-02-09T04:37:32+0000,1770611852,1437638
2026-07-20,no6Mm0U0L9Mv9tzvN9,Nara Superfans GIF by OneFootball Heads,gif,2026-02-09T04:37:27+0000,1770611847,145933
2026-07-20,bfb6MDov8wj5qopEZC,Sad Sorry GIF by OneFootball Heads,gif,2026-02-09T04:37:19+0000,1770611839,59090
2026-07-20,EbEX6H0ZYbCTI9nI25,Sad Mistake GIF by OneFootball Heads,gif,2026-02-09T04:37:13+0000,1770611833,51542
2026-07-20,aW3mqoINZ433Rj4TMz,Happy Green Flag GIF by OneFootball Heads,gif,2026-02-09T04:37:08+0000,1770611828,42390
2026-07-20,Xy1embN5dYLxDL7J1h,Ronaldo Flick GIF by OneFootball Heads,gif,2026-02-09T04:37:02+0000,1770611822,102582
2026-07-20,0f7MezZNdfdf09G5MR,Keeper Penalty GIF by OneFootball Heads,gif,2026-02-09T04:36:58+0000,1770611818,100949
2026-07-20,pUCY24xEv3FuNvWA54,Happy Football GIF by OneFootball Heads,gif,2026-02-09T04:36:54+0000,1770611814,35321
2026-07-20,BuT7JDz3OLtImz82QE,Walk Like An Egyptian Dancing GIF by OneFootball Heads,gif,2026-02-09T04:36:49+0000,1770611809,1135330
2026-07-20,MgeNDcgT4gXYn338jR,Happy Birthday Gift GIF by OneFootball Heads,gif,2026-02-09T04:36:43+0000,1770611803,86838
2026-07-20,rcKw9ZKuo0lLFzIuuZ,Warning Red Flag GIF by OneFootball Heads,gif,2026-02-09T04:36:38+0000,1770611798,248916
2026-07-20,N20tM6nrrXQMl4HYWz,Green Flag Relationships GIF by OneFootball Heads,gif,2026-02-09T04:36:33+0000,1770611793,1143605
2026-07-20,W2qRsuV2W45gij9eyQ,Spotlight Beacon GIF by OneFootball Heads,gif,2026-02-05T11:03:35+0000,1770289415,15703
2026-07-20,hhL4cErWygGzv0PMwl,Pool Party Summer GIF by OneFootball Heads,gif,2026-01-20T14:30:33+0000,1768919433,397213
2026-07-20,XCB5P8yCHz9CiAl41q,I Love You Couple GIF by OneFootball Heads,gif,2026-01-20T14:30:19+0000,1768919419,52907
2026-07-20,IipkQotlmo8Sh1ABvk,Valentines Day Love GIF by OneFootball Heads,gif,2026-01-20T14:30:08+0000,1768919408,19904
2026-07-20,CaEoDtcNHxY0y3Ll4k,Valentines Day GIF by OneFootball Heads,gif,2026-01-20T14:30:02+0000,1768919402,35931
2026-07-20,zKf31joKvY23SQdSTF,I Love You Flower GIF by OneFootball Heads,gif,2026-01-20T14:29:56+0000,1768919396,163845
2026-07-20,GT9cgAAAtfM5JgcZpQ,I Love You Flowers GIF by OneFootball Heads,gif,2026-01-20T14:29:46+0000,1768919386,52297
2026-07-20,01gaL9yoKUBxA6lLSx,I Love You Flowers GIF by OneFootball Heads,gif,2026-01-20T14:29:35+0000,1768919375,97964
2026-07-20,MODuEqgpv6IROKtJrO,Roblox GIF by OneFootball Heads,gif,2026-01-20T14:29:20+0000,1768919360,180929
2026-07-20,2Tmk43f9xbaX1HX5XW,Celebrate World Cup GIF by OneFootball Heads,gif,2026-01-20T05:12:20+0000,1768885940,503515
2026-07-20,VZ9JDjblGrqOCxqVFT,Celebrate World Cup GIF by OneFootball Heads,gif,2026-01-20T05:12:15+0000,1768885935,3091830
2026-07-20,bKDPhQuR4aMtOTfzSz,Celebrate World Cup GIF by OneFootball Heads,gif,2026-01-20T05:12:09+0000,1768885929,393671
2026-07-20,ZfzDxoltZ5FyWrmTJl,Celebrate World Cup GIF by OneFootball Heads,gif,2026-01-20T05:12:03+0000,1768885923,1114276
2026-07-20,0QcUioJ7k6T2xRT6dI,Celebrate World Cup GIF by OneFootball Heads,gif,2026-01-20T05:11:56+0000,1768885916,230812
2026-07-20,MmwWuKZzjxYw05RF8z,Celebrate World Cup GIF by OneFootball Heads,gif,2026-01-20T05:11:48+0000,1768885908,1372168
2026-07-20,4yGaQKJE08kHXPuyMn,Celebrate World Cup GIF by OneFootball Heads,gif,2026-01-20T05:11:41+0000,1768885901,920810
2026-07-20,IvJvPYEXDOoV3ju64N,Celebrate World Cup GIF by OneFootball Heads,gif,2026-01-20T05:11:34+0000,1768885894,1254204
2026-07-20,mLYuk0RvMxWAISGnCA,Celebrate World Cup GIF by OneFootball Heads,gif,2026-01-20T05:11:22+0000,1768885882,60910
2026-07-20,mwnu1QWfjuMZbKdgcp,Celebrate World Cup GIF by OneFootball Heads,gif,2026-01-20T05:11:12+0000,1768885872,1000824
2026-07-20,5IYv7MHczMNdqnxWa1,Celebrate World Cup GIF by OneFootball Heads,gif,2026-01-20T05:11:06+0000,1768885866,829859
2026-07-20,3DDxEpa9LhhPXbXpoY,Celebrate World Cup GIF by OneFootball Heads,gif,2026-01-20T05:10:59+0000,1768885859,95476
2026-07-20,QJ4gYE5K7A8FPhPHuX,Celebrate World Cup GIF by OneFootball Heads,gif,2026-01-20T05:10:52+0000,1768885852,279227
2026-07-20,SAyhOhXMo16hk1ceaB,Celebrate World Cup GIF by OneFootball Heads,gif,2026-01-20T05:10:45+0000,1768885845,123625
2026-07-20,3CjwLHLooBGmDorkzF,Celebrate World Cup GIF by OneFootball Heads,gif,2026-01-20T05:10:39+0000,1768885839,560515
2026-07-20,54Lr6tnL43zux7QcZh,Celebrate World Cup GIF by OneFootball Heads,gif,2026-01-20T05:10:30+0000,1768885830,216145
2026-07-20,XjiCTell4KeSfAqaQZ,Celebrate World Cup GIF by OneFootball Heads,gif,2026-01-20T05:10:20+0000,1768885820,79877
2026-07-20,7rJDG9tWHp7KA9rDDq,Celebrate World Cup GIF by OneFootball Heads,gif,2026-01-20T05:10:15+0000,1768885815,38075
2026-07-20,ZIv6jXtuNWmqe8i4d8,Celebrate World Cup GIF by OneFootball Heads,gif,2026-01-20T05:09:53+0000,1768885793,25696
2026-07-20,Px3XFOmPDLjRvP9YeG,Celebrate World Cup GIF by OneFootball Heads,gif,2026-01-20T05:09:34+0000,1768885774,316301
2026-07-20,ej3ZCWbOwLxwRNC2Kg,Celebrate World Cup GIF by OneFootball Heads,gif,2026-01-20T05:09:28+0000,1768885768,156056
2026-07-20,PictPG2QUCZqYQ7QJm,Celebrate World Cup GIF by OneFootball Heads,gif,2026-01-20T05:09:19+0000,1768885759,94163
2026-07-20,r1CQkqGt4aI7wr1Ohw,Celebrate World Cup GIF by OneFootball Heads,gif,2026-01-20T05:09:10+0000,1768885750,182979
2026-07-20,zuMnz0s1el2MO30gjg,Celebrate World Cup GIF by OneFootball Heads,gif,2026-01-20T05:09:02+0000,1768885742,743987
2026-07-20,0rAnJ9bILAp2bIGcpT,Celebrate World Cup GIF by OneFootball Heads,gif,2026-01-20T05:08:55+0000,1768885735,44382
2026-07-20,R4K3oSgQ7goRV5dQW2,Celebrate World Cup GIF by OneFootball Heads,gif,2026-01-20T05:08:49+0000,1768885729,62126
2026-07-20,CQF6AFxLK2g5y2B2NN,Celebrate World Cup GIF by OneFootball Heads,gif,2026-01-20T05:08:43+0000,1768885723,1403878
2026-07-20,WoJ1KruDxKQ1TdT7LG,Celebrate World Cup GIF by OneFootball Heads,gif,2026-01-20T05:08:34+0000,1768885714,498060
2026-07-20,5NxsFyN2WM2HjI1BpK,Celebrate World Cup GIF by OneFootball Heads,gif,2026-01-20T05:08:25+0000,1768885705,167315
2026-07-20,qpJtW9XMVylfz7N32c,Celebrate World Cup GIF by OneFootball Heads,gif,2026-01-20T05:08:16+0000,1768885696,503607
2026-07-20,clODkNL8QqeiiLV871,Celebrate World Cup GIF by OneFootball Heads,gif,2026-01-20T05:08:08+0000,1768885688,306697
2026-07-20,ba5JMnrKk4o9z7yiP0,Celebrate World Cup GIF by OneFootball Heads,gif,2026-01-20T05:08:01+0000,1768885681,2302919
2026-07-20,Brkoiafxyzb94gXrMa,Celebrate World Cup GIF by OneFootball Heads,gif,2026-01-20T05:07:57+0000,1768885677,562386
2026-07-20,3lTznm8qcjuD0dOyof,Celebrate World Cup GIF by OneFootball Heads,gif,2026-01-20T05:07:52+0000,1768885672,2087160
2026-07-20,VSmo1UmSEnNBOkzzKN,Celebrate World Cup GIF by OneFootball Heads,gif,2026-01-20T05:07:46+0000,1768885666,494193
2026-07-20,4zCNON1K71s6JXOFd5,Celebrate World Cup GIF by OneFootball Heads,gif,2026-01-20T05:07:38+0000,1768885658,909591
2026-07-20,VTG38I0RqkksEgqTdJ,Celebrate World Cup GIF by OneFootball Heads,gif,2026-01-20T05:07:31+0000,1768885651,62857
2026-07-20,qhb6MgP55rZQIiJPFf,Celebrate World Cup GIF by OneFootball Heads,gif,2026-01-20T05:07:24+0000,1768885644,294671
2026-07-20,MU4wAQ5AZqlBJTyGFw,Celebrate World Cup GIF by OneFootball Heads,gif,2026-01-20T05:07:16+0000,1768885636,58809
2026-07-20,ykoTW1SqAFoUKMXfwl,Celebrate World Cup GIF by OneFootball Heads,gif,2026-01-20T05:07:09+0000,1768885629,1368964
2026-07-20,Xl33ygtw7ZElNbVTch,Celebrate World Cup GIF by OneFootball Heads,gif,2026-01-20T05:07:02+0000,1768885622,141892
2026-07-20,s6eCu3KXqkq8sKt2pD,World Cup Win GIF by OneFootball Heads,gif,2026-01-20T05:06:54+0000,1768885614,5572635
2026-07-20,m6Ldp765JS1TOc1epw,Celebrate World Cup GIF by OneFootball Heads,gif,2026-01-20T05:06:48+0000,1768885608,69000
2026-07-20,H5b7aOpD0MCxbT3jFO,Celebrate World Cup GIF by OneFootball Heads,gif,2026-01-20T05:06:42+0000,1768885602,273975
2026-07-20,HU5ZX6NCZHrKdAkGtf,Celebrate World Cup GIF by OneFootball Heads,gif,2026-01-20T05:06:35+0000,1768885595,393781
2026-07-20,BxCTf1cNDlhFUdurmO,Celebrate World Cup GIF by OneFootball Heads,gif,2026-01-20T05:06:27+0000,1768885587,483208
2026-07-20,i09kDxdM8snHxPKl1i,Celebrate World Cup GIF by OneFootball Heads,gif,2026-01-20T05:06:21+0000,1768885581,320326
2026-07-20,GAczcLkdTCTPS01kQy,Celebrate World Cup GIF by OneFootball Heads,gif,2026-01-20T05:06:16+0000,1768885576,421610
2026-07-20,N6xT6C3SVJJSwH8Mgl,Celebrate World Cup GIF by OneFootball Heads,gif,2026-01-20T05:06:08+0000,1768885568,46970
2026-07-20,WmTuF4gz4C3ZfoHQGw,Celebrate World Cup GIF by OneFootball Heads,gif,2026-01-20T05:06:00+0000,1768885560,216870
2026-07-20,gfv9pQSjyN83iR0zM0,Celebrate World Cup GIF by OneFootball Heads,gif,2026-01-20T05:05:47+0000,1768885547,1833667
2026-07-20,H1SV8pkPwh24wqRfyd,Celebrate World Cup GIF by OneFootball Heads,gif,2026-01-20T05:05:41+0000,1768885541,1621696
2026-07-20,XYGeNuYFTJxYanc1ij,Celebrate World Cup GIF by OneFootball Heads,gif,2026-01-20T05:05:22+0000,1768885522,1002177
2026-07-20,bktvFDtSnncI1w598s,Celebrate World Cup GIF by OneFootball Heads,gif,2026-01-20T05:05:14+0000,1768885514,305524
2026-07-20,Tp7JErC4Ak5ZrF8ciK,Celebrate World Cup GIF by OneFootball Heads,gif,2026-01-20T05:05:08+0000,1768885508,3688686
2026-07-20,ZqZUWuxULL0IZ3XdCW,Celebrate World Cup GIF by OneFootball Heads,gif,2026-01-20T05:05:02+0000,1768885502,412958
2026-07-20,XbEj9EvaOwUas4Zfkd,Celebrate World Cup GIF by OneFootball Heads,gif,2026-01-20T05:04:55+0000,1768885495,492729
2026-07-20,n4eta4zIkCRr6xbK2f,Celebrate Germany GIF by OneFootball Heads,gif,2026-01-20T05:04:48+0000,1768885488,659729
2026-07-20,uXV0BqmxAJt7VKNgZh,Celebrate Germany GIF by OneFootball Heads,gif,2026-01-20T05:04:40+0000,1768885480,404823
2026-07-20,zdfDUrgmjZWA1HNsfu,Celebrate France GIF by OneFootball Heads,gif,2026-01-20T05:04:27+0000,1768885467,87989
2026-07-20,jRRG7jt2Js6MacrDGd,Celebrate France GIF by OneFootball Heads,gif,2026-01-20T05:04:19+0000,1768885459,74927
2026-07-20,9dJzU7bFwJBIWjvWO0,Celebrate World Cup GIF by OneFootball Heads,gif,2026-01-20T05:04:12+0000,1768885452,886540
2026-07-20,qeTcrWW3wozMaIX6Af,Celebrate World Cup GIF by OneFootball Heads,gif,2026-01-20T05:04:05+0000,1768885445,126095
2026-07-20,1MTfxcyrTyUFK9Zp3S,Celebrate World Cup GIF by OneFootball Heads,gif,2026-01-20T05:03:57+0000,1768885437,10958353
2026-07-20,w0t4WTCyVJfbNIAwdR,Celebrate World Cup GIF by OneFootball Heads,gif,2026-01-20T05:03:50+0000,1768885430,745621
2026-07-20,V7KYS0VPWVdhPFUj9Z,Celebrate World Cup GIF by OneFootball Heads,gif,2026-01-20T05:03:43+0000,1768885423,419619
2026-07-20,prWnSRzSzVrBZLv41A,Celebrate World Cup GIF by OneFootball Heads,gif,2026-01-20T05:03:31+0000,1768885411,239514
2026-07-20,7UCWuilJRYlAu15j7U,Celebrate World Cup GIF by OneFootball Heads,gif,2026-01-20T05:03:24+0000,1768885404,3679307
2026-07-20,pTNVcut8Um4qfqAn0v,Celebrate World Cup GIF by OneFootball Heads,gif,2026-01-20T05:03:16+0000,1768885396,840157
2026-07-20,IXMc63EIZGgNlNQNZD,Celebrate World Cup GIF by OneFootball Heads,gif,2026-01-20T05:03:10+0000,1768885390,82121
2026-07-20,QBgFxeacBb59LMX5su,Celebrate World Cup GIF by OneFootball Heads,gif,2026-01-20T05:03:03+0000,1768885383,566188
2026-07-20,wDcx1Rm1hXxGKefyTR,Celebrate World Cup GIF by OneFootball Heads,gif,2026-01-20T05:02:55+0000,1768885375,327836
2026-07-20,X4AaDMS42L6wqp9I4S,Celebrate World Cup GIF by OneFootball Heads,gif,2026-01-20T05:02:48+0000,1768885368,21259
2026-07-20,ZUwEmP2EchPgZetmps,Celebrate World Cup GIF by OneFootball Heads,gif,2026-01-20T05:02:40+0000,1768885360,585866
2026-07-20,PlShyiN5tlquexvBB2,Celebrate World Cup GIF by OneFootball Heads,gif,2026-01-20T05:02:34+0000,1768885354,53393
2026-07-20,S0GO7wvqciKU6znbFW,Celebrate World Cup GIF by OneFootball Heads,gif,2026-01-20T05:02:26+0000,1768885346,25440339
2026-07-20,Zil84rm4wvlWsJqo9C,Celebrate World Cup GIF by OneFootball Heads,gif,2026-01-20T05:02:18+0000,1768885338,9572591
2026-07-20,l23aOmdgpH4PVpPOOF,Celebrate World Cup GIF by OneFootball Heads,gif,2026-01-20T05:02:11+0000,1768885331,293406
2026-07-20,zAo4CHpNAaNDg27lmG,Celebrate World Cup GIF by OneFootball Heads,gif,2026-01-20T05:02:03+0000,1768885323,225432
2026-07-20,wMeQ3go50ahhciuZwK,Celebrate World Cup GIF by OneFootball Heads,gif,2026-01-20T05:01:55+0000,1768885315,138683
2026-07-20,3Ej0FdtgfzHznxfoaW,Celebrate World Cup GIF by OneFootball Heads,gif,2026-01-20T05:01:48+0000,1768885308,108319
2026-07-20,QU3jtBvOsGT110czty,Celebrate World Cup GIF by OneFootball Heads,gif,2026-01-20T05:01:42+0000,1768885302,45796
2026-07-20,kIF7T5i5o9pEglhEHa,Celebrate World Cup GIF by OneFootball Heads,gif,2026-01-20T05:01:37+0000,1768885297,31610
2026-07-20,Y88yhiJDH6tRpPaQ9Y,Celebrate World Cup GIF by OneFootball Heads,gif,2026-01-20T05:01:32+0000,1768885292,24139
2026-07-20,x7ukpMi4J3VotdbBxy,Celebrate World Cup GIF by OneFootball Heads,gif,2026-01-20T05:01:24+0000,1768885284,63462
2026-07-20,soFxWwpvpFThVlZGd4,Celebrate World Cup GIF by OneFootball Heads,gif,2026-01-20T05:01:15+0000,1768885275,327763
2026-07-20,6SPE2NmJboU2RJtzU7,Celebrate World Cup GIF by OneFootball Heads,gif,2026-01-20T05:01:06+0000,1768885266,238205
2026-07-20,g2KaTr5PnaMjjBUagH,Celebrate World Cup GIF by OneFootball Heads,gif,2026-01-20T05:00:58+0000,1768885258,824575
2026-07-20,oowpSQYkmY8zkkApHu,Celebrate World Cup GIF by OneFootball Heads,gif,2026-01-20T05:00:50+0000,1768885250,712735
2026-07-20,vnuMwvlswGMW38poq2,Celebrate World Cup GIF by OneFootball Heads,gif,2026-01-20T05:00:42+0000,1768885242,42543
2026-07-20,W4ZiN0w5JKJF4oK36b,Celebrate World Cup GIF by OneFootball Heads,gif,2026-01-20T05:00:35+0000,1768885235,433474
2026-07-20,cj0jRYyipLPlzwLs0i,Celebrate World Cup GIF by OneFootball Heads,gif,2026-01-20T05:00:24+0000,1768885224,611485
2026-07-20,JcOB2VB2OeXB5ExpHH,Gerald Calm Down GIF by OneFootball Heads,gif,2025-10-31T03:54:48+0000,1761882888,43159
2026-07-20,zbcPsquuTZdA0tMKBx,Celebration Brazil GIF by OneFootball Heads,gif,2025-10-25T01:56:58+0000,1761357418,1078746
2026-07-20,kkOOWhftIUKH1gRFI3,Hype Celebrate GIF by OneFootball Heads,gif,2025-10-23T09:22:13+0000,1761211333,65675
2026-07-20,Smkq4gh20rTCo9XA5K,Football Celebration Superfans GIF by OneFootball Heads,gif,2025-10-23T09:22:01+0000,1761211321,59043
2026-07-20,TnYyD0Y5gHcxxIs60O,Notes Notebook GIF by OneFootball Heads,gif,2025-10-23T09:21:45+0000,1761211305,105882
2026-07-20,cPeIETb5b6zKnkngts,Serious Red Card GIF by OneFootball Heads,gif,2025-10-19T17:12:31+0000,1760893951,389413
2026-07-20,JGbVQO4No1vjY8SRwp,Soccer Warning GIF by OneFootball Heads,gif,2025-10-19T17:12:25+0000,1760893945,128484
2026-07-20,9sKA3ibq7zX02Os7y4,Happy Celebration GIF by OneFootball Heads,gif,2025-10-19T17:12:20+0000,1760893940,322816
2026-07-20,VWeSrHKWQs9WHgEkvh,Well Done Yes GIF by OneFootball Heads,gif,2025-10-19T17:12:07+0000,1760893927,79670
2026-07-20,QMj3VgVVShzZkjSxTd,Jack O Lantern Fun GIF by OneFootball Heads,gif,2025-10-19T17:11:58+0000,1760893918,76017
2026-07-20,BCu7HM8TzjOxYRWxCB,Pumpkin Spice Smile GIF by OneFootball Heads,gif,2025-10-19T17:11:50+0000,1760893910,35167
2026-07-20,SglBDgyXDRttbNrLM2,Soccer Warning GIF by OneFootball Heads,gif,2025-10-19T17:11:43+0000,1760893903,74610
2026-07-20,Atd0AOMP5wrkqhYQpM,Serious Red Card GIF by OneFootball Heads,gif,2025-10-19T17:11:38+0000,1760893898,1592592
2026-07-20,tMZ7ky54PGeypqgalT,Surprise Represent GIF by OneFootball Heads,gif,2025-10-19T17:11:33+0000,1760893893,78547
2026-07-20,4yd3gQjXGb9aFks0bS,Serious Red Card GIF by OneFootball Heads,gif,2025-10-19T17:11:24+0000,1760893884,2012523
2026-07-20,YfVEEx3kXDGBe8YKi8,Podcast Tune In GIF by OneFootball Heads,gif,2025-10-19T17:11:19+0000,1760893879,182287
2026-07-20,fJ9p947OpjYoUJv4pq,Pumpkin Spice Halloween GIF by OneFootball Heads,gif,2025-10-19T17:11:13+0000,1760893873,66786
2026-07-20,TFVI6cSKjVwPaqZVKR,Football Fan Celebration GIF by OneFootball Heads,gif,2025-10-19T17:11:06+0000,1760893866,55703
2026-07-20,Zfddxu8Y4dgWz6ABMI,Well Done Thumbs Up GIF by OneFootball Heads,gif,2025-10-19T17:10:56+0000,1760893856,143336
2026-07-20,n20QOGJq9Smmy5c5Yx,Happy Love It GIF by OneFootball Heads,gif,2025-10-19T17:10:49+0000,1760893849,3846330
2026-07-20,67KY9IKgii3mZDcGQS,Excited Lets Go GIF by OneFootball Heads,gif,2025-10-19T17:10:39+0000,1760893839,486231
2026-07-20,p5EoYWZd7rXnSrk3A4,Serious Stop GIF by OneFootball Heads,gif,2025-10-19T17:10:33+0000,1760893833,523706
2026-07-20,Wmu62LX7EfEYjeZFom,Join In Lets Go GIF by OneFootball Heads,gif,2025-10-19T17:10:27+0000,1760893827,1308578
2026-07-20,ZtAisAoRQRuf0wlOqe,Proud Celebration GIF by OneFootball Heads,gif,2025-10-19T17:10:20+0000,1760893820,582542
2026-07-20,tA9rysiKx5ifhNfO2T,Halloween Smile GIF by OneFootball Heads,gif,2025-10-19T17:10:06+0000,1760893806,84707
2026-07-20,unRjgoWoUAFhPVQLY9,Support Love GIF by OneFootball Heads,gif,2025-10-19T17:09:56+0000,1760893796,86895
2026-07-20,bbQA9p31wBCfGP7Lqq,Red Button No GIF by OneFootball Heads,gif,2025-10-19T17:09:44+0000,1760893784,1217986
2026-07-20,zFJd9Sp0856KS6dVtv,Start Yes GIF by OneFootball Heads,gif,2025-10-19T17:09:36+0000,1760893776,3145328
2026-07-20,vFAra3l66GR59S9K40,Proud Number One GIF by OneFootball Heads,gif,2025-10-19T17:09:31+0000,1760893771,4694253
2026-07-20,StRtbzWfsgs33wpW3M,Excited Team Spirit GIF by OneFootball Heads,gif,2025-10-19T17:09:19+0000,1760893759,48706
2026-07-20,QyRWxP3YleogvGmo01,Jack O Lantern Smile GIF by OneFootball Heads,gif,2025-10-19T17:09:12+0000,1760893752,74221
2026-07-20,9HtqtBJIrXjEyDlqtp,Scoring Football Game GIF by OneFootball Heads,gif,2025-09-11T07:36:44+0000,1757576204,368188
2026-07-20,01KHA2KdMQLQi136pi,Save Big Game GIF by OneFootball Heads,gif,2025-09-11T07:36:40+0000,1757576200,3012114
2026-07-20,GJEvTVbP5UFX1rqFKc,Frustrated Video Games GIF by OneFootball Heads,gif,2025-09-11T07:36:35+0000,1757576195,214476
2026-07-20,N4HpPRFRixdNxu1Fg8,Celebration Hype GIF by OneFootball Heads,gif,2025-09-11T07:36:29+0000,1757576189,181054
2026-07-20,6jMy4ML3746kQCwDNl,Tired Sleep Well GIF by OneFootball Heads,gif,2025-09-11T07:36:23+0000,1757576183,123154
2026-07-20,V5xSpg6PoKMeC6mvhG,Stay Cool Chill GIF by OneFootball Heads,gif,2025-09-11T07:36:13+0000,1757576173,190743
2026-07-20,BjiE1R8mHXxYRRhY0m,Work From Home Swag GIF by OneFootball Heads,gif,2025-09-11T07:36:02+0000,1757576162,93048
2026-07-20,sKf6fbM0Fhn4keHMYX,Big Game Outta This World GIF by OneFootball Heads,gif,2025-09-11T07:35:57+0000,1757576157,140232
2026-07-20,PAHScnX9IEczmvTWFx,Locked In Running GIF by OneFootball Heads,gif,2025-09-11T07:35:53+0000,1757576153,89944
2026-07-20,ydtlZT2ZGwRKUS7k90,Bored Fed Up GIF by OneFootball Heads,gif,2025-09-11T07:35:44+0000,1757576144,240043
2026-07-20,nqEtJ6z9u3zHbdmFq9,Tired Barbecue GIF by OneFootball Heads,gif,2025-09-11T07:35:39+0000,1757576139,109592
2026-07-20,LUgxmNMnZ1OaYHqZGW,Tired Game Over GIF by OneFootball Heads,gif,2025-09-11T07:35:35+0000,1757576135,164031
2026-07-20,zbFMPSL8EgDfqeBgWZ,Save Football Game GIF by OneFootball Heads,gif,2025-09-11T07:35:31+0000,1757576131,1246852
2026-07-20,8rDd90ItBDko5IMjqu,Celebrating Game Time GIF by OneFootball Heads,gif,2025-09-11T07:35:26+0000,1757576126,88612
2026-07-20,CPApJWHvsT3o5VuKVK,Football Fan Bubbles GIF by OneFootball Heads,gif,2025-09-11T07:35:22+0000,1757576122,128765
2026-07-20,7t1kN8b7GyZljUC36u,Football Fan Wow GIF by OneFootball Heads,gif,2025-09-11T07:35:16+0000,1757576116,50285
2026-07-20,1XZi1EWSQLY3rMU5hb,Around The World Football Culture GIF by OneFootball Heads,gif,2025-09-11T07:35:09+0000,1757576109,67487
2026-07-20,MrHh6mgOcdoAAO4tz0,Football Player Running GIF by OneFootball Heads,gif,2025-09-11T07:35:01+0000,1757576101,45053
2026-07-20,xal2XkbIQo668lc27M,Goalkeeper Save GIF by OneFootball Heads,gif,2025-09-11T07:34:57+0000,1757576097,103715
2026-07-20,ew2RAEkOVb0O643Wtj,Good Vibes Dancing GIF by OneFootball Heads,gif,2025-09-11T07:34:53+0000,1757576093,97939
2026-07-20,9h1jNCrbYXENVlj1FP,Happy Game Day GIF by OneFootball Heads,gif,2025-09-11T07:34:45+0000,1757576085,73104
2026-07-20,mp178ZHLC4sHfOgO12,Excited Good Vibes GIF by OneFootball Heads,gif,2025-09-11T07:34:34+0000,1757576074,39654
2026-07-20,KyJWoY8DDDBnJMn5fY,Frustrated Video Game GIF by OneFootball Heads,gif,2025-09-11T07:34:22+0000,1757576062,524379
2026-07-20,pUnbgneAsAFpw9wmzw,Game Time Goalkeeper GIF by OneFootball Heads,gif,2025-09-11T07:34:17+0000,1757576057,302818
2026-07-20,sGr4yrFK3BHDsEhSAM,Game Time Football GIF by OneFootball Heads,gif,2025-09-11T07:34:12+0000,1757576052,510916
2026-07-20,gGTnOmNz9RWBhLAOww,Hungry Bad Day GIF by OneFootball Heads,gif,2025-09-11T07:34:08+0000,1757576048,297955
2026-07-20,C2wLIBhg6rnF2Vk5p3,Bored Fed Up GIF by OneFootball Heads,gif,2025-09-11T07:34:03+0000,1757576043,532929
2026-07-20,cwXLRZXXoL0np7eb72,Bubbles Childhood GIF by OneFootball Heads,gif,2025-09-11T07:33:58+0000,1757576038,259108
2026-07-20,ByodclSkYIdxh8KmGl,Work From Home Hello GIF by OneFootball Heads,gif,2025-09-11T07:33:51+0000,1757576031,147732
2026-07-20,hb9nhr6m3rjQeRs9jp,Tired Game Over GIF by OneFootball Heads,gif,2025-09-11T07:33:45+0000,1757576025,154643
2026-07-20,yVkY5XkSGEbmGkqKlt,Foodie Watermelon GIF by OneFootball Heads,gif,2025-09-11T07:33:40+0000,1757576020,424906
2026-07-20,4agkjC6mUqzk4Ij9jS,Shocked No Way GIF by OneFootball Heads,gif,2025-08-04T07:32:28+0000,1754292748,84791
2026-07-20,E7J4gMgNzH8P5fJIir,Excuse Me What GIF by OneFootball Heads,gif,2025-08-04T07:32:23+0000,1754292743,27151
2026-07-20,znORHj4fd8MAN7gbLr,Excuse Me What GIF by OneFootball Heads,gif,2025-08-04T07:32:18+0000,1754292738,26024
2026-07-20,fAP7QAJ1xFD6JTFM1e,Celebration Wow GIF by OneFootball Heads,gif,2025-08-04T07:32:11+0000,1754292731,74901
2026-07-20,oC6Cx1YXBtvdoYXmZr,Celebration Wow GIF by OneFootball Heads,gif,2025-08-04T07:32:06+0000,1754292726,224406
2026-07-20,P4mW1PplxZFjLv81SQ,Happy We Got This GIF by OneFootball Heads,gif,2025-08-04T07:31:58+0000,1754292718,119985
2026-07-20,6vaqqwTzS6SuR36oIW,Tidy Up GIF by OneFootball Heads,gif,2025-08-04T07:31:52+0000,1754292712,196864
2026-07-20,6YX6lFHrE3n78eBvRu,Tidy Up GIF by OneFootball Heads,gif,2025-08-04T07:31:46+0000,1754292706,832239
2026-07-20,JfqESuqy1kOf3HTr8Y,Frustration Swirling GIF by OneFootball Heads,gif,2025-08-04T07:31:39+0000,1754292699,50297
2026-07-20,2KDnf1jZTUJlrrasTZ,Fifa Swirling GIF by OneFootball Heads,gif,2025-08-04T07:31:34+0000,1754292694,106623
2026-07-20,Sfiri0PXigpGueBftO,Happy Pizza Time GIF by OneFootball Heads,gif,2025-08-04T07:31:29+0000,1754292689,16
2026-07-20,6Zo8j3dDBwQsYvhISc,Pizza Time Eating GIF by OneFootball Heads,gif,2025-08-04T07:31:24+0000,1754292684,56438
2026-07-20,9C0eEDiObWC3COXjXj,No Way What GIF by OneFootball Heads,gif,2025-08-04T07:31:18+0000,1754292678,23491
2026-07-20,BG3Zejm7Xdx6wWUf1s,Cant Believe It No Way GIF by OneFootball Heads,gif,2025-08-04T07:31:12+0000,1754292672,72044
2026-07-20,uejerzhWkT2nfV4ekh,Var Whistle GIF by OneFootball Heads,gif,2025-08-04T07:31:08+0000,1754292668,142252
2026-07-20,CLsZfPTw3az9SfokNz,Referee Var GIF by OneFootball Heads,gif,2025-08-04T07:31:02+0000,1754292662,485533
2026-07-20,98ehMD8kX9bLkq9Gcw,Angry Watch Out GIF by OneFootball Heads,gif,2025-08-04T07:30:56+0000,1754292656,131328
2026-07-20,sTKnZMlZKwYbtflXQq,Angry Watch Out GIF by OneFootball Heads,gif,2025-08-04T07:30:52+0000,1754292652,291992
2026-07-20,2XtaKuSyUmADvFNWeB,Lets Go Please GIF by OneFootball Heads,gif,2025-08-04T07:30:47+0000,1754292647,34006
2026-07-20,AJYr4bWzAFjdGH9q0o,Lets Go Please GIF by OneFootball Heads,gif,2025-08-04T07:30:41+0000,1754292641,174219
2026-07-20,ZUtSEAyBuCcewmA29F,Champions League Celebration GIF by OneFootball Heads,gif,2025-08-04T07:30:36+0000,1754292636,48760
2026-07-20,TWBEBifNIlRw3WZysb,Happy Champions League GIF by OneFootball Heads,gif,2025-08-04T07:30:29+0000,1754292629,534023
2026-07-20,sGkjKXy02jm6wjrij1,I Love You Kiss GIF by OneFootball Heads,gif,2025-08-03T14:21:20+0000,1754230880,271870
2026-07-20,m0RdfAX3ZVq56g6Ufb,I Love You Kiss GIF by OneFootball Heads,gif,2025-08-03T14:21:14+0000,1754230874,273333
2026-07-20,lHQGU1fP8dCpgZhRQ8,Sad Its Over GIF by OneFootball Heads,gif,2025-08-03T14:21:06+0000,1754230866,119695
2026-07-20,kvrucA56Ge96PitAIf,Sad Game Over GIF by OneFootball Heads,gif,2025-08-03T14:21:01+0000,1754230861,2062007
2026-07-20,N8j7uvd3K7ewojOxxY,Accuse He Did It GIF by OneFootball Heads,gif,2025-08-03T14:20:55+0000,1754230855,168272
2026-07-20,YFsvkuJTxLc0uuNrhO,Accuse He Did It GIF by OneFootball Heads,gif,2025-08-03T14:20:49+0000,1754230849,9806393
2026-07-20,B7HEiOs673jZ4sYq3q,Betting Game On GIF by OneFootball Heads,gif,2025-08-03T14:20:41+0000,0,0
2026-07-20,49lmGu0eQ7ISpToUTU,Betting All In GIF by OneFootball Heads,gif,2025-08-03T14:20:34+0000,1754230834,2
2026-07-20,QIpziLuXhTywLdbIkQ,Happy We Did It GIF by OneFootball Heads,gif,2025-08-03T14:20:25+0000,1754230825,76091
2026-07-20,TkAIyyDEx6r2Qrm007,Well Done Good Job GIF by OneFootball Heads,gif,2025-08-03T14:20:21+0000,1754230821,190315
2026-07-20,fkhqUwfGzSYOrSTJp9,Excited Lets Go GIF by OneFootball Heads,gif,2025-08-03T14:20:16+0000,1754230816,20510
2026-07-20,x6TIee2JM9pBwc4MBG,Excited Video Game GIF by OneFootball Heads,gif,2025-08-03T14:20:05+0000,1754230805,242307
2026-07-20,YoWUM76JMiAUKm9ggl,Good Vibes Thank You GIF by OneFootball Heads,gif,2025-08-03T14:19:59+0000,1754230799,58421
2026-07-20,6qI2NYWngdAxxVX1zJ,Good Vibes Thank You GIF by OneFootball Heads,gif,2025-08-03T14:19:54+0000,1754230794,58515
2026-07-20,uZ7GOHTYg3w6hAPN9v,Unity We Agree GIF by OneFootball Heads,gif,2025-08-03T14:19:49+0000,1754230789,310579
2026-07-20,5grsDwlqX4kfy71Rdj,Shake Hands Yes GIF by OneFootball Heads,gif,2025-08-03T14:19:43+0000,1754230783,180548
2026-07-20,3Vvcnjhme1hwqwMNke,Whats Going On Hello GIF by OneFootball Heads,gif,2025-07-01T18:21:14+0000,1751394074,299198
2026-07-20,ArFOjTGDqq45OKCAo4,Breathe Slow Down GIF by OneFootball Heads,gif,2025-07-01T18:21:10+0000,1751394070,95473
2026-07-20,ZlBrZ2naavOtI2qSAr,Happy Game Over GIF by OneFootball Heads,gif,2025-07-01T18:21:05+0000,1751394065,188739
2026-07-20,8WBfBgNcz3Ep1OvSUC,Happy Fan Reaction GIF by OneFootball Heads,gif,2025-07-01T18:20:59+0000,1751394059,139952
2026-07-20,AZgI9GQ4S4ul6qcA9u,Football Fan GIF by OneFootball Heads,gif,2025-07-01T18:20:54+0000,1751394054,1347941
2026-07-20,gSJLxCRJSAtTesQIH2,Game Over Football GIF by OneFootball Heads,gif,2025-07-01T18:20:49+0000,1751394049,355746
2026-07-20,3v4WsAL4dC4aMtTKdU,Soccer Wow GIF by OneFootball Heads,gif,2025-07-01T18:20:41+0000,1751394041,178007
2026-07-20,al9NLseK6dPr8Q0mZz,Bored Tv Sports GIF by OneFootball Heads,gif,2025-07-01T18:20:33+0000,1751394033,188431
2026-07-20,xNJVAiSsa1wtC14act,Angry Soccer GIF by OneFootball Heads,gif,2025-07-01T18:20:28+0000,1751394028,588545
2026-07-20,1Brq4LvOtRMIBJQi4U,Bored Game Time GIF by OneFootball Heads,gif,2025-07-01T18:20:22+0000,1751394022,112088
2026-07-20,Vtg7zkTTczN2bvodCG,Stay Hydrated Drink Water GIF by OneFootball Heads,gif,2025-07-01T18:20:17+0000,1751394017,250109
2026-07-20,z1dXRwDsqrjs5KDOML,Bored Old Man GIF by OneFootball Heads,gif,2025-07-01T18:20:11+0000,1751394011,6971490
2026-07-20,l8eIHDVeTwEm5VOjb1,Tv Time Yawn GIF by OneFootball Heads,gif,2025-07-01T18:20:06+0000,1751394006,2538206
2026-07-20,R60s9NrOwv5eTrRPzV,Game Day Chips GIF by OneFootball Heads,gif,2025-07-01T18:20:01+0000,1751394001,224531
2026-07-20,pQxOnCwLvTBG4uf3KD,Angry Over It GIF by OneFootball Heads,gif,2025-07-01T18:19:55+0000,1751393995,914862
2026-07-20,woNoaZZ9V12dyjYjJo,Game Over Football GIF by OneFootball Heads,gif,2025-07-01T18:19:48+0000,1751393988,299721
2026-07-20,X2tAL568gaKEgB9Anv,Football Popping In GIF by OneFootball Heads,gif,2025-07-01T18:19:43+0000,1751393983,116905
2026-07-20,VaHgVrzYDaGrz7JRiX,Sorry Leave Me Alone GIF by OneFootball Heads,gif,2025-07-01T18:19:38+0000,1751393978,271693
2026-07-20,tiqNAs5cs6O0h36elo,Game On Football GIF by OneFootball Heads,gif,2025-07-01T18:19:32+0000,1751393972,229864
2026-07-20,VErfqZkulaxhehX9uN,Lets Go Football GIF by OneFootball Heads,gif,2025-07-01T18:19:26+0000,1751393966,21621
2026-07-20,pPqefCee0DWoNtfPaN,Final Match Kiss GIF by OneFootball Heads,gif,2025-07-01T18:19:20+0000,1751393960,121618
2026-07-20,3oDwGbxOLEg8bEEJIQ,Football Omg GIF by OneFootball Heads,gif,2025-07-01T18:19:15+0000,1751393955,186526
2026-07-20,vXbH7KQWGqNe9heXju,Excited Soccer GIF by OneFootball Heads,gif,2025-07-01T18:19:09+0000,1751393949,58686
2026-07-20,P6CpYQD8EQVdHmbBB7,Game Night Football GIF by OneFootball Heads,gif,2025-07-01T18:18:49+0000,1751393929,108964
2026-07-20,z7kuboVsFhWrC6gJDp,Cool Off Break Time GIF by OneFootball Heads,gif,2025-07-01T18:18:42+0000,1751393922,876589
2026-07-20,FCtjJQzZME69CW6ttp,Football Soccer GIF by OneFootball Heads,gif,2025-07-01T18:18:37+0000,1751393917,268642
2026-07-20,VtZku1FNcJfdfJLPya,Lets Go Football GIF by OneFootball Heads,gif,2025-07-01T18:18:32+0000,1751393912,285865
2026-07-20,w4nv4DunM9a4tOEi3Y,Excited Game Time GIF by OneFootball Heads,gif,2025-07-01T18:18:27+0000,1751393907,125371
2026-07-20,a3sOeDI1ZuE2UEGEjr,Happy Football GIF by OneFootball Heads,gif,2025-07-01T18:18:18+0000,1751393898,48996
2026-07-20,KPVPfTOGhR4ZDXsBWA,Angry Football Fan GIF by OneFootball Heads,gif,2025-07-01T18:18:10+0000,1751393890,58800
2026-07-20,hwIq8i6Qi7UnUGbacf,Angry Game Time GIF by OneFootball Heads,gif,2025-07-01T18:18:01+0000,1751393881,21382
2026-07-20,NnvB50iO7TqUyBzFvl,Big Brain Funny Gif GIF by OneFootball Heads,gif,2025-06-26T12:13:26+0000,1750940006,1440296
2026-07-20,VeQ7R5eLzOiZwny95R,Preach For Real GIF by OneFootball Heads,gif,2025-06-26T12:13:18+0000,1750939998,11872920
2026-07-20,4XEUw17xG7OGK9nuJw,Happy Lets Go GIF by OneFootball Heads,gif,2025-06-26T12:13:13+0000,1750939993,2501427
2026-07-20,I70wiKkwEVZWC2HFAO,Happy Birthday GIF by OneFootball Heads,gif,2025-06-20T19:06:07+0000,1750446367,559260
2026-07-20,fOGrNl1SGyw9ZF5Qeh,Truth Agree GIF by OneFootball Heads,gif,2025-06-20T13:20:39+0000,1750425639,198114
2026-07-20,jzppiGwPog15PVElfH,Good Vibes Chill GIF by OneFootball Heads,gif,2025-06-20T13:20:30+0000,1750425630,90654
2026-07-20,oxj2Z1k2cHtR0oZkqj,Coffee Time Reaction Gif GIF by OneFootball Heads,gif,2025-06-20T13:20:24+0000,1750425624,209011
2026-07-20,TiuUji4KiJvFuzPFYg,Hungry Noodles GIF by OneFootball Heads,gif,2025-06-20T13:20:13+0000,1750425613,525097
2026-07-20,6A9hefwTjvCDMURljb,Game Show Reaction Gif GIF by OneFootball Heads,gif,2025-06-20T13:19:53+0000,1750425593,5418314
2026-07-20,toIRQFAFFCtAWwJveB,Whats Up Hello GIF by OneFootball Heads,gif,2025-06-18T09:53:48+0000,1750240428,309770
2026-07-20,dCqQrUmPgICwfSYzgi,Well Done Yes GIF by OneFootball Heads,gif,2025-06-18T09:53:22+0000,1750240402,47445
2026-07-20,hBt0VjWkZbFRBrBACu,Refreshing Water Bottle GIF by OneFootball Heads,gif,2025-06-18T09:52:56+0000,1750240376,3410512
2026-07-20,9HORd4teDGhOt46fEz,Youre Cute Love You GIF by OneFootball Heads,gif,2025-06-18T09:52:38+0000,1750240358,118987
2026-07-20,tgLpK2WbZhGe0D6UbT,Slow Motion Boom GIF by OneFootball Heads,gif,2025-06-18T09:52:08+0000,1750240328,392115
2026-07-20,y2QSRInUPq9f5evJVB,Stay Calm Market Crash GIF by OneFootball Heads,gif,2025-06-18T09:51:23+0000,1750240283,251464
2026-07-20,N2GUDdRZbdCdUzYkuw,Celebrate Lets Go GIF by OneFootball Heads,gif,2025-06-18T09:50:51+0000,1750240251,367846
2026-07-20,FzxAj0hfgyAdsW40AC,Lets Go Success GIF by OneFootball Heads,gif,2025-06-18T09:50:27+0000,1750240227,36789
2026-07-20,WT9XlpCYQY7PtmCLT4,OneFootball Heads GIF,gif,2025-06-16T07:55:46+0000,1750060546,687932
2026-07-20,FS1BfSHSEcBM7oXgnd,OneFootball Heads GIF,gif,2025-06-13T19:24:38+0000,1749842678,106538
2026-07-20,vaKM2dq2diEh9vUBQP,OneFootball Heads GIF,gif,2025-06-13T19:24:32+0000,1749842672,191581
2026-07-20,gUn5uaz4fhAKi45l4u,OneFootball Heads GIF,gif,2025-06-13T19:24:26+0000,1749842666,256006
2026-07-20,RcKxMa4JVupSJSMnhX,OneFootball Heads GIF,gif,2025-06-13T19:24:21+0000,1749842661,264120
2026-07-27,BYbzy4UJj3jZGQzObN,Captain America Football Sticker by OneFootball Heads,sticker,2026-07-22T14:55:28+0000,1784732128,601
2026-07-27,1CtnvXO5JJQFN6DhpR,Captain America Football Sticker by OneFootball Heads,sticker,2026-07-22T14:55:15+0000,1784732115,981
2026-07-27,MoUvrMYhXbXOYMTXOs,Federico Valverde Football Sticker by OneFootball Heads,sticker,2026-07-22T14:55:00+0000,1784732100,892
2026-07-27,4mTE4i8Zui0pfyN6Tj,Federico Valverde Football Sticker by OneFootball Heads,sticker,2026-07-22T14:54:48+0000,1784732088,948
2026-07-27,DkMC0pbvPVy3KNCzzD,The Wizard Football Sticker by OneFootball Heads,sticker,2026-07-22T14:54:35+0000,1784732075,2028
2026-07-27,clne8r9DaMEPN77izy,The Wizard Football Sticker by OneFootball Heads,sticker,2026-07-22T14:54:24+0000,1784732064,2054
2026-07-27,swXwzpLVqMM4Eop4OM,Granit Xhaka Football Sticker by OneFootball Heads,sticker,2026-07-22T14:54:12+0000,1784732052,777
2026-07-27,d6UTJkeCNSuMgArYQg,Granit Xhaka Football Sticker by OneFootball Heads,sticker,2026-07-22T14:53:59+0000,1784732039,806
2026-07-27,74V7r5XLB5PcOoGMbA,El Nino Football Sticker by OneFootball Heads,sticker,2026-07-22T14:53:47+0000,1784732027,8564
2026-07-27,TDoPnJKJI06YrVOrtI,El Nino Football Sticker by OneFootball Heads,sticker,2026-07-22T14:53:33+0000,1784732013,8189
2026-07-27,nDcAtQrrztB6tjk8d1,Big Brain Football Sticker by OneFootball Heads,sticker,2026-07-22T14:53:20+0000,1784732000,3564
2026-07-27,rkT6Jth8qRgE1h2Fn2,Big Brain Football Sticker by OneFootball Heads,sticker,2026-07-22T14:53:09+0000,1784731989,4773
2026-07-27,BqKx9z6SmgH9xfzMoU,Football Spain Sticker by OneFootball Heads,sticker,2026-07-22T14:52:57+0000,1784731977,2979
2026-07-27,m7sXoT4sjUcHqlfqFS,Football Spain Sticker by OneFootball Heads,sticker,2026-07-22T14:52:44+0000,1784731964,3084
2026-07-27,4iwyORJpVG7GLfMZvu,South Korea Football Sticker by OneFootball Heads,sticker,2026-07-22T14:51:35+0000,1784731895,6842
2026-07-27,OwaFxnOAJSXQGMJYfE,South Korea Football Sticker by OneFootball Heads,sticker,2026-07-22T14:51:19+0000,1784731879,6921
2026-07-27,e0s868pPHJojxQ4Vgs,Football Mane Sticker by OneFootball Heads,sticker,2026-07-22T14:51:05+0000,1784731865,1496
2026-07-27,KtttnFu2Mr4fZKCeJe,Football Mane Sticker by OneFootball Heads,sticker,2026-07-22T14:50:50+0000,1784731850,3456
2026-07-27,5sWddKfNN6ISDvkDWK,Andy Robertson Football Sticker by OneFootball Heads,sticker,2026-07-22T14:50:33+0000,1784731833,1110
2026-07-27,FRKnlYZ5Sc1GyYRhym,Andy Robertson Football Sticker by OneFootball Heads,sticker,2026-07-22T14:50:17+0000,1784731817,1133
2026-07-27,Gizdqrs09PZXeoD16N,Football Happy Dance Sticker by OneFootball Heads,sticker,2026-07-22T14:49:42+0000,1784731782,350
2026-07-27,6cX7vet4YAxk5XCPgB,Football Happy Dance Sticker by OneFootball Heads,sticker,2026-07-22T14:49:24+0000,1784731764,555
2026-07-27,B1AR811Im6IVrbjfbH,Football Portugal Sticker by OneFootball Heads,sticker,2026-07-22T14:47:34+0000,1784731654,228
2026-07-27,nSbqs9LRfXGcnpxZSo,Football Portugal Sticker by OneFootball Heads,sticker,2026-07-22T14:47:17+0000,1784731637,252
2026-07-27,DtzZaTXJmluGoVaJzL,Cristiano Ronaldo Football Sticker by OneFootball Heads,sticker,2026-07-22T14:47:01+0000,1784731621,2627
2026-07-27,7js3sdMoAXf6iljz9J,Cristiano Ronaldo Football Sticker by OneFootball Heads,sticker,2026-07-22T14:46:48+0000,1784731608,3951
2026-07-27,fVPVSpEApPhaPTBlFK,Bruno Fernandes Shrug Sticker by OneFootball Heads,sticker,2026-07-22T14:46:35+0000,1784731595,1194
2026-07-27,1VoVsG6WlTCqUv2uSU,Bruno Fernandes Shrug Sticker by OneFootball Heads,sticker,2026-07-22T14:46:24+0000,1784731584,1204
2026-07-27,C4yn5gQdilKTzToTFh,Football Vamos Sticker by OneFootball Heads,sticker,2026-07-22T14:46:01+0000,1784731561,102
2026-07-27,q28otU4WUdpleg49zb,Football Vamos Sticker by OneFootball Heads,sticker,2026-07-22T14:45:49+0000,1784731549,110
2026-07-27,JJeQWqCysrgl8pxNh0,Football Norway Sticker by OneFootball Heads,sticker,2026-07-22T14:45:36+0000,1784731536,1732
2026-07-27,weu7IIXaeX1xtKGHgz,Football Norway Sticker by OneFootball Heads,sticker,2026-07-22T14:45:22+0000,1784731522,730
2026-07-27,SMwNw54F5yZtqyTXNY,Football Norway Sticker by OneFootball Heads,sticker,2026-07-22T14:45:11+0000,1784731511,3102
2026-07-27,zwhh70RrzFm6xIkbty,Football Norway Sticker by OneFootball Heads,sticker,2026-07-22T14:44:57+0000,1784731497,1420
2026-07-27,V6nWD8hjJ0NqRkwKwf,The Wall Football Sticker by OneFootball Heads,sticker,2026-07-22T14:44:44+0000,1784731484,1577
2026-07-27,RWX2nTNdXEnrfWiZa4,The Wall Football Sticker by OneFootball Heads,sticker,2026-07-22T14:44:32+0000,1784731472,1660
2026-07-27,fT2ecOvmXPJxFkTbWJ,Too Fast Football Sticker by OneFootball Heads,sticker,2026-07-22T14:44:18+0000,1784731458,1839
2026-07-27,GQnycCHR2tSSMXS9oh,Too Fast Football Sticker by OneFootball Heads,sticker,2026-07-22T14:44:06+0000,1784731446,2005
2026-07-27,mHwma9gZf9Anp5nnVR,Raul Jimenez Football Sticker by OneFootball Heads,sticker,2026-07-22T14:43:53+0000,1784731433,773
2026-07-27,3QOaNhNb8TA085CDrI,Raul Jimenez Football Sticker by OneFootball Heads,sticker,2026-07-22T14:43:40+0000,1784731420,3166
2026-07-27,0kjZf6pew3SqzrzHH7,Too Strong Football Sticker by OneFootball Heads,sticker,2026-07-22T14:39:46+0000,1784731186,2334
2026-07-27,WEC8B0JL2IifWaSoOn,Too Strong Football Sticker by OneFootball Heads,sticker,2026-07-22T14:39:31+0000,1784731171,2057
2026-07-27,ATiZp8tOfAvn28QQ1m,Germany Football Sticker by OneFootball Heads,sticker,2026-07-22T14:39:14+0000,1784731154,1084
2026-07-27,AOXdCCwtj3Jeic1FY0,Germany Football Sticker by OneFootball Heads,sticker,2026-07-22T14:39:04+0000,1784731144,1219
2026-07-27,fBTGAfGgiMyHUuJSIh,Germany Football Sticker by OneFootball Heads,sticker,2026-07-22T14:37:51+0000,1784731071,7553
2026-07-27,XVluxxVNlvj7mOkHVD,Germany Football Sticker by OneFootball Heads,sticker,2026-07-22T14:37:39+0000,1784731059,6064
2026-07-27,23kKeMgwQdsTaTefn7,Germany Football Sticker by OneFootball Heads,sticker,2026-07-22T14:37:25+0000,1784731045,1609
2026-07-27,RE60di0oRWMdq7SDoQ,Germany Football Sticker by OneFootball Heads,sticker,2026-07-22T14:37:14+0000,1784731034,2149
2026-07-27,QED7OaVB6S127veeBk,Germany Football Sticker by OneFootball Heads,sticker,2026-07-22T14:37:01+0000,1784731021,2363
2026-07-27,vhCeQWMJEmFvfjONgE,Germany Football Sticker by OneFootball Heads,sticker,2026-07-22T14:36:49+0000,1784731009,2697
2026-07-27,DYwNxxZXbBlCDPb8Ef,Germany Football Sticker by OneFootball Heads,sticker,2026-07-22T14:36:36+0000,1784730996,484
2026-07-27,0S2uKh8lb7S9fwEimR,Germany Football Sticker by OneFootball Heads,sticker,2026-07-22T14:36:24+0000,1784730984,554
2026-07-27,oEgmDtYesxKZLeYfbk,France Football Sticker by OneFootball Heads,sticker,2026-07-22T14:36:12+0000,1784730972,1318
2026-07-27,Pg9FLF1hIKRfew3hKh,France Football Sticker by OneFootball Heads,sticker,2026-07-22T14:35:58+0000,1784730958,1283
2026-07-27,3SkP2Mn8rWCPR7qYs8,France Football Sticker by OneFootball Heads,sticker,2026-07-22T14:35:47+0000,1784730947,2402
2026-07-27,HM50iKLhED7tYTgtrk,France Football Sticker by OneFootball Heads,sticker,2026-07-22T14:35:34+0000,1784730934,2602
2026-07-27,5dhF60l8tjO4UUuTTz,France Football Sticker by OneFootball Heads,sticker,2026-07-22T14:35:22+0000,1784730922,924
2026-07-27,PmswRSnBQr0RWZ4Bf4,France Football Sticker by OneFootball Heads,sticker,2026-07-22T14:35:11+0000,1784730911,1679
2026-07-27,12h0oJrF1Dl0MHExt2,France Football Sticker by OneFootball Heads,sticker,2026-07-22T14:35:00+0000,1784730900,5259
2026-07-27,bNXwltxLdCxIBUW0oA,France Football Sticker by OneFootball Heads,sticker,2026-07-22T14:34:45+0000,1784730885,5229
2026-07-27,t8SxzpqSbWCkZscsKZ,France Football Sticker by OneFootball Heads,sticker,2026-07-22T14:34:30+0000,1784730870,4021
2026-07-27,bRI1sNgKvZoO69xpZt,France Football Sticker by OneFootball Heads,sticker,2026-07-22T14:34:19+0000,1784730859,4130
2026-07-27,5QdOBPO3tLl2QnMEml,Come On Football Sticker by OneFootball Heads,sticker,2026-07-22T14:34:01+0000,1784730841,1450
2026-07-27,CPfrrA6I7wi4q0blhk,Come On Football Sticker by OneFootball Heads,sticker,2026-07-22T14:32:49+0000,1784730769,1454
2026-07-27,zvQsooz0XRnldcroLB,Football England Sticker by OneFootball Heads,sticker,2026-07-22T14:32:36+0000,1784730756,919
2026-07-27,y4clWEz09eNed1WsX8,Football England Sticker by OneFootball Heads,sticker,2026-07-22T14:32:23+0000,1784730743,1069
2026-07-27,x1wUUVLTWSgjb61Drl,Harry Kane Football Sticker by OneFootball Heads,sticker,2026-07-22T14:32:12+0000,1784730732,851
2026-07-27,TgzPQznnOCOG8NIE5T,Harry Kane Football Sticker by OneFootball Heads,sticker,2026-07-22T14:31:59+0000,1784730719,1070
2026-07-27,Dv4oKPwiykQqHhZr1W,Football England Sticker by OneFootball Heads,sticker,2026-07-22T14:31:46+0000,1784730706,2580
2026-07-27,IMNgh51iJQHDWSoMm2,Football England Sticker by OneFootball Heads,sticker,2026-07-22T14:31:31+0000,1784730691,2178
2026-07-27,ocQq23oTR3xieuMKVv,Football England Sticker by OneFootball Heads,sticker,2026-07-22T14:31:18+0000,1784730678,727
2026-07-27,1djpUfuj1q5zamopKb,Football England Sticker by OneFootball Heads,sticker,2026-07-22T14:31:06+0000,1784730666,360
2026-07-27,5BgFFHb09dESx7zqli,Football England Sticker by OneFootball Heads,sticker,2026-07-22T14:30:55+0000,1784730655,375
2026-07-27,2gXb2GoR2fu58PIHhV,Football England Sticker by OneFootball Heads,sticker,2026-07-22T14:30:39+0000,1784730639,810
2026-07-27,QBNF6zlAHH46DTIM8A,Football England Sticker by OneFootball Heads,sticker,2026-07-22T14:30:26+0000,1784730626,4359
2026-07-27,ETRiqfIqLgrKzy4eOO,Football England Sticker by OneFootball Heads,sticker,2026-07-22T14:30:12+0000,1784730612,208
2026-07-27,VV5t8tfDi28sKVeaOj,Football England Sticker by OneFootball Heads,sticker,2026-07-22T14:29:59+0000,1784730599,476
2026-07-27,WMsLuEcsJ8txlZ5Oh3,Football England Sticker by OneFootball Heads,sticker,2026-07-22T14:29:45+0000,1784730585,6897
2026-07-27,9joM0t278fxmxw63iM,Mohamed Salah Football Sticker by OneFootball Heads,sticker,2026-07-22T14:29:33+0000,1784730573,2672
2026-07-27,LLJZa29zWpqjzrVNHB,Mohamed Salah Football Sticker by OneFootball Heads,sticker,2026-07-22T14:29:20+0000,1784730560,2607
2026-07-27,6KAGK2RnpkpBJCM8pW,Luka Modric Football Sticker by OneFootball Heads,sticker,2026-07-22T14:29:07+0000,1784730547,1360
2026-07-27,JfYHNaMLT2Our6QZoh,Luka Modric Football Sticker by OneFootball Heads,sticker,2026-07-22T14:28:53+0000,1784730533,1027
2026-07-27,8hx8uoZR5mx3pAnEre,Luis Diaz Football Sticker by OneFootball Heads,sticker,2026-07-22T14:28:36+0000,1784730516,975
2026-07-27,uRu8dFMCWLKNRlMCmu,Luis Diaz Football Sticker by OneFootball Heads,sticker,2026-07-22T14:28:24+0000,1784730504,1046
2026-07-27,pIQoynVdXIZshkdd9a,Alphonso Davies Football Sticker by OneFootball Heads,sticker,2026-07-22T14:28:08+0000,1784730488,1344
2026-07-27,hJHziY8ehiG4m6HxSV,Alphonso Davies Football Sticker by OneFootball Heads,sticker,2026-07-22T14:27:56+0000,1784730476,1911
2026-07-27,yzc7OYyffaFr1W6Jml,Vinicius Junior Football Sticker by OneFootball Heads,sticker,2026-07-22T14:27:43+0000,1784730463,5412
2026-07-27,fuMmIN2aYzUIYpaWyv,Vinicius Junior Football Sticker by OneFootball Heads,sticker,2026-07-22T14:27:28+0000,1784730448,5620
2026-07-27,NzvXgZXYLnsZBmsdg8,Football Brazil Sticker by OneFootball Heads,sticker,2026-07-22T14:27:14+0000,1784730434,1248
2026-07-27,LhW6KP4Nar6HsqGuKf,Football Brazil Sticker by OneFootball Heads,sticker,2026-07-22T14:27:02+0000,1784730422,1487
2026-07-27,Obpk3J2ge7JTNHLlsG,Alisson Becker Football Sticker by OneFootball Heads,sticker,2026-07-22T14:26:49+0000,1784730409,1216
2026-07-27,j5tlCfRuJaEYe1m3nq,Alisson Becker Football Sticker by OneFootball Heads,sticker,2026-07-22T14:26:36+0000,1784730396,1665
2026-07-27,H1bTEEl6lDeQC55aJ7,Football Belgium Sticker by OneFootball Heads,sticker,2026-07-22T14:26:22+0000,1784730382,1441
2026-07-27,Fk1G76mvlTOS0YUZ5A,Football Belgium Sticker by OneFootball Heads,sticker,2026-07-22T14:26:08+0000,1784730368,1483
2026-07-27,l1mRHDgvYzHZVRI4M0,Lionel Messi Football Sticker by OneFootball Heads,sticker,2026-07-22T14:25:52+0000,1784730352,1860
2026-07-27,0DWKPIIDI9sWSoKa5F,Lionel Messi Football Sticker by OneFootball Heads,sticker,2026-07-22T14:25:38+0000,1784730338,2702
2026-07-27,eRX5a3BHg4ezXw0UCh,Football Argentina Sticker by OneFootball Heads,sticker,2026-07-22T14:25:23+0000,1784730323,1441
2026-07-27,2ltRBrU98eB6SOCvlL,Football Argentina Sticker by OneFootball Heads,sticker,2026-07-22T14:25:11+0000,1784730311,1649
2026-07-27,9LjH7SfiKocKcE5PJv,Sad End Of Summer Sticker by OneFootball Heads,sticker,2026-07-22T14:02:52+0000,1784728972,3407
2026-07-27,gzUNmzVfGkKdMxyHrF,Real Madrid Football Sticker by OneFootball Heads,sticker,2026-07-22T14:02:38+0000,1784728958,4028
2026-07-27,zx3ayFaNycGyE1nZ01,La Roja Celebration Sticker by OneFootball Heads,sticker,2026-07-22T14:01:56+0000,1784728916,3087
2026-07-27,cltZFv7xOOVgJUOrOP,La Roja Celebration Sticker by OneFootball Heads,sticker,2026-07-22T14:01:42+0000,1784728902,2635
2026-07-27,mSUqzqKJXnQJGn8E0u,Tired Coffee Sticker by OneFootball Heads,sticker,2026-07-22T14:01:29+0000,1784728889,330
2026-07-27,Wn5z9un3Nv5gIepz38,Tired Coffee Sticker by OneFootball Heads,sticker,2026-07-22T14:01:14+0000,1784728874,194
2026-07-27,UeWsyojUXHXZZbB2bZ,Lets Go Football Sticker by OneFootball Heads,sticker,2026-07-22T14:01:02+0000,1784728862,320
2026-07-27,4kS6IZ8afwMArzMNt3,Lets Go Football Sticker by OneFootball Heads,sticker,2026-07-22T14:00:45+0000,1784728845,205
2026-07-27,6C8dDrMGIFZ1kV0kIc,Labor Day Chill Sticker by OneFootball Heads,sticker,2026-07-22T14:00:31+0000,1784728831,3991
2026-07-27,6RL11R4fio6tTZS5B3,Labor Day Chill Sticker by OneFootball Heads,sticker,2026-07-22T14:00:14+0000,1784728814,1722
2026-07-27,kAT28QxsTzw2o9sGe3,Excited Here We Go Sticker by OneFootball Heads,sticker,2026-07-22T13:59:59+0000,1784728799,8790
2026-07-27,uZzDdw53yMluV0UWVF,Excited Here We Go Sticker by OneFootball Heads,sticker,2026-07-22T13:59:46+0000,1784728786,4329
2026-07-27,L6nYUwRlB4locGnAhT,Sad End Of Summer Sticker by OneFootball Heads,sticker,2026-07-22T13:59:34+0000,1784728774,3173
2026-07-27,f2A4QbhaMnmCOac22T,Tired Back To School Sticker by OneFootball Heads,sticker,2026-07-22T13:58:26+0000,1784728706,338
2026-07-27,ujzbmxCome2mkPrd2s,Tired Back To School Sticker by OneFootball Heads,sticker,2026-07-22T13:58:11+0000,1784728691,355
2026-07-27,PElQbTO025s7BK5sIP,Meditation Norway Sticker by OneFootball Heads,sticker,2026-07-22T13:57:56+0000,1784728676,9187
2026-07-27,BP9MV9M2iTOdPP2szZ,France Football Sticker by OneFootball Heads,sticker,2026-07-22T13:57:44+0000,1784728664,1065
2026-07-27,sUB4mT5lYLiasBJttS,France Football Sticker by OneFootball Heads,sticker,2026-07-22T13:57:28+0000,1784728648,951
2026-07-27,85pJRIDsWcRCRBKFhd,Happy Birthday Football Sticker by OneFootball Heads,sticker,2026-07-22T13:57:15+0000,1784728635,923
2026-07-27,rShS2A9N2fJxhddR73,Happy Birthday Football Sticker by OneFootball Heads,sticker,2026-07-22T13:57:01+0000,1784728621,807
2026-07-27,v4mRkaIx4POC0DHgUM,Unveiling La Liga Sticker by OneFootball Heads,sticker,2026-07-22T13:56:49+0000,1784728609,1892
2026-07-27,64biIPpOpL0RUNkvRQ,Unveiling La Liga Sticker by OneFootball Heads,sticker,2026-07-22T13:56:34+0000,1784728594,1910
2026-07-27,E0xJwLqR8naax696nQ,Real Madrid Football Sticker by OneFootball Heads,sticker,2026-07-22T13:56:19+0000,1784728579,5184
2026-07-27,ju4JqzNVQrJQULIrQQ,Leo Messi Football Sticker by OneFootball Heads,sticker,2026-07-22T13:55:14+0000,1784728514,3103
2026-07-27,g9LibgOagcZAvPML8w,Leo Messi Football Sticker by OneFootball Heads,sticker,2026-07-22T13:54:59+0000,1784728499,2468
2026-07-27,h3LXEuX6X5Oyq34byu,Football Chill Sticker by OneFootball Heads,sticker,2026-07-22T13:35:09+0000,1784727309,1599
2026-07-27,y9JLObWA6FDyT60nRE,Football Chill Sticker by OneFootball Heads,sticker,2026-07-22T12:51:36+0000,1784724696,1247
2026-07-27,31xRGdGEGzR7zqVT8M,Labor Day Football GIF by OneFootball Heads,gif,2026-07-22T12:32:39+0000,1784723559,1101
2026-07-27,iINaib9YcAXeTPjjZE,Labor Day Football GIF by OneFootball Heads,gif,2026-07-22T12:31:21+0000,1784723481,5678
2026-07-27,KDKNDBHabbk60REZnB,Sad End Of Summer GIF by OneFootball Heads,gif,2026-07-22T12:31:09+0000,1784723469,1880
2026-07-27,O0dGSqMpJcA3Jk5tmZ,Sad End Of Summer GIF by OneFootball Heads,gif,2026-07-22T12:30:59+0000,1784723459,2187
2026-07-27,Lx8INvzlMMlQ8bQNbo,Tired Football GIF by OneFootball Heads,gif,2026-07-22T12:30:45+0000,1784723445,422
2026-07-27,BUkQuFqMIKmPbzBBH6,Tired Football GIF by OneFootball Heads,gif,2026-07-22T12:30:33+0000,1784723433,353
2026-07-27,C932EjtWrmuYbX5KYd,Tired Back To School GIF by OneFootball Heads,gif,2026-07-22T12:30:17+0000,1784723417,754
2026-07-27,FE082NASfhS5hGoRfm,Tired Back To School GIF by OneFootball Heads,gif,2026-07-22T12:30:01+0000,1784723401,581
2026-07-27,9ReJWTZDpvch3KYppQ,France Football GIF by OneFootball Heads,gif,2026-07-22T12:29:49+0000,1784723389,8091
2026-07-27,KGTieGwsFTzfKxi73d,France Football GIF by OneFootball Heads,gif,2026-07-22T12:29:34+0000,1784723374,6481
2026-07-27,dfwpUHP88TTodHV7xY,Premier League Football GIF by OneFootball Heads,gif,2026-07-22T12:29:16+0000,1784723356,3669
2026-07-27,kkILXGQSJTp4z0TXb7,Premier League Football GIF by OneFootball Heads,gif,2026-07-22T12:29:05+0000,1784723345,8244
2026-07-27,4p4coQ86ez7Ru85vou,Real Madrid Football GIF by OneFootball Heads,gif,2026-07-22T12:28:44+0000,1784723324,1600
2026-07-27,XHhUoP1JW91SPS6GbT,Real Madrid Football GIF by OneFootball Heads,gif,2026-07-22T12:28:31+0000,1784723311,2319
2026-07-27,s0qV5J5dP5lzZkpC1r,Unveiling English GIF by OneFootball Heads,gif,2026-07-22T12:28:20+0000,1784723300,2050
2026-07-27,A5psYAq3PRYT26n0j8,Unveiling English GIF by OneFootball Heads,gif,2026-07-22T12:28:05+0000,1784723285,32549
2026-07-27,rFFMgUw7o0MdXN0Lcv,Spanish Football GIF by OneFootball Heads,gif,2026-07-22T12:27:45+0000,1784723265,1622
2026-07-27,kkOBICGZgUnawZm7If,Spanish Football GIF by OneFootball Heads,gif,2026-07-22T12:27:29+0000,1784723249,1924
2026-07-27,TGQHtxrjS5GuOOdx5W,La Albiceleste Football GIF by OneFootball Heads,gif,2026-07-22T12:27:19+0000,1784723239,952
2026-07-27,lckVXkNU5pajkTH2Y4,La Albiceleste Football GIF by OneFootball Heads,gif,2026-07-22T12:27:05+0000,1784723225,1280
2026-07-27,vIo7Jz8nfzb8krTpw1,Lets Go Football GIF by OneFootball Heads,gif,2026-07-22T12:26:49+0000,1784723209,546
2026-07-27,G0FL2jcpanSQMex6pQ,Lets Go Football GIF by OneFootball Heads,gif,2026-07-22T12:26:34+0000,1784723194,12256
2026-07-27,ZmQW2HIzjSKv4646wY,Excited Here We Go GIF by OneFootball Heads,gif,2026-07-22T12:26:21+0000,1784723181,3345
2026-07-27,ADV5RUY8deNWvKXmg9,Excited Here We Go GIF by OneFootball Heads,gif,2026-07-22T12:26:02+0000,1784723162,4613
2026-07-27,20LOqJQZdFCTJzrMA9,Happy Birthday Football GIF by OneFootball Heads,gif,2026-07-22T12:25:48+0000,1784723148,3627
2026-07-27,FGnXiLnpzUXJ27Y8jD,Happy Birthday Football GIF by OneFootball Heads,gif,2026-07-22T12:25:33+0000,1784723133,8607
2026-07-27,N4Aef2XhTGp692NZx7,World Cup Football GIF by OneFootball Heads,gif,2026-07-06T16:44:20+0000,1783356260,38794
2026-07-27,zkn7BLV7uUc5Orkzzr,Happy Football GIF by OneFootball Heads,gif,2026-07-06T16:44:16+0000,1783356256,27909
2026-07-27,UPnKAxvJFJWIJn1NNK,Happy Football GIF by OneFootball Heads,gif,2026-07-06T16:44:11+0000,1783356251,13648
2026-07-27,CKVjlqUmBZdyT7d3W7,World Cup Football GIF by OneFootball Heads,gif,2026-07-06T16:44:00+0000,1783356240,38658
2026-07-27,go703FNMkaozEq7tqJ,World Cup Football GIF by OneFootball Heads,gif,2026-07-06T16:43:55+0000,1783356235,54003
2026-07-27,x61sB9WoV0TIwRSfsR,World Cup Football GIF by OneFootball Heads,gif,2026-07-05T10:20:52+0000,1783246852,5764
2026-07-27,pfDwG4T0vC4IxqS2eN,World Cup Football GIF by OneFootball Heads,gif,2026-07-05T10:20:45+0000,1783246845,7101
2026-07-27,1YIOwyDs2IK6MPvs3f,World Cup Football GIF by OneFootball Heads,gif,2026-07-05T10:20:35+0000,1783246835,5738
2026-07-27,U4iDELyXogCfzk2SPc,World Cup Football GIF by OneFootball Heads,gif,2026-07-05T10:20:29+0000,1783246829,14772
2026-07-27,NzJ2mFSbkzVkj29CYP,World Cup Football GIF by OneFootball Heads,gif,2026-07-05T10:20:22+0000,1783246822,4412
2026-07-27,xW6AwwdTobQgDZ3nAU,World Cup Football GIF by OneFootball Heads,gif,2026-07-05T10:20:15+0000,1783246815,6899
2026-07-27,Pd6VbhzYBpVXqj1D2b,World Cup Football GIF by OneFootball Heads,gif,2026-07-05T10:20:03+0000,1783246803,8412
2026-07-27,bOLdbJxTL32fzUfQ79,Germany Football GIF by OneFootball Heads,gif,2026-07-05T10:19:57+0000,1783246797,8287
2026-07-27,7HLrdcksEhIrZa9Zir,Germany Football GIF by OneFootball Heads,gif,2026-07-05T10:19:50+0000,1783246790,5537
2026-07-27,uKuw4epL1KjAqERkXv,Germany Football GIF by OneFootball Heads,gif,2026-07-05T10:19:44+0000,1783246784,4
2026-07-27,0LBI2fJsWSO88UZip6,World Cup Football GIF by OneFootball Heads,gif,2026-07-05T10:19:38+0000,1783246778,124627
2026-07-27,zysC5B66n65evvIv2j,World Cup Football GIF by OneFootball Heads,gif,2026-07-05T10:19:32+0000,1783246772,7867
2026-07-27,WDTFmWErrBo9vvuMJ5,World Cup Football GIF by OneFootball Heads,gif,2026-07-05T10:19:24+0000,1783246764,41788
2026-07-27,KksuC9fn8zo5RlERgg,World Cup Football GIF by OneFootball Heads,gif,2026-07-05T10:19:17+0000,1783246757,7141
2026-07-27,1gsEMwwsNPO36OxOQK,World Cup Football GIF by OneFootball Heads,gif,2026-07-05T10:19:09+0000,1783246749,13183
2026-07-27,kCbiTm717MlCNnAxeU,France Football GIF by OneFootball Heads,gif,2026-07-05T10:19:02+0000,1783246742,25744
2026-07-27,b7B608uSFXLuR9yWYH,France Football GIF by OneFootball Heads,gif,2026-07-05T10:18:56+0000,1783246736,31857
2026-07-27,4bXiLL05WASnteKd7V,France Football GIF by OneFootball Heads,gif,2026-07-05T10:18:48+0000,1783246728,22852
2026-07-27,FxFgVET0GLKFojvrla,France Football GIF by OneFootball Heads,gif,2026-07-05T10:18:41+0000,1783246721,17225
2026-07-27,5050Byd8dZiD8S7OQo,World Cup Football GIF by OneFootball Heads,gif,2026-07-05T10:18:35+0000,1783246715,19480
2026-07-27,uZCGmkB8j9Y2LrKCgC,World Cup Football GIF by OneFootball Heads,gif,2026-07-05T10:18:30+0000,1783246710,64616
2026-07-27,YEzgbuQKP7ilTDmGni,World Cup Football GIF by OneFootball Heads,gif,2026-07-05T10:18:22+0000,1783246702,9122
2026-07-27,31mHgJnJUAJXIB62kJ,World Cup Football GIF by OneFootball Heads,gif,2026-07-05T10:18:14+0000,1783246694,14043
2026-07-27,V2iTAiTz1UENEuooXW,World Cup Football GIF by OneFootball Heads,gif,2026-07-05T10:18:06+0000,1783246686,34591
2026-07-27,6JNI1PXys4vMII0f9A,World Cup Football GIF by OneFootball Heads,gif,2026-07-05T10:17:57+0000,1783246677,59695
2026-07-27,U0K68elO5NOob4q372,World Cup Football GIF by OneFootball Heads,gif,2026-07-05T10:17:49+0000,1783246669,17362
2026-07-27,A1yl317Qn9BkRcNDyq,Germany Football GIF by OneFootball Heads,gif,2026-07-05T10:17:34+0000,1783246654,6346
2026-07-27,UxIqUYwwUampJ8DTtS,World Cup Football GIF by OneFootball Heads,gif,2026-07-05T10:17:26+0000,1783246646,14566
2026-07-27,ifOOtGdoahRmSdfh4k,Germany Football GIF by OneFootball Heads,gif,2026-07-05T10:17:19+0000,1783246639,12065
2026-07-27,kqkgYGr6YOULDs5Fcn,World Cup Shrug GIF by OneFootball Heads,gif,2026-07-05T10:17:12+0000,1783246632,5265
2026-07-27,RHu5cVwkEKODGJMFhD,World Cup Football GIF by OneFootball Heads,gif,2026-07-05T10:17:05+0000,1783246625,17072
2026-07-27,imjTWu6Vx9k0QJwpv4,World Cup Football GIF by OneFootball Heads,gif,2026-07-05T10:16:58+0000,1783246618,326689
2026-07-27,JdCL1IXkf3ObMe1SIJ,World Cup Football GIF by OneFootball Heads,gif,2026-07-05T10:16:51+0000,1783246611,8778
2026-07-27,jJjpM5aG60awjoTpKb,World Cup Football GIF by OneFootball Heads,gif,2026-07-05T10:16:44+0000,1783246604,36939
2026-07-27,bnqEjEUGGVrwEqWNJ0,World Cup Football GIF by OneFootball Heads,gif,2026-07-05T10:16:36+0000,1783246596,27682
2026-07-27,KyUIjPQuLolO6vfaFD,World Cup Football GIF by OneFootball Heads,gif,2026-07-05T10:16:30+0000,1783246590,32269
2026-07-27,rqRCINmIhqekY7cxwt,World Cup Football GIF by OneFootball Heads,gif,2026-07-05T10:16:13+0000,1783246573,28254
2026-07-27,GxQiKyAy9kzwWgAClZ,World Cup Football GIF by OneFootball Heads,gif,2026-07-05T10:16:06+0000,1783246566,15551
2026-07-27,e0tqAwofWcxXx9iIN2,World Cup Football GIF by OneFootball Heads,gif,2026-07-05T10:15:58+0000,1783246558,26012
2026-07-27,jCb2I9TIDuTGehdSHx,World Cup Football GIF by OneFootball Heads,gif,2026-07-05T10:15:50+0000,1783246550,10298
2026-07-27,ybF46HrsLDFuMrg0NO,France Football GIF by OneFootball Heads,gif,2026-07-05T10:15:42+0000,1783246542,18837
2026-07-27,fFcZ7GbvG7949eU5xg,World Cup Football GIF by OneFootball Heads,gif,2026-07-05T10:15:36+0000,1783246536,32193
2026-07-27,hPd95ZhVUZRpaqfS71,World Cup Football GIF by OneFootball Heads,gif,2026-07-05T10:15:29+0000,1783246529,12113
2026-07-27,RwHdKDHMgbReieccJ4,World Cup Football GIF by OneFootball Heads,gif,2026-07-05T10:15:22+0000,1783246522,8892
2026-07-27,YhWN4jrl9saWCBtYVs,World Cup Football GIF by OneFootball Heads,gif,2026-07-05T10:15:14+0000,1783246514,8280
2026-07-27,BKBmjqo7OhXyBwjnJ1,World Cup Football GIF by OneFootball Heads,gif,2026-07-05T10:15:03+0000,1783246503,11729
2026-07-27,2OZgYoYD7xUPQjGmsl,World Cup Football GIF by OneFootball Heads,gif,2026-07-05T10:14:57+0000,1783246497,12123
2026-07-27,FrixhPI7XEfr3wS5yp,World Cup Football GIF by OneFootball Heads,gif,2026-07-05T10:14:51+0000,1783246491,4805
2026-07-27,mp4uQj1yhchE0FJb19,World Cup Football GIF by OneFootball Heads,gif,2026-07-05T10:14:44+0000,1783246484,41814
2026-07-27,WHFiPP52PG9th1XmMP,World Cup Football GIF by OneFootball Heads,gif,2026-07-05T10:14:36+0000,1783246476,9929
2026-07-27,zC1NmByT5WMiTaMHQS,Germany Football GIF by OneFootball Heads,gif,2026-07-05T10:14:29+0000,1783246469,21746
2026-07-27,dszvmLR6BjdJ3cN3B5,Germany Football GIF by OneFootball Heads,gif,2026-07-05T10:14:23+0000,1783246463,23999
2026-07-27,iRowpDxl0o0Qs0f422,Germany Football GIF by OneFootball Heads,gif,2026-07-05T10:14:18+0000,1783246458,11443
2026-07-27,DvT1BeIHu3ChyybxkR,World Cup Football GIF by OneFootball Heads,gif,2026-07-05T10:14:12+0000,1783246452,37980
2026-07-27,UzKPSpSLYsY3sTLQ7e,World Cup Football GIF by OneFootball Heads,gif,2026-07-05T10:14:03+0000,1783246443,17290
2026-07-27,iVj1jzisyn9qoy0HwT,World Cup Football GIF by OneFootball Heads,gif,2026-07-05T10:13:54+0000,1783246434,27101
2026-07-27,MSUZpSsPXDiTRUuHTL,World Cup Football GIF by OneFootball Heads,gif,2026-07-05T10:13:45+0000,1783246425,7872
2026-07-27,k8u0YOIFdyRsTb950U,World Cup Football GIF by OneFootball Heads,gif,2026-07-05T10:13:38+0000,1783246418,9773
2026-07-27,LcCD3TkQe4SJroMYz5,France Football GIF by OneFootball Heads,gif,2026-07-05T10:13:30+0000,1783246410,18310
2026-07-27,lJGL45KeCLzPSaUgTV,France Football GIF by OneFootball Heads,gif,2026-07-05T10:13:25+0000,1783246405,28011
2026-07-27,X29WgAKGLutorgO69Y,France Football GIF by OneFootball Heads,gif,2026-07-05T10:13:18+0000,1783246398,18474
2026-07-27,6DHkm44QfaRU4jjkTd,France Football GIF by OneFootball Heads,gif,2026-07-05T10:13:11+0000,1783246391,17140
2026-07-27,jQgLlzy0ZT54ZCBLTt,World Cup Football GIF by OneFootball Heads,gif,2026-07-05T10:13:04+0000,1783246384,23519
2026-07-27,nohvpMrEwXy468gDFR,World Cup Football GIF by OneFootball Heads,gif,2026-07-05T10:12:59+0000,1783246379,111023
2026-07-27,5IVmTwSUBkM26gnwiT,World Cup Football GIF by OneFootball Heads,gif,2026-07-05T10:12:51+0000,1783246371,49115
2026-07-27,XPN3II0GRNvYBEbxqs,World Cup Football GIF by OneFootball Heads,gif,2026-07-05T10:12:44+0000,1783246364,21298
2026-07-27,9x7iTJfqgFQMCs0cvY,World Cup Football GIF by OneFootball Heads,gif,2026-07-05T10:12:38+0000,1783246358,34306
2026-07-27,kQRBgO3pn3vEnFTgXa,World Cup Football GIF by OneFootball Heads,gif,2026-07-05T10:12:31+0000,1783246351,51367
2026-07-27,0r0YUGcSj97ueZws1I,World Cup Football GIF by OneFootball Heads,gif,2026-07-05T10:12:24+0000,1783246344,16968
2026-07-27,bzs9ftqVS6wCqrRuWx,Germany Football GIF by OneFootball Heads,gif,2026-07-05T10:12:13+0000,1783246333,37751
2026-07-27,cR1Bnk7j1OAqINYtOY,World Cup Football GIF by OneFootball Heads,gif,2026-07-05T10:12:01+0000,1783246321,9964
2026-07-27,9L7p0XupqB44TIXms9,Germany Football GIF by OneFootball Heads,gif,2026-07-05T10:11:54+0000,1783246314,16924
2026-07-27,4Z5Et8yinfeZ1jfuJF,World Cup Shrug GIF by OneFootball Heads,gif,2026-07-05T10:11:43+0000,1783246303,11131
2026-07-27,hRRHZWBCM1iGz8W69i,World Cup Football GIF by OneFootball Heads,gif,2026-07-05T10:11:29+0000,1783246289,107783
2026-07-27,cZYcjyCHHn2mk1ikmK,World Cup Football GIF by OneFootball Heads,gif,2026-07-05T10:11:22+0000,1783246282,9792
2026-07-27,toz148aIki3hNi79mi,World Cup Football GIF by OneFootball Heads,gif,2026-07-05T10:11:15+0000,1783246275,19225
2026-07-27,saM8smyVfRy2WxXNf3,World Cup Football GIF by OneFootball Heads,gif,2026-07-05T10:11:06+0000,1783246266,34908
2026-07-27,sN3d7kXdPbvjlidiJz,World Cup Football GIF by OneFootball Heads,gif,2026-07-05T10:11:00+0000,1783246260,15315
2026-07-27,S8nncQt2T539fDIA0b,World Cup Football GIF by OneFootball Heads,gif,2026-07-05T10:10:40+0000,1783246240,22788
2026-07-27,2fhhHvDo2dUJMgJFW6,World Cup Football GIF by OneFootball Heads,gif,2026-07-05T10:10:32+0000,1783246232,6544
2026-07-27,cxkFjp3QZGzSh1Iyxz,World Cup Football GIF by OneFootball Heads,gif,2026-07-05T10:10:26+0000,1783246226,22859
2026-07-27,kc5sCk8smIzR9bEVmq,World Cup Football GIF by OneFootball Heads,gif,2026-07-05T10:10:19+0000,1783246219,21433
2026-07-27,syTxsyJjCeublic7d4,France Football GIF by OneFootball Heads,gif,2026-07-05T10:10:12+0000,1783246212,19699
2026-07-27,1yWBEir2xnNtXtsIt9,World Cup Football GIF by OneFootball Heads,gif,2026-07-05T10:10:04+0000,1783246204,58764
2026-07-27,6a3eNd7DeaD1dk11hn,World Cup Football GIF by OneFootball Heads,gif,2026-07-05T10:09:57+0000,1783246197,19132
2026-07-27,eSfJodS0foTOVqrBg1,6 7 Football GIF by OneFootball Heads,gif,2026-06-18T16:43:59+0000,1781801039,14200
2026-07-27,cpWDzbkGXinjazXAsQ,6 7 Football GIF by OneFootball Heads,gif,2026-06-18T16:43:55+0000,1781801035,16254
2026-07-27,JbyrV7bzRuZeOpzb30,World Cup Football GIF by OneFootball Heads,gif,2026-06-18T16:15:03+0000,1781799303,20271
2026-07-27,Do7K8nCJQrwf7gsrRm,World Cup Football GIF by OneFootball Heads,gif,2026-06-18T16:14:56+0000,1781799296,28246
2026-07-27,d07pfKl4LYFx9eOGnG,World Cup Football GIF by OneFootball Heads,gif,2026-06-18T16:14:50+0000,1781799290,33219
2026-07-27,iUmxhJqvJmf1ytmdok,World Cup Football GIF by OneFootball Heads,gif,2026-06-18T16:14:44+0000,1781799284,249857
2026-07-27,65WZEH3DbzTOskjZ9F,World Cup Football GIF by OneFootball Heads,gif,2026-06-18T16:14:38+0000,1781799278,27437
2026-07-27,NU5arjj8ut7RpNelJ9,World Cup Football GIF by OneFootball Heads,gif,2026-06-18T16:14:32+0000,1781799272,59222
2026-07-27,PdVb9g4MVTNgQ2OL26,World Cup Football GIF by OneFootball Heads,gif,2026-06-18T16:14:27+0000,1781799267,36873
2026-07-27,BAvIhFpn2zXzDlaAKV,World Cup Football GIF by OneFootball Heads,gif,2026-06-18T16:14:21+0000,1781799261,68739
2026-07-27,0citpjho00ObF3pMEm,World Cup Football GIF by OneFootball Heads,gif,2026-06-18T16:14:16+0000,1781799256,21501
2026-07-27,QTRlMVKXeT15fGVLbk,World Cup Football GIF by OneFootball Heads,gif,2026-06-18T16:14:10+0000,1781799250,41205
2026-07-27,VOuTYkX8OhXjetxwQ5,World Cup Football GIF by OneFootball Heads,gif,2026-06-18T16:14:01+0000,1781799241,7665
2026-07-27,ioikNOK6094SPdG2gY,World Cup Football GIF by OneFootball Heads,gif,2026-06-18T16:13:55+0000,1781799235,9506
2026-07-27,UHX8Z1xxM7q95ifvMN,World Cup Football GIF by OneFootball Heads,gif,2026-06-18T16:13:49+0000,1781799229,11018
2026-07-27,0iqkjAyJgiCpPLy3Fq,World Cup Football GIF by OneFootball Heads,gif,2026-06-18T16:13:44+0000,1781799224,7167
2026-07-27,RZrRtVNSxivmiqc4ms,World Cup Football GIF by OneFootball Heads,gif,2026-06-18T16:13:38+0000,1781799218,12373
2026-07-27,51xCLRv58gqjYM63YV,World Cup Football GIF by OneFootball Heads,gif,2026-06-18T16:13:32+0000,1781799212,30062
2026-07-27,IbdIiqy5nHTtHJKeuA,World Cup Football GIF by OneFootball Heads,gif,2026-06-18T16:13:26+0000,1781799206,32497
2026-07-27,lUrvU5C0ui1UixvK9l,World Cup Football GIF by OneFootball Heads,gif,2026-06-18T16:13:20+0000,1781799200,30102
2026-07-27,kfjRVgBKSfpje8yaL1,World Cup Football GIF by OneFootball Heads,gif,2026-06-18T16:13:14+0000,1781799194,36441
2026-07-27,8HsLMUNvbQnVzLWcty,World Cup Football GIF by OneFootball Heads,gif,2026-06-18T16:13:08+0000,1781799188,32603
2026-07-27,4iC6WmsVhfZAeGj178,World Cup Football GIF by OneFootball Heads,gif,2026-06-18T16:13:02+0000,1781799182,14650
2026-07-27,oU1Fo2c50feGpaWwDh,World Cup Football GIF by OneFootball Heads,gif,2026-06-18T16:12:55+0000,1781799175,12236
2026-07-27,GW5HlgHeRXwbcIRTAO,World Cup Football GIF by OneFootball Heads,gif,2026-06-18T16:12:48+0000,1781799168,12596
2026-07-27,j4tl0BRFWySCPi8I98,World Cup Football GIF by OneFootball Heads,gif,2026-06-18T16:12:41+0000,1781799161,15541
2026-07-27,Z9OWqReW3I4Jr4MEdB,World Cup Football GIF by OneFootball Heads,gif,2026-06-18T16:12:35+0000,1781799155,10359
2026-07-27,P2dP3D2kAzqcRPPaWr,World Cup Football GIF by OneFootball Heads,gif,2026-06-18T16:12:26+0000,1781799146,7551
2026-07-27,xjLbBByLJ19X487OlI,World Cup Football GIF by OneFootball Heads,gif,2026-06-18T16:12:20+0000,1781799140,15028
2026-07-27,MMQp5dVRWpDk5TKSk3,World Cup Football GIF by OneFootball Heads,gif,2026-06-18T16:12:06+0000,1781799126,9805
2026-07-27,hkJqI1Z2eMIZGjaLGr,World Cup Football GIF by OneFootball Heads,gif,2026-06-18T16:11:59+0000,1781799119,9912
2026-07-27,tFyjXDG8DdgV7jbV1B,World Cup Football GIF by OneFootball Heads,gif,2026-06-18T16:11:53+0000,1781799113,16177
2026-07-27,2jcJ3HFGUHkTyioaUT,World Cup Football GIF by OneFootball Heads,gif,2026-06-18T16:11:46+0000,1781799106,15347
2026-07-27,cIJp8Y1yZVnCzjXSjQ,World Cup Football GIF by OneFootball Heads,gif,2026-06-18T16:11:39+0000,1781799099,12388
2026-07-27,K53ka9tKBWvdlEmEiQ,World Cup Football GIF by OneFootball Heads,gif,2026-06-18T16:11:33+0000,1781799093,11767
2026-07-27,g1TgPevFB2j9fFhIUv,World Cup Football GIF by OneFootball Heads,gif,2026-06-18T16:11:27+0000,1781799087,9010
2026-07-27,KB4yS05ErAJldfsNj8,World Cup Football GIF by OneFootball Heads,gif,2026-06-18T16:11:21+0000,1781799081,22527
2026-07-27,1d6N0pb13wv2X6Qqhh,World Cup Football GIF by OneFootball Heads,gif,2026-06-18T16:11:14+0000,1781799074,26617
2026-07-27,pWYoNgRTTOcpQEGdh4,World Cup Football GIF by OneFootball Heads,gif,2026-06-18T16:11:08+0000,1781799068,16239
2026-07-27,G4bRYCUE94lLd7ftFC,World Cup Football GIF by OneFootball Heads,gif,2026-06-18T16:11:02+0000,1781799062,12615
2026-07-27,YeGuStp7fomlR6Gj8o,World Cup Football GIF by OneFootball Heads,gif,2026-06-18T16:10:55+0000,1781799055,27716
2026-07-27,HKNFJD7cAwpvlYa6p1,World Cup Football GIF by OneFootball Heads,gif,2026-06-18T16:10:49+0000,1781799049,10338
2026-07-27,qNokvWhj3oqF4D5q3D,World Cup Football GIF by OneFootball Heads,gif,2026-06-18T16:10:42+0000,1781799042,9795
2026-07-27,QozR1lmgh6PNPxiPDH,World Cup Football GIF by OneFootball Heads,gif,2026-06-18T16:10:36+0000,1781799036,7885
2026-07-27,F0x8UfLG8yOQPPRCj9,World Cup Football GIF by OneFootball Heads,gif,2026-06-18T16:10:28+0000,1781799028,8101
2026-07-27,xdfUlTMvx8p3k8Taet,World Cup Football GIF by OneFootball Heads,gif,2026-06-18T16:10:20+0000,1781799020,17737
2026-07-27,1qJHVFYH15SpmhSykp,Believe World Cup GIF by OneFootball Heads,gif,2026-06-18T16:10:14+0000,1781799014,33802
2026-07-27,nNlKQlqY4lK6qAxiQV,World Cup Football GIF by OneFootball Heads,gif,2026-06-18T16:10:03+0000,1781799003,113533
2026-07-27,nDLvxkW2XE2ZjcVKQR,World Cup Football GIF by OneFootball Heads,gif,2026-06-18T16:09:56+0000,1781798996,11037
2026-07-27,W04ps2Hb3KrzSRGeh6,World Cup Football GIF by OneFootball Heads,gif,2026-06-18T16:09:48+0000,1781798988,5991
2026-07-27,vgMxyT3D5Nf7YtgLEN,World Cup Football GIF by OneFootball Heads,gif,2026-06-18T14:34:01+0000,1781793241,12372
2026-07-27,NMa7tlk37iWeBOSmwr,World Cup Football GIF by OneFootball Heads,gif,2026-06-18T14:33:55+0000,1781793235,7954
2026-07-27,wyVRFz9fJaE5B8IZ2I,France Football GIF by OneFootball Heads,gif,2026-06-18T14:33:49+0000,1781793229,16725
2026-07-27,w59SdHiwZO84yaEl4U,World Cup Football GIF by OneFootball Heads,gif,2026-06-18T14:33:43+0000,1781793223,77719
2026-07-27,pxIwqllLtTqwkP3P7q,France Football GIF by OneFootball Heads,gif,2026-06-18T14:33:37+0000,1781793217,11531
2026-07-27,5DIPupkmxQqmITQtN1,World Cup Football GIF by OneFootball Heads,gif,2026-06-18T14:33:30+0000,1781793210,230824
2026-07-27,gmEnnJ3Cj1fBPirnyp,World Cup Football GIF by OneFootball Heads,gif,2026-06-18T14:33:25+0000,1781793205,94732
2026-07-27,nRd5z0hIeY7xQz1yai,World Cup Football GIF by OneFootball Heads,gif,2026-06-18T14:33:19+0000,1781793199,53349
2026-07-27,hLlrlSXRBLz2a3Fa9b,World Cup Football GIF by OneFootball Heads,gif,2026-06-18T14:33:12+0000,1781793192,17938
2026-07-27,VUJFF1jbhxVFyUtLTJ,World Cup Football GIF by OneFootball Heads,gif,2026-06-18T14:33:07+0000,1781793187,681687
2026-07-27,YIVMHeeUzrNYt7qSqJ,World Cup Football GIF by OneFootball Heads,gif,2026-06-18T14:33:01+0000,1781793181,46348
2026-07-27,0OVzKdoHvIwJL7RduN,World Cup Football GIF by OneFootball Heads,gif,2026-06-18T14:32:55+0000,1781793175,57551
2026-07-27,Ad00UhfBWCrf6iIraA,World Cup Football GIF by OneFootball Heads,gif,2026-06-18T14:32:49+0000,1781793169,17061
2026-07-27,YOy4wfZdVp39GaHWHa,World Cup Football GIF by OneFootball Heads,gif,2026-06-18T14:32:43+0000,1781793163,20393
2026-07-27,ysB7TRjZlCfK705Qsx,World Cup Football GIF by OneFootball Heads,gif,2026-06-18T14:32:37+0000,1781793157,12539
2026-07-27,oVgehCwEPrMbYJAeuH,France Football GIF by OneFootball Heads,gif,2026-06-18T14:32:30+0000,1781793150,24819
2026-07-27,XYiDNupHyw1MaXyFbY,World Cup Football GIF by OneFootball Heads,gif,2026-06-18T14:32:24+0000,1781793144,58622
2026-07-27,dRdbbodInaw9ngy2et,World Cup Football GIF by OneFootball Heads,gif,2026-06-18T14:32:18+0000,1781793138,29756
2026-07-27,kg26UxATxZow3AsKZZ,World Cup Football GIF by OneFootball Heads,gif,2026-06-18T14:32:12+0000,1781793132,211588
2026-07-27,lGjWSowFgfSI3Q7CuM,World Cup Football GIF by OneFootball Heads,gif,2026-06-18T14:32:01+0000,1781793121,160048
2026-07-27,VaSaGr35NjXb2lexto,World Cup Football GIF by OneFootball Heads,gif,2026-06-18T14:31:56+0000,1781793116,60172
2026-07-27,hftSnrV7jiNn6MkQk4,France Football GIF by OneFootball Heads,gif,2026-06-18T14:31:49+0000,1781793109,26326
2026-07-27,lo0xHsbZsqAXm3DxRm,France Football GIF by OneFootball Heads,gif,2026-06-18T14:31:43+0000,1781793103,10146
2026-07-27,pzLy6Kcx9jyVz05UxB,World Cup Football GIF by OneFootball Heads,gif,2026-06-18T14:31:30+0000,1781793090,16689
2026-07-27,TCYSBvF1McWeOViTdS,World Cup Football GIF by OneFootball Heads,gif,2026-06-18T14:31:23+0000,1781793083,225266
2026-07-27,LgaosMJFuBdaBg4Zqw,World Cup Football GIF by OneFootball Heads,gif,2026-06-18T14:31:18+0000,1781793078,14865
2026-07-27,UpPyFzWrRSSCDjWW5S,France Football GIF by OneFootball Heads,gif,2026-06-18T14:31:12+0000,1781793072,10815
2026-07-27,UiN6zWG0ArXRCn52L0,World Cup Football GIF by OneFootball Heads,gif,2026-06-18T14:31:05+0000,1781793065,14459
2026-07-27,pKUmbMGZ5eNwfcEOwB,World Cup Football GIF by OneFootball Heads,gif,2026-06-18T14:30:59+0000,1781793059,17084
2026-07-27,mnFrveFv1O0NCcXXRg,World Cup Football GIF by OneFootball Heads,gif,2026-06-18T14:30:52+0000,1781793052,45923
2026-07-27,5Cniu3sjAb3IHZD5Bh,World Cup Football GIF by OneFootball Heads,gif,2026-06-18T14:30:47+0000,1781793047,60104
2026-07-27,XB8mTbeXNfl7OIlAkt,World Cup Football GIF by OneFootball Heads,gif,2026-06-18T14:30:42+0000,1781793042,9730
2026-07-27,uYAAG52VMeqNbeKxrw,World Cup Football GIF by OneFootball Heads,gif,2026-06-18T14:30:36+0000,1781793036,16110
2026-07-27,4I8DiIUSUnnTBauMmF,World Cup Football GIF by OneFootball Heads,gif,2026-06-18T14:30:30+0000,1781793030,28435
2026-07-27,mYNEpIFkBXXyA3E2SJ,World Cup Football GIF by OneFootball Heads,gif,2026-06-18T14:30:24+0000,1781793024,101318
2026-07-27,pGYHslrw9ZTEMk9Sn2,World Cup Football GIF by OneFootball Heads,gif,2026-06-18T14:30:18+0000,1781793018,588104
2026-07-27,33ZJlVdrJfJqeZ8YAd,World Cup Football GIF by OneFootball Heads,gif,2026-06-18T14:30:12+0000,1781793012,91155
2026-07-27,RYjyZx74LQ511YUxgW,World Cup Football GIF by OneFootball Heads,gif,2026-06-18T14:30:06+0000,1781793006,61089
2026-07-27,HBz4ZFEBOWzRdBO70e,World Cup Football GIF by OneFootball Heads,gif,2026-06-18T14:30:00+0000,1781793000,1121574
2026-07-27,BEH8snVdAHDiqrRvhv,World Cup Football GIF by OneFootball Heads,gif,2026-06-18T14:29:54+0000,1781792994,24909
2026-07-27,O2iEG5r6EhWWPVCIMl,World Cup Football GIF by OneFootball Heads,gif,2026-06-18T14:29:49+0000,1781792989,111435
2026-07-27,A2z7pVURqwz3BlQdQp,World Cup Football GIF by OneFootball Heads,gif,2026-06-18T14:29:43+0000,1781792983,40900
2026-07-27,U2RkG4c7Vpaz9UnSuZ,World Cup Football GIF by OneFootball Heads,gif,2026-06-18T14:29:36+0000,1781792976,24144
2026-07-27,ApgAv4fFKYE5zQmdet,World Cup Football GIF by OneFootball Heads,gif,2026-06-18T14:29:30+0000,1781792970,13032
2026-07-27,c14InbFxtr5gAFCZfy,World Cup Football GIF by OneFootball Heads,gif,2026-06-18T14:29:24+0000,1781792964,22354
2026-07-27,qY5hBUyiQSBf79ntVr,France Football GIF by OneFootball Heads,gif,2026-06-18T14:29:18+0000,1781792958,10942
2026-07-27,V2cgY6r7FOSTkCgBS1,Germany Football GIF by OneFootball Heads,gif,2026-06-18T14:29:11+0000,1781792951,12298
2026-07-27,KcWVxQd0HvsbqguiXS,France Football GIF by OneFootball Heads,gif,2026-06-18T14:29:04+0000,1781792944,91741
2026-07-27,z2RmddzZET8w5zZtyb,World Cup Football GIF by OneFootball Heads,gif,2026-06-18T14:28:59+0000,1781792939,46745
2026-07-27,GMsykn2kFJhMIBPMb9,World Cup Football GIF by OneFootball Heads,gif,2026-06-18T14:28:53+0000,1781792933,24474
2026-07-27,U6zenm1kWFjycNTkdz,France Football GIF by OneFootball Heads,gif,2026-06-18T14:28:47+0000,1781792927,39019
2026-07-27,V65BD1iwdbErs5NDw7,World Cup Football GIF by OneFootball Heads,gif,2026-06-18T14:28:41+0000,1781792921,30442
2026-07-27,KR0ABF8z9pul0Xn1vj,World Cup Football GIF by OneFootball Heads,gif,2026-06-18T14:28:28+0000,1781792908,10685
2026-07-27,kmGi3ucTvgLv6pA7rE,World Cup Football GIF by OneFootball Heads,gif,2026-06-18T14:28:23+0000,1781792903,35240
2026-07-27,xQNauBqQ1WrqCAPuRE,World Cup Football GIF by OneFootball Heads,gif,2026-06-18T14:28:16+0000,1781792896,20702
2026-07-27,KlL7G6C1HWtdM3YHse,Germany Football GIF by OneFootball Heads,gif,2026-06-18T14:28:10+0000,1781792890,8675
2026-07-27,Jj6MUSSOBIS7iy4cHl,World Cup Football GIF by OneFootball Heads,gif,2026-06-18T14:28:04+0000,1781792884,26586
2026-07-27,o582qaiYg31UCY2MHB,World Cup Football GIF by OneFootball Heads,gif,2026-06-18T14:27:58+0000,1781792878,8376
2026-07-27,MVdhlDm19paYqtsMfF,Germany Football GIF by OneFootball Heads,gif,2026-06-18T14:27:52+0000,1781792872,10306
2026-07-27,M3DQRSj2ZR4BSXZMlX,World Cup Football GIF by OneFootball Heads,gif,2026-06-18T14:27:46+0000,1781792866,24044
2026-07-27,Fh1YBOMQy8ivv5QNzd,World Cup Football GIF by OneFootball Heads,gif,2026-06-18T14:27:41+0000,1781792861,16297
2026-07-27,1L3Mvo7LQ6VfgJJT6I,World Cup Football GIF by OneFootball Heads,gif,2026-06-18T14:27:35+0000,1781792855,124023
2026-07-27,FQaUqL5cxE07TVmEbM,World Cup Football GIF by OneFootball Heads,gif,2026-06-18T14:27:29+0000,1781792849,12428
2026-07-27,D41XyjutopurXno57q,World Cup Football GIF by OneFootball Heads,gif,2026-06-18T14:27:24+0000,1781792844,33512
2026-07-27,zIf83ye6vDhxzHKtUd,Germany Football GIF by OneFootball Heads,gif,2026-06-18T14:27:18+0000,1781792838,12023
2026-07-27,aow0lDW9gAStommdsS,World Cup Football GIF by OneFootball Heads,gif,2026-06-18T14:27:13+0000,1781792833,56954
2026-07-27,wulH1pzgOUFXQQNyor,World Cup Football GIF by OneFootball Heads,gif,2026-06-18T14:27:07+0000,1781792827,12955
2026-07-27,QQeMYCJmSK3CvnW69G,World Cup Football GIF by OneFootball Heads,gif,2026-06-18T14:27:01+0000,1781792821,22105
2026-07-27,UR5a8u78Xa7VdtyJIS,World Cup Football GIF by OneFootball Heads,gif,2026-06-18T14:26:56+0000,1781792816,35303
2026-07-27,9IwfTwulCPEiDADHzx,World Cup Football GIF by OneFootball Heads,gif,2026-06-18T14:26:49+0000,1781792809,44380
2026-07-27,29Z7C8nHD9ijZuMqTV,World Cup Football GIF by OneFootball Heads,gif,2026-06-18T14:26:43+0000,1781792803,59574
2026-07-27,7uuBgvGPs6E5EttML4,World Cup Football GIF by OneFootball Heads,gif,2026-06-18T14:26:37+0000,1781792797,12473
2026-07-27,4QXKOejCxZAOvUfjxZ,World Cup Football GIF by OneFootball Heads,gif,2026-06-18T14:26:30+0000,1781792790,55382
2026-07-27,p6hxl3FX2QtPN1eWsj,World Cup Football GIF by OneFootball Heads,gif,2026-06-18T14:26:24+0000,1781792784,157823
2026-07-27,HviuxhG9WFXzbBpjJe,World Cup Football GIF by OneFootball Heads,gif,2026-06-18T14:26:13+0000,1781792773,22912
2026-07-27,5b6DvVHMPq5kG9QBE7,World Cup Football GIF by OneFootball Heads,gif,2026-06-18T14:26:06+0000,1781792766,10148
2026-07-27,Zw9IYZoi4lR40x6kOh,World Cup Football GIF by OneFootball Heads,gif,2026-06-18T14:25:59+0000,1781792759,60832
2026-07-27,FXlBfysZeccejSPXLN,World Cup Football GIF by OneFootball Heads,gif,2026-06-18T14:25:54+0000,1781792754,29749
2026-07-27,j70G4xGbIAyl69HjSG,World Cup Football GIF by OneFootball Heads,gif,2026-06-18T14:25:47+0000,1781792747,41208
2026-07-27,qvGvze34SYzFy0IOjo,World Cup Football GIF by OneFootball Heads,gif,2026-06-18T14:25:41+0000,1781792741,26824
2026-07-27,XIxeCLHT9zVohiL4T9,World Cup Football GIF by OneFootball Heads,gif,2026-06-18T14:25:35+0000,1781792735,72393
2026-07-27,nfDB8cFWhS4Dee2sgL,France Football GIF by OneFootball Heads,gif,2026-06-18T14:25:29+0000,1781792729,21861
2026-07-27,yiNGJnacgioeujOFDw,France Football GIF by OneFootball Heads,gif,2026-06-18T14:25:24+0000,1781792724,26141
2026-07-27,UM7sju7MO1wK6KpVdR,World Cup Football GIF by OneFootball Heads,gif,2026-06-18T14:25:18+0000,1781792718,14122
2026-07-27,2AHzoH7CI4TQeyzYCD,France Football GIF by OneFootball Heads,gif,2026-06-18T14:25:12+0000,1781792712,15466
2026-07-27,RUcKKOR9LAGm3Sy9CY,World Cup Football GIF by OneFootball Heads,gif,2026-06-18T14:25:06+0000,1781792706,189844
2026-07-27,ymR0THwsC0ryufBoCC,World Cup Football GIF by OneFootball Heads,gif,2026-06-18T13:00:11+0000,1781787611,100983
2026-07-27,l5ZWNLnfskv9LTE03S,World Cup Football GIF by OneFootball Heads,gif,2026-06-18T12:59:41+0000,1781787581,23800
2026-07-27,GGxYV9J86hAuLOftmX,World Cup Football GIF by OneFootball Heads,gif,2026-06-18T12:59:35+0000,1781787575,76618
2026-07-27,YRgKKGuDWNqdVKUsJK,World Cup Football GIF by OneFootball Heads,gif,2026-06-18T12:59:29+0000,1781787569,47095
2026-07-27,sgLnfOIYS7BUIHXUxC,World Cup Football GIF by OneFootball Heads,gif,2026-06-18T12:59:23+0000,1781787563,19423
2026-07-27,hvHkkgdpNyYBCNwWii,World Cup Football GIF by OneFootball Heads,gif,2026-06-18T12:59:17+0000,1781787557,23553
2026-07-27,ocHIQm4HwUXQHcA1U0,World Cup Football GIF by OneFootball Heads,gif,2026-06-18T12:59:12+0000,1781787552,10159
2026-07-27,hZtR0YEJJ66b1a0Yrb,World Cup Football GIF by OneFootball Heads,gif,2026-06-18T12:59:06+0000,1781787546,8961
2026-07-27,QSA6gWBwyyXJIzo0gE,World Cup Football GIF by OneFootball Heads,gif,2026-06-18T12:59:00+0000,1781787540,12864
2026-07-27,99L1Ri4cmx4aZ82imT,World Cup Football GIF by OneFootball Heads,gif,2026-06-18T12:58:52+0000,1781787532,62311
2026-07-27,T0MPbboDiC4fnKtpKF,World Cup Football GIF by OneFootball Heads,gif,2026-06-18T12:58:48+0000,1781787528,58501
2026-07-27,XCGc4SGOCWsIxXCteW,World Cup Football GIF by OneFootball Heads,gif,2026-06-18T12:58:42+0000,1781787522,105774
2026-07-27,zSoJATxvNy74D0WE4l,World Cup Football GIF by OneFootball Heads,gif,2026-06-18T12:58:36+0000,1781787516,76707
2026-07-27,uCLrRaHsmPHmSNVkY8,World Cup Football GIF by OneFootball Heads,gif,2026-06-18T12:58:30+0000,1781787510,72292
2026-07-27,tsiV9e5BNYJs9N63xu,World Cup Football GIF by OneFootball Heads,gif,2026-06-18T12:58:25+0000,1781787505,365448
2026-07-27,vWQ3cNvlZdFGn4P8mC,World Cup Football GIF by OneFootball Heads,gif,2026-06-18T12:58:20+0000,1781787500,13785
2026-07-27,m6uaoa7xX7Dg2HnF6p,World Cup Football GIF by OneFootball Heads,gif,2026-06-18T12:58:12+0000,1781787492,8761
2026-07-27,tG40NFJ94fjjn3vRXR,World Cup Football GIF by OneFootball Heads,gif,2026-06-18T12:58:01+0000,1781787481,61355
2026-07-27,Gs7S4vm03HWudtCUxT,World Cup Football GIF by OneFootball Heads,gif,2026-06-18T12:57:56+0000,1781787476,71599
2026-07-27,lDvigQV6SivDb1PP17,World Cup Football GIF by OneFootball Heads,gif,2026-06-18T12:57:51+0000,1781787471,34419
2026-07-27,6nsJtjKzfX0DYG6Fg8,World Cup Football GIF by OneFootball Heads,gif,2026-06-18T12:57:47+0000,1781787467,32213
2026-07-27,SQwDBfwWSCoRe4PcNJ,World Cup Football GIF by OneFootball Heads,gif,2026-06-18T12:57:43+0000,1781787463,22874
2026-07-27,UwKnpGaeFmihxIEt4Z,World Cup Football GIF by OneFootball Heads,gif,2026-06-18T12:57:38+0000,1781787458,38150
2026-07-27,TfKAAlWTfJBh06kQ5S,World Cup Football GIF by OneFootball Heads,gif,2026-06-18T12:57:33+0000,1781787453,26512
2026-07-27,rI4yCkQXsGkvkN6qQy,World Cup Football GIF by OneFootball Heads,gif,2026-06-18T12:57:28+0000,1781787448,13461
2026-07-27,x6u2P1xWEqpnimsun6,World Cup Football GIF by OneFootball Heads,gif,2026-06-18T12:57:22+0000,1781787442,18704
2026-07-27,aFoEcC8r12zpxNNvSz,World Cup Football GIF by OneFootball Heads,gif,2026-06-18T12:57:16+0000,1781787436,9087
2026-07-27,Atdw4UUjkYNWJaCahh,World Cup Football GIF by OneFootball Heads,gif,2026-06-18T12:57:11+0000,1781787431,12771
2026-07-27,2XhJxylc2hyATdyLCy,World Cup Football GIF by OneFootball Heads,gif,2026-06-18T12:57:05+0000,1781787425,44158
2026-07-27,NZNjSEXDfUQbmupjJW,World Cup Football GIF by OneFootball Heads,gif,2026-06-18T12:56:59+0000,1781787419,62983
2026-07-27,a8ZxCyyxdwfSsqTwsL,World Cup Football GIF by OneFootball Heads,gif,2026-06-18T12:56:54+0000,1781787414,87560
2026-07-27,PJDjRlqkTOWG8CAWNa,World Cup Football GIF by OneFootball Heads,gif,2026-06-18T12:56:48+0000,1781787408,63218
2026-07-27,5bLSkn2OEV2LU4IPHI,World Cup Football GIF by OneFootball Heads,gif,2026-06-18T12:56:42+0000,1781787402,42187
2026-07-27,cYELoocQoVRmY2GRJq,World Cup Football GIF by OneFootball Heads,gif,2026-06-18T12:56:35+0000,1781787395,225272
2026-07-27,tRWPZFwfKYTcaQ0Vut,World Cup Football GIF by OneFootball Heads,gif,2026-06-18T12:56:28+0000,1781787388,14883
2026-07-27,kAZI2CjoJeDdkShdIp,World Cup Football GIF by OneFootball Heads,gif,2026-06-18T12:56:24+0000,1781787384,10208
2026-07-27,hVlGeCHhXYdIj5VuGy,World Cup Football GIF by OneFootball Heads,gif,2026-06-18T12:56:18+0000,1781787378,14816
2026-07-27,WxKKJGKsUUWPJgkf4N,World Cup Football GIF by OneFootball Heads,gif,2026-06-18T12:56:13+0000,1781787373,53701
2026-07-27,WxxWLGWv6UUZdsT2lS,World Cup Football GIF by OneFootball Heads,gif,2026-06-18T12:56:07+0000,1781787367,72082
2026-07-27,btR3gAi7NqgMjA2aNz,World Cup Football GIF by OneFootball Heads,gif,2026-06-18T12:55:31+0000,1781787331,7855
2026-07-27,3bdT6rswZrdJAAXyIY,World Cup Football GIF by OneFootball Heads,gif,2026-06-18T12:55:26+0000,1781787326,10059
2026-07-27,tPrbmCVHFFg7K72O3L,World Cup Football GIF by OneFootball Heads,gif,2026-06-18T12:55:20+0000,1781787320,7295
2026-07-27,K4y1b339hvcqk45WJ9,World Cup Football GIF by OneFootball Heads,gif,2026-06-18T12:55:15+0000,1781787315,235250
2026-07-27,oLP7BIj99u0sFUlnsV,World Cup Football GIF by OneFootball Heads,gif,2026-06-18T12:55:09+0000,1781787309,16881
2026-07-27,x3LVct059nDJWWHnBs,World Cup Football GIF by OneFootball Heads,gif,2026-06-18T12:55:04+0000,1781787304,18024
2026-07-27,yK7UnYilNJehrLYsIm,World Cup Football GIF by OneFootball Heads,gif,2026-06-18T12:54:59+0000,1781787299,68264
2026-07-27,gWRf9HI5C42rN1HirJ,World Cup Football GIF by OneFootball Heads,gif,2026-06-18T12:54:53+0000,1781787293,95164
2026-07-27,xoGxhyhEQOp0jXphxx,World Cup Football GIF by OneFootball Heads,gif,2026-06-18T12:54:47+0000,1781787287,160412
2026-07-27,J3HhbqcC2mKM6eetbu,World Cup Football GIF by OneFootball Heads,gif,2026-06-18T12:54:42+0000,1781787282,38874
2026-07-27,DArpiMDTC0np9ytWe8,World Cup Football GIF by OneFootball Heads,gif,2026-06-18T12:54:37+0000,1781787277,33017
2026-07-27,hUgUnBmpjUXA8w2eBC,World Cup Football GIF by OneFootball Heads,gif,2026-06-18T12:54:32+0000,1781787272,59233
2026-07-27,RjBXlk32cZwWJwL4gS,World Cup Football GIF by OneFootball Heads,gif,2026-06-18T12:54:27+0000,1781787267,15824
2026-07-27,ZeK2ek6RtyEL73iY0B,World Cup Football GIF by OneFootball Heads,gif,2026-06-18T12:54:20+0000,1781787260,41044
2026-07-27,bff86XIkSNuway0pUU,World Cup Football GIF by OneFootball Heads,gif,2026-06-18T12:54:16+0000,1781787256,87644
2026-07-27,IvciiQcSOnH7gFlwnK,World Cup Football GIF by OneFootball Heads,gif,2026-06-18T12:54:11+0000,1781787251,43935
2026-07-27,9F3kTka3lWs1MoyUW4,World Cup Football GIF by OneFootball Heads,gif,2026-06-18T12:54:03+0000,1781787243,39610
2026-07-27,ncRqGV6vGvUMh7oR7x,World Cup Football GIF by OneFootball Heads,gif,2026-06-18T12:53:56+0000,1781787236,117428
2026-07-27,gMAqaGlYLH1LnHhSQu,World Cup Football GIF by OneFootball Heads,gif,2026-06-18T12:53:51+0000,1781787231,20412
2026-07-27,kg7ti21Zmn5y1AtniN,World Cup Football GIF by OneFootball Heads,gif,2026-06-18T12:53:46+0000,1781787226,32515
2026-07-27,XR7PHHrmVHtqEK1gol,World Cup Football GIF by OneFootball Heads,gif,2026-06-18T12:53:40+0000,1781787220,214747
2026-07-27,HeFCcdgF37XybNbJM1,World Cup Football GIF by OneFootball Heads,gif,2026-06-18T12:53:35+0000,1781787215,27433
2026-07-27,XniMEEmJBr9ukfaFPg,World Cup Football GIF by OneFootball Heads,gif,2026-06-18T12:53:30+0000,1781787210,13217
2026-07-27,z3cQyCScaa6eQAPGxM,World Cup Football GIF by OneFootball Heads,gif,2026-06-18T12:53:25+0000,1781787205,24910
2026-07-27,bbd845md4bBhtzxnP2,World Cup Football GIF by OneFootball Heads,gif,2026-06-18T12:53:20+0000,1781787200,15439
2026-07-27,IhRt3YlSBJDDGKmVfA,World Cup Football GIF by OneFootball Heads,gif,2026-06-18T12:53:15+0000,1781787195,12409
2026-07-27,ob50T7GkSbkLLSRhQn,World Cup Football GIF by OneFootball Heads,gif,2026-06-18T12:53:10+0000,1781787190,13295
2026-07-27,2MJOk63MZDgJLnCWbP,Germany Football GIF by OneFootball Heads,gif,2026-06-18T12:53:05+0000,1781787185,7542
2026-07-27,tUcJ0CqH4BsIKAIDrB,Germany Football GIF by OneFootball Heads,gif,2026-06-18T12:53:00+0000,1781787180,17400
2026-07-27,HOOTxxN5gUjEhJDUzT,Germany Football GIF by OneFootball Heads,gif,2026-06-18T12:52:54+0000,1781787174,11659
2026-07-27,MibqmLIdqxwQepv1u4,France Football GIF by OneFootball Heads,gif,2026-06-18T12:52:50+0000,1781787170,16572
2026-07-27,zQxSWfx8MQYyxMzLTW,France Football GIF by OneFootball Heads,gif,2026-06-18T12:52:43+0000,1781787163,24425
2026-07-27,QgBxz4jlNWpq4U0VBL,France Football GIF by OneFootball Heads,gif,2026-06-18T12:52:37+0000,1781787157,29615
2026-07-27,akR7RsXOEBsCpVxsp6,World Cup Football GIF by OneFootball Heads,gif,2026-06-18T12:52:32+0000,1781787152,15257
2026-07-27,Foo1QLxlFskrsgYXD8,World Cup Football GIF by OneFootball Heads,gif,2026-06-18T12:52:25+0000,1781787145,64224
2026-07-27,JGpns399tHOQYO7P9u,World Cup Football GIF by OneFootball Heads,gif,2026-06-18T12:52:18+0000,1781787138,24679
2026-07-27,aZhAXcAN33Makb02CK,World Cup Football GIF by OneFootball Heads,gif,2026-06-18T12:52:12+0000,1781787132,131532
2026-07-27,mruAYNxpRfWT7zWOVa,World Cup Football GIF by OneFootball Heads,gif,2026-06-18T12:52:04+0000,1781787124,71138
2026-07-27,dgXu5U7aMzbfILnDcj,World Cup Football GIF by OneFootball Heads,gif,2026-06-18T12:51:59+0000,1781787119,227137
2026-07-27,d6ZMxXqdHwzsYsjIfP,World Cup Football GIF by OneFootball Heads,gif,2026-06-18T12:51:54+0000,1781787114,18499
2026-07-27,QoVAe2QifgvhK2rnTG,Si Se Puede World Cup GIF by OneFootball Heads,gif,2026-06-18T12:51:49+0000,1781787109,158318
2026-07-27,NFlNPPsEU6FSGuOk3e,World Cup Football GIF by OneFootball Heads,gif,2026-06-18T12:51:43+0000,1781787103,101691
2026-07-27,pq5a9erYX0mupYAw0r,World Cup Football GIF by OneFootball Heads,gif,2026-06-18T12:51:38+0000,1781787098,7812
2026-07-27,9Se0FcKFZFCt7lM2x3,World Cup Football GIF by OneFootball Heads,gif,2026-06-18T12:51:33+0000,1781787093,7916
2026-07-27,9YVJ3QFI0T2T1huuOt,World Cup Football GIF by OneFootball Heads,gif,2026-06-18T12:51:29+0000,1781787089,23608
2026-07-27,M466iBsWoTlNojJbyk,World Cup Football GIF by OneFootball Heads,gif,2026-06-18T12:51:23+0000,1781787083,32673
2026-07-27,Ksyo02KzynpxSGIdiu,World Cup Football GIF by OneFootball Heads,gif,2026-06-18T12:51:19+0000,1781787079,37447
2026-07-27,EsTiklBWYzosIzPluo,World Cup Football GIF by OneFootball Heads,gif,2026-06-18T12:51:14+0000,1781787074,28742
2026-07-27,xd0DzHA90wF0QspRKE,World Cup Football GIF by OneFootball Heads,gif,2026-06-18T12:51:09+0000,1781787069,179398
2026-07-27,AhaWzd6OjdlgzY8poL,World Cup Football GIF by OneFootball Heads,gif,2026-06-18T12:51:03+0000,1781787063,15758
2026-07-27,fLLDOs1PXL5od8aETL,World Cup Football GIF by OneFootball Heads,gif,2026-06-18T12:50:59+0000,1781787059,9433
2026-07-27,AkjBpF1TnoWQNI57N8,World Cup Football GIF by OneFootball Heads,gif,2026-06-18T12:50:54+0000,1781787054,14871
2026-07-27,wvmHbFg1ExLSSKMaOD,World Cup Football GIF by OneFootball Heads,gif,2026-06-18T12:50:49+0000,1781787049,128463
2026-07-27,8tQLdg1TjgKBuuPbco,World Cup Football GIF by OneFootball Heads,gif,2026-06-18T12:50:43+0000,1781787043,430383
2026-07-27,Ei2OUMXIhbpl8zcg07,World Cup Football GIF by OneFootball Heads,gif,2026-06-18T12:50:37+0000,1781787037,27764
2026-07-27,1knediJpPduWeBBS7N,World Cup Football GIF by OneFootball Heads,gif,2026-06-18T12:50:32+0000,1781787032,29377
2026-07-27,eGITs6JOnYa9vtjIwc,World Cup Football GIF by OneFootball Heads,gif,2026-06-18T12:50:26+0000,1781787026,92981
2026-07-27,ywVDodGGYpgsU7vb0Q,World Cup Football GIF by OneFootball Heads,gif,2026-06-18T12:50:20+0000,1781787020,47927
2026-07-27,LIqRddsJ488WR7JkgG,World Cup Football GIF by OneFootball Heads,gif,2026-06-18T12:50:14+0000,1781787014,133114
2026-07-27,dBEeUL0mbzScibZaSv,World Cup Football GIF by OneFootball Heads,gif,2026-06-18T12:50:09+0000,1781787009,16028
2026-07-27,s4hSWA7C4PRGJwjwkp,World Cup Football GIF by OneFootball Heads,gif,2026-06-18T12:50:03+0000,1781787003,16846
2026-07-27,kAVvf8QMmCmXU7NDA6,World Cup Football GIF by OneFootball Heads,gif,2026-06-18T12:49:59+0000,1781786999,9857
2026-07-27,XHby9xOM0HPzPJ6tqF,World Cup Football GIF by OneFootball Heads,gif,2026-06-18T12:49:53+0000,1781786993,11583
2026-07-27,LM6727wPq5tzhvVLMJ,World Cup Football GIF by OneFootball Heads,gif,2026-06-18T12:49:48+0000,1781786988,102701
2026-07-27,RJZFIKDrvM9UVstlHg,World Cup Football GIF by OneFootball Heads,gif,2026-06-18T12:49:42+0000,1781786982,100539
2026-07-27,tZ7DeEmaE9nn2rqcF3,World Cup Football GIF by OneFootball Heads,gif,2026-06-18T12:49:36+0000,1781786976,124037
2026-07-27,XQGaZGKKKFL5DGdt4Y,Vamos Argentina World Cup GIF by OneFootball Heads,gif,2026-06-18T12:49:31+0000,1781786971,149650
2026-07-27,wdwglOfifi6NYq9tjO,World Cup Football GIF by OneFootball Heads,gif,2026-06-18T12:49:26+0000,1781786966,37181
2026-07-27,Lg6tJBqeg7Z8iHTvJK,World Cup Football GIF by OneFootball Heads,gif,2026-06-18T12:49:20+0000,1781786960,179578
2026-07-27,VFmjfFzMv0JETVuokv,World Cup Football GIF by OneFootball Heads,gif,2026-06-18T12:49:11+0000,1781786951,471165
2026-07-27,X8U2NmVTuTntFxGesd,Football Fan Vacation GIF by OneFootball Heads,gif,2026-05-22T01:55:27+0000,1779414927,204162
2026-07-27,An7uqeayxR5J8dKHu4,Level Up Football Meme GIF by OneFootball Heads,gif,2026-05-22T01:55:13+0000,1779414913,114759
2026-07-27,WCIkiuYpS3S6XKV8Rn,Cope Football Fan GIF by OneFootball Heads,gif,2026-05-22T01:55:00+0000,1779414900,41181
2026-07-27,QytjwhKBE2ObyydwQb,Big Game Matchday GIF by OneFootball Heads,gif,2026-05-22T01:54:53+0000,1779414893,127166
2026-07-27,Jzp6EmR66Abn9ExWls,Football Fan Transfer GIF by OneFootball Heads,gif,2026-05-22T01:54:39+0000,1779414879,45697
2026-07-27,6UDc6ioncYRxWDnp0G,Signing Football Fan GIF by OneFootball Heads,gif,2026-05-22T01:54:32+0000,1779414872,218450
2026-07-27,2FbqKii3sahcmtOgU2,Opening Day Hype GIF by OneFootball Heads,gif,2026-05-22T01:54:23+0000,1779414863,34839
2026-07-27,592ZMrdelj8j8DlQ2w,Football Fan Summer GIF by OneFootball Heads,gif,2026-05-22T01:54:17+0000,1779414857,57983
2026-07-27,R3h2NcJNbFNBpS4g6q,Out Of Office Season GIF by OneFootball Heads,gif,2026-05-22T01:54:10+0000,1779414850,133631
2026-07-27,b40vcDOn7iizajr2oM,Football Fan Scout GIF by OneFootball Heads,gif,2026-05-22T01:53:30+0000,1779414810,158730
2026-07-27,JhkFcH98uvMrnDgmn6,Sarcastic Football Fan GIF by OneFootball Heads,gif,2026-05-22T01:53:22+0000,1779414802,44888
2026-07-27,JkGNpFYB3cY7FHn9sx,Champions League Vibes GIF by OneFootball Heads,gif,2026-05-22T01:53:15+0000,1779414795,20439
2026-07-27,DBNUsVBmNhdqMaetuc,Champions League Knockout GIF by OneFootball Heads,gif,2026-05-22T01:53:08+0000,1779414788,27682
2026-07-27,dxie0mdUARIwhn2yee,Champions League Uefa GIF by OneFootball Heads,gif,2026-05-22T01:53:01+0000,1779414781,39176
2026-07-27,HoEkTdvUpnS9WvVPcF,Football Waiting GIF by OneFootball Heads,gif,2026-05-18T15:31:16+0000,1779118276,192991
2026-07-27,8Ju2XpAU8kax6RU9pd,Digital Art Crypto GIF by OneFootball Heads,gif,2026-05-18T15:31:09+0000,1779118269,69313
2026-07-27,UGSaXOiJokVFwXEoAT,Confused Crypto GIF by OneFootball Heads,gif,2026-05-18T15:31:03+0000,1779118263,14630
2026-07-27,RlkKf5MBzEjqzqN3Pt,Excited Crypto GIF by OneFootball Heads,gif,2026-05-18T15:30:57+0000,1779118257,36917
2026-07-27,OlLlVUZxrcqZm6RPza,Excited Digital Art GIF by OneFootball Heads,gif,2026-05-18T15:30:50+0000,1779118250,13652
2026-07-27,jxA1BBEg6NzTQL7pvd,Football Love GIF by OneFootball Heads,gif,2026-05-18T15:30:43+0000,1779118243,114363
2026-07-27,TL448BG9MrQXfVRka2,Happy Good Vibes GIF by OneFootball Heads,gif,2026-05-18T15:30:36+0000,1779118236,63882
2026-07-27,0jVa8eudaK9tG5KOUh,Nervous World Cup GIF by OneFootball Heads,gif,2026-05-18T15:30:25+0000,1779118225,151567
2026-07-27,NCXTJOeB6clLl1XIHm,Frustrated Football Fan GIF by OneFootball Heads,gif,2026-05-18T15:30:18+0000,1779118218,37998
2026-07-27,RKSWD89SckpaCkF7lB,World Cup Waiting GIF by OneFootball Heads,gif,2026-05-18T15:30:11+0000,1779118211,47746
2026-07-27,v5PJmNVxWOTTThmnQg,Excited World Cup GIF by OneFootball Heads,gif,2026-05-18T15:30:00+0000,1779118200,88481
2026-07-27,fsCP6Oda0qmhcNPKE1,Tag4 Tag5 GIF by OneFootball Heads,gif,2026-05-18T05:09:54+0000,1779080994,33656
2026-07-27,oT8h0iLmJVj4OORrVw,Football Celebrate GIF by OneFootball Heads,gif,2026-05-18T05:05:15+0000,1779080715,5339
2026-07-27,sT7JTqgV96345rxK6n,Nervous Football GIF by OneFootball Heads,gif,2026-05-18T05:05:03+0000,1779080703,21358
2026-07-27,oEK27lR1AH4L1uw531,Fantasy Football GIF by OneFootball Heads,gif,2026-05-18T05:04:57+0000,1779080697,25396
2026-07-27,XzFg2ZpcLiS4s3N1KC,Football Winning GIF by OneFootball Heads,gif,2026-05-18T05:04:51+0000,1779080691,54524
2026-07-27,maNlF3eSXasPrO4QdO,Time Out Football GIF by OneFootball Heads,gif,2026-03-26T22:33:20+0000,1774564400,98827
2026-07-27,czdCrCBERAQKBOfOLo,Football Soccer GIF by OneFootball Heads,gif,2026-03-26T22:33:15+0000,1774564395,193828
2026-07-27,vtBtvkJFk09naDtqBk,Football Frown GIF by OneFootball Heads,gif,2026-03-26T22:33:09+0000,1774564389,95168
2026-07-27,PMny68XCKFiABxd1SZ,Hat Trick Football GIF by OneFootball Heads,gif,2026-03-26T22:33:05+0000,1774564385,562956
2026-07-27,NKb9LW9MrxO48Cd9Mu,Not Funny Football GIF by OneFootball Heads,gif,2026-03-26T22:32:55+0000,1774564375,26396
2026-07-27,6guW2txh6RAr0RCnTP,April Fools Football GIF by OneFootball Heads,gif,2026-03-26T22:32:51+0000,1774564371,134244
2026-07-27,6o7c1nxSuBTp6XIMzm,Football Soccer GIF by OneFootball Heads,gif,2026-03-26T22:32:44+0000,1774564364,689307
2026-07-27,kFnvhvvnxA6KwTnIzA,Hat-Trick Football GIF by OneFootball Heads,gif,2026-03-26T22:32:38+0000,1774564358,401085
2026-07-27,ZEleEa4pY0l7ufKnSY,Hat Trick Football GIF by OneFootball Heads,gif,2026-03-26T22:32:31+0000,1774564351,47874
2026-07-27,pPGGvsQjn9xJb55F8i,Hat Trick Football GIF by OneFootball Heads,gif,2026-03-26T22:32:23+0000,1774564343,89755
2026-07-27,HXbjrTClytGyPjam3M,Hat-Trick Football GIF by OneFootball Heads,gif,2026-03-26T22:32:17+0000,1774564337,3582099
2026-07-27,2fR6fBgW6BZU1CPIqG,Easter Bunny Football GIF by OneFootball Heads,gif,2026-03-26T22:32:11+0000,1774564331,81836
2026-07-27,7HumoY5K6oo1enpFWe,Easter Bunny Football GIF by OneFootball Heads,gif,2026-03-26T22:32:07+0000,1774564327,169330
2026-07-27,Z43RfKcmhr06OQ5ae2,Easter Eggs Football GIF by OneFootball Heads,gif,2026-03-26T22:32:01+0000,1774564321,86335
2026-07-27,9bIcqjJn0WBjTCqQOT,Dance Football GIF by OneFootball Heads,gif,2026-03-26T22:31:56+0000,1774564316,191354
2026-07-27,MZExsocb7ggfMPqiBk,Football Soccer GIF by OneFootball Heads,gif,2026-03-26T22:31:48+0000,1774564308,49627
2026-07-27,EMrPMmyufe1a1Tz1A5,Full Time Football GIF by OneFootball Heads,gif,2026-03-26T22:31:43+0000,1774564303,154588
2026-07-27,GMibniHgHabH5FsvSf,Football Soccer GIF by OneFootball Heads,gif,2026-03-26T22:31:38+0000,1774564298,232688
2026-07-27,shE8kiyTqgMBGFmkLs,April Fools Football GIF by OneFootball Heads,gif,2026-03-26T22:31:34+0000,1774564294,77065
2026-07-27,5ssoenGB420wQegvln,April Fools Football GIF by OneFootball Heads,gif,2026-03-26T22:31:30+0000,1774564290,117954
2026-07-27,lMtSWlhMBsTkmUot5s,April Fools Football GIF by OneFootball Heads,gif,2026-03-26T22:31:24+0000,1774564284,143190
2026-07-27,XCdhyRfbj2GvgufO0u,Football Soccer GIF by OneFootball Heads,gif,2026-03-26T22:31:20+0000,1774564280,1340191
2026-07-27,xD1vpKInrkzJ3Fxael,Space Time GIF by OneFootball Heads,gif,2026-02-09T04:39:28+0000,1770611968,23229
2026-07-27,WhOTaSjCzQyMAMBn5v,Podcast Commentator GIF by OneFootball Heads,gif,2026-02-09T04:39:22+0000,1770611962,135523
2026-07-27,DGjlGcceVl5RDQC6v7,Football Podcast GIF by OneFootball Heads,gif,2026-02-09T04:39:16+0000,1770611956,36187
2026-07-27,3So6FuGb7wVk14P481,Happy Holidays GIF by OneFootball Heads,gif,2026-02-09T04:39:11+0000,1770611951,17377
2026-07-27,cfLHHFi62dBMYsloN7,Shocked Whats That GIF by OneFootball Heads,gif,2026-02-09T04:38:50+0000,1770611930,56861
2026-07-27,Oa4QJT3Fb0zQ037mov,Shock Whats That GIF by OneFootball Heads,gif,2026-02-09T04:38:43+0000,1770611923,326762
2026-07-27,QGy9WgPA5wdXUx7yKE,Nara Superfans GIF by OneFootball Heads,gif,2026-02-09T04:38:35+0000,1770611915,168157
2026-07-27,eEEVPZVPzXY9ceK13z,Metal Detector Searching GIF by OneFootball Heads,gif,2026-02-09T04:38:25+0000,1770611905,494764
2026-07-27,ptWaTNOtCbJyFoPOsI,Run Fall Over GIF by OneFootball Heads,gif,2026-02-09T04:38:20+0000,1770611900,75912
2026-07-27,LOVAgqCndxbF0yVSvH,Red Flag Toxic Relationship GIF by OneFootball Heads,gif,2026-02-09T04:38:16+0000,1770611896,68078
2026-07-27,aA455rZHUzTePr7fRv,Happy Holidays GIF by OneFootball Heads,gif,2026-02-09T04:38:11+0000,1770611891,19336
2026-07-27,FjOH5YsFZv0M1wuIBb,Metal Detector GIF by OneFootball Heads,gif,2026-02-09T04:37:32+0000,1770611852,1442620
2026-07-27,no6Mm0U0L9Mv9tzvN9,Nara Superfans GIF by OneFootball Heads,gif,2026-02-09T04:37:27+0000,1770611847,149784
2026-07-27,bfb6MDov8wj5qopEZC,Sad Sorry GIF by OneFootball Heads,gif,2026-02-09T04:37:19+0000,1770611839,59910
2026-07-27,EbEX6H0ZYbCTI9nI25,Sad Mistake GIF by OneFootball Heads,gif,2026-02-09T04:37:13+0000,1770611833,52283
2026-07-27,aW3mqoINZ433Rj4TMz,Happy Green Flag GIF by OneFootball Heads,gif,2026-02-09T04:37:08+0000,1770611828,42771
2026-07-27,Xy1embN5dYLxDL7J1h,Ronaldo Flick GIF by OneFootball Heads,gif,2026-02-09T04:37:02+0000,1770611822,106618
2026-07-27,0f7MezZNdfdf09G5MR,Keeper Penalty GIF by OneFootball Heads,gif,2026-02-09T04:36:58+0000,1770611818,104280
2026-07-27,pUCY24xEv3FuNvWA54,Happy Football GIF by OneFootball Heads,gif,2026-02-09T04:36:54+0000,1770611814,35980
2026-07-27,BuT7JDz3OLtImz82QE,Walk Like An Egyptian Dancing GIF by OneFootball Heads,gif,2026-02-09T04:36:49+0000,1770611809,1143917
2026-07-27,MgeNDcgT4gXYn338jR,Happy Birthday Gift GIF by OneFootball Heads,gif,2026-02-09T04:36:43+0000,1770611803,88339
2026-07-27,rcKw9ZKuo0lLFzIuuZ,Warning Red Flag GIF by OneFootball Heads,gif,2026-02-09T04:36:38+0000,1770611798,252220
2026-07-27,N20tM6nrrXQMl4HYWz,Green Flag Relationships GIF by OneFootball Heads,gif,2026-02-09T04:36:33+0000,1770611793,1173516
2026-07-27,W2qRsuV2W45gij9eyQ,Spotlight Beacon GIF by OneFootball Heads,gif,2026-02-05T11:03:35+0000,1770289415,15861
2026-07-27,hhL4cErWygGzv0PMwl,Pool Party Summer GIF by OneFootball Heads,gif,2026-01-20T14:30:33+0000,1768919433,402368
2026-07-27,XCB5P8yCHz9CiAl41q,I Love You Couple GIF by OneFootball Heads,gif,2026-01-20T14:30:19+0000,1768919419,53285
2026-07-27,IipkQotlmo8Sh1ABvk,Valentines Day Love GIF by OneFootball Heads,gif,2026-01-20T14:30:08+0000,1768919408,20070
2026-07-27,CaEoDtcNHxY0y3Ll4k,Valentines Day GIF by OneFootball Heads,gif,2026-01-20T14:30:02+0000,1768919402,36101
2026-07-27,zKf31joKvY23SQdSTF,I Love You Flower GIF by OneFootball Heads,gif,2026-01-20T14:29:56+0000,1768919396,170807
2026-07-27,GT9cgAAAtfM5JgcZpQ,I Love You Flowers GIF by OneFootball Heads,gif,2026-01-20T14:29:46+0000,1768919386,53487
2026-07-27,01gaL9yoKUBxA6lLSx,I Love You Flowers GIF by OneFootball Heads,gif,2026-01-20T14:29:35+0000,1768919375,100325
2026-07-27,MODuEqgpv6IROKtJrO,Roblox GIF by OneFootball Heads,gif,2026-01-20T14:29:20+0000,1768919360,182954
2026-07-27,2Tmk43f9xbaX1HX5XW,Celebrate World Cup GIF by OneFootball Heads,gif,2026-01-20T05:12:20+0000,1768885940,505399
2026-07-27,VZ9JDjblGrqOCxqVFT,Celebrate World Cup GIF by OneFootball Heads,gif,2026-01-20T05:12:15+0000,1768885935,3120778
2026-07-27,bKDPhQuR4aMtOTfzSz,Celebrate World Cup GIF by OneFootball Heads,gif,2026-01-20T05:12:09+0000,1768885929,420868
2026-07-27,ZfzDxoltZ5FyWrmTJl,Celebrate World Cup GIF by OneFootball Heads,gif,2026-01-20T05:12:03+0000,1768885923,1118708
2026-07-27,0QcUioJ7k6T2xRT6dI,Celebrate World Cup GIF by OneFootball Heads,gif,2026-01-20T05:11:56+0000,1768885916,232630
2026-07-27,MmwWuKZzjxYw05RF8z,Celebrate World Cup GIF by OneFootball Heads,gif,2026-01-20T05:11:48+0000,1768885908,1391134
2026-07-27,4yGaQKJE08kHXPuyMn,Celebrate World Cup GIF by OneFootball Heads,gif,2026-01-20T05:11:41+0000,1768885901,929867
2026-07-27,IvJvPYEXDOoV3ju64N,Celebrate World Cup GIF by OneFootball Heads,gif,2026-01-20T05:11:34+0000,1768885894,1277396
2026-07-27,mLYuk0RvMxWAISGnCA,Celebrate World Cup GIF by OneFootball Heads,gif,2026-01-20T05:11:22+0000,1768885882,61407
2026-07-27,mwnu1QWfjuMZbKdgcp,Celebrate World Cup GIF by OneFootball Heads,gif,2026-01-20T05:11:12+0000,1768885872,1013597
2026-07-27,5IYv7MHczMNdqnxWa1,Celebrate World Cup GIF by OneFootball Heads,gif,2026-01-20T05:11:06+0000,1768885866,856865
2026-07-27,3DDxEpa9LhhPXbXpoY,Celebrate World Cup GIF by OneFootball Heads,gif,2026-01-20T05:10:59+0000,1768885859,95848
2026-07-27,QJ4gYE5K7A8FPhPHuX,Celebrate World Cup GIF by OneFootball Heads,gif,2026-01-20T05:10:52+0000,1768885852,300810
2026-07-27,SAyhOhXMo16hk1ceaB,Celebrate World Cup GIF by OneFootball Heads,gif,2026-01-20T05:10:45+0000,1768885845,141554
2026-07-27,3CjwLHLooBGmDorkzF,Celebrate World Cup GIF by OneFootball Heads,gif,2026-01-20T05:10:39+0000,1768885839,564003
2026-07-27,54Lr6tnL43zux7QcZh,Celebrate World Cup GIF by OneFootball Heads,gif,2026-01-20T05:10:30+0000,1768885830,217319
2026-07-27,XjiCTell4KeSfAqaQZ,Celebrate World Cup GIF by OneFootball Heads,gif,2026-01-20T05:10:20+0000,1768885820,80178
2026-07-27,7rJDG9tWHp7KA9rDDq,Celebrate World Cup GIF by OneFootball Heads,gif,2026-01-20T05:10:15+0000,1768885815,38260
2026-07-27,ZIv6jXtuNWmqe8i4d8,Celebrate World Cup GIF by OneFootball Heads,gif,2026-01-20T05:09:53+0000,1768885793,26009
2026-07-27,Px3XFOmPDLjRvP9YeG,Celebrate World Cup GIF by OneFootball Heads,gif,2026-01-20T05:09:34+0000,1768885774,318403
2026-07-27,ej3ZCWbOwLxwRNC2Kg,Celebrate World Cup GIF by OneFootball Heads,gif,2026-01-20T05:09:28+0000,1768885768,157626
2026-07-27,PictPG2QUCZqYQ7QJm,Celebrate World Cup GIF by OneFootball Heads,gif,2026-01-20T05:09:19+0000,1768885759,95007
2026-07-27,r1CQkqGt4aI7wr1Ohw,Celebrate World Cup GIF by OneFootball Heads,gif,2026-01-20T05:09:10+0000,1768885750,184961
2026-07-27,zuMnz0s1el2MO30gjg,Celebrate World Cup GIF by OneFootball Heads,gif,2026-01-20T05:09:02+0000,1768885742,748044
2026-07-27,0rAnJ9bILAp2bIGcpT,Celebrate World Cup GIF by OneFootball Heads,gif,2026-01-20T05:08:55+0000,1768885735,44584
2026-07-27,R4K3oSgQ7goRV5dQW2,Celebrate World Cup GIF by OneFootball Heads,gif,2026-01-20T05:08:49+0000,1768885729,62430
2026-07-27,CQF6AFxLK2g5y2B2NN,Celebrate World Cup GIF by OneFootball Heads,gif,2026-01-20T05:08:43+0000,1768885723,1414162
2026-07-27,WoJ1KruDxKQ1TdT7LG,Celebrate World Cup GIF by OneFootball Heads,gif,2026-01-20T05:08:34+0000,1768885714,499991
2026-07-27,5NxsFyN2WM2HjI1BpK,Celebrate World Cup GIF by OneFootball Heads,gif,2026-01-20T05:08:25+0000,1768885705,167737
2026-07-27,qpJtW9XMVylfz7N32c,Celebrate World Cup GIF by OneFootball Heads,gif,2026-01-20T05:08:16+0000,1768885696,505727
2026-07-27,clODkNL8QqeiiLV871,Celebrate World Cup GIF by OneFootball Heads,gif,2026-01-20T05:08:08+0000,1768885688,307079
2026-07-27,ba5JMnrKk4o9z7yiP0,Celebrate World Cup GIF by OneFootball Heads,gif,2026-01-20T05:08:01+0000,1768885681,2328192
2026-07-27,Brkoiafxyzb94gXrMa,Celebrate World Cup GIF by OneFootball Heads,gif,2026-01-20T05:07:57+0000,1768885677,567127
2026-07-27,3lTznm8qcjuD0dOyof,Celebrate World Cup GIF by OneFootball Heads,gif,2026-01-20T05:07:52+0000,1768885672,2120499
2026-07-27,VSmo1UmSEnNBOkzzKN,Celebrate World Cup GIF by OneFootball Heads,gif,2026-01-20T05:07:46+0000,1768885666,495134
2026-07-27,4zCNON1K71s6JXOFd5,Celebrate World Cup GIF by OneFootball Heads,gif,2026-01-20T05:07:38+0000,1768885658,922791
2026-07-27,VTG38I0RqkksEgqTdJ,Celebrate World Cup GIF by OneFootball Heads,gif,2026-01-20T05:07:31+0000,1768885651,63686
2026-07-27,qhb6MgP55rZQIiJPFf,Celebrate World Cup GIF by OneFootball Heads,gif,2026-01-20T05:07:24+0000,1768885644,296538
2026-07-27,MU4wAQ5AZqlBJTyGFw,Celebrate World Cup GIF by OneFootball Heads,gif,2026-01-20T05:07:16+0000,1768885636,59649
2026-07-27,ykoTW1SqAFoUKMXfwl,Celebrate World Cup GIF by OneFootball Heads,gif,2026-01-20T05:07:09+0000,1768885629,1374485
2026-07-27,Xl33ygtw7ZElNbVTch,Celebrate World Cup GIF by OneFootball Heads,gif,2026-01-20T05:07:02+0000,1768885622,143355
2026-07-27,s6eCu3KXqkq8sKt2pD,World Cup Win GIF by OneFootball Heads,gif,2026-01-20T05:06:54+0000,1768885614,5592801
2026-07-27,m6Ldp765JS1TOc1epw,Celebrate World Cup GIF by OneFootball Heads,gif,2026-01-20T05:06:48+0000,1768885608,69224
2026-07-27,H5b7aOpD0MCxbT3jFO,Celebrate World Cup GIF by OneFootball Heads,gif,2026-01-20T05:06:42+0000,1768885602,274769
2026-07-27,HU5ZX6NCZHrKdAkGtf,Celebrate World Cup GIF by OneFootball Heads,gif,2026-01-20T05:06:35+0000,1768885595,395196
2026-07-27,BxCTf1cNDlhFUdurmO,Celebrate World Cup GIF by OneFootball Heads,gif,2026-01-20T05:06:27+0000,1768885587,487951
2026-07-27,i09kDxdM8snHxPKl1i,Celebrate World Cup GIF by OneFootball Heads,gif,2026-01-20T05:06:21+0000,1768885581,321222
2026-07-27,GAczcLkdTCTPS01kQy,Celebrate World Cup GIF by OneFootball Heads,gif,2026-01-20T05:06:16+0000,1768885576,422689
2026-07-27,N6xT6C3SVJJSwH8Mgl,Celebrate World Cup GIF by OneFootball Heads,gif,2026-01-20T05:06:08+0000,1768885568,47621
2026-07-27,WmTuF4gz4C3ZfoHQGw,Celebrate World Cup GIF by OneFootball Heads,gif,2026-01-20T05:06:00+0000,1768885560,217555
2026-07-27,gfv9pQSjyN83iR0zM0,Celebrate World Cup GIF by OneFootball Heads,gif,2026-01-20T05:05:47+0000,1768885547,1842189
2026-07-27,H1SV8pkPwh24wqRfyd,Celebrate World Cup GIF by OneFootball Heads,gif,2026-01-20T05:05:41+0000,1768885541,1628253
2026-07-27,XYGeNuYFTJxYanc1ij,Celebrate World Cup GIF by OneFootball Heads,gif,2026-01-20T05:05:22+0000,1768885522,1012847
2026-07-27,bktvFDtSnncI1w598s,Celebrate World Cup GIF by OneFootball Heads,gif,2026-01-20T05:05:14+0000,1768885514,306027
2026-07-27,Tp7JErC4Ak5ZrF8ciK,Celebrate World Cup GIF by OneFootball Heads,gif,2026-01-20T05:05:08+0000,1768885508,3708866
2026-07-27,ZqZUWuxULL0IZ3XdCW,Celebrate World Cup GIF by OneFootball Heads,gif,2026-01-20T05:05:02+0000,1768885502,414304
2026-07-27,XbEj9EvaOwUas4Zfkd,Celebrate World Cup GIF by OneFootball Heads,gif,2026-01-20T05:04:55+0000,1768885495,493964
2026-07-27,n4eta4zIkCRr6xbK2f,Celebrate Germany GIF by OneFootball Heads,gif,2026-01-20T05:04:48+0000,1768885488,665902
2026-07-27,uXV0BqmxAJt7VKNgZh,Celebrate Germany GIF by OneFootball Heads,gif,2026-01-20T05:04:40+0000,1768885480,409728
2026-07-27,zdfDUrgmjZWA1HNsfu,Celebrate France GIF by OneFootball Heads,gif,2026-01-20T05:04:27+0000,1768885467,88342
2026-07-27,jRRG7jt2Js6MacrDGd,Celebrate France GIF by OneFootball Heads,gif,2026-01-20T05:04:19+0000,1768885459,75171
2026-07-27,9dJzU7bFwJBIWjvWO0,Celebrate World Cup GIF by OneFootball Heads,gif,2026-01-20T05:04:12+0000,1768885452,890744
2026-07-27,qeTcrWW3wozMaIX6Af,Celebrate World Cup GIF by OneFootball Heads,gif,2026-01-20T05:04:05+0000,1768885445,126952
2026-07-27,1MTfxcyrTyUFK9Zp3S,Celebrate World Cup GIF by OneFootball Heads,gif,2026-01-20T05:03:57+0000,1768885437,11014930
2026-07-27,w0t4WTCyVJfbNIAwdR,Celebrate World Cup GIF by OneFootball Heads,gif,2026-01-20T05:03:50+0000,1768885430,750759
2026-07-27,V7KYS0VPWVdhPFUj9Z,Celebrate World Cup GIF by OneFootball Heads,gif,2026-01-20T05:03:43+0000,1768885423,437293
2026-07-27,prWnSRzSzVrBZLv41A,Celebrate World Cup GIF by OneFootball Heads,gif,2026-01-20T05:03:31+0000,1768885411,240398
2026-07-27,7UCWuilJRYlAu15j7U,Celebrate World Cup GIF by OneFootball Heads,gif,2026-01-20T05:03:24+0000,1768885404,3740453
2026-07-27,pTNVcut8Um4qfqAn0v,Celebrate World Cup GIF by OneFootball Heads,gif,2026-01-20T05:03:16+0000,1768885396,841834
2026-07-27,IXMc63EIZGgNlNQNZD,Celebrate World Cup GIF by OneFootball Heads,gif,2026-01-20T05:03:10+0000,1768885390,82455
2026-07-27,QBgFxeacBb59LMX5su,Celebrate World Cup GIF by OneFootball Heads,gif,2026-01-20T05:03:03+0000,1768885383,569901
2026-07-27,wDcx1Rm1hXxGKefyTR,Celebrate World Cup GIF by OneFootball Heads,gif,2026-01-20T05:02:55+0000,1768885375,332978
2026-07-27,X4AaDMS42L6wqp9I4S,Celebrate World Cup GIF by OneFootball Heads,gif,2026-01-20T05:02:48+0000,1768885368,21539
2026-07-27,ZUwEmP2EchPgZetmps,Celebrate World Cup GIF by OneFootball Heads,gif,2026-01-20T05:02:40+0000,1768885360,590393
2026-07-27,PlShyiN5tlquexvBB2,Celebrate World Cup GIF by OneFootball Heads,gif,2026-01-20T05:02:34+0000,1768885354,53596
2026-07-27,S0GO7wvqciKU6znbFW,Celebrate World Cup GIF by OneFootball Heads,gif,2026-01-20T05:02:26+0000,1768885346,25498905
2026-07-27,Zil84rm4wvlWsJqo9C,Celebrate World Cup GIF by OneFootball Heads,gif,2026-01-20T05:02:18+0000,1768885338,9583812
2026-07-27,l23aOmdgpH4PVpPOOF,Celebrate World Cup GIF by OneFootball Heads,gif,2026-01-20T05:02:11+0000,1768885331,294733
2026-07-27,zAo4CHpNAaNDg27lmG,Celebrate World Cup GIF by OneFootball Heads,gif,2026-01-20T05:02:03+0000,1768885323,225840
2026-07-27,wMeQ3go50ahhciuZwK,Celebrate World Cup GIF by OneFootball Heads,gif,2026-01-20T05:01:55+0000,1768885315,142569
2026-07-27,3Ej0FdtgfzHznxfoaW,Celebrate World Cup GIF by OneFootball Heads,gif,2026-01-20T05:01:48+0000,1768885308,110083
2026-07-27,QU3jtBvOsGT110czty,Celebrate World Cup GIF by OneFootball Heads,gif,2026-01-20T05:01:42+0000,1768885302,46542
2026-07-27,kIF7T5i5o9pEglhEHa,Celebrate World Cup GIF by OneFootball Heads,gif,2026-01-20T05:01:37+0000,1768885297,31740
2026-07-27,Y88yhiJDH6tRpPaQ9Y,Celebrate World Cup GIF by OneFootball Heads,gif,2026-01-20T05:01:32+0000,1768885292,24356
2026-07-27,x7ukpMi4J3VotdbBxy,Celebrate World Cup GIF by OneFootball Heads,gif,2026-01-20T05:01:24+0000,1768885284,64221
2026-07-27,soFxWwpvpFThVlZGd4,Celebrate World Cup GIF by OneFootball Heads,gif,2026-01-20T05:01:15+0000,1768885275,341061
2026-07-27,6SPE2NmJboU2RJtzU7,Celebrate World Cup GIF by OneFootball Heads,gif,2026-01-20T05:01:06+0000,1768885266,245160
2026-07-27,g2KaTr5PnaMjjBUagH,Celebrate World Cup GIF by OneFootball Heads,gif,2026-01-20T05:00:58+0000,1768885258,846265
2026-07-27,oowpSQYkmY8zkkApHu,Celebrate World Cup GIF by OneFootball Heads,gif,2026-01-20T05:00:50+0000,1768885250,713576
2026-07-27,vnuMwvlswGMW38poq2,Celebrate World Cup GIF by OneFootball Heads,gif,2026-01-20T05:00:42+0000,1768885242,42742
2026-07-27,W4ZiN0w5JKJF4oK36b,Celebrate World Cup GIF by OneFootball Heads,gif,2026-01-20T05:00:35+0000,1768885235,434790
2026-07-27,cj0jRYyipLPlzwLs0i,Celebrate World Cup GIF by OneFootball Heads,gif,2026-01-20T05:00:24+0000,1768885224,614238
2026-07-27,JcOB2VB2OeXB5ExpHH,Gerald Calm Down GIF by OneFootball Heads,gif,2025-10-31T03:54:48+0000,1761882888,43471
2026-07-27,zbcPsquuTZdA0tMKBx,Celebration Brazil GIF by OneFootball Heads,gif,2025-10-25T01:56:58+0000,1761357418,1095269
2026-07-27,kkOOWhftIUKH1gRFI3,Hype Celebrate GIF by OneFootball Heads,gif,2025-10-23T09:22:13+0000,1761211333,66025
2026-07-27,Smkq4gh20rTCo9XA5K,Football Celebration Superfans GIF by OneFootball Heads,gif,2025-10-23T09:22:01+0000,1761211321,59377
2026-07-27,TnYyD0Y5gHcxxIs60O,Notes Notebook GIF by OneFootball Heads,gif,2025-10-23T09:21:45+0000,1761211305,107086
2026-07-27,cPeIETb5b6zKnkngts,Serious Red Card GIF by OneFootball Heads,gif,2025-10-19T17:12:31+0000,1760893951,393060
2026-07-27,JGbVQO4No1vjY8SRwp,Soccer Warning GIF by OneFootball Heads,gif,2025-10-19T17:12:25+0000,1760893945,130953
2026-07-27,9sKA3ibq7zX02Os7y4,Happy Celebration GIF by OneFootball Heads,gif,2025-10-19T17:12:20+0000,1760893940,331127
2026-07-27,VWeSrHKWQs9WHgEkvh,Well Done Yes GIF by OneFootball Heads,gif,2025-10-19T17:12:07+0000,1760893927,82013
2026-07-27,QMj3VgVVShzZkjSxTd,Jack O Lantern Fun GIF by OneFootball Heads,gif,2025-10-19T17:11:58+0000,1760893918,76594
2026-07-27,BCu7HM8TzjOxYRWxCB,Pumpkin Spice Smile GIF by OneFootball Heads,gif,2025-10-19T17:11:50+0000,1760893910,35522
2026-07-27,SglBDgyXDRttbNrLM2,Soccer Warning GIF by OneFootball Heads,gif,2025-10-19T17:11:43+0000,1760893903,75294
2026-07-27,Atd0AOMP5wrkqhYQpM,Serious Red Card GIF by OneFootball Heads,gif,2025-10-19T17:11:38+0000,1760893898,1620027
2026-07-27,tMZ7ky54PGeypqgalT,Surprise Represent GIF by OneFootball Heads,gif,2025-10-19T17:11:33+0000,1760893893,79087
2026-07-27,4yd3gQjXGb9aFks0bS,Serious Red Card GIF by OneFootball Heads,gif,2025-10-19T17:11:24+0000,1760893884,2034284
2026-07-27,YfVEEx3kXDGBe8YKi8,Podcast Tune In GIF by OneFootball Heads,gif,2025-10-19T17:11:19+0000,1760893879,184386
2026-07-27,fJ9p947OpjYoUJv4pq,Pumpkin Spice Halloween GIF by OneFootball Heads,gif,2025-10-19T17:11:13+0000,1760893873,67788
2026-07-27,TFVI6cSKjVwPaqZVKR,Football Fan Celebration GIF by OneFootball Heads,gif,2025-10-19T17:11:06+0000,1760893866,56306
2026-07-27,Zfddxu8Y4dgWz6ABMI,Well Done Thumbs Up GIF by OneFootball Heads,gif,2025-10-19T17:10:56+0000,1760893856,144677
2026-07-27,n20QOGJq9Smmy5c5Yx,Happy Love It GIF by OneFootball Heads,gif,2025-10-19T17:10:49+0000,1760893849,3860366
2026-07-27,67KY9IKgii3mZDcGQS,Excited Lets Go GIF by OneFootball Heads,gif,2025-10-19T17:10:39+0000,1760893839,488284
2026-07-27,p5EoYWZd7rXnSrk3A4,Serious Stop GIF by OneFootball Heads,gif,2025-10-19T17:10:33+0000,1760893833,535634
2026-07-27,Wmu62LX7EfEYjeZFom,Join In Lets Go GIF by OneFootball Heads,gif,2025-10-19T17:10:27+0000,1760893827,1317383
2026-07-27,ZtAisAoRQRuf0wlOqe,Proud Celebration GIF by OneFootball Heads,gif,2025-10-19T17:10:20+0000,1760893820,586704
2026-07-27,tA9rysiKx5ifhNfO2T,Halloween Smile GIF by OneFootball Heads,gif,2025-10-19T17:10:06+0000,1760893806,84950
2026-07-27,unRjgoWoUAFhPVQLY9,Support Love GIF by OneFootball Heads,gif,2025-10-19T17:09:56+0000,1760893796,88860
2026-07-27,bbQA9p31wBCfGP7Lqq,Red Button No GIF by OneFootball Heads,gif,2025-10-19T17:09:44+0000,1760893784,1229855
2026-07-27,zFJd9Sp0856KS6dVtv,Start Yes GIF by OneFootball Heads,gif,2025-10-19T17:09:36+0000,1760893776,3164439
2026-07-27,vFAra3l66GR59S9K40,Proud Number One GIF by OneFootball Heads,gif,2025-10-19T17:09:31+0000,1760893771,4711331
2026-07-27,StRtbzWfsgs33wpW3M,Excited Team Spirit GIF by OneFootball Heads,gif,2025-10-19T17:09:19+0000,1760893759,48743
2026-07-27,QyRWxP3YleogvGmo01,Jack O Lantern Smile GIF by OneFootball Heads,gif,2025-10-19T17:09:12+0000,1760893752,76555
2026-07-27,9HtqtBJIrXjEyDlqtp,Scoring Football Game GIF by OneFootball Heads,gif,2025-09-11T07:36:44+0000,1757576204,374666
2026-07-27,01KHA2KdMQLQi136pi,Save Big Game GIF by OneFootball Heads,gif,2025-09-11T07:36:40+0000,1757576200,3032608
2026-07-27,GJEvTVbP5UFX1rqFKc,Frustrated Video Games GIF by OneFootball Heads,gif,2025-09-11T07:36:35+0000,1757576195,219214
2026-07-27,N4HpPRFRixdNxu1Fg8,Celebration Hype GIF by OneFootball Heads,gif,2025-09-11T07:36:29+0000,1757576189,185409
2026-07-27,6jMy4ML3746kQCwDNl,Tired Sleep Well GIF by OneFootball Heads,gif,2025-09-11T07:36:23+0000,1757576183,127065
2026-07-27,V5xSpg6PoKMeC6mvhG,Stay Cool Chill GIF by OneFootball Heads,gif,2025-09-11T07:36:13+0000,1757576173,196310
2026-07-27,BjiE1R8mHXxYRRhY0m,Work From Home Swag GIF by OneFootball Heads,gif,2025-09-11T07:36:02+0000,1757576162,94605
2026-07-27,sKf6fbM0Fhn4keHMYX,Big Game Outta This World GIF by OneFootball Heads,gif,2025-09-11T07:35:57+0000,1757576157,140911
2026-07-27,PAHScnX9IEczmvTWFx,Locked In Running GIF by OneFootball Heads,gif,2025-09-11T07:35:53+0000,1757576153,91364
2026-07-27,ydtlZT2ZGwRKUS7k90,Bored Fed Up GIF by OneFootball Heads,gif,2025-09-11T07:35:44+0000,1757576144,258586
2026-07-27,nqEtJ6z9u3zHbdmFq9,Tired Barbecue GIF by OneFootball Heads,gif,2025-09-11T07:35:39+0000,1757576139,112683
2026-07-27,LUgxmNMnZ1OaYHqZGW,Tired Game Over GIF by OneFootball Heads,gif,2025-09-11T07:35:35+0000,1757576135,167527
2026-07-27,zbFMPSL8EgDfqeBgWZ,Save Football Game GIF by OneFootball Heads,gif,2025-09-11T07:35:31+0000,1757576131,1253781
2026-07-27,8rDd90ItBDko5IMjqu,Celebrating Game Time GIF by OneFootball Heads,gif,2025-09-11T07:35:26+0000,1757576126,90081
2026-07-27,CPApJWHvsT3o5VuKVK,Football Fan Bubbles GIF by OneFootball Heads,gif,2025-09-11T07:35:22+0000,1757576122,131888
2026-07-27,7t1kN8b7GyZljUC36u,Football Fan Wow GIF by OneFootball Heads,gif,2025-09-11T07:35:16+0000,1757576116,51074
2026-07-27,1XZi1EWSQLY3rMU5hb,Around The World Football Culture GIF by OneFootball Heads,gif,2025-09-11T07:35:09+0000,1757576109,68149
2026-07-27,MrHh6mgOcdoAAO4tz0,Football Player Running GIF by OneFootball Heads,gif,2025-09-11T07:35:01+0000,1757576101,46020
2026-07-27,xal2XkbIQo668lc27M,Goalkeeper Save GIF by OneFootball Heads,gif,2025-09-11T07:34:57+0000,1757576097,105687
2026-07-27,ew2RAEkOVb0O643Wtj,Good Vibes Dancing GIF by OneFootball Heads,gif,2025-09-11T07:34:53+0000,1757576093,101527
2026-07-27,9h1jNCrbYXENVlj1FP,Happy Game Day GIF by OneFootball Heads,gif,2025-09-11T07:34:45+0000,1757576085,73807
2026-07-27,mp178ZHLC4sHfOgO12,Excited Good Vibes GIF by OneFootball Heads,gif,2025-09-11T07:34:34+0000,1757576074,40279
2026-07-27,KyJWoY8DDDBnJMn5fY,Frustrated Video Game GIF by OneFootball Heads,gif,2025-09-11T07:34:22+0000,1757576062,535425
2026-07-27,pUnbgneAsAFpw9wmzw,Game Time Goalkeeper GIF by OneFootball Heads,gif,2025-09-11T07:34:17+0000,1757576057,308592
2026-07-27,sGr4yrFK3BHDsEhSAM,Game Time Football GIF by OneFootball Heads,gif,2025-09-11T07:34:12+0000,1757576052,518197
2026-07-27,gGTnOmNz9RWBhLAOww,Hungry Bad Day GIF by OneFootball Heads,gif,2025-09-11T07:34:08+0000,1757576048,303252
2026-07-27,C2wLIBhg6rnF2Vk5p3,Bored Fed Up GIF by OneFootball Heads,gif,2025-09-11T07:34:03+0000,1757576043,539543
2026-07-27,cwXLRZXXoL0np7eb72,Bubbles Childhood GIF by OneFootball Heads,gif,2025-09-11T07:33:58+0000,1757576038,263815
2026-07-27,ByodclSkYIdxh8KmGl,Work From Home Hello GIF by OneFootball Heads,gif,2025-09-11T07:33:51+0000,1757576031,149760
2026-07-27,hb9nhr6m3rjQeRs9jp,Tired Game Over GIF by OneFootball Heads,gif,2025-09-11T07:33:45+0000,1757576025,159925
2026-07-27,yVkY5XkSGEbmGkqKlt,Foodie Watermelon GIF by OneFootball Heads,gif,2025-09-11T07:33:40+0000,1757576020,429954
2026-07-27,4agkjC6mUqzk4Ij9jS,Shocked No Way GIF by OneFootball Heads,gif,2025-08-04T07:32:28+0000,1754292748,87609
2026-07-27,E7J4gMgNzH8P5fJIir,Excuse Me What GIF by OneFootball Heads,gif,2025-08-04T07:32:23+0000,1754292743,27345
2026-07-27,znORHj4fd8MAN7gbLr,Excuse Me What GIF by OneFootball Heads,gif,2025-08-04T07:32:18+0000,1754292738,26183
2026-07-27,fAP7QAJ1xFD6JTFM1e,Celebration Wow GIF by OneFootball Heads,gif,2025-08-04T07:32:11+0000,1754292731,75403
2026-07-27,oC6Cx1YXBtvdoYXmZr,Celebration Wow GIF by OneFootball Heads,gif,2025-08-04T07:32:06+0000,1754292726,225538
2026-07-27,P4mW1PplxZFjLv81SQ,Happy We Got This GIF by OneFootball Heads,gif,2025-08-04T07:31:58+0000,1754292718,121409
2026-07-27,6vaqqwTzS6SuR36oIW,Tidy Up GIF by OneFootball Heads,gif,2025-08-04T07:31:52+0000,1754292712,201156
2026-07-27,6YX6lFHrE3n78eBvRu,Tidy Up GIF by OneFootball Heads,gif,2025-08-04T07:31:46+0000,1754292706,840436
2026-07-27,JfqESuqy1kOf3HTr8Y,Frustration Swirling GIF by OneFootball Heads,gif,2025-08-04T07:31:39+0000,1754292699,51160
2026-07-27,2KDnf1jZTUJlrrasTZ,Fifa Swirling GIF by OneFootball Heads,gif,2025-08-04T07:31:34+0000,1754292694,108071
2026-07-27,Sfiri0PXigpGueBftO,Happy Pizza Time GIF by OneFootball Heads,gif,2025-08-04T07:31:29+0000,1754292689,16
2026-07-27,6Zo8j3dDBwQsYvhISc,Pizza Time Eating GIF by OneFootball Heads,gif,2025-08-04T07:31:24+0000,1754292684,58702
2026-07-27,9C0eEDiObWC3COXjXj,No Way What GIF by OneFootball Heads,gif,2025-08-04T07:31:18+0000,1754292678,23649
2026-07-27,BG3Zejm7Xdx6wWUf1s,Cant Believe It No Way GIF by OneFootball Heads,gif,2025-08-04T07:31:12+0000,1754292672,73206
2026-07-27,uejerzhWkT2nfV4ekh,Var Whistle GIF by OneFootball Heads,gif,2025-08-04T07:31:08+0000,1754292668,143996
2026-07-27,CLsZfPTw3az9SfokNz,Referee Var GIF by OneFootball Heads,gif,2025-08-04T07:31:02+0000,1754292662,495329
2026-07-27,98ehMD8kX9bLkq9Gcw,Angry Watch Out GIF by OneFootball Heads,gif,2025-08-04T07:30:56+0000,1754292656,133783
2026-07-27,sTKnZMlZKwYbtflXQq,Angry Watch Out GIF by OneFootball Heads,gif,2025-08-04T07:30:52+0000,1754292652,296449
2026-07-27,2XtaKuSyUmADvFNWeB,Lets Go Please GIF by OneFootball Heads,gif,2025-08-04T07:30:47+0000,1754292647,34238
2026-07-27,AJYr4bWzAFjdGH9q0o,Lets Go Please GIF by OneFootball Heads,gif,2025-08-04T07:30:41+0000,1754292641,176002
2026-07-27,ZUtSEAyBuCcewmA29F,Champions League Celebration GIF by OneFootball Heads,gif,2025-08-04T07:30:36+0000,1754292636,49899
2026-07-27,TWBEBifNIlRw3WZysb,Happy Champions League GIF by OneFootball Heads,gif,2025-08-04T07:30:29+0000,1754292629,538871
2026-07-27,sGkjKXy02jm6wjrij1,I Love You Kiss GIF by OneFootball Heads,gif,2025-08-03T14:21:20+0000,1754230880,277056
2026-07-27,m0RdfAX3ZVq56g6Ufb,I Love You Kiss GIF by OneFootball Heads,gif,2025-08-03T14:21:14+0000,1754230874,285910
2026-07-27,lHQGU1fP8dCpgZhRQ8,Sad Its Over GIF by OneFootball Heads,gif,2025-08-03T14:21:06+0000,1754230866,120480
2026-07-27,kvrucA56Ge96PitAIf,Sad Game Over GIF by OneFootball Heads,gif,2025-08-03T14:21:01+0000,1754230861,2068977
2026-07-27,N8j7uvd3K7ewojOxxY,Accuse He Did It GIF by OneFootball Heads,gif,2025-08-03T14:20:55+0000,1754230855,173913
2026-07-27,YFsvkuJTxLc0uuNrhO,Accuse He Did It GIF by OneFootball Heads,gif,2025-08-03T14:20:49+0000,1754230849,9825338
2026-07-27,B7HEiOs673jZ4sYq3q,Betting Game On GIF by OneFootball Heads,gif,2025-08-03T14:20:41+0000,0,0
2026-07-27,49lmGu0eQ7ISpToUTU,Betting All In GIF by OneFootball Heads,gif,2025-08-03T14:20:34+0000,1754230834,2
2026-07-27,QIpziLuXhTywLdbIkQ,Happy We Did It GIF by OneFootball Heads,gif,2025-08-03T14:20:25+0000,1754230825,77475
2026-07-27,TkAIyyDEx6r2Qrm007,Well Done Good Job GIF by OneFootball Heads,gif,2025-08-03T14:20:21+0000,1754230821,195524
2026-07-27,fkhqUwfGzSYOrSTJp9,Excited Lets Go GIF by OneFootball Heads,gif,2025-08-03T14:20:16+0000,1754230816,20834
2026-07-27,x6TIee2JM9pBwc4MBG,Excited Video Game GIF by OneFootball Heads,gif,2025-08-03T14:20:05+0000,1754230805,245249
2026-07-27,YoWUM76JMiAUKm9ggl,Good Vibes Thank You GIF by OneFootball Heads,gif,2025-08-03T14:19:59+0000,1754230799,59772
2026-07-27,6qI2NYWngdAxxVX1zJ,Good Vibes Thank You GIF by OneFootball Heads,gif,2025-08-03T14:19:54+0000,1754230794,62267
2026-07-27,uZ7GOHTYg3w6hAPN9v,Unity We Agree GIF by OneFootball Heads,gif,2025-08-03T14:19:49+0000,1754230789,312000
2026-07-27,5grsDwlqX4kfy71Rdj,Shake Hands Yes GIF by OneFootball Heads,gif,2025-08-03T14:19:43+0000,1754230783,184411
2026-07-27,3Vvcnjhme1hwqwMNke,Whats Going On Hello GIF by OneFootball Heads,gif,2025-07-01T18:21:14+0000,1751394074,302120
2026-07-27,ArFOjTGDqq45OKCAo4,Breathe Slow Down GIF by OneFootball Heads,gif,2025-07-01T18:21:10+0000,1751394070,97642
2026-07-27,ZlBrZ2naavOtI2qSAr,Happy Game Over GIF by OneFootball Heads,gif,2025-07-01T18:21:05+0000,1751394065,194075
2026-07-27,8WBfBgNcz3Ep1OvSUC,Happy Fan Reaction GIF by OneFootball Heads,gif,2025-07-01T18:20:59+0000,1751394059,142626
2026-07-27,AZgI9GQ4S4ul6qcA9u,Football Fan GIF by OneFootball Heads,gif,2025-07-01T18:20:54+0000,1751394054,1372340
2026-07-27,gSJLxCRJSAtTesQIH2,Game Over Football GIF by OneFootball Heads,gif,2025-07-01T18:20:49+0000,1751394049,359944
2026-07-27,3v4WsAL4dC4aMtTKdU,Soccer Wow GIF by OneFootball Heads,gif,2025-07-01T18:20:41+0000,1751394041,181300
2026-07-27,al9NLseK6dPr8Q0mZz,Bored Tv Sports GIF by OneFootball Heads,gif,2025-07-01T18:20:33+0000,1751394033,190934
2026-07-27,xNJVAiSsa1wtC14act,Angry Soccer GIF by OneFootball Heads,gif,2025-07-01T18:20:28+0000,1751394028,595607
2026-07-27,1Brq4LvOtRMIBJQi4U,Bored Game Time GIF by OneFootball Heads,gif,2025-07-01T18:20:22+0000,1751394022,114288
2026-07-27,Vtg7zkTTczN2bvodCG,Stay Hydrated Drink Water GIF by OneFootball Heads,gif,2025-07-01T18:20:17+0000,1751394017,257768
2026-07-27,z1dXRwDsqrjs5KDOML,Bored Old Man GIF by OneFootball Heads,gif,2025-07-01T18:20:11+0000,1751394011,6983011
2026-07-27,l8eIHDVeTwEm5VOjb1,Tv Time Yawn GIF by OneFootball Heads,gif,2025-07-01T18:20:06+0000,1751394006,2555586
2026-07-27,R60s9NrOwv5eTrRPzV,Game Day Chips GIF by OneFootball Heads,gif,2025-07-01T18:20:01+0000,1751394001,228557
2026-07-27,pQxOnCwLvTBG4uf3KD,Angry Over It GIF by OneFootball Heads,gif,2025-07-01T18:19:55+0000,1751393995,922129
2026-07-27,woNoaZZ9V12dyjYjJo,Game Over Football GIF by OneFootball Heads,gif,2025-07-01T18:19:48+0000,1751393988,303113
2026-07-27,X2tAL568gaKEgB9Anv,Football Popping In GIF by OneFootball Heads,gif,2025-07-01T18:19:43+0000,1751393983,118234
2026-07-27,VaHgVrzYDaGrz7JRiX,Sorry Leave Me Alone GIF by OneFootball Heads,gif,2025-07-01T18:19:38+0000,1751393978,274248
2026-07-27,tiqNAs5cs6O0h36elo,Game On Football GIF by OneFootball Heads,gif,2025-07-01T18:19:32+0000,1751393972,233784
2026-07-27,VErfqZkulaxhehX9uN,Lets Go Football GIF by OneFootball Heads,gif,2025-07-01T18:19:26+0000,1751393966,21714
2026-07-27,pPqefCee0DWoNtfPaN,Final Match Kiss GIF by OneFootball Heads,gif,2025-07-01T18:19:20+0000,1751393960,123338
2026-07-27,3oDwGbxOLEg8bEEJIQ,Football Omg GIF by OneFootball Heads,gif,2025-07-01T18:19:15+0000,1751393955,187865
2026-07-27,vXbH7KQWGqNe9heXju,Excited Soccer GIF by OneFootball Heads,gif,2025-07-01T18:19:09+0000,1751393949,59623
2026-07-27,P6CpYQD8EQVdHmbBB7,Game Night Football GIF by OneFootball Heads,gif,2025-07-01T18:18:49+0000,1751393929,110941
2026-07-27,z7kuboVsFhWrC6gJDp,Cool Off Break Time GIF by OneFootball Heads,gif,2025-07-01T18:18:42+0000,1751393922,884449
2026-07-27,FCtjJQzZME69CW6ttp,Football Soccer GIF by OneFootball Heads,gif,2025-07-01T18:18:37+0000,1751393917,270300
2026-07-27,VtZku1FNcJfdfJLPya,Lets Go Football GIF by OneFootball Heads,gif,2025-07-01T18:18:32+0000,1751393912,289465
2026-07-27,w4nv4DunM9a4tOEi3Y,Excited Game Time GIF by OneFootball Heads,gif,2025-07-01T18:18:27+0000,1751393907,126185
2026-07-27,a3sOeDI1ZuE2UEGEjr,Happy Football GIF by OneFootball Heads,gif,2025-07-01T18:18:18+0000,1751393898,49615
2026-07-27,KPVPfTOGhR4ZDXsBWA,Angry Football Fan GIF by OneFootball Heads,gif,2025-07-01T18:18:10+0000,1751393890,60006
2026-07-27,hwIq8i6Qi7UnUGbacf,Angry Game Time GIF by OneFootball Heads,gif,2025-07-01T18:18:01+0000,1751393881,21545
2026-07-27,NnvB50iO7TqUyBzFvl,Big Brain Funny Gif GIF by OneFootball Heads,gif,2025-06-26T12:13:26+0000,1750940006,1450791
2026-07-27,VeQ7R5eLzOiZwny95R,Preach For Real GIF by OneFootball Heads,gif,2025-06-26T12:13:18+0000,1750939998,11906846
2026-07-27,4XEUw17xG7OGK9nuJw,Happy Lets Go GIF by OneFootball Heads,gif,2025-06-26T12:13:13+0000,1750939993,2504875
2026-07-27,I70wiKkwEVZWC2HFAO,Happy Birthday GIF by OneFootball Heads,gif,2025-06-20T19:06:07+0000,1750446367,585665
2026-07-27,fOGrNl1SGyw9ZF5Qeh,Truth Agree GIF by OneFootball Heads,gif,2025-06-20T13:20:39+0000,1750425639,205385
2026-07-27,jzppiGwPog15PVElfH,Good Vibes Chill GIF by OneFootball Heads,gif,2025-06-20T13:20:30+0000,1750425630,91708
2026-07-27,oxj2Z1k2cHtR0oZkqj,Coffee Time Reaction Gif GIF by OneFootball Heads,gif,2025-06-20T13:20:24+0000,1750425624,214941
2026-07-27,TiuUji4KiJvFuzPFYg,Hungry Noodles GIF by OneFootball Heads,gif,2025-06-20T13:20:13+0000,1750425613,528158
2026-07-27,6A9hefwTjvCDMURljb,Game Show Reaction Gif GIF by OneFootball Heads,gif,2025-06-20T13:19:53+0000,1750425593,5439179
2026-07-27,toIRQFAFFCtAWwJveB,Whats Up Hello GIF by OneFootball Heads,gif,2025-06-18T09:53:48+0000,1750240428,313172
2026-07-27,dCqQrUmPgICwfSYzgi,Well Done Yes GIF by OneFootball Heads,gif,2025-06-18T09:53:22+0000,1750240402,48576
2026-07-27,hBt0VjWkZbFRBrBACu,Refreshing Water Bottle GIF by OneFootball Heads,gif,2025-06-18T09:52:56+0000,1750240376,3422595
2026-07-27,9HORd4teDGhOt46fEz,Youre Cute Love You GIF by OneFootball Heads,gif,2025-06-18T09:52:38+0000,1750240358,120894
2026-07-27,tgLpK2WbZhGe0D6UbT,Slow Motion Boom GIF by OneFootball Heads,gif,2025-06-18T09:52:08+0000,1750240328,397863
2026-07-27,y2QSRInUPq9f5evJVB,Stay Calm Market Crash GIF by OneFootball Heads,gif,2025-06-18T09:51:23+0000,1750240283,257924
2026-07-27,N2GUDdRZbdCdUzYkuw,Celebrate Lets Go GIF by OneFootball Heads,gif,2025-06-18T09:50:51+0000,1750240251,379779
2026-07-27,FzxAj0hfgyAdsW40AC,Lets Go Success GIF by OneFootball Heads,gif,2025-06-18T09:50:27+0000,1750240227,37240
2026-07-27,WT9XlpCYQY7PtmCLT4,OneFootball Heads GIF,gif,2025-06-16T07:55:46+0000,1750060546,697785
2026-07-27,FS1BfSHSEcBM7oXgnd,OneFootball Heads GIF,gif,2025-06-13T19:24:38+0000,1749842678,108166
2026-07-27,vaKM2dq2diEh9vUBQP,OneFootball Heads GIF,gif,2025-06-13T19:24:32+0000,1749842672,195593
2026-07-27,gUn5uaz4fhAKi45l4u,OneFootball Heads GIF,gif,2025-06-13T19:24:26+0000,1749842666,260827
2026-07-27,RcKxMa4JVupSJSMnhX,OneFootball Heads GIF,gif,2025-06-13T19:24:21+0000,1749842661,265730
2026-08-03,2FxcZ8wpN6fQC5YJ4z,Add Me Friend Request Sticker by OneFootball Heads,sticker,2026-07-28T17:50:52+0000,1785261052,3322
2026-08-03,FpWKtmKDYtFqgQ4F1p,Add Me Friend Request Sticker by OneFootball Heads,sticker,2026-07-28T17:50:38+0000,1785261038,2721
2026-08-03,vilClGRTjSHu0GtpnI,Best Friends Squad Sticker by OneFootball Heads,sticker,2026-07-28T17:50:25+0000,1785261025,4972
2026-08-03,DoNIRpsowBXVQjshzI,Best Friends Squad Sticker by OneFootball Heads,sticker,2026-07-28T17:50:12+0000,1785261012,3646
2026-08-03,z7SQKvGQvXrAtw9e0b,Best Friend Teammates Sticker by OneFootball Heads,sticker,2026-07-28T17:50:00+0000,1785261000,6544
2026-08-03,USPTPyzyOMCwrK5zXw,Best Friend Teammates Sticker by OneFootball Heads,sticker,2026-07-28T17:49:45+0000,1785260985,3003
2026-08-03,xTsdxIAnggFtww1tbS,Friendship Fist Bump Sticker by OneFootball Heads,sticker,2026-07-28T17:49:26+0000,1785260966,1491
2026-08-03,48lOBPTz2RBZlk6s5K,Friendship Fist Bump Sticker by OneFootball Heads,sticker,2026-07-28T17:49:18+0000,1785260958,1469
2026-08-03,ejYsZu3TWsZPu9FeHo,Best Friend Bff Sticker by OneFootball Heads,sticker,2026-07-28T17:49:09+0000,1785260949,21770
2026-08-03,9Ls9XsHDxEiICpkIWJ,Best Friend Bff Sticker by OneFootball Heads,sticker,2026-07-28T17:48:59+0000,1785260939,17750
2026-08-03,P38cOb4eV8zvrGANTG,Miss You Hug Sticker by OneFootball Heads,sticker,2026-07-28T17:48:52+0000,1785260932,6119
2026-08-03,TBERH8SbfqimWzO26A,Miss You Hug Sticker by OneFootball Heads,sticker,2026-07-28T17:48:37+0000,1785260917,4137
2026-08-03,ylQtCW6zrlfGS8glXw,Best Friends Bff Sticker by OneFootball Heads,sticker,2026-07-28T17:48:24+0000,1785260904,5884
2026-08-03,gV15dSeODe88bn6qQR,Best Friends Bff Sticker by OneFootball Heads,sticker,2026-07-28T17:48:09+0000,1785260889,2133
2026-08-03,rWdKQ4rLROfKD3cdLI,Best Friend Friends Sticker by OneFootball Heads,sticker,2026-07-28T17:47:50+0000,1785260870,329341
2026-08-03,ZzOwQgO7FL2HlAGNPK,Best Friend Friends Sticker by OneFootball Heads,sticker,2026-07-28T17:47:33+0000,1785260853,17836
2026-08-03,okTyHZDSQ8u31wyT55,Add Me Friend Request GIF by OneFootball Heads,gif,2026-07-28T17:42:43+0000,1785260563,16473
2026-08-03,s5mc5b4QlA0GqxfiMn,Best Friends Football GIF by OneFootball Heads,gif,2026-07-28T17:42:29+0000,1785260549,8283
2026-08-03,O42P37uJNFbMzRuV98,Best Friend Football GIF by OneFootball Heads,gif,2026-07-28T17:42:17+0000,1785260537,21552
2026-08-03,1pnf06KKMM2qlRmCIj,Football Fist Bump GIF by OneFootball Heads,gif,2026-07-28T17:42:03+0000,1785260523,2081
2026-08-03,NlQfFCNhxuArwRa0yg,Best Friend Football GIF by OneFootball Heads,gif,2026-07-28T17:41:55+0000,1785260515,12825
2026-08-03,qJw4maZ7dvqO6QsGJh,Miss You Hug GIF by OneFootball Heads,gif,2026-07-28T17:41:47+0000,1785260507,13793
2026-08-03,jKFcYsEGnQcAUJrto3,Best Friends Football GIF by OneFootball Heads,gif,2026-07-28T17:41:35+0000,1785260495,15078
2026-08-03,lZZ0LAMaAEOTY0ERz9,Best Friend Football GIF by OneFootball Heads,gif,2026-07-28T17:41:21+0000,1785260481,161692
2026-08-03,BYbzy4UJj3jZGQzObN,Captain America Football Sticker by OneFootball Heads,sticker,2026-07-22T14:55:28+0000,1784732128,1648
2026-08-03,1CtnvXO5JJQFN6DhpR,Captain America Football Sticker by OneFootball Heads,sticker,2026-07-22T14:55:15+0000,1784732115,2769
2026-08-03,MoUvrMYhXbXOYMTXOs,Federico Valverde Football Sticker by OneFootball Heads,sticker,2026-07-22T14:55:00+0000,1784732100,2331
2026-08-03,4mTE4i8Zui0pfyN6Tj,Federico Valverde Football Sticker by OneFootball Heads,sticker,2026-07-22T14:54:48+0000,1784732088,2538
2026-08-03,DkMC0pbvPVy3KNCzzD,The Wizard Football Sticker by OneFootball Heads,sticker,2026-07-22T14:54:35+0000,1784732075,6881
2026-08-03,clne8r9DaMEPN77izy,The Wizard Football Sticker by OneFootball Heads,sticker,2026-07-22T14:54:24+0000,1784732064,7019
2026-08-03,swXwzpLVqMM4Eop4OM,Granit Xhaka Football Sticker by OneFootball Heads,sticker,2026-07-22T14:54:12+0000,1784732052,1942
2026-08-03,d6UTJkeCNSuMgArYQg,Granit Xhaka Football Sticker by OneFootball Heads,sticker,2026-07-22T14:53:59+0000,1784732039,2246
2026-08-03,74V7r5XLB5PcOoGMbA,El Nino Football Sticker by OneFootball Heads,sticker,2026-07-22T14:53:47+0000,1784732027,21655
2026-08-03,TDoPnJKJI06YrVOrtI,El Nino Football Sticker by OneFootball Heads,sticker,2026-07-22T14:53:33+0000,1784732013,20885
2026-08-03,nDcAtQrrztB6tjk8d1,Big Brain Football Sticker by OneFootball Heads,sticker,2026-07-22T14:53:20+0000,1784732000,9142
2026-08-03,rkT6Jth8qRgE1h2Fn2,Big Brain Football Sticker by OneFootball Heads,sticker,2026-07-22T14:53:09+0000,1784731989,13025
2026-08-03,BqKx9z6SmgH9xfzMoU,Football Spain Sticker by OneFootball Heads,sticker,2026-07-22T14:52:57+0000,1784731977,8321
2026-08-03,m7sXoT4sjUcHqlfqFS,Football Spain Sticker by OneFootball Heads,sticker,2026-07-22T14:52:44+0000,1784731964,8705
2026-08-03,4iwyORJpVG7GLfMZvu,South Korea Football Sticker by OneFootball Heads,sticker,2026-07-22T14:51:35+0000,1784731895,20037
2026-08-03,OwaFxnOAJSXQGMJYfE,South Korea Football Sticker by OneFootball Heads,sticker,2026-07-22T14:51:19+0000,1784731879,20335
2026-08-03,e0s868pPHJojxQ4Vgs,Football Mane Sticker by OneFootball Heads,sticker,2026-07-22T14:51:05+0000,1784731865,4275
2026-08-03,KtttnFu2Mr4fZKCeJe,Football Mane Sticker by OneFootball Heads,sticker,2026-07-22T14:50:50+0000,1784731850,10399
2026-08-03,5sWddKfNN6ISDvkDWK,Andy Robertson Football Sticker by OneFootball Heads,sticker,2026-07-22T14:50:33+0000,1784731833,3158
2026-08-03,FRKnlYZ5Sc1GyYRhym,Andy Robertson Football Sticker by OneFootball Heads,sticker,2026-07-22T14:50:17+0000,1784731817,3225
2026-08-03,Gizdqrs09PZXeoD16N,Football Happy Dance Sticker by OneFootball Heads,sticker,2026-07-22T14:49:42+0000,1784731782,1070
2026-08-03,6cX7vet4YAxk5XCPgB,Football Happy Dance Sticker by OneFootball Heads,sticker,2026-07-22T14:49:24+0000,1784731764,2040
2026-08-03,B1AR811Im6IVrbjfbH,Football Portugal Sticker by OneFootball Heads,sticker,2026-07-22T14:47:34+0000,1784731654,583
2026-08-03,nSbqs9LRfXGcnpxZSo,Football Portugal Sticker by OneFootball Heads,sticker,2026-07-22T14:47:17+0000,1784731637,678
2026-08-03,DtzZaTXJmluGoVaJzL,Cristiano Ronaldo Football Sticker by OneFootball Heads,sticker,2026-07-22T14:47:01+0000,1784731621,7620
2026-08-03,7js3sdMoAXf6iljz9J,Cristiano Ronaldo Football Sticker by OneFootball Heads,sticker,2026-07-22T14:46:48+0000,1784731608,11486
2026-08-03,fVPVSpEApPhaPTBlFK,Bruno Fernandes Shrug Sticker by OneFootball Heads,sticker,2026-07-22T14:46:35+0000,1784731595,2941
2026-08-03,1VoVsG6WlTCqUv2uSU,Bruno Fernandes Shrug Sticker by OneFootball Heads,sticker,2026-07-22T14:46:24+0000,1784731584,3060
2026-08-03,C4yn5gQdilKTzToTFh,Football Vamos Sticker by OneFootball Heads,sticker,2026-07-22T14:46:01+0000,1784731561,321
2026-08-03,q28otU4WUdpleg49zb,Football Vamos Sticker by OneFootball Heads,sticker,2026-07-22T14:45:49+0000,1784731549,352
2026-08-03,JJeQWqCysrgl8pxNh0,Football Norway Sticker by OneFootball Heads,sticker,2026-07-22T14:45:36+0000,1784731536,3995
2026-08-03,weu7IIXaeX1xtKGHgz,Football Norway Sticker by OneFootball Heads,sticker,2026-07-22T14:45:22+0000,1784731522,1701
2026-08-03,SMwNw54F5yZtqyTXNY,Football Norway Sticker by OneFootball Heads,sticker,2026-07-22T14:45:11+0000,1784731511,15727
2026-08-03,zwhh70RrzFm6xIkbty,Football Norway Sticker by OneFootball Heads,sticker,2026-07-22T14:44:57+0000,1784731497,3309
2026-08-03,V6nWD8hjJ0NqRkwKwf,The Wall Football Sticker by OneFootball Heads,sticker,2026-07-22T14:44:44+0000,1784731484,4212
2026-08-03,RWX2nTNdXEnrfWiZa4,The Wall Football Sticker by OneFootball Heads,sticker,2026-07-22T14:44:32+0000,1784731472,4965
2026-08-03,fT2ecOvmXPJxFkTbWJ,Too Fast Football Sticker by OneFootball Heads,sticker,2026-07-22T14:44:18+0000,1784731458,5010
2026-08-03,GQnycCHR2tSSMXS9oh,Too Fast Football Sticker by OneFootball Heads,sticker,2026-07-22T14:44:06+0000,1784731446,5469
2026-08-03,mHwma9gZf9Anp5nnVR,Raul Jimenez Football Sticker by OneFootball Heads,sticker,2026-07-22T14:43:53+0000,1784731433,2217
2026-08-03,3QOaNhNb8TA085CDrI,Raul Jimenez Football Sticker by OneFootball Heads,sticker,2026-07-22T14:43:40+0000,1784731420,8758
2026-08-03,0kjZf6pew3SqzrzHH7,Too Strong Football Sticker by OneFootball Heads,sticker,2026-07-22T14:39:46+0000,1784731186,6676
2026-08-03,WEC8B0JL2IifWaSoOn,Too Strong Football Sticker by OneFootball Heads,sticker,2026-07-22T14:39:31+0000,1784731171,5762
2026-08-03,ATiZp8tOfAvn28QQ1m,Germany Football Sticker by OneFootball Heads,sticker,2026-07-22T14:39:14+0000,1784731154,2840
2026-08-03,AOXdCCwtj3Jeic1FY0,Germany Football Sticker by OneFootball Heads,sticker,2026-07-22T14:39:04+0000,1784731144,3354
2026-08-03,fBTGAfGgiMyHUuJSIh,Germany Football Sticker by OneFootball Heads,sticker,2026-07-22T14:37:51+0000,1784731071,21518
2026-08-03,XVluxxVNlvj7mOkHVD,Germany Football Sticker by OneFootball Heads,sticker,2026-07-22T14:37:39+0000,1784731059,17511
2026-08-03,23kKeMgwQdsTaTefn7,Germany Football Sticker by OneFootball Heads,sticker,2026-07-22T14:37:25+0000,1784731045,4382
2026-08-03,RE60di0oRWMdq7SDoQ,Germany Football Sticker by OneFootball Heads,sticker,2026-07-22T14:37:14+0000,1784731034,7702
2026-08-03,QED7OaVB6S127veeBk,Germany Football Sticker by OneFootball Heads,sticker,2026-07-22T14:37:01+0000,1784731021,6231
2026-08-03,vhCeQWMJEmFvfjONgE,Germany Football Sticker by OneFootball Heads,sticker,2026-07-22T14:36:49+0000,1784731009,6983
2026-08-03,DYwNxxZXbBlCDPb8Ef,Germany Football Sticker by OneFootball Heads,sticker,2026-07-22T14:36:36+0000,1784730996,1361
2026-08-03,0S2uKh8lb7S9fwEimR,Germany Football Sticker by OneFootball Heads,sticker,2026-07-22T14:36:24+0000,1784730984,1597
2026-08-03,oEgmDtYesxKZLeYfbk,France Football Sticker by OneFootball Heads,sticker,2026-07-22T14:36:12+0000,1784730972,3613
2026-08-03,Pg9FLF1hIKRfew3hKh,France Football Sticker by OneFootball Heads,sticker,2026-07-22T14:35:58+0000,1784730958,3550
2026-08-03,3SkP2Mn8rWCPR7qYs8,France Football Sticker by OneFootball Heads,sticker,2026-07-22T14:35:47+0000,1784730947,8672
2026-08-03,HM50iKLhED7tYTgtrk,France Football Sticker by OneFootball Heads,sticker,2026-07-22T14:35:34+0000,1784730934,9349
2026-08-03,5dhF60l8tjO4UUuTTz,France Football Sticker by OneFootball Heads,sticker,2026-07-22T14:35:22+0000,1784730922,2490
2026-08-03,PmswRSnBQr0RWZ4Bf4,France Football Sticker by OneFootball Heads,sticker,2026-07-22T14:35:11+0000,1784730911,4225
2026-08-03,12h0oJrF1Dl0MHExt2,France Football Sticker by OneFootball Heads,sticker,2026-07-22T14:35:00+0000,1784730900,14567
2026-08-03,bNXwltxLdCxIBUW0oA,France Football Sticker by OneFootball Heads,sticker,2026-07-22T14:34:45+0000,1784730885,13131
2026-08-03,t8SxzpqSbWCkZscsKZ,France Football Sticker by OneFootball Heads,sticker,2026-07-22T14:34:30+0000,1784730870,10794
2026-08-03,bRI1sNgKvZoO69xpZt,France Football Sticker by OneFootball Heads,sticker,2026-07-22T14:34:19+0000,1784730859,11382
2026-08-03,5QdOBPO3tLl2QnMEml,Come On Football Sticker by OneFootball Heads,sticker,2026-07-22T14:34:01+0000,1784730841,3709
2026-08-03,CPfrrA6I7wi4q0blhk,Come On Football Sticker by OneFootball Heads,sticker,2026-07-22T14:32:49+0000,1784730769,3672
2026-08-03,zvQsooz0XRnldcroLB,Football England Sticker by OneFootball Heads,sticker,2026-07-22T14:32:36+0000,1784730756,2300
2026-08-03,y4clWEz09eNed1WsX8,Football England Sticker by OneFootball Heads,sticker,2026-07-22T14:32:23+0000,1784730743,2798
2026-08-03,x1wUUVLTWSgjb61Drl,Harry Kane Football Sticker by OneFootball Heads,sticker,2026-07-22T14:32:12+0000,1784730732,2102
2026-08-03,TgzPQznnOCOG8NIE5T,Harry Kane Football Sticker by OneFootball Heads,sticker,2026-07-22T14:31:59+0000,1784730719,2658
2026-08-03,Dv4oKPwiykQqHhZr1W,Football England Sticker by OneFootball Heads,sticker,2026-07-22T14:31:46+0000,1784730706,6654
2026-08-03,IMNgh51iJQHDWSoMm2,Football England Sticker by OneFootball Heads,sticker,2026-07-22T14:31:31+0000,1784730691,5532
2026-08-03,ocQq23oTR3xieuMKVv,Football England Sticker by OneFootball Heads,sticker,2026-07-22T14:31:18+0000,1784730678,2395
2026-08-03,1djpUfuj1q5zamopKb,Football England Sticker by OneFootball Heads,sticker,2026-07-22T14:31:06+0000,1784730666,1169
2026-08-03,5BgFFHb09dESx7zqli,Football England Sticker by OneFootball Heads,sticker,2026-07-22T14:30:55+0000,1784730655,1204
2026-08-03,2gXb2GoR2fu58PIHhV,Football England Sticker by OneFootball Heads,sticker,2026-07-22T14:30:39+0000,1784730639,2636
2026-08-03,QBNF6zlAHH46DTIM8A,Football England Sticker by OneFootball Heads,sticker,2026-07-22T14:30:26+0000,1784730626,10089
2026-08-03,ETRiqfIqLgrKzy4eOO,Football England Sticker by OneFootball Heads,sticker,2026-07-22T14:30:12+0000,1784730612,449
2026-08-03,VV5t8tfDi28sKVeaOj,Football England Sticker by OneFootball Heads,sticker,2026-07-22T14:29:59+0000,1784730599,1210
2026-08-03,WMsLuEcsJ8txlZ5Oh3,Football England Sticker by OneFootball Heads,sticker,2026-07-22T14:29:45+0000,1784730585,17621
2026-08-03,9joM0t278fxmxw63iM,Mohamed Salah Football Sticker by OneFootball Heads,sticker,2026-07-22T14:29:33+0000,1784730573,7849
2026-08-03,LLJZa29zWpqjzrVNHB,Mohamed Salah Football Sticker by OneFootball Heads,sticker,2026-07-22T14:29:20+0000,1784730560,7501
2026-08-03,6KAGK2RnpkpBJCM8pW,Luka Modric Football Sticker by OneFootball Heads,sticker,2026-07-22T14:29:07+0000,1784730547,3163
2026-08-03,JfYHNaMLT2Our6QZoh,Luka Modric Football Sticker by OneFootball Heads,sticker,2026-07-22T14:28:53+0000,1784730533,2854
2026-08-03,8hx8uoZR5mx3pAnEre,Luis Diaz Football Sticker by OneFootball Heads,sticker,2026-07-22T14:28:36+0000,1784730516,2744
2026-08-03,uRu8dFMCWLKNRlMCmu,Luis Diaz Football Sticker by OneFootball Heads,sticker,2026-07-22T14:28:24+0000,1784730504,3017
2026-08-03,pIQoynVdXIZshkdd9a,Alphonso Davies Football Sticker by OneFootball Heads,sticker,2026-07-22T14:28:08+0000,1784730488,4523
2026-08-03,hJHziY8ehiG4m6HxSV,Alphonso Davies Football Sticker by OneFootball Heads,sticker,2026-07-22T14:27:56+0000,1784730476,4845
2026-08-03,yzc7OYyffaFr1W6Jml,Vinicius Junior Football Sticker by OneFootball Heads,sticker,2026-07-22T14:27:43+0000,1784730463,15175
2026-08-03,fuMmIN2aYzUIYpaWyv,Vinicius Junior Football Sticker by OneFootball Heads,sticker,2026-07-22T14:27:28+0000,1784730448,21497
2026-08-03,NzvXgZXYLnsZBmsdg8,Football Brazil Sticker by OneFootball Heads,sticker,2026-07-22T14:27:14+0000,1784730434,3723
2026-08-03,LhW6KP4Nar6HsqGuKf,Football Brazil Sticker by OneFootball Heads,sticker,2026-07-22T14:27:02+0000,1784730422,3885
2026-08-03,Obpk3J2ge7JTNHLlsG,Alisson Becker Football Sticker by OneFootball Heads,sticker,2026-07-22T14:26:49+0000,1784730409,3631
2026-08-03,j5tlCfRuJaEYe1m3nq,Alisson Becker Football Sticker by OneFootball Heads,sticker,2026-07-22T14:26:36+0000,1784730396,12425
2026-08-03,H1bTEEl6lDeQC55aJ7,Football Belgium Sticker by OneFootball Heads,sticker,2026-07-22T14:26:22+0000,1784730382,4517
2026-08-03,Fk1G76mvlTOS0YUZ5A,Football Belgium Sticker by OneFootball Heads,sticker,2026-07-22T14:26:08+0000,1784730368,4886
2026-08-03,l1mRHDgvYzHZVRI4M0,Lionel Messi Football Sticker by OneFootball Heads,sticker,2026-07-22T14:25:52+0000,1784730352,5097
2026-08-03,0DWKPIIDI9sWSoKa5F,Lionel Messi Football Sticker by OneFootball Heads,sticker,2026-07-22T14:25:38+0000,1784730338,7143
2026-08-03,eRX5a3BHg4ezXw0UCh,Football Argentina Sticker by OneFootball Heads,sticker,2026-07-22T14:25:23+0000,1784730323,4714
2026-08-03,2ltRBrU98eB6SOCvlL,Football Argentina Sticker by OneFootball Heads,sticker,2026-07-22T14:25:11+0000,1784730311,5408
2026-08-03,9LjH7SfiKocKcE5PJv,Sad End Of Summer Sticker by OneFootball Heads,sticker,2026-07-22T14:02:52+0000,1784728972,12541
2026-08-03,gzUNmzVfGkKdMxyHrF,Real Madrid Football Sticker by OneFootball Heads,sticker,2026-07-22T14:02:38+0000,1784728958,9993
2026-08-03,zx3ayFaNycGyE1nZ01,La Roja Celebration Sticker by OneFootball Heads,sticker,2026-07-22T14:01:56+0000,1784728916,6767
2026-08-03,cltZFv7xOOVgJUOrOP,La Roja Celebration Sticker by OneFootball Heads,sticker,2026-07-22T14:01:42+0000,1784728902,5680
2026-08-03,mSUqzqKJXnQJGn8E0u,Tired Coffee Sticker by OneFootball Heads,sticker,2026-07-22T14:01:29+0000,1784728889,1596
2026-08-03,Wn5z9un3Nv5gIepz38,Tired Coffee Sticker by OneFootball Heads,sticker,2026-07-22T14:01:14+0000,1784728874,738
2026-08-03,UeWsyojUXHXZZbB2bZ,Lets Go Football Sticker by OneFootball Heads,sticker,2026-07-22T14:01:02+0000,1784728862,800
2026-08-03,4kS6IZ8afwMArzMNt3,Lets Go Football Sticker by OneFootball Heads,sticker,2026-07-22T14:00:45+0000,1784728845,568
2026-08-03,6C8dDrMGIFZ1kV0kIc,Labor Day Chill Sticker by OneFootball Heads,sticker,2026-07-22T14:00:31+0000,1784728831,13468
2026-08-03,6RL11R4fio6tTZS5B3,Labor Day Chill Sticker by OneFootball Heads,sticker,2026-07-22T14:00:14+0000,1784728814,6774
2026-08-03,kAT28QxsTzw2o9sGe3,Excited Here We Go Sticker by OneFootball Heads,sticker,2026-07-22T13:59:59+0000,1784728799,24569
2026-08-03,uZzDdw53yMluV0UWVF,Excited Here We Go Sticker by OneFootball Heads,sticker,2026-07-22T13:59:46+0000,1784728786,12163
2026-08-03,L6nYUwRlB4locGnAhT,Sad End Of Summer Sticker by OneFootball Heads,sticker,2026-07-22T13:59:34+0000,1784728774,12014
2026-08-03,f2A4QbhaMnmCOac22T,Tired Back To School Sticker by OneFootball Heads,sticker,2026-07-22T13:58:26+0000,1784728706,1077
2026-08-03,ujzbmxCome2mkPrd2s,Tired Back To School Sticker by OneFootball Heads,sticker,2026-07-22T13:58:11+0000,1784728691,1110
2026-08-03,PElQbTO025s7BK5sIP,Meditation Norway Sticker by OneFootball Heads,sticker,2026-07-22T13:57:56+0000,1784728676,48794
2026-08-03,BP9MV9M2iTOdPP2szZ,France Football Sticker by OneFootball Heads,sticker,2026-07-22T13:57:44+0000,1784728664,2563
2026-08-03,sUB4mT5lYLiasBJttS,France Football Sticker by OneFootball Heads,sticker,2026-07-22T13:57:28+0000,1784728648,2487
2026-08-03,85pJRIDsWcRCRBKFhd,Happy Birthday Football Sticker by OneFootball Heads,sticker,2026-07-22T13:57:15+0000,1784728635,3184
2026-08-03,rShS2A9N2fJxhddR73,Happy Birthday Football Sticker by OneFootball Heads,sticker,2026-07-22T13:57:01+0000,1784728621,4660
2026-08-03,v4mRkaIx4POC0DHgUM,Unveiling La Liga Sticker by OneFootball Heads,sticker,2026-07-22T13:56:49+0000,1784728609,5503
2026-08-03,64biIPpOpL0RUNkvRQ,Unveiling La Liga Sticker by OneFootball Heads,sticker,2026-07-22T13:56:34+0000,1784728594,5422
2026-08-03,E0xJwLqR8naax696nQ,Real Madrid Football Sticker by OneFootball Heads,sticker,2026-07-22T13:56:19+0000,1784728579,13495
2026-08-03,ju4JqzNVQrJQULIrQQ,Leo Messi Football Sticker by OneFootball Heads,sticker,2026-07-22T13:55:14+0000,1784728514,7013
2026-08-03,g9LibgOagcZAvPML8w,Leo Messi Football Sticker by OneFootball Heads,sticker,2026-07-22T13:54:59+0000,1784728499,5530
2026-08-03,h3LXEuX6X5Oyq34byu,Football Chill Sticker by OneFootball Heads,sticker,2026-07-22T13:35:09+0000,1784727309,3607
2026-08-03,y9JLObWA6FDyT60nRE,Football Chill Sticker by OneFootball Heads,sticker,2026-07-22T12:51:36+0000,1784724696,2802
2026-08-03,31xRGdGEGzR7zqVT8M,Labor Day Football GIF by OneFootball Heads,gif,2026-07-22T12:32:39+0000,1784723559,19790
2026-08-03,iINaib9YcAXeTPjjZE,Labor Day Football GIF by OneFootball Heads,gif,2026-07-22T12:31:21+0000,1784723481,23187
2026-08-03,KDKNDBHabbk60REZnB,Sad End Of Summer GIF by OneFootball Heads,gif,2026-07-22T12:31:09+0000,1784723469,7726
2026-08-03,O0dGSqMpJcA3Jk5tmZ,Sad End Of Summer GIF by OneFootball Heads,gif,2026-07-22T12:30:59+0000,1784723459,6750
2026-08-03,Lx8INvzlMMlQ8bQNbo,Tired Football GIF by OneFootball Heads,gif,2026-07-22T12:30:45+0000,1784723445,1723
2026-08-03,BUkQuFqMIKmPbzBBH6,Tired Football GIF by OneFootball Heads,gif,2026-07-22T12:30:33+0000,1784723433,4594
2026-08-03,C932EjtWrmuYbX5KYd,Tired Back To School GIF by OneFootball Heads,gif,2026-07-22T12:30:17+0000,1784723417,3206
2026-08-03,FE082NASfhS5hGoRfm,Tired Back To School GIF by OneFootball Heads,gif,2026-07-22T12:30:01+0000,1784723401,1661
2026-08-03,9ReJWTZDpvch3KYppQ,France Football GIF by OneFootball Heads,gif,2026-07-22T12:29:49+0000,1784723389,17635
2026-08-03,KGTieGwsFTzfKxi73d,France Football GIF by OneFootball Heads,gif,2026-07-22T12:29:34+0000,1784723374,13283
2026-08-03,dfwpUHP88TTodHV7xY,Premier League Football GIF by OneFootball Heads,gif,2026-07-22T12:29:16+0000,1784723356,10027
2026-08-03,kkILXGQSJTp4z0TXb7,Premier League Football GIF by OneFootball Heads,gif,2026-07-22T12:29:05+0000,1784723345,23302
2026-08-03,4p4coQ86ez7Ru85vou,Real Madrid Football GIF by OneFootball Heads,gif,2026-07-22T12:28:44+0000,1784723324,3799
2026-08-03,XHhUoP1JW91SPS6GbT,Real Madrid Football GIF by OneFootball Heads,gif,2026-07-22T12:28:31+0000,1784723311,4630
2026-08-03,s0qV5J5dP5lzZkpC1r,Unveiling English GIF by OneFootball Heads,gif,2026-07-22T12:28:20+0000,1784723300,7031
2026-08-03,A5psYAq3PRYT26n0j8,Unveiling English GIF by OneFootball Heads,gif,2026-07-22T12:28:05+0000,1784723285,49278
2026-08-03,rFFMgUw7o0MdXN0Lcv,Spanish Football GIF by OneFootball Heads,gif,2026-07-22T12:27:45+0000,1784723265,2961
2026-08-03,kkOBICGZgUnawZm7If,Spanish Football GIF by OneFootball Heads,gif,2026-07-22T12:27:29+0000,1784723249,4386
2026-08-03,TGQHtxrjS5GuOOdx5W,La Albiceleste Football GIF by OneFootball Heads,gif,2026-07-22T12:27:19+0000,1784723239,2338
2026-08-03,lckVXkNU5pajkTH2Y4,La Albiceleste Football GIF by OneFootball Heads,gif,2026-07-22T12:27:05+0000,1784723225,2891
2026-08-03,vIo7Jz8nfzb8krTpw1,Lets Go Football GIF by OneFootball Heads,gif,2026-07-22T12:26:49+0000,1784723209,1648
2026-08-03,G0FL2jcpanSQMex6pQ,Lets Go Football GIF by OneFootball Heads,gif,2026-07-22T12:26:34+0000,1784723194,13430
2026-08-03,ZmQW2HIzjSKv4646wY,Excited Here We Go GIF by OneFootball Heads,gif,2026-07-22T12:26:21+0000,1784723181,9830
2026-08-03,ADV5RUY8deNWvKXmg9,Excited Here We Go GIF by OneFootball Heads,gif,2026-07-22T12:26:02+0000,1784723162,14064
2026-08-03,20LOqJQZdFCTJzrMA9,Happy Birthday Football GIF by OneFootball Heads,gif,2026-07-22T12:25:48+0000,1784723148,11945
2026-08-03,FGnXiLnpzUXJ27Y8jD,Happy Birthday Football GIF by OneFootball Heads,gif,2026-07-22T12:25:33+0000,1784723133,23145
2026-08-03,N4Aef2XhTGp692NZx7,World Cup Football GIF by OneFootball Heads,gif,2026-07-06T16:44:20+0000,1783356260,43295
2026-08-03,zkn7BLV7uUc5Orkzzr,Happy Football GIF by OneFootball Heads,gif,2026-07-06T16:44:16+0000,1783356256,29439
2026-08-03,UPnKAxvJFJWIJn1NNK,Happy Football GIF by OneFootball Heads,gif,2026-07-06T16:44:11+0000,1783356251,14565
2026-08-03,CKVjlqUmBZdyT7d3W7,World Cup Football GIF by OneFootball Heads,gif,2026-07-06T16:44:00+0000,1783356240,41615
2026-08-03,go703FNMkaozEq7tqJ,World Cup Football GIF by OneFootball Heads,gif,2026-07-06T16:43:55+0000,1783356235,60028
2026-08-03,x61sB9WoV0TIwRSfsR,World Cup Football GIF by OneFootball Heads,gif,2026-07-05T10:20:52+0000,1783246852,7233
2026-08-03,pfDwG4T0vC4IxqS2eN,World Cup Football GIF by OneFootball Heads,gif,2026-07-05T10:20:45+0000,1783246845,9335
2026-08-03,1YIOwyDs2IK6MPvs3f,World Cup Football GIF by OneFootball Heads,gif,2026-07-05T10:20:35+0000,1783246835,7420
2026-08-03,U4iDELyXogCfzk2SPc,World Cup Football GIF by OneFootball Heads,gif,2026-07-05T10:20:29+0000,1783246829,20544
2026-08-03,NzJ2mFSbkzVkj29CYP,World Cup Football GIF by OneFootball Heads,gif,2026-07-05T10:20:22+0000,1783246822,5165
2026-08-03,xW6AwwdTobQgDZ3nAU,World Cup Football GIF by OneFootball Heads,gif,2026-07-05T10:20:15+0000,1783246815,8764
2026-08-03,Pd6VbhzYBpVXqj1D2b,World Cup Football GIF by OneFootball Heads,gif,2026-07-05T10:20:03+0000,1783246803,9429
2026-08-03,bOLdbJxTL32fzUfQ79,Germany Football GIF by OneFootball Heads,gif,2026-07-05T10:19:57+0000,1783246797,10468
2026-08-03,7HLrdcksEhIrZa9Zir,Germany Football GIF by OneFootball Heads,gif,2026-07-05T10:19:50+0000,1783246790,6995
2026-08-03,uKuw4epL1KjAqERkXv,Germany Football GIF by OneFootball Heads,gif,2026-07-05T10:19:44+0000,1783246784,4
2026-08-03,0LBI2fJsWSO88UZip6,World Cup Football GIF by OneFootball Heads,gif,2026-07-05T10:19:38+0000,1783246778,129665
2026-08-03,zysC5B66n65evvIv2j,World Cup Football GIF by OneFootball Heads,gif,2026-07-05T10:19:32+0000,1783246772,10160
2026-08-03,WDTFmWErrBo9vvuMJ5,World Cup Football GIF by OneFootball Heads,gif,2026-07-05T10:19:24+0000,1783246764,47433
2026-08-03,KksuC9fn8zo5RlERgg,World Cup Football GIF by OneFootball Heads,gif,2026-07-05T10:19:17+0000,1783246757,9435
2026-08-03,1gsEMwwsNPO36OxOQK,World Cup Football GIF by OneFootball Heads,gif,2026-07-05T10:19:09+0000,1783246749,15586
2026-08-03,kCbiTm717MlCNnAxeU,France Football GIF by OneFootball Heads,gif,2026-07-05T10:19:02+0000,1783246742,30536
2026-08-03,b7B608uSFXLuR9yWYH,France Football GIF by OneFootball Heads,gif,2026-07-05T10:18:56+0000,1783246736,42324
2026-08-03,4bXiLL05WASnteKd7V,France Football GIF by OneFootball Heads,gif,2026-07-05T10:18:48+0000,1783246728,25989
2026-08-03,FxFgVET0GLKFojvrla,France Football GIF by OneFootball Heads,gif,2026-07-05T10:18:41+0000,1783246721,19948
2026-08-03,5050Byd8dZiD8S7OQo,World Cup Football GIF by OneFootball Heads,gif,2026-07-05T10:18:35+0000,1783246715,23045
2026-08-03,uZCGmkB8j9Y2LrKCgC,World Cup Football GIF by OneFootball Heads,gif,2026-07-05T10:18:30+0000,1783246710,95779
2026-08-03,YEzgbuQKP7ilTDmGni,World Cup Football GIF by OneFootball Heads,gif,2026-07-05T10:18:22+0000,1783246702,9673
2026-08-03,31mHgJnJUAJXIB62kJ,World Cup Football GIF by OneFootball Heads,gif,2026-07-05T10:18:14+0000,1783246694,17766
2026-08-03,V2iTAiTz1UENEuooXW,World Cup Football GIF by OneFootball Heads,gif,2026-07-05T10:18:06+0000,1783246686,36585
2026-08-03,6JNI1PXys4vMII0f9A,World Cup Football GIF by OneFootball Heads,gif,2026-07-05T10:17:57+0000,1783246677,65001
2026-08-03,U0K68elO5NOob4q372,World Cup Football GIF by OneFootball Heads,gif,2026-07-05T10:17:49+0000,1783246669,19208
2026-08-03,A1yl317Qn9BkRcNDyq,Germany Football GIF by OneFootball Heads,gif,2026-07-05T10:17:34+0000,1783246654,7920
2026-08-03,UxIqUYwwUampJ8DTtS,World Cup Football GIF by OneFootball Heads,gif,2026-07-05T10:17:26+0000,1783246646,18813
2026-08-03,ifOOtGdoahRmSdfh4k,Germany Football GIF by OneFootball Heads,gif,2026-07-05T10:17:19+0000,1783246639,15221
2026-08-03,kqkgYGr6YOULDs5Fcn,World Cup Shrug GIF by OneFootball Heads,gif,2026-07-05T10:17:12+0000,1783246632,6372
2026-08-03,RHu5cVwkEKODGJMFhD,World Cup Football GIF by OneFootball Heads,gif,2026-07-05T10:17:05+0000,1783246625,20869
2026-08-03,imjTWu6Vx9k0QJwpv4,World Cup Football GIF by OneFootball Heads,gif,2026-07-05T10:16:58+0000,1783246618,331392
2026-08-03,JdCL1IXkf3ObMe1SIJ,World Cup Football GIF by OneFootball Heads,gif,2026-07-05T10:16:51+0000,1783246611,11394
2026-08-03,jJjpM5aG60awjoTpKb,World Cup Football GIF by OneFootball Heads,gif,2026-07-05T10:16:44+0000,1783246604,52283
2026-08-03,bnqEjEUGGVrwEqWNJ0,World Cup Football GIF by OneFootball Heads,gif,2026-07-05T10:16:36+0000,1783246596,33371
2026-08-03,KyUIjPQuLolO6vfaFD,World Cup Football GIF by OneFootball Heads,gif,2026-07-05T10:16:30+0000,1783246590,38262
2026-08-03,rqRCINmIhqekY7cxwt,World Cup Football GIF by OneFootball Heads,gif,2026-07-05T10:16:13+0000,1783246573,32656
2026-08-03,GxQiKyAy9kzwWgAClZ,World Cup Football GIF by OneFootball Heads,gif,2026-07-05T10:16:06+0000,1783246566,18539
2026-08-03,e0tqAwofWcxXx9iIN2,World Cup Football GIF by OneFootball Heads,gif,2026-07-05T10:15:58+0000,1783246558,28270
2026-08-03,jCb2I9TIDuTGehdSHx,World Cup Football GIF by OneFootball Heads,gif,2026-07-05T10:15:50+0000,1783246550,10792
2026-08-03,ybF46HrsLDFuMrg0NO,France Football GIF by OneFootball Heads,gif,2026-07-05T10:15:42+0000,1783246542,20272
2026-08-03,fFcZ7GbvG7949eU5xg,World Cup Football GIF by OneFootball Heads,gif,2026-07-05T10:15:36+0000,1783246536,34160
2026-08-03,hPd95ZhVUZRpaqfS71,World Cup Football GIF by OneFootball Heads,gif,2026-07-05T10:15:29+0000,1783246529,14159
2026-08-03,RwHdKDHMgbReieccJ4,World Cup Football GIF by OneFootball Heads,gif,2026-07-05T10:15:22+0000,1783246522,12239
2026-08-03,YhWN4jrl9saWCBtYVs,World Cup Football GIF by OneFootball Heads,gif,2026-07-05T10:15:14+0000,1783246514,10172
2026-08-03,BKBmjqo7OhXyBwjnJ1,World Cup Football GIF by OneFootball Heads,gif,2026-07-05T10:15:03+0000,1783246503,16567
2026-08-03,2OZgYoYD7xUPQjGmsl,World Cup Football GIF by OneFootball Heads,gif,2026-07-05T10:14:57+0000,1783246497,16355
2026-08-03,FrixhPI7XEfr3wS5yp,World Cup Football GIF by OneFootball Heads,gif,2026-07-05T10:14:51+0000,1783246491,5767
2026-08-03,mp4uQj1yhchE0FJb19,World Cup Football GIF by OneFootball Heads,gif,2026-07-05T10:14:44+0000,1783246484,57912
2026-08-03,WHFiPP52PG9th1XmMP,World Cup Football GIF by OneFootball Heads,gif,2026-07-05T10:14:36+0000,1783246476,11097
2026-08-03,zC1NmByT5WMiTaMHQS,Germany Football GIF by OneFootball Heads,gif,2026-07-05T10:14:29+0000,1783246469,28933
2026-08-03,dszvmLR6BjdJ3cN3B5,Germany Football GIF by OneFootball Heads,gif,2026-07-05T10:14:23+0000,1783246463,32479
2026-08-03,iRowpDxl0o0Qs0f422,Germany Football GIF by OneFootball Heads,gif,2026-07-05T10:14:18+0000,1783246458,14651
2026-08-03,DvT1BeIHu3ChyybxkR,World Cup Football GIF by OneFootball Heads,gif,2026-07-05T10:14:12+0000,1783246452,40038
2026-08-03,UzKPSpSLYsY3sTLQ7e,World Cup Football GIF by OneFootball Heads,gif,2026-07-05T10:14:03+0000,1783246443,23148
2026-08-03,iVj1jzisyn9qoy0HwT,World Cup Football GIF by OneFootball Heads,gif,2026-07-05T10:13:54+0000,1783246434,30755
2026-08-03,MSUZpSsPXDiTRUuHTL,World Cup Football GIF by OneFootball Heads,gif,2026-07-05T10:13:45+0000,1783246425,10078
2026-08-03,k8u0YOIFdyRsTb950U,World Cup Football GIF by OneFootball Heads,gif,2026-07-05T10:13:38+0000,1783246418,10947
2026-08-03,LcCD3TkQe4SJroMYz5,France Football GIF by OneFootball Heads,gif,2026-07-05T10:13:30+0000,1783246410,20725
2026-08-03,lJGL45KeCLzPSaUgTV,France Football GIF by OneFootball Heads,gif,2026-07-05T10:13:25+0000,1783246405,31795
2026-08-03,X29WgAKGLutorgO69Y,France Football GIF by OneFootball Heads,gif,2026-07-05T10:13:18+0000,1783246398,20461
2026-08-03,6DHkm44QfaRU4jjkTd,France Football GIF by OneFootball Heads,gif,2026-07-05T10:13:11+0000,1783246391,21499
2026-08-03,jQgLlzy0ZT54ZCBLTt,World Cup Football GIF by OneFootball Heads,gif,2026-07-05T10:13:04+0000,1783246384,29203
2026-08-03,nohvpMrEwXy468gDFR,World Cup Football GIF by OneFootball Heads,gif,2026-07-05T10:12:59+0000,1783246379,138639
2026-08-03,5IVmTwSUBkM26gnwiT,World Cup Football GIF by OneFootball Heads,gif,2026-07-05T10:12:51+0000,1783246371,70467
2026-08-03,XPN3II0GRNvYBEbxqs,World Cup Football GIF by OneFootball Heads,gif,2026-07-05T10:12:44+0000,1783246364,28139
2026-08-03,9x7iTJfqgFQMCs0cvY,World Cup Football GIF by OneFootball Heads,gif,2026-07-05T10:12:38+0000,1783246358,39015
2026-08-03,kQRBgO3pn3vEnFTgXa,World Cup Football GIF by OneFootball Heads,gif,2026-07-05T10:12:31+0000,1783246351,58125
2026-08-03,0r0YUGcSj97ueZws1I,World Cup Football GIF by OneFootball Heads,gif,2026-07-05T10:12:24+0000,1783246344,18963
2026-08-03,bzs9ftqVS6wCqrRuWx,Germany Football GIF by OneFootball Heads,gif,2026-07-05T10:12:13+0000,1783246333,53199
2026-08-03,cR1Bnk7j1OAqINYtOY,World Cup Football GIF by OneFootball Heads,gif,2026-07-05T10:12:01+0000,1783246321,13246
2026-08-03,9L7p0XupqB44TIXms9,Germany Football GIF by OneFootball Heads,gif,2026-07-05T10:11:54+0000,1783246314,22323
2026-08-03,4Z5Et8yinfeZ1jfuJF,World Cup Shrug GIF by OneFootball Heads,gif,2026-07-05T10:11:43+0000,1783246303,14129
2026-08-03,hRRHZWBCM1iGz8W69i,World Cup Football GIF by OneFootball Heads,gif,2026-07-05T10:11:29+0000,1783246289,119080
2026-08-03,cZYcjyCHHn2mk1ikmK,World Cup Football GIF by OneFootball Heads,gif,2026-07-05T10:11:22+0000,1783246282,13062
2026-08-03,toz148aIki3hNi79mi,World Cup Football GIF by OneFootball Heads,gif,2026-07-05T10:11:15+0000,1783246275,25635
2026-08-03,saM8smyVfRy2WxXNf3,World Cup Football GIF by OneFootball Heads,gif,2026-07-05T10:11:06+0000,1783246266,43283
2026-08-03,sN3d7kXdPbvjlidiJz,World Cup Football GIF by OneFootball Heads,gif,2026-07-05T10:11:00+0000,1783246260,19089
2026-08-03,S8nncQt2T539fDIA0b,World Cup Football GIF by OneFootball Heads,gif,2026-07-05T10:10:40+0000,1783246240,26438
2026-08-03,2fhhHvDo2dUJMgJFW6,World Cup Football GIF by OneFootball Heads,gif,2026-07-05T10:10:32+0000,1783246232,7858
2026-08-03,cxkFjp3QZGzSh1Iyxz,World Cup Football GIF by OneFootball Heads,gif,2026-07-05T10:10:26+0000,1783246226,24194
2026-08-03,kc5sCk8smIzR9bEVmq,World Cup Football GIF by OneFootball Heads,gif,2026-07-05T10:10:19+0000,1783246219,26594
2026-08-03,syTxsyJjCeublic7d4,France Football GIF by OneFootball Heads,gif,2026-07-05T10:10:12+0000,1783246212,24572
2026-08-03,1yWBEir2xnNtXtsIt9,World Cup Football GIF by OneFootball Heads,gif,2026-07-05T10:10:04+0000,1783246204,72082
2026-08-03,6a3eNd7DeaD1dk11hn,World Cup Football GIF by OneFootball Heads,gif,2026-07-05T10:09:57+0000,1783246197,24811
2026-08-03,eSfJodS0foTOVqrBg1,6 7 Football GIF by OneFootball Heads,gif,2026-06-18T16:43:59+0000,1781801039,15201
2026-08-03,cpWDzbkGXinjazXAsQ,6 7 Football GIF by OneFootball Heads,gif,2026-06-18T16:43:55+0000,1781801035,18298
2026-08-03,JbyrV7bzRuZeOpzb30,World Cup Football GIF by OneFootball Heads,gif,2026-06-18T16:15:03+0000,1781799303,22005
2026-08-03,Do7K8nCJQrwf7gsrRm,World Cup Football GIF by OneFootball Heads,gif,2026-06-18T16:14:56+0000,1781799296,28796
2026-08-03,d07pfKl4LYFx9eOGnG,World Cup Football GIF by OneFootball Heads,gif,2026-06-18T16:14:50+0000,1781799290,35454
2026-08-03,iUmxhJqvJmf1ytmdok,World Cup Football GIF by OneFootball Heads,gif,2026-06-18T16:14:44+0000,1781799284,253916
2026-08-03,65WZEH3DbzTOskjZ9F,World Cup Football GIF by OneFootball Heads,gif,2026-06-18T16:14:38+0000,1781799278,28563
2026-08-03,NU5arjj8ut7RpNelJ9,World Cup Football GIF by OneFootball Heads,gif,2026-06-18T16:14:32+0000,1781799272,63257
2026-08-03,PdVb9g4MVTNgQ2OL26,World Cup Football GIF by OneFootball Heads,gif,2026-06-18T16:14:27+0000,1781799267,40223
2026-08-03,BAvIhFpn2zXzDlaAKV,World Cup Football GIF by OneFootball Heads,gif,2026-06-18T16:14:21+0000,1781799261,71652
2026-08-03,0citpjho00ObF3pMEm,World Cup Football GIF by OneFootball Heads,gif,2026-06-18T16:14:16+0000,1781799256,25025
2026-08-03,QTRlMVKXeT15fGVLbk,World Cup Football GIF by OneFootball Heads,gif,2026-06-18T16:14:10+0000,1781799250,47096
2026-08-03,VOuTYkX8OhXjetxwQ5,World Cup Football GIF by OneFootball Heads,gif,2026-06-18T16:14:01+0000,1781799241,8571
2026-08-03,ioikNOK6094SPdG2gY,World Cup Football GIF by OneFootball Heads,gif,2026-06-18T16:13:55+0000,1781799235,13321
2026-08-03,UHX8Z1xxM7q95ifvMN,World Cup Football GIF by OneFootball Heads,gif,2026-06-18T16:13:49+0000,1781799229,12790
2026-08-03,0iqkjAyJgiCpPLy3Fq,World Cup Football GIF by OneFootball Heads,gif,2026-06-18T16:13:44+0000,1781799224,7990
2026-08-03,RZrRtVNSxivmiqc4ms,World Cup Football GIF by OneFootball Heads,gif,2026-06-18T16:13:38+0000,1781799218,15296
2026-08-03,51xCLRv58gqjYM63YV,World Cup Football GIF by OneFootball Heads,gif,2026-06-18T16:13:32+0000,1781799212,32789
2026-08-03,IbdIiqy5nHTtHJKeuA,World Cup Football GIF by OneFootball Heads,gif,2026-06-18T16:13:26+0000,1781799206,34371
2026-08-03,lUrvU5C0ui1UixvK9l,World Cup Football GIF by OneFootball Heads,gif,2026-06-18T16:13:20+0000,1781799200,32540
2026-08-03,kfjRVgBKSfpje8yaL1,World Cup Football GIF by OneFootball Heads,gif,2026-06-18T16:13:14+0000,1781799194,38231
2026-08-03,8HsLMUNvbQnVzLWcty,World Cup Football GIF by OneFootball Heads,gif,2026-06-18T16:13:08+0000,1781799188,43945
2026-08-03,4iC6WmsVhfZAeGj178,World Cup Football GIF by OneFootball Heads,gif,2026-06-18T16:13:02+0000,1781799182,16100
2026-08-03,oU1Fo2c50feGpaWwDh,World Cup Football GIF by OneFootball Heads,gif,2026-06-18T16:12:55+0000,1781799175,13503
2026-08-03,GW5HlgHeRXwbcIRTAO,World Cup Football GIF by OneFootball Heads,gif,2026-06-18T16:12:48+0000,1781799168,14159
2026-08-03,j4tl0BRFWySCPi8I98,World Cup Football GIF by OneFootball Heads,gif,2026-06-18T16:12:41+0000,1781799161,16437
2026-08-03,Z9OWqReW3I4Jr4MEdB,World Cup Football GIF by OneFootball Heads,gif,2026-06-18T16:12:35+0000,1781799155,11118
2026-08-03,P2dP3D2kAzqcRPPaWr,World Cup Football GIF by OneFootball Heads,gif,2026-06-18T16:12:26+0000,1781799146,8221
2026-08-03,xjLbBByLJ19X487OlI,World Cup Football GIF by OneFootball Heads,gif,2026-06-18T16:12:20+0000,1781799140,15588
2026-08-03,MMQp5dVRWpDk5TKSk3,World Cup Football GIF by OneFootball Heads,gif,2026-06-18T16:12:06+0000,1781799126,10645
2026-08-03,hkJqI1Z2eMIZGjaLGr,World Cup Football GIF by OneFootball Heads,gif,2026-06-18T16:11:59+0000,1781799119,10838
2026-08-03,tFyjXDG8DdgV7jbV1B,World Cup Football GIF by OneFootball Heads,gif,2026-06-18T16:11:53+0000,1781799113,17275
2026-08-03,2jcJ3HFGUHkTyioaUT,World Cup Football GIF by OneFootball Heads,gif,2026-06-18T16:11:46+0000,1781799106,15957
2026-08-03,cIJp8Y1yZVnCzjXSjQ,World Cup Football GIF by OneFootball Heads,gif,2026-06-18T16:11:39+0000,1781799099,13454
2026-08-03,K53ka9tKBWvdlEmEiQ,World Cup Football GIF by OneFootball Heads,gif,2026-06-18T16:11:33+0000,1781799093,12359
2026-08-03,g1TgPevFB2j9fFhIUv,World Cup Football GIF by OneFootball Heads,gif,2026-06-18T16:11:27+0000,1781799087,9643
2026-08-03,KB4yS05ErAJldfsNj8,World Cup Football GIF by OneFootball Heads,gif,2026-06-18T16:11:21+0000,1781799081,25900
2026-08-03,1d6N0pb13wv2X6Qqhh,World Cup Football GIF by OneFootball Heads,gif,2026-06-18T16:11:14+0000,1781799074,28778
2026-08-03,pWYoNgRTTOcpQEGdh4,World Cup Football GIF by OneFootball Heads,gif,2026-06-18T16:11:08+0000,1781799068,17837
2026-08-03,G4bRYCUE94lLd7ftFC,World Cup Football GIF by OneFootball Heads,gif,2026-06-18T16:11:02+0000,1781799062,16526
2026-08-03,YeGuStp7fomlR6Gj8o,World Cup Football GIF by OneFootball Heads,gif,2026-06-18T16:10:55+0000,1781799055,33046
2026-08-03,HKNFJD7cAwpvlYa6p1,World Cup Football GIF by OneFootball Heads,gif,2026-06-18T16:10:49+0000,1781799049,10919
2026-08-03,qNokvWhj3oqF4D5q3D,World Cup Football GIF by OneFootball Heads,gif,2026-06-18T16:10:42+0000,1781799042,10464
2026-08-03,QozR1lmgh6PNPxiPDH,World Cup Football GIF by OneFootball Heads,gif,2026-06-18T16:10:36+0000,1781799036,8428
2026-08-03,F0x8UfLG8yOQPPRCj9,World Cup Football GIF by OneFootball Heads,gif,2026-06-18T16:10:28+0000,1781799028,8640
2026-08-03,xdfUlTMvx8p3k8Taet,World Cup Football GIF by OneFootball Heads,gif,2026-06-18T16:10:20+0000,1781799020,19152
2026-08-03,1qJHVFYH15SpmhSykp,Believe World Cup GIF by OneFootball Heads,gif,2026-06-18T16:10:14+0000,1781799014,34851
2026-08-03,nNlKQlqY4lK6qAxiQV,World Cup Football GIF by OneFootball Heads,gif,2026-06-18T16:10:03+0000,1781799003,114341
2026-08-03,nDLvxkW2XE2ZjcVKQR,World Cup Football GIF by OneFootball Heads,gif,2026-06-18T16:09:56+0000,1781798996,11745
2026-08-03,W04ps2Hb3KrzSRGeh6,World Cup Football GIF by OneFootball Heads,gif,2026-06-18T16:09:48+0000,1781798988,6473
2026-08-03,vgMxyT3D5Nf7YtgLEN,World Cup Football GIF by OneFootball Heads,gif,2026-06-18T14:34:01+0000,1781793241,14497
2026-08-03,NMa7tlk37iWeBOSmwr,World Cup Football GIF by OneFootball Heads,gif,2026-06-18T14:33:55+0000,1781793235,8790
2026-08-03,wyVRFz9fJaE5B8IZ2I,France Football GIF by OneFootball Heads,gif,2026-06-18T14:33:49+0000,1781793229,21957
2026-08-03,w59SdHiwZO84yaEl4U,World Cup Football GIF by OneFootball Heads,gif,2026-06-18T14:33:43+0000,1781793223,79705
2026-08-03,pxIwqllLtTqwkP3P7q,France Football GIF by OneFootball Heads,gif,2026-06-18T14:33:37+0000,1781793217,12091
2026-08-03,5DIPupkmxQqmITQtN1,World Cup Football GIF by OneFootball Heads,gif,2026-06-18T14:33:30+0000,1781793210,232488
2026-08-03,gmEnnJ3Cj1fBPirnyp,World Cup Football GIF by OneFootball Heads,gif,2026-06-18T14:33:25+0000,1781793205,97038
2026-08-03,nRd5z0hIeY7xQz1yai,World Cup Football GIF by OneFootball Heads,gif,2026-06-18T14:33:19+0000,1781793199,56905
2026-08-03,hLlrlSXRBLz2a3Fa9b,World Cup Football GIF by OneFootball Heads,gif,2026-06-18T14:33:12+0000,1781793192,18896
2026-08-03,VUJFF1jbhxVFyUtLTJ,World Cup Football GIF by OneFootball Heads,gif,2026-06-18T14:33:07+0000,1781793187,685116
2026-08-03,YIVMHeeUzrNYt7qSqJ,World Cup Football GIF by OneFootball Heads,gif,2026-06-18T14:33:01+0000,1781793181,46721
2026-08-03,0OVzKdoHvIwJL7RduN,World Cup Football GIF by OneFootball Heads,gif,2026-06-18T14:32:55+0000,1781793175,58460
2026-08-03,Ad00UhfBWCrf6iIraA,World Cup Football GIF by OneFootball Heads,gif,2026-06-18T14:32:49+0000,1781793169,17512
2026-08-03,YOy4wfZdVp39GaHWHa,World Cup Football GIF by OneFootball Heads,gif,2026-06-18T14:32:43+0000,1781793163,21141
2026-08-03,ysB7TRjZlCfK705Qsx,World Cup Football GIF by OneFootball Heads,gif,2026-06-18T14:32:37+0000,1781793157,13755
2026-08-03,oVgehCwEPrMbYJAeuH,France Football GIF by OneFootball Heads,gif,2026-06-18T14:32:30+0000,1781793150,25951
2026-08-03,XYiDNupHyw1MaXyFbY,World Cup Football GIF by OneFootball Heads,gif,2026-06-18T14:32:24+0000,1781793144,60878
2026-08-03,dRdbbodInaw9ngy2et,World Cup Football GIF by OneFootball Heads,gif,2026-06-18T14:32:18+0000,1781793138,31178
2026-08-03,kg26UxATxZow3AsKZZ,World Cup Football GIF by OneFootball Heads,gif,2026-06-18T14:32:12+0000,1781793132,212764
2026-08-03,lGjWSowFgfSI3Q7CuM,World Cup Football GIF by OneFootball Heads,gif,2026-06-18T14:32:01+0000,1781793121,161733
2026-08-03,VaSaGr35NjXb2lexto,World Cup Football GIF by OneFootball Heads,gif,2026-06-18T14:31:56+0000,1781793116,67492
2026-08-03,hftSnrV7jiNn6MkQk4,France Football GIF by OneFootball Heads,gif,2026-06-18T14:31:49+0000,1781793109,26698
2026-08-03,lo0xHsbZsqAXm3DxRm,France Football GIF by OneFootball Heads,gif,2026-06-18T14:31:43+0000,1781793103,10814
2026-08-03,pzLy6Kcx9jyVz05UxB,World Cup Football GIF by OneFootball Heads,gif,2026-06-18T14:31:30+0000,1781793090,17479
2026-08-03,TCYSBvF1McWeOViTdS,World Cup Football GIF by OneFootball Heads,gif,2026-06-18T14:31:23+0000,1781793083,240804
2026-08-03,LgaosMJFuBdaBg4Zqw,World Cup Football GIF by OneFootball Heads,gif,2026-06-18T14:31:18+0000,1781793078,15233
2026-08-03,UpPyFzWrRSSCDjWW5S,France Football GIF by OneFootball Heads,gif,2026-06-18T14:31:12+0000,1781793072,11596
2026-08-03,UiN6zWG0ArXRCn52L0,World Cup Football GIF by OneFootball Heads,gif,2026-06-18T14:31:05+0000,1781793065,15624
2026-08-03,pKUmbMGZ5eNwfcEOwB,World Cup Football GIF by OneFootball Heads,gif,2026-06-18T14:30:59+0000,1781793059,17881
2026-08-03,mnFrveFv1O0NCcXXRg,World Cup Football GIF by OneFootball Heads,gif,2026-06-18T14:30:52+0000,1781793052,54105
2026-08-03,5Cniu3sjAb3IHZD5Bh,World Cup Football GIF by OneFootball Heads,gif,2026-06-18T14:30:47+0000,1781793047,62953
2026-08-03,XB8mTbeXNfl7OIlAkt,World Cup Football GIF by OneFootball Heads,gif,2026-06-18T14:30:42+0000,1781793042,10155
2026-08-03,uYAAG52VMeqNbeKxrw,World Cup Football GIF by OneFootball Heads,gif,2026-06-18T14:30:36+0000,1781793036,17319
2026-08-03,4I8DiIUSUnnTBauMmF,World Cup Football GIF by OneFootball Heads,gif,2026-06-18T14:30:30+0000,1781793030,35954
2026-08-03,mYNEpIFkBXXyA3E2SJ,World Cup Football GIF by OneFootball Heads,gif,2026-06-18T14:30:24+0000,1781793024,102532
2026-08-03,pGYHslrw9ZTEMk9Sn2,World Cup Football GIF by OneFootball Heads,gif,2026-06-18T14:30:18+0000,1781793018,614260
2026-08-03,33ZJlVdrJfJqeZ8YAd,World Cup Football GIF by OneFootball Heads,gif,2026-06-18T14:30:12+0000,1781793012,94961
2026-08-03,RYjyZx74LQ511YUxgW,World Cup Football GIF by OneFootball Heads,gif,2026-06-18T14:30:06+0000,1781793006,62043
2026-08-03,HBz4ZFEBOWzRdBO70e,World Cup Football GIF by OneFootball Heads,gif,2026-06-18T14:30:00+0000,1781793000,1131558
2026-08-03,BEH8snVdAHDiqrRvhv,World Cup Football GIF by OneFootball Heads,gif,2026-06-18T14:29:54+0000,1781792994,25917
2026-08-03,O2iEG5r6EhWWPVCIMl,World Cup Football GIF by OneFootball Heads,gif,2026-06-18T14:29:49+0000,1781792989,115482
2026-08-03,A2z7pVURqwz3BlQdQp,World Cup Football GIF by OneFootball Heads,gif,2026-06-18T14:29:43+0000,1781792983,43098
2026-08-03,U2RkG4c7Vpaz9UnSuZ,World Cup Football GIF by OneFootball Heads,gif,2026-06-18T14:29:36+0000,1781792976,26686
2026-08-03,ApgAv4fFKYE5zQmdet,World Cup Football GIF by OneFootball Heads,gif,2026-06-18T14:29:30+0000,1781792970,13984
2026-08-03,c14InbFxtr5gAFCZfy,World Cup Football GIF by OneFootball Heads,gif,2026-06-18T14:29:24+0000,1781792964,23081
2026-08-03,qY5hBUyiQSBf79ntVr,France Football GIF by OneFootball Heads,gif,2026-06-18T14:29:18+0000,1781792958,11394
2026-08-03,V2cgY6r7FOSTkCgBS1,Germany Football GIF by OneFootball Heads,gif,2026-06-18T14:29:11+0000,1781792951,13158
2026-08-03,KcWVxQd0HvsbqguiXS,France Football GIF by OneFootball Heads,gif,2026-06-18T14:29:04+0000,1781792944,92862
2026-08-03,z2RmddzZET8w5zZtyb,World Cup Football GIF by OneFootball Heads,gif,2026-06-18T14:28:59+0000,1781792939,48544
2026-08-03,GMsykn2kFJhMIBPMb9,World Cup Football GIF by OneFootball Heads,gif,2026-06-18T14:28:53+0000,1781792933,25116
2026-08-03,U6zenm1kWFjycNTkdz,France Football GIF by OneFootball Heads,gif,2026-06-18T14:28:47+0000,1781792927,41470
2026-08-03,V65BD1iwdbErs5NDw7,World Cup Football GIF by OneFootball Heads,gif,2026-06-18T14:28:41+0000,1781792921,31726
2026-08-03,KR0ABF8z9pul0Xn1vj,World Cup Football GIF by OneFootball Heads,gif,2026-06-18T14:28:28+0000,1781792908,13694
2026-08-03,kmGi3ucTvgLv6pA7rE,World Cup Football GIF by OneFootball Heads,gif,2026-06-18T14:28:23+0000,1781792903,36922
2026-08-03,xQNauBqQ1WrqCAPuRE,World Cup Football GIF by OneFootball Heads,gif,2026-06-18T14:28:16+0000,1781792896,22141
2026-08-03,KlL7G6C1HWtdM3YHse,Germany Football GIF by OneFootball Heads,gif,2026-06-18T14:28:10+0000,1781792890,9130
2026-08-03,Jj6MUSSOBIS7iy4cHl,World Cup Football GIF by OneFootball Heads,gif,2026-06-18T14:28:04+0000,1781792884,29266
2026-08-03,o582qaiYg31UCY2MHB,World Cup Football GIF by OneFootball Heads,gif,2026-06-18T14:27:58+0000,1781792878,8637
2026-08-03,MVdhlDm19paYqtsMfF,Germany Football GIF by OneFootball Heads,gif,2026-06-18T14:27:52+0000,1781792872,10969
2026-08-03,M3DQRSj2ZR4BSXZMlX,World Cup Football GIF by OneFootball Heads,gif,2026-06-18T14:27:46+0000,1781792866,25957
2026-08-03,Fh1YBOMQy8ivv5QNzd,World Cup Football GIF by OneFootball Heads,gif,2026-06-18T14:27:41+0000,1781792861,16823
2026-08-03,1L3Mvo7LQ6VfgJJT6I,World Cup Football GIF by OneFootball Heads,gif,2026-06-18T14:27:35+0000,1781792855,125893
2026-08-03,FQaUqL5cxE07TVmEbM,World Cup Football GIF by OneFootball Heads,gif,2026-06-18T14:27:29+0000,1781792849,15013
2026-08-03,D41XyjutopurXno57q,World Cup Football GIF by OneFootball Heads,gif,2026-06-18T14:27:24+0000,1781792844,35560
2026-08-03,zIf83ye6vDhxzHKtUd,Germany Football GIF by OneFootball Heads,gif,2026-06-18T14:27:18+0000,1781792838,12648
2026-08-03,aow0lDW9gAStommdsS,World Cup Football GIF by OneFootball Heads,gif,2026-06-18T14:27:13+0000,1781792833,58285
2026-08-03,wulH1pzgOUFXQQNyor,World Cup Football GIF by OneFootball Heads,gif,2026-06-18T14:27:07+0000,1781792827,15374
2026-08-03,QQeMYCJmSK3CvnW69G,World Cup Football GIF by OneFootball Heads,gif,2026-06-18T14:27:01+0000,1781792821,23237
2026-08-03,UR5a8u78Xa7VdtyJIS,World Cup Football GIF by OneFootball Heads,gif,2026-06-18T14:26:56+0000,1781792816,36122
2026-08-03,9IwfTwulCPEiDADHzx,World Cup Football GIF by OneFootball Heads,gif,2026-06-18T14:26:49+0000,1781792809,46911
2026-08-03,29Z7C8nHD9ijZuMqTV,World Cup Football GIF by OneFootball Heads,gif,2026-06-18T14:26:43+0000,1781792803,60844
2026-08-03,7uuBgvGPs6E5EttML4,World Cup Football GIF by OneFootball Heads,gif,2026-06-18T14:26:37+0000,1781792797,12882
2026-08-03,4QXKOejCxZAOvUfjxZ,World Cup Football GIF by OneFootball Heads,gif,2026-06-18T14:26:30+0000,1781792790,56419
2026-08-03,p6hxl3FX2QtPN1eWsj,World Cup Football GIF by OneFootball Heads,gif,2026-06-18T14:26:24+0000,1781792784,160885
2026-08-03,HviuxhG9WFXzbBpjJe,World Cup Football GIF by OneFootball Heads,gif,2026-06-18T14:26:13+0000,1781792773,24440
2026-08-03,5b6DvVHMPq5kG9QBE7,World Cup Football GIF by OneFootball Heads,gif,2026-06-18T14:26:06+0000,1781792766,10515
2026-08-03,Zw9IYZoi4lR40x6kOh,World Cup Football GIF by OneFootball Heads,gif,2026-06-18T14:25:59+0000,1781792759,62036
2026-08-03,FXlBfysZeccejSPXLN,World Cup Football GIF by OneFootball Heads,gif,2026-06-18T14:25:54+0000,1781792754,31814
2026-08-03,j70G4xGbIAyl69HjSG,World Cup Football GIF by OneFootball Heads,gif,2026-06-18T14:25:47+0000,1781792747,43123
2026-08-03,qvGvze34SYzFy0IOjo,World Cup Football GIF by OneFootball Heads,gif,2026-06-18T14:25:41+0000,1781792741,27294
2026-08-03,XIxeCLHT9zVohiL4T9,World Cup Football GIF by OneFootball Heads,gif,2026-06-18T14:25:35+0000,1781792735,73254
2026-08-03,nfDB8cFWhS4Dee2sgL,France Football GIF by OneFootball Heads,gif,2026-06-18T14:25:29+0000,1781792729,22697
2026-08-03,yiNGJnacgioeujOFDw,France Football GIF by OneFootball Heads,gif,2026-06-18T14:25:24+0000,1781792724,28200
2026-08-03,UM7sju7MO1wK6KpVdR,World Cup Football GIF by OneFootball Heads,gif,2026-06-18T14:25:18+0000,1781792718,14395
2026-08-03,2AHzoH7CI4TQeyzYCD,France Football GIF by OneFootball Heads,gif,2026-06-18T14:25:12+0000,1781792712,17172
2026-08-03,RUcKKOR9LAGm3Sy9CY,World Cup Football GIF by OneFootball Heads,gif,2026-06-18T14:25:06+0000,1781792706,191153
2026-08-03,ymR0THwsC0ryufBoCC,World Cup Football GIF by OneFootball Heads,gif,2026-06-18T13:00:11+0000,1781787611,110489
2026-08-03,l5ZWNLnfskv9LTE03S,World Cup Football GIF by OneFootball Heads,gif,2026-06-18T12:59:41+0000,1781787581,27023
2026-08-03,GGxYV9J86hAuLOftmX,World Cup Football GIF by OneFootball Heads,gif,2026-06-18T12:59:35+0000,1781787575,81731
2026-08-03,YRgKKGuDWNqdVKUsJK,World Cup Football GIF by OneFootball Heads,gif,2026-06-18T12:59:29+0000,1781787569,49367
2026-08-03,sgLnfOIYS7BUIHXUxC,World Cup Football GIF by OneFootball Heads,gif,2026-06-18T12:59:23+0000,1781787563,20709
2026-08-03,hvHkkgdpNyYBCNwWii,World Cup Football GIF by OneFootball Heads,gif,2026-06-18T12:59:17+0000,1781787557,24358
2026-08-03,ocHIQm4HwUXQHcA1U0,World Cup Football GIF by OneFootball Heads,gif,2026-06-18T12:59:12+0000,1781787552,10470
2026-08-03,hZtR0YEJJ66b1a0Yrb,World Cup Football GIF by OneFootball Heads,gif,2026-06-18T12:59:06+0000,1781787546,9759
2026-08-03,QSA6gWBwyyXJIzo0gE,World Cup Football GIF by OneFootball Heads,gif,2026-06-18T12:59:00+0000,1781787540,13851
2026-08-03,99L1Ri4cmx4aZ82imT,World Cup Football GIF by OneFootball Heads,gif,2026-06-18T12:58:52+0000,1781787532,65401
2026-08-03,T0MPbboDiC4fnKtpKF,World Cup Football GIF by OneFootball Heads,gif,2026-06-18T12:58:48+0000,1781787528,65961
2026-08-03,XCGc4SGOCWsIxXCteW,World Cup Football GIF by OneFootball Heads,gif,2026-06-18T12:58:42+0000,1781787522,109685
2026-08-03,zSoJATxvNy74D0WE4l,World Cup Football GIF by OneFootball Heads,gif,2026-06-18T12:58:36+0000,1781787516,77664
2026-08-03,uCLrRaHsmPHmSNVkY8,World Cup Football GIF by OneFootball Heads,gif,2026-06-18T12:58:30+0000,1781787510,74188
2026-08-03,tsiV9e5BNYJs9N63xu,World Cup Football GIF by OneFootball Heads,gif,2026-06-18T12:58:25+0000,1781787505,394641
2026-08-03,vWQ3cNvlZdFGn4P8mC,World Cup Football GIF by OneFootball Heads,gif,2026-06-18T12:58:20+0000,1781787500,15461
2026-08-03,m6uaoa7xX7Dg2HnF6p,World Cup Football GIF by OneFootball Heads,gif,2026-06-18T12:58:12+0000,1781787492,9602
2026-08-03,tG40NFJ94fjjn3vRXR,World Cup Football GIF by OneFootball Heads,gif,2026-06-18T12:58:01+0000,1781787481,63513
2026-08-03,Gs7S4vm03HWudtCUxT,World Cup Football GIF by OneFootball Heads,gif,2026-06-18T12:57:56+0000,1781787476,74097
2026-08-03,lDvigQV6SivDb1PP17,World Cup Football GIF by OneFootball Heads,gif,2026-06-18T12:57:51+0000,1781787471,37012
2026-08-03,6nsJtjKzfX0DYG6Fg8,World Cup Football GIF by OneFootball Heads,gif,2026-06-18T12:57:47+0000,1781787467,36170
2026-08-03,SQwDBfwWSCoRe4PcNJ,World Cup Football GIF by OneFootball Heads,gif,2026-06-18T12:57:43+0000,1781787463,24223
2026-08-03,UwKnpGaeFmihxIEt4Z,World Cup Football GIF by OneFootball Heads,gif,2026-06-18T12:57:38+0000,1781787458,41773
2026-08-03,TfKAAlWTfJBh06kQ5S,World Cup Football GIF by OneFootball Heads,gif,2026-06-18T12:57:33+0000,1781787453,28558
2026-08-03,rI4yCkQXsGkvkN6qQy,World Cup Football GIF by OneFootball Heads,gif,2026-06-18T12:57:28+0000,1781787448,15914
2026-08-03,x6u2P1xWEqpnimsun6,World Cup Football GIF by OneFootball Heads,gif,2026-06-18T12:57:22+0000,1781787442,54635
2026-08-03,aFoEcC8r12zpxNNvSz,World Cup Football GIF by OneFootball Heads,gif,2026-06-18T12:57:16+0000,1781787436,10279
2026-08-03,Atdw4UUjkYNWJaCahh,World Cup Football GIF by OneFootball Heads,gif,2026-06-18T12:57:11+0000,1781787431,13554
2026-08-03,2XhJxylc2hyATdyLCy,World Cup Football GIF by OneFootball Heads,gif,2026-06-18T12:57:05+0000,1781787425,46519
2026-08-03,NZNjSEXDfUQbmupjJW,World Cup Football GIF by OneFootball Heads,gif,2026-06-18T12:56:59+0000,1781787419,67328
2026-08-03,a8ZxCyyxdwfSsqTwsL,World Cup Football GIF by OneFootball Heads,gif,2026-06-18T12:56:54+0000,1781787414,91192
2026-08-03,PJDjRlqkTOWG8CAWNa,World Cup Football GIF by OneFootball Heads,gif,2026-06-18T12:56:48+0000,1781787408,66519
2026-08-03,5bLSkn2OEV2LU4IPHI,World Cup Football GIF by OneFootball Heads,gif,2026-06-18T12:56:42+0000,1781787402,42742
2026-08-03,cYELoocQoVRmY2GRJq,World Cup Football GIF by OneFootball Heads,gif,2026-06-18T12:56:35+0000,1781787395,227962
2026-08-03,tRWPZFwfKYTcaQ0Vut,World Cup Football GIF by OneFootball Heads,gif,2026-06-18T12:56:28+0000,1781787388,16185
2026-08-03,kAZI2CjoJeDdkShdIp,World Cup Football GIF by OneFootball Heads,gif,2026-06-18T12:56:24+0000,1781787384,11117
2026-08-03,hVlGeCHhXYdIj5VuGy,World Cup Football GIF by OneFootball Heads,gif,2026-06-18T12:56:18+0000,1781787378,15691
2026-08-03,WxKKJGKsUUWPJgkf4N,World Cup Football GIF by OneFootball Heads,gif,2026-06-18T12:56:13+0000,1781787373,59344
2026-08-03,WxxWLGWv6UUZdsT2lS,World Cup Football GIF by OneFootball Heads,gif,2026-06-18T12:56:07+0000,1781787367,78826
2026-08-03,btR3gAi7NqgMjA2aNz,World Cup Football GIF by OneFootball Heads,gif,2026-06-18T12:55:31+0000,1781787331,8595
2026-08-03,3bdT6rswZrdJAAXyIY,World Cup Football GIF by OneFootball Heads,gif,2026-06-18T12:55:26+0000,1781787326,12051
2026-08-03,tPrbmCVHFFg7K72O3L,World Cup Football GIF by OneFootball Heads,gif,2026-06-18T12:55:20+0000,1781787320,8022
2026-08-03,K4y1b339hvcqk45WJ9,World Cup Football GIF by OneFootball Heads,gif,2026-06-18T12:55:15+0000,1781787315,235780
2026-08-03,oLP7BIj99u0sFUlnsV,World Cup Football GIF by OneFootball Heads,gif,2026-06-18T12:55:09+0000,1781787309,17806
2026-08-03,x3LVct059nDJWWHnBs,World Cup Football GIF by OneFootball Heads,gif,2026-06-18T12:55:04+0000,1781787304,18827
2026-08-03,yK7UnYilNJehrLYsIm,World Cup Football GIF by OneFootball Heads,gif,2026-06-18T12:54:59+0000,1781787299,71441
2026-08-03,gWRf9HI5C42rN1HirJ,World Cup Football GIF by OneFootball Heads,gif,2026-06-18T12:54:53+0000,1781787293,97493
2026-08-03,xoGxhyhEQOp0jXphxx,World Cup Football GIF by OneFootball Heads,gif,2026-06-18T12:54:47+0000,1781787287,168592
2026-08-03,J3HhbqcC2mKM6eetbu,World Cup Football GIF by OneFootball Heads,gif,2026-06-18T12:54:42+0000,1781787282,43629
2026-08-03,DArpiMDTC0np9ytWe8,World Cup Football GIF by OneFootball Heads,gif,2026-06-18T12:54:37+0000,1781787277,37822
2026-08-03,hUgUnBmpjUXA8w2eBC,World Cup Football GIF by OneFootball Heads,gif,2026-06-18T12:54:32+0000,1781787272,64833
2026-08-03,RjBXlk32cZwWJwL4gS,World Cup Football GIF by OneFootball Heads,gif,2026-06-18T12:54:27+0000,1781787267,16700
2026-08-03,ZeK2ek6RtyEL73iY0B,World Cup Football GIF by OneFootball Heads,gif,2026-06-18T12:54:20+0000,1781787260,42824
2026-08-03,bff86XIkSNuway0pUU,World Cup Football GIF by OneFootball Heads,gif,2026-06-18T12:54:16+0000,1781787256,89131
2026-08-03,IvciiQcSOnH7gFlwnK,World Cup Football GIF by OneFootball Heads,gif,2026-06-18T12:54:11+0000,1781787251,46071
2026-08-03,9F3kTka3lWs1MoyUW4,World Cup Football GIF by OneFootball Heads,gif,2026-06-18T12:54:03+0000,1781787243,42018
2026-08-03,ncRqGV6vGvUMh7oR7x,World Cup Football GIF by OneFootball Heads,gif,2026-06-18T12:53:56+0000,1781787236,136645
2026-08-03,gMAqaGlYLH1LnHhSQu,World Cup Football GIF by OneFootball Heads,gif,2026-06-18T12:53:51+0000,1781787231,21039
2026-08-03,kg7ti21Zmn5y1AtniN,World Cup Football GIF by OneFootball Heads,gif,2026-06-18T12:53:46+0000,1781787226,41877
2026-08-03,XR7PHHrmVHtqEK1gol,World Cup Football GIF by OneFootball Heads,gif,2026-06-18T12:53:40+0000,1781787220,247072
2026-08-03,HeFCcdgF37XybNbJM1,World Cup Football GIF by OneFootball Heads,gif,2026-06-18T12:53:35+0000,1781787215,28503
2026-08-03,XniMEEmJBr9ukfaFPg,World Cup Football GIF by OneFootball Heads,gif,2026-06-18T12:53:30+0000,1781787210,14327
2026-08-03,z3cQyCScaa6eQAPGxM,World Cup Football GIF by OneFootball Heads,gif,2026-06-18T12:53:25+0000,1781787205,26706
2026-08-03,bbd845md4bBhtzxnP2,World Cup Football GIF by OneFootball Heads,gif,2026-06-18T12:53:20+0000,1781787200,16696
2026-08-03,IhRt3YlSBJDDGKmVfA,World Cup Football GIF by OneFootball Heads,gif,2026-06-18T12:53:15+0000,1781787195,13465
2026-08-03,ob50T7GkSbkLLSRhQn,World Cup Football GIF by OneFootball Heads,gif,2026-06-18T12:53:10+0000,1781787190,14454
2026-08-03,2MJOk63MZDgJLnCWbP,Germany Football GIF by OneFootball Heads,gif,2026-06-18T12:53:05+0000,1781787185,8070
2026-08-03,tUcJ0CqH4BsIKAIDrB,Germany Football GIF by OneFootball Heads,gif,2026-06-18T12:53:00+0000,1781787180,18270
2026-08-03,HOOTxxN5gUjEhJDUzT,Germany Football GIF by OneFootball Heads,gif,2026-06-18T12:52:54+0000,1781787174,12271
2026-08-03,MibqmLIdqxwQepv1u4,France Football GIF by OneFootball Heads,gif,2026-06-18T12:52:50+0000,1781787170,17566
2026-08-03,zQxSWfx8MQYyxMzLTW,France Football GIF by OneFootball Heads,gif,2026-06-18T12:52:43+0000,1781787163,27135
2026-08-03,QgBxz4jlNWpq4U0VBL,France Football GIF by OneFootball Heads,gif,2026-06-18T12:52:37+0000,1781787157,30121
2026-08-03,akR7RsXOEBsCpVxsp6,World Cup Football GIF by OneFootball Heads,gif,2026-06-18T12:52:32+0000,1781787152,15743
2026-08-03,Foo1QLxlFskrsgYXD8,World Cup Football GIF by OneFootball Heads,gif,2026-06-18T12:52:25+0000,1781787145,64922
2026-08-03,JGpns399tHOQYO7P9u,World Cup Football GIF by OneFootball Heads,gif,2026-06-18T12:52:18+0000,1781787138,25171
2026-08-03,aZhAXcAN33Makb02CK,World Cup Football GIF by OneFootball Heads,gif,2026-06-18T12:52:12+0000,1781787132,135545
2026-08-03,mruAYNxpRfWT7zWOVa,World Cup Football GIF by OneFootball Heads,gif,2026-06-18T12:52:04+0000,1781787124,75610
2026-08-03,dgXu5U7aMzbfILnDcj,World Cup Football GIF by OneFootball Heads,gif,2026-06-18T12:51:59+0000,1781787119,233978
2026-08-03,d6ZMxXqdHwzsYsjIfP,World Cup Football GIF by OneFootball Heads,gif,2026-06-18T12:51:54+0000,1781787114,24191
2026-08-03,QoVAe2QifgvhK2rnTG,Si Se Puede World Cup GIF by OneFootball Heads,gif,2026-06-18T12:51:49+0000,1781787109,178922
2026-08-03,NFlNPPsEU6FSGuOk3e,World Cup Football GIF by OneFootball Heads,gif,2026-06-18T12:51:43+0000,1781787103,115848
2026-08-03,pq5a9erYX0mupYAw0r,World Cup Football GIF by OneFootball Heads,gif,2026-06-18T12:51:38+0000,1781787098,8470
2026-08-03,9Se0FcKFZFCt7lM2x3,World Cup Football GIF by OneFootball Heads,gif,2026-06-18T12:51:33+0000,1781787093,8789
2026-08-03,9YVJ3QFI0T2T1huuOt,World Cup Football GIF by OneFootball Heads,gif,2026-06-18T12:51:29+0000,1781787089,24583
2026-08-03,M466iBsWoTlNojJbyk,World Cup Football GIF by OneFootball Heads,gif,2026-06-18T12:51:23+0000,1781787083,33746
2026-08-03,Ksyo02KzynpxSGIdiu,World Cup Football GIF by OneFootball Heads,gif,2026-06-18T12:51:19+0000,1781787079,39912
2026-08-03,EsTiklBWYzosIzPluo,World Cup Football GIF by OneFootball Heads,gif,2026-06-18T12:51:14+0000,1781787074,30901
2026-08-03,xd0DzHA90wF0QspRKE,World Cup Football GIF by OneFootball Heads,gif,2026-06-18T12:51:09+0000,1781787069,191233
2026-08-03,AhaWzd6OjdlgzY8poL,World Cup Football GIF by OneFootball Heads,gif,2026-06-18T12:51:03+0000,1781787063,16073
2026-08-03,fLLDOs1PXL5od8aETL,World Cup Football GIF by OneFootball Heads,gif,2026-06-18T12:50:59+0000,1781787059,9747
2026-08-03,AkjBpF1TnoWQNI57N8,World Cup Football GIF by OneFootball Heads,gif,2026-06-18T12:50:54+0000,1781787054,15070
2026-08-03,wvmHbFg1ExLSSKMaOD,World Cup Football GIF by OneFootball Heads,gif,2026-06-18T12:50:49+0000,1781787049,132092
2026-08-03,8tQLdg1TjgKBuuPbco,World Cup Football GIF by OneFootball Heads,gif,2026-06-18T12:50:43+0000,1781787043,441602
2026-08-03,Ei2OUMXIhbpl8zcg07,World Cup Football GIF by OneFootball Heads,gif,2026-06-18T12:50:37+0000,1781787037,28887
2026-08-03,1knediJpPduWeBBS7N,World Cup Football GIF by OneFootball Heads,gif,2026-06-18T12:50:32+0000,1781787032,30871
2026-08-03,eGITs6JOnYa9vtjIwc,World Cup Football GIF by OneFootball Heads,gif,2026-06-18T12:50:26+0000,1781787026,93763
2026-08-03,ywVDodGGYpgsU7vb0Q,World Cup Football GIF by OneFootball Heads,gif,2026-06-18T12:50:20+0000,1781787020,50611
2026-08-03,LIqRddsJ488WR7JkgG,World Cup Football GIF by OneFootball Heads,gif,2026-06-18T12:50:14+0000,1781787014,139419
2026-08-03,dBEeUL0mbzScibZaSv,World Cup Football GIF by OneFootball Heads,gif,2026-06-18T12:50:09+0000,1781787009,17939
2026-08-03,s4hSWA7C4PRGJwjwkp,World Cup Football GIF by OneFootball Heads,gif,2026-06-18T12:50:03+0000,1781787003,18689
2026-08-03,kAVvf8QMmCmXU7NDA6,World Cup Football GIF by OneFootball Heads,gif,2026-06-18T12:49:59+0000,1781786999,10436
2026-08-03,XHby9xOM0HPzPJ6tqF,World Cup Football GIF by OneFootball Heads,gif,2026-06-18T12:49:53+0000,1781786993,11868
2026-08-03,LM6727wPq5tzhvVLMJ,World Cup Football GIF by OneFootball Heads,gif,2026-06-18T12:49:48+0000,1781786988,105712
2026-08-03,RJZFIKDrvM9UVstlHg,World Cup Football GIF by OneFootball Heads,gif,2026-06-18T12:49:42+0000,1781786982,102635
2026-08-03,tZ7DeEmaE9nn2rqcF3,World Cup Football GIF by OneFootball Heads,gif,2026-06-18T12:49:36+0000,1781786976,125948
2026-08-03,XQGaZGKKKFL5DGdt4Y,Vamos Argentina World Cup GIF by OneFootball Heads,gif,2026-06-18T12:49:31+0000,1781786971,150931
2026-08-03,wdwglOfifi6NYq9tjO,World Cup Football GIF by OneFootball Heads,gif,2026-06-18T12:49:26+0000,1781786966,39449
2026-08-03,Lg6tJBqeg7Z8iHTvJK,World Cup Football GIF by OneFootball Heads,gif,2026-06-18T12:49:20+0000,1781786960,187018
2026-08-03,VFmjfFzMv0JETVuokv,World Cup Football GIF by OneFootball Heads,gif,2026-06-18T12:49:11+0000,1781786951,575545
2026-08-03,X8U2NmVTuTntFxGesd,Football Fan Vacation GIF by OneFootball Heads,gif,2026-05-22T01:55:27+0000,1779414927,215206
2026-08-03,An7uqeayxR5J8dKHu4,Level Up Football Meme GIF by OneFootball Heads,gif,2026-05-22T01:55:13+0000,1779414913,118089
2026-08-03,WCIkiuYpS3S6XKV8Rn,Cope Football Fan GIF by OneFootball Heads,gif,2026-05-22T01:55:00+0000,1779414900,42548
2026-08-03,QytjwhKBE2ObyydwQb,Big Game Matchday GIF by OneFootball Heads,gif,2026-05-22T01:54:53+0000,1779414893,137434
2026-08-03,Jzp6EmR66Abn9ExWls,Football Fan Transfer GIF by OneFootball Heads,gif,2026-05-22T01:54:39+0000,1779414879,47193
2026-08-03,6UDc6ioncYRxWDnp0G,Signing Football Fan GIF by OneFootball Heads,gif,2026-05-22T01:54:32+0000,1779414872,229616
2026-08-03,2FbqKii3sahcmtOgU2,Opening Day Hype GIF by OneFootball Heads,gif,2026-05-22T01:54:23+0000,1779414863,36009
2026-08-03,592ZMrdelj8j8DlQ2w,Football Fan Summer GIF by OneFootball Heads,gif,2026-05-22T01:54:17+0000,1779414857,58750
2026-08-03,R3h2NcJNbFNBpS4g6q,Out Of Office Season GIF by OneFootball Heads,gif,2026-05-22T01:54:10+0000,1779414850,138927
2026-08-03,b40vcDOn7iizajr2oM,Football Fan Scout GIF by OneFootball Heads,gif,2026-05-22T01:53:30+0000,1779414810,166166
2026-08-03,JhkFcH98uvMrnDgmn6,Sarcastic Football Fan GIF by OneFootball Heads,gif,2026-05-22T01:53:22+0000,1779414802,45760
2026-08-03,JkGNpFYB3cY7FHn9sx,Champions League Vibes GIF by OneFootball Heads,gif,2026-05-22T01:53:15+0000,1779414795,21191
2026-08-03,DBNUsVBmNhdqMaetuc,Champions League Knockout GIF by OneFootball Heads,gif,2026-05-22T01:53:08+0000,1779414788,29049
2026-08-03,dxie0mdUARIwhn2yee,Champions League Uefa GIF by OneFootball Heads,gif,2026-05-22T01:53:01+0000,1779414781,40258
2026-08-03,HoEkTdvUpnS9WvVPcF,Football Waiting GIF by OneFootball Heads,gif,2026-05-18T15:31:16+0000,1779118276,196899
2026-08-03,8Ju2XpAU8kax6RU9pd,Digital Art Crypto GIF by OneFootball Heads,gif,2026-05-18T15:31:09+0000,1779118269,72866
2026-08-03,UGSaXOiJokVFwXEoAT,Confused Crypto GIF by OneFootball Heads,gif,2026-05-18T15:31:03+0000,1779118263,15214
2026-08-03,RlkKf5MBzEjqzqN3Pt,Excited Crypto GIF by OneFootball Heads,gif,2026-05-18T15:30:57+0000,1779118257,38409
2026-08-03,OlLlVUZxrcqZm6RPza,Excited Digital Art GIF by OneFootball Heads,gif,2026-05-18T15:30:50+0000,1779118250,13942
2026-08-03,jxA1BBEg6NzTQL7pvd,Football Love GIF by OneFootball Heads,gif,2026-05-18T15:30:43+0000,1779118243,114532
2026-08-03,TL448BG9MrQXfVRka2,Happy Good Vibes GIF by OneFootball Heads,gif,2026-05-18T15:30:36+0000,1779118236,65972
2026-08-03,0jVa8eudaK9tG5KOUh,Nervous World Cup GIF by OneFootball Heads,gif,2026-05-18T15:30:25+0000,1779118225,157807
2026-08-03,NCXTJOeB6clLl1XIHm,Frustrated Football Fan GIF by OneFootball Heads,gif,2026-05-18T15:30:18+0000,1779118218,38838
2026-08-03,RKSWD89SckpaCkF7lB,World Cup Waiting GIF by OneFootball Heads,gif,2026-05-18T15:30:11+0000,1779118211,48569
2026-08-03,v5PJmNVxWOTTThmnQg,Excited World Cup GIF by OneFootball Heads,gif,2026-05-18T15:30:00+0000,1779118200,88756
2026-08-03,fsCP6Oda0qmhcNPKE1,Tag4 Tag5 GIF by OneFootball Heads,gif,2026-05-18T05:09:54+0000,1779080994,33873
2026-08-03,oT8h0iLmJVj4OORrVw,Football Celebrate GIF by OneFootball Heads,gif,2026-05-18T05:05:15+0000,1779080715,5424
2026-08-03,sT7JTqgV96345rxK6n,Nervous Football GIF by OneFootball Heads,gif,2026-05-18T05:05:03+0000,1779080703,21850
2026-08-03,oEK27lR1AH4L1uw531,Fantasy Football GIF by OneFootball Heads,gif,2026-05-18T05:04:57+0000,1779080697,27268
2026-08-03,XzFg2ZpcLiS4s3N1KC,Football Winning GIF by OneFootball Heads,gif,2026-05-18T05:04:51+0000,1779080691,55999
2026-08-03,maNlF3eSXasPrO4QdO,Time Out Football GIF by OneFootball Heads,gif,2026-03-26T22:33:20+0000,1774564400,101054
2026-08-03,czdCrCBERAQKBOfOLo,Football Soccer GIF by OneFootball Heads,gif,2026-03-26T22:33:15+0000,1774564395,198848
2026-08-03,vtBtvkJFk09naDtqBk,Football Frown GIF by OneFootball Heads,gif,2026-03-26T22:33:09+0000,1774564389,97633
2026-08-03,PMny68XCKFiABxd1SZ,Hat Trick Football GIF by OneFootball Heads,gif,2026-03-26T22:33:05+0000,1774564385,564928
2026-08-03,NKb9LW9MrxO48Cd9Mu,Not Funny Football GIF by OneFootball Heads,gif,2026-03-26T22:32:55+0000,1774564375,26771
2026-08-03,6guW2txh6RAr0RCnTP,April Fools Football GIF by OneFootball Heads,gif,2026-03-26T22:32:51+0000,1774564371,135127
2026-08-03,6o7c1nxSuBTp6XIMzm,Football Soccer GIF by OneFootball Heads,gif,2026-03-26T22:32:44+0000,1774564364,693741
2026-08-03,kFnvhvvnxA6KwTnIzA,Hat-Trick Football GIF by OneFootball Heads,gif,2026-03-26T22:32:38+0000,1774564358,406975
2026-08-03,ZEleEa4pY0l7ufKnSY,Hat Trick Football GIF by OneFootball Heads,gif,2026-03-26T22:32:31+0000,1774564351,48524
2026-08-03,pPGGvsQjn9xJb55F8i,Hat Trick Football GIF by OneFootball Heads,gif,2026-03-26T22:32:23+0000,1774564343,90822
2026-08-03,HXbjrTClytGyPjam3M,Hat-Trick Football GIF by OneFootball Heads,gif,2026-03-26T22:32:17+0000,1774564337,3588694
2026-08-03,2fR6fBgW6BZU1CPIqG,Easter Bunny Football GIF by OneFootball Heads,gif,2026-03-26T22:32:11+0000,1774564331,83879
2026-08-03,7HumoY5K6oo1enpFWe,Easter Bunny Football GIF by OneFootball Heads,gif,2026-03-26T22:32:07+0000,1774564327,171894
2026-08-03,Z43RfKcmhr06OQ5ae2,Easter Eggs Football GIF by OneFootball Heads,gif,2026-03-26T22:32:01+0000,1774564321,88152
2026-08-03,9bIcqjJn0WBjTCqQOT,Dance Football GIF by OneFootball Heads,gif,2026-03-26T22:31:56+0000,1774564316,195146
2026-08-03,MZExsocb7ggfMPqiBk,Football Soccer GIF by OneFootball Heads,gif,2026-03-26T22:31:48+0000,1774564308,51660
2026-08-03,EMrPMmyufe1a1Tz1A5,Full Time Football GIF by OneFootball Heads,gif,2026-03-26T22:31:43+0000,1774564303,156648
2026-08-03,GMibniHgHabH5FsvSf,Football Soccer GIF by OneFootball Heads,gif,2026-03-26T22:31:38+0000,1774564298,237161
2026-08-03,shE8kiyTqgMBGFmkLs,April Fools Football GIF by OneFootball Heads,gif,2026-03-26T22:31:34+0000,1774564294,77651
2026-08-03,5ssoenGB420wQegvln,April Fools Football GIF by OneFootball Heads,gif,2026-03-26T22:31:30+0000,1774564290,118911
2026-08-03,lMtSWlhMBsTkmUot5s,April Fools Football GIF by OneFootball Heads,gif,2026-03-26T22:31:24+0000,1774564284,144153
2026-08-03,XCdhyRfbj2GvgufO0u,Football Soccer GIF by OneFootball Heads,gif,2026-03-26T22:31:20+0000,1774564280,1368002
2026-08-03,xD1vpKInrkzJ3Fxael,Space Time GIF by OneFootball Heads,gif,2026-02-09T04:39:28+0000,1770611968,23654
2026-08-03,WhOTaSjCzQyMAMBn5v,Podcast Commentator GIF by OneFootball Heads,gif,2026-02-09T04:39:22+0000,1770611962,138573
2026-08-03,DGjlGcceVl5RDQC6v7,Football Podcast GIF by OneFootball Heads,gif,2026-02-09T04:39:16+0000,1770611956,36722
2026-08-03,3So6FuGb7wVk14P481,Happy Holidays GIF by OneFootball Heads,gif,2026-02-09T04:39:11+0000,1770611951,17505
2026-08-03,cfLHHFi62dBMYsloN7,Shocked Whats That GIF by OneFootball Heads,gif,2026-02-09T04:38:50+0000,1770611930,58094
2026-08-03,Oa4QJT3Fb0zQ037mov,Shock Whats That GIF by OneFootball Heads,gif,2026-02-09T04:38:43+0000,1770611923,328659
2026-08-03,QGy9WgPA5wdXUx7yKE,Nara Superfans GIF by OneFootball Heads,gif,2026-02-09T04:38:35+0000,1770611915,172718
2026-08-03,eEEVPZVPzXY9ceK13z,Metal Detector Searching GIF by OneFootball Heads,gif,2026-02-09T04:38:25+0000,1770611905,502243
2026-08-03,ptWaTNOtCbJyFoPOsI,Run Fall Over GIF by OneFootball Heads,gif,2026-02-09T04:38:20+0000,1770611900,76850
2026-08-03,LOVAgqCndxbF0yVSvH,Red Flag Toxic Relationship GIF by OneFootball Heads,gif,2026-02-09T04:38:16+0000,1770611896,69164
2026-08-03,aA455rZHUzTePr7fRv,Happy Holidays GIF by OneFootball Heads,gif,2026-02-09T04:38:11+0000,1770611891,19679
2026-08-03,FjOH5YsFZv0M1wuIBb,Metal Detector GIF by OneFootball Heads,gif,2026-02-09T04:37:32+0000,1770611852,1447788
2026-08-03,no6Mm0U0L9Mv9tzvN9,Nara Superfans GIF by OneFootball Heads,gif,2026-02-09T04:37:27+0000,1770611847,153429
2026-08-03,bfb6MDov8wj5qopEZC,Sad Sorry GIF by OneFootball Heads,gif,2026-02-09T04:37:19+0000,1770611839,60711
2026-08-03,EbEX6H0ZYbCTI9nI25,Sad Mistake GIF by OneFootball Heads,gif,2026-02-09T04:37:13+0000,1770611833,53209
2026-08-03,aW3mqoINZ433Rj4TMz,Happy Green Flag GIF by OneFootball Heads,gif,2026-02-09T04:37:08+0000,1770611828,43108
2026-08-03,Xy1embN5dYLxDL7J1h,Ronaldo Flick GIF by OneFootball Heads,gif,2026-02-09T04:37:02+0000,1770611822,110656
2026-08-03,0f7MezZNdfdf09G5MR,Keeper Penalty GIF by OneFootball Heads,gif,2026-02-09T04:36:58+0000,1770611818,107422
2026-08-03,pUCY24xEv3FuNvWA54,Happy Football GIF by OneFootball Heads,gif,2026-02-09T04:36:54+0000,1770611814,36555
2026-08-03,BuT7JDz3OLtImz82QE,Walk Like An Egyptian Dancing GIF by OneFootball Heads,gif,2026-02-09T04:36:49+0000,1770611809,1152535
2026-08-03,MgeNDcgT4gXYn338jR,Happy Birthday Gift GIF by OneFootball Heads,gif,2026-02-09T04:36:43+0000,1770611803,89784
2026-08-03,rcKw9ZKuo0lLFzIuuZ,Warning Red Flag GIF by OneFootball Heads,gif,2026-02-09T04:36:38+0000,1770611798,254889
2026-08-03,N20tM6nrrXQMl4HYWz,Green Flag Relationships GIF by OneFootball Heads,gif,2026-02-09T04:36:33+0000,1770611793,1201291
2026-08-03,W2qRsuV2W45gij9eyQ,Spotlight Beacon GIF by OneFootball Heads,gif,2026-02-05T11:03:35+0000,1770289415,16022
2026-08-03,hhL4cErWygGzv0PMwl,Pool Party Summer GIF by OneFootball Heads,gif,2026-01-20T14:30:33+0000,1768919433,407434
2026-08-03,XCB5P8yCHz9CiAl41q,I Love You Couple GIF by OneFootball Heads,gif,2026-01-20T14:30:19+0000,1768919419,53618
2026-08-03,IipkQotlmo8Sh1ABvk,Valentines Day Love GIF by OneFootball Heads,gif,2026-01-20T14:30:08+0000,1768919408,20253
2026-08-03,CaEoDtcNHxY0y3Ll4k,Valentines Day GIF by OneFootball Heads,gif,2026-01-20T14:30:02+0000,1768919402,36199
2026-08-03,zKf31joKvY23SQdSTF,I Love You Flower GIF by OneFootball Heads,gif,2026-01-20T14:29:56+0000,1768919396,177253
2026-08-03,GT9cgAAAtfM5JgcZpQ,I Love You Flowers GIF by OneFootball Heads,gif,2026-01-20T14:29:46+0000,1768919386,54540
2026-08-03,01gaL9yoKUBxA6lLSx,I Love You Flowers GIF by OneFootball Heads,gif,2026-01-20T14:29:35+0000,1768919375,102443
2026-08-03,MODuEqgpv6IROKtJrO,Roblox GIF by OneFootball Heads,gif,2026-01-20T14:29:20+0000,1768919360,185039
2026-08-03,2Tmk43f9xbaX1HX5XW,Celebrate World Cup GIF by OneFootball Heads,gif,2026-01-20T05:12:20+0000,1768885940,506770
2026-08-03,VZ9JDjblGrqOCxqVFT,Celebrate World Cup GIF by OneFootball Heads,gif,2026-01-20T05:12:15+0000,1768885935,3135837
2026-08-03,bKDPhQuR4aMtOTfzSz,Celebrate World Cup GIF by OneFootball Heads,gif,2026-01-20T05:12:09+0000,1768885929,421583
2026-08-03,ZfzDxoltZ5FyWrmTJl,Celebrate World Cup GIF by OneFootball Heads,gif,2026-01-20T05:12:03+0000,1768885923,1120436
2026-08-03,0QcUioJ7k6T2xRT6dI,Celebrate World Cup GIF by OneFootball Heads,gif,2026-01-20T05:11:56+0000,1768885916,233910
2026-08-03,MmwWuKZzjxYw05RF8z,Celebrate World Cup GIF by OneFootball Heads,gif,2026-01-20T05:11:48+0000,1768885908,1395126
2026-08-03,4yGaQKJE08kHXPuyMn,Celebrate World Cup GIF by OneFootball Heads,gif,2026-01-20T05:11:41+0000,1768885901,933519
2026-08-03,IvJvPYEXDOoV3ju64N,Celebrate World Cup GIF by OneFootball Heads,gif,2026-01-20T05:11:34+0000,1768885894,1288617
2026-08-03,mLYuk0RvMxWAISGnCA,Celebrate World Cup GIF by OneFootball Heads,gif,2026-01-20T05:11:22+0000,1768885882,61724
2026-08-03,mwnu1QWfjuMZbKdgcp,Celebrate World Cup GIF by OneFootball Heads,gif,2026-01-20T05:11:12+0000,1768885872,1017765
2026-08-03,5IYv7MHczMNdqnxWa1,Celebrate World Cup GIF by OneFootball Heads,gif,2026-01-20T05:11:06+0000,1768885866,874227
2026-08-03,3DDxEpa9LhhPXbXpoY,Celebrate World Cup GIF by OneFootball Heads,gif,2026-01-20T05:10:59+0000,1768885859,98960
2026-08-03,QJ4gYE5K7A8FPhPHuX,Celebrate World Cup GIF by OneFootball Heads,gif,2026-01-20T05:10:52+0000,1768885852,302531
2026-08-03,SAyhOhXMo16hk1ceaB,Celebrate World Cup GIF by OneFootball Heads,gif,2026-01-20T05:10:45+0000,1768885845,142973
2026-08-03,3CjwLHLooBGmDorkzF,Celebrate World Cup GIF by OneFootball Heads,gif,2026-01-20T05:10:39+0000,1768885839,565385
2026-08-03,54Lr6tnL43zux7QcZh,Celebrate World Cup GIF by OneFootball Heads,gif,2026-01-20T05:10:30+0000,1768885830,218327
2026-08-03,XjiCTell4KeSfAqaQZ,Celebrate World Cup GIF by OneFootball Heads,gif,2026-01-20T05:10:20+0000,1768885820,81093
2026-08-03,7rJDG9tWHp7KA9rDDq,Celebrate World Cup GIF by OneFootball Heads,gif,2026-01-20T05:10:15+0000,1768885815,38384
2026-08-03,ZIv6jXtuNWmqe8i4d8,Celebrate World Cup GIF by OneFootball Heads,gif,2026-01-20T05:09:53+0000,1768885793,26169
2026-08-03,Px3XFOmPDLjRvP9YeG,Celebrate World Cup GIF by OneFootball Heads,gif,2026-01-20T05:09:34+0000,1768885774,318861
2026-08-03,ej3ZCWbOwLxwRNC2Kg,Celebrate World Cup GIF by OneFootball Heads,gif,2026-01-20T05:09:28+0000,1768885768,158878
2026-08-03,PictPG2QUCZqYQ7QJm,Celebrate World Cup GIF by OneFootball Heads,gif,2026-01-20T05:09:19+0000,1768885759,95729
2026-08-03,r1CQkqGt4aI7wr1Ohw,Celebrate World Cup GIF by OneFootball Heads,gif,2026-01-20T05:09:10+0000,1768885750,190442
2026-08-03,zuMnz0s1el2MO30gjg,Celebrate World Cup GIF by OneFootball Heads,gif,2026-01-20T05:09:02+0000,1768885742,749975
2026-08-03,0rAnJ9bILAp2bIGcpT,Celebrate World Cup GIF by OneFootball Heads,gif,2026-01-20T05:08:55+0000,1768885735,44718
2026-08-03,R4K3oSgQ7goRV5dQW2,Celebrate World Cup GIF by OneFootball Heads,gif,2026-01-20T05:08:49+0000,1768885729,62656
2026-08-03,CQF6AFxLK2g5y2B2NN,Celebrate World Cup GIF by OneFootball Heads,gif,2026-01-20T05:08:43+0000,1768885723,1418642
2026-08-03,WoJ1KruDxKQ1TdT7LG,Celebrate World Cup GIF by OneFootball Heads,gif,2026-01-20T05:08:34+0000,1768885714,500778
2026-08-03,5NxsFyN2WM2HjI1BpK,Celebrate World Cup GIF by OneFootball Heads,gif,2026-01-20T05:08:25+0000,1768885705,168451
2026-08-03,qpJtW9XMVylfz7N32c,Celebrate World Cup GIF by OneFootball Heads,gif,2026-01-20T05:08:16+0000,1768885696,507333
2026-08-03,clODkNL8QqeiiLV871,Celebrate World Cup GIF by OneFootball Heads,gif,2026-01-20T05:08:08+0000,1768885688,350879
2026-08-03,ba5JMnrKk4o9z7yiP0,Celebrate World Cup GIF by OneFootball Heads,gif,2026-01-20T05:08:01+0000,1768885681,2416283
2026-08-03,Brkoiafxyzb94gXrMa,Celebrate World Cup GIF by OneFootball Heads,gif,2026-01-20T05:07:57+0000,1768885677,570782
2026-08-03,3lTznm8qcjuD0dOyof,Celebrate World Cup GIF by OneFootball Heads,gif,2026-01-20T05:07:52+0000,1768885672,2253202
2026-08-03,VSmo1UmSEnNBOkzzKN,Celebrate World Cup GIF by OneFootball Heads,gif,2026-01-20T05:07:46+0000,1768885666,521339
2026-08-03,4zCNON1K71s6JXOFd5,Celebrate World Cup GIF by OneFootball Heads,gif,2026-01-20T05:07:38+0000,1768885658,937116
2026-08-03,VTG38I0RqkksEgqTdJ,Celebrate World Cup GIF by OneFootball Heads,gif,2026-01-20T05:07:31+0000,1768885651,64418
2026-08-03,qhb6MgP55rZQIiJPFf,Celebrate World Cup GIF by OneFootball Heads,gif,2026-01-20T05:07:24+0000,1768885644,828396
2026-08-03,MU4wAQ5AZqlBJTyGFw,Celebrate World Cup GIF by OneFootball Heads,gif,2026-01-20T05:07:16+0000,1768885636,59907
2026-08-03,ykoTW1SqAFoUKMXfwl,Celebrate World Cup GIF by OneFootball Heads,gif,2026-01-20T05:07:09+0000,1768885629,1645903
2026-08-03,Xl33ygtw7ZElNbVTch,Celebrate World Cup GIF by OneFootball Heads,gif,2026-01-20T05:07:02+0000,1768885622,143898
2026-08-03,s6eCu3KXqkq8sKt2pD,World Cup Win GIF by OneFootball Heads,gif,2026-01-20T05:06:54+0000,1768885614,5788050
2026-08-03,m6Ldp765JS1TOc1epw,Celebrate World Cup GIF by OneFootball Heads,gif,2026-01-20T05:06:48+0000,1768885608,70426
2026-08-03,H5b7aOpD0MCxbT3jFO,Celebrate World Cup GIF by OneFootball Heads,gif,2026-01-20T05:06:42+0000,1768885602,275368
2026-08-03,HU5ZX6NCZHrKdAkGtf,Celebrate World Cup GIF by OneFootball Heads,gif,2026-01-20T05:06:35+0000,1768885595,398781
2026-08-03,BxCTf1cNDlhFUdurmO,Celebrate World Cup GIF by OneFootball Heads,gif,2026-01-20T05:06:27+0000,1768885587,489902
2026-08-03,i09kDxdM8snHxPKl1i,Celebrate World Cup GIF by OneFootball Heads,gif,2026-01-20T05:06:21+0000,1768885581,321990
2026-08-03,GAczcLkdTCTPS01kQy,Celebrate World Cup GIF by OneFootball Heads,gif,2026-01-20T05:06:16+0000,1768885576,422937
2026-08-03,N6xT6C3SVJJSwH8Mgl,Celebrate World Cup GIF by OneFootball Heads,gif,2026-01-20T05:06:08+0000,1768885568,47900
2026-08-03,WmTuF4gz4C3ZfoHQGw,Celebrate World Cup GIF by OneFootball Heads,gif,2026-01-20T05:06:00+0000,1768885560,217980
2026-08-03,gfv9pQSjyN83iR0zM0,Celebrate World Cup GIF by OneFootball Heads,gif,2026-01-20T05:05:47+0000,1768885547,1868055
2026-08-03,H1SV8pkPwh24wqRfyd,Celebrate World Cup GIF by OneFootball Heads,gif,2026-01-20T05:05:41+0000,1768885541,1632533
2026-08-03,XYGeNuYFTJxYanc1ij,Celebrate World Cup GIF by OneFootball Heads,gif,2026-01-20T05:05:22+0000,1768885522,1018086
2026-08-03,bktvFDtSnncI1w598s,Celebrate World Cup GIF by OneFootball Heads,gif,2026-01-20T05:05:14+0000,1768885514,306239
2026-08-03,Tp7JErC4Ak5ZrF8ciK,Celebrate World Cup GIF by OneFootball Heads,gif,2026-01-20T05:05:08+0000,1768885508,3731171
2026-08-03,ZqZUWuxULL0IZ3XdCW,Celebrate World Cup GIF by OneFootball Heads,gif,2026-01-20T05:05:02+0000,1768885502,415407
2026-08-03,XbEj9EvaOwUas4Zfkd,Celebrate World Cup GIF by OneFootball Heads,gif,2026-01-20T05:04:55+0000,1768885495,499438
2026-08-03,n4eta4zIkCRr6xbK2f,Celebrate Germany GIF by OneFootball Heads,gif,2026-01-20T05:04:48+0000,1768885488,702156
2026-08-03,uXV0BqmxAJt7VKNgZh,Celebrate Germany GIF by OneFootball Heads,gif,2026-01-20T05:04:40+0000,1768885480,427103
2026-08-03,zdfDUrgmjZWA1HNsfu,Celebrate France GIF by OneFootball Heads,gif,2026-01-20T05:04:27+0000,1768885467,88578
2026-08-03,jRRG7jt2Js6MacrDGd,Celebrate France GIF by OneFootball Heads,gif,2026-01-20T05:04:19+0000,1768885459,75881
2026-08-03,9dJzU7bFwJBIWjvWO0,Celebrate World Cup GIF by OneFootball Heads,gif,2026-01-20T05:04:12+0000,1768885452,892373
2026-08-03,qeTcrWW3wozMaIX6Af,Celebrate World Cup GIF by OneFootball Heads,gif,2026-01-20T05:04:05+0000,1768885445,127875
2026-08-03,1MTfxcyrTyUFK9Zp3S,Celebrate World Cup GIF by OneFootball Heads,gif,2026-01-20T05:03:57+0000,1768885437,11122195
2026-08-03,w0t4WTCyVJfbNIAwdR,Celebrate World Cup GIF by OneFootball Heads,gif,2026-01-20T05:03:50+0000,1768885430,754337
2026-08-03,V7KYS0VPWVdhPFUj9Z,Celebrate World Cup GIF by OneFootball Heads,gif,2026-01-20T05:03:43+0000,1768885423,462938
2026-08-03,prWnSRzSzVrBZLv41A,Celebrate World Cup GIF by OneFootball Heads,gif,2026-01-20T05:03:31+0000,1768885411,257338
2026-08-03,7UCWuilJRYlAu15j7U,Celebrate World Cup GIF by OneFootball Heads,gif,2026-01-20T05:03:24+0000,1768885404,3752052
2026-08-03,pTNVcut8Um4qfqAn0v,Celebrate World Cup GIF by OneFootball Heads,gif,2026-01-20T05:03:16+0000,1768885396,843181
2026-08-03,IXMc63EIZGgNlNQNZD,Celebrate World Cup GIF by OneFootball Heads,gif,2026-01-20T05:03:10+0000,1768885390,82613
2026-08-03,QBgFxeacBb59LMX5su,Celebrate World Cup GIF by OneFootball Heads,gif,2026-01-20T05:03:03+0000,1768885383,572423
2026-08-03,wDcx1Rm1hXxGKefyTR,Celebrate World Cup GIF by OneFootball Heads,gif,2026-01-20T05:02:55+0000,1768885375,333394
2026-08-03,X4AaDMS42L6wqp9I4S,Celebrate World Cup GIF by OneFootball Heads,gif,2026-01-20T05:02:48+0000,1768885368,21676
2026-08-03,ZUwEmP2EchPgZetmps,Celebrate World Cup GIF by OneFootball Heads,gif,2026-01-20T05:02:40+0000,1768885360,612840
2026-08-03,PlShyiN5tlquexvBB2,Celebrate World Cup GIF by OneFootball Heads,gif,2026-01-20T05:02:34+0000,1768885354,53678
2026-08-03,S0GO7wvqciKU6znbFW,Celebrate World Cup GIF by OneFootball Heads,gif,2026-01-20T05:02:26+0000,1768885346,25521573
2026-08-03,Zil84rm4wvlWsJqo9C,Celebrate World Cup GIF by OneFootball Heads,gif,2026-01-20T05:02:18+0000,1768885338,9589953
2026-08-03,l23aOmdgpH4PVpPOOF,Celebrate World Cup GIF by OneFootball Heads,gif,2026-01-20T05:02:11+0000,1768885331,295001
2026-08-03,zAo4CHpNAaNDg27lmG,Celebrate World Cup GIF by OneFootball Heads,gif,2026-01-20T05:02:03+0000,1768885323,226066
2026-08-03,wMeQ3go50ahhciuZwK,Celebrate World Cup GIF by OneFootball Heads,gif,2026-01-20T05:01:55+0000,1768885315,144009
2026-08-03,3Ej0FdtgfzHznxfoaW,Celebrate World Cup GIF by OneFootball Heads,gif,2026-01-20T05:01:48+0000,1768885308,110749
2026-08-03,QU3jtBvOsGT110czty,Celebrate World Cup GIF by OneFootball Heads,gif,2026-01-20T05:01:42+0000,1768885302,46622
2026-08-03,kIF7T5i5o9pEglhEHa,Celebrate World Cup GIF by OneFootball Heads,gif,2026-01-20T05:01:37+0000,1768885297,31831
2026-08-03,Y88yhiJDH6tRpPaQ9Y,Celebrate World Cup GIF by OneFootball Heads,gif,2026-01-20T05:01:32+0000,1768885292,24552
2026-08-03,x7ukpMi4J3VotdbBxy,Celebrate World Cup GIF by OneFootball Heads,gif,2026-01-20T05:01:24+0000,1768885284,64763
2026-08-03,soFxWwpvpFThVlZGd4,Celebrate World Cup GIF by OneFootball Heads,gif,2026-01-20T05:01:15+0000,1768885275,341411
2026-08-03,6SPE2NmJboU2RJtzU7,Celebrate World Cup GIF by OneFootball Heads,gif,2026-01-20T05:01:06+0000,1768885266,245295
2026-08-03,g2KaTr5PnaMjjBUagH,Celebrate World Cup GIF by OneFootball Heads,gif,2026-01-20T05:00:58+0000,1768885258,856197
2026-08-03,oowpSQYkmY8zkkApHu,Celebrate World Cup GIF by OneFootball Heads,gif,2026-01-20T05:00:50+0000,1768885250,713941
2026-08-03,vnuMwvlswGMW38poq2,Celebrate World Cup GIF by OneFootball Heads,gif,2026-01-20T05:00:42+0000,1768885242,42960
2026-08-03,W4ZiN0w5JKJF4oK36b,Celebrate World Cup GIF by OneFootball Heads,gif,2026-01-20T05:00:35+0000,1768885235,435278
2026-08-03,cj0jRYyipLPlzwLs0i,Celebrate World Cup GIF by OneFootball Heads,gif,2026-01-20T05:00:24+0000,1768885224,618648
2026-08-03,JcOB2VB2OeXB5ExpHH,Gerald Calm Down GIF by OneFootball Heads,gif,2025-10-31T03:54:48+0000,1761882888,43765
2026-08-03,zbcPsquuTZdA0tMKBx,Celebration Brazil GIF by OneFootball Heads,gif,2025-10-25T01:56:58+0000,1761357418,1106785
2026-08-03,kkOOWhftIUKH1gRFI3,Hype Celebrate GIF by OneFootball Heads,gif,2025-10-23T09:22:13+0000,1761211333,66399
2026-08-03,Smkq4gh20rTCo9XA5K,Football Celebration Superfans GIF by OneFootball Heads,gif,2025-10-23T09:22:01+0000,1761211321,59676
2026-08-03,TnYyD0Y5gHcxxIs60O,Notes Notebook GIF by OneFootball Heads,gif,2025-10-23T09:21:45+0000,1761211305,108332
2026-08-03,cPeIETb5b6zKnkngts,Serious Red Card GIF by OneFootball Heads,gif,2025-10-19T17:12:31+0000,1760893951,395556
2026-08-03,JGbVQO4No1vjY8SRwp,Soccer Warning GIF by OneFootball Heads,gif,2025-10-19T17:12:25+0000,1760893945,132853
2026-08-03,9sKA3ibq7zX02Os7y4,Happy Celebration GIF by OneFootball Heads,gif,2025-10-19T17:12:20+0000,1760893940,336686
2026-08-03,VWeSrHKWQs9WHgEkvh,Well Done Yes GIF by OneFootball Heads,gif,2025-10-19T17:12:07+0000,1760893927,84221
2026-08-03,QMj3VgVVShzZkjSxTd,Jack O Lantern Fun GIF by OneFootball Heads,gif,2025-10-19T17:11:58+0000,1760893918,77108
2026-08-03,BCu7HM8TzjOxYRWxCB,Pumpkin Spice Smile GIF by OneFootball Heads,gif,2025-10-19T17:11:50+0000,1760893910,35895
2026-08-03,SglBDgyXDRttbNrLM2,Soccer Warning GIF by OneFootball Heads,gif,2025-10-19T17:11:43+0000,1760893903,75967
2026-08-03,Atd0AOMP5wrkqhYQpM,Serious Red Card GIF by OneFootball Heads,gif,2025-10-19T17:11:38+0000,1760893898,1627547
2026-08-03,tMZ7ky54PGeypqgalT,Surprise Represent GIF by OneFootball Heads,gif,2025-10-19T17:11:33+0000,1760893893,80136
2026-08-03,4yd3gQjXGb9aFks0bS,Serious Red Card GIF by OneFootball Heads,gif,2025-10-19T17:11:24+0000,1760893884,2041262
2026-08-03,YfVEEx3kXDGBe8YKi8,Podcast Tune In GIF by OneFootball Heads,gif,2025-10-19T17:11:19+0000,1760893879,186349
2026-08-03,fJ9p947OpjYoUJv4pq,Pumpkin Spice Halloween GIF by OneFootball Heads,gif,2025-10-19T17:11:13+0000,1760893873,68946
2026-08-03,TFVI6cSKjVwPaqZVKR,Football Fan Celebration GIF by OneFootball Heads,gif,2025-10-19T17:11:06+0000,1760893866,57012
2026-08-03,Zfddxu8Y4dgWz6ABMI,Well Done Thumbs Up GIF by OneFootball Heads,gif,2025-10-19T17:10:56+0000,1760893856,146835
2026-08-03,n20QOGJq9Smmy5c5Yx,Happy Love It GIF by OneFootball Heads,gif,2025-10-19T17:10:49+0000,1760893849,3871919
2026-08-03,67KY9IKgii3mZDcGQS,Excited Lets Go GIF by OneFootball Heads,gif,2025-10-19T17:10:39+0000,1760893839,490987
2026-08-03,p5EoYWZd7rXnSrk3A4,Serious Stop GIF by OneFootball Heads,gif,2025-10-19T17:10:33+0000,1760893833,545361
2026-08-03,Wmu62LX7EfEYjeZFom,Join In Lets Go GIF by OneFootball Heads,gif,2025-10-19T17:10:27+0000,1760893827,1325057
2026-08-03,ZtAisAoRQRuf0wlOqe,Proud Celebration GIF by OneFootball Heads,gif,2025-10-19T17:10:20+0000,1760893820,591872
2026-08-03,tA9rysiKx5ifhNfO2T,Halloween Smile GIF by OneFootball Heads,gif,2025-10-19T17:10:06+0000,1760893806,85227
2026-08-03,unRjgoWoUAFhPVQLY9,Support Love GIF by OneFootball Heads,gif,2025-10-19T17:09:56+0000,1760893796,90582
2026-08-03,bbQA9p31wBCfGP7Lqq,Red Button No GIF by OneFootball Heads,gif,2025-10-19T17:09:44+0000,1760893784,1239539
2026-08-03,zFJd9Sp0856KS6dVtv,Start Yes GIF by OneFootball Heads,gif,2025-10-19T17:09:36+0000,1760893776,3182103
2026-08-03,vFAra3l66GR59S9K40,Proud Number One GIF by OneFootball Heads,gif,2025-10-19T17:09:31+0000,1760893771,4736102
2026-08-03,StRtbzWfsgs33wpW3M,Excited Team Spirit GIF by OneFootball Heads,gif,2025-10-19T17:09:19+0000,1760893759,48790
2026-08-03,QyRWxP3YleogvGmo01,Jack O Lantern Smile GIF by OneFootball Heads,gif,2025-10-19T17:09:12+0000,1760893752,79002
2026-08-03,9HtqtBJIrXjEyDlqtp,Scoring Football Game GIF by OneFootball Heads,gif,2025-09-11T07:36:44+0000,1757576204,380253
2026-08-03,01KHA2KdMQLQi136pi,Save Big Game GIF by OneFootball Heads,gif,2025-09-11T07:36:40+0000,1757576200,3071277
2026-08-03,GJEvTVbP5UFX1rqFKc,Frustrated Video Games GIF by OneFootball Heads,gif,2025-09-11T07:36:35+0000,1757576195,220479
2026-08-03,N4HpPRFRixdNxu1Fg8,Celebration Hype GIF by OneFootball Heads,gif,2025-09-11T07:36:29+0000,1757576189,187472
2026-08-03,6jMy4ML3746kQCwDNl,Tired Sleep Well GIF by OneFootball Heads,gif,2025-09-11T07:36:23+0000,1757576183,129923
2026-08-03,V5xSpg6PoKMeC6mvhG,Stay Cool Chill GIF by OneFootball Heads,gif,2025-09-11T07:36:13+0000,1757576173,207536
2026-08-03,BjiE1R8mHXxYRRhY0m,Work From Home Swag GIF by OneFootball Heads,gif,2025-09-11T07:36:02+0000,1757576162,96050
2026-08-03,sKf6fbM0Fhn4keHMYX,Big Game Outta This World GIF by OneFootball Heads,gif,2025-09-11T07:35:57+0000,1757576157,141327
2026-08-03,PAHScnX9IEczmvTWFx,Locked In Running GIF by OneFootball Heads,gif,2025-09-11T07:35:53+0000,1757576153,92361
2026-08-03,ydtlZT2ZGwRKUS7k90,Bored Fed Up GIF by OneFootball Heads,gif,2025-09-11T07:35:44+0000,1757576144,272136
2026-08-03,nqEtJ6z9u3zHbdmFq9,Tired Barbecue GIF by OneFootball Heads,gif,2025-09-11T07:35:39+0000,1757576139,115953
2026-08-03,LUgxmNMnZ1OaYHqZGW,Tired Game Over GIF by OneFootball Heads,gif,2025-09-11T07:35:35+0000,1757576135,171232
2026-08-03,zbFMPSL8EgDfqeBgWZ,Save Football Game GIF by OneFootball Heads,gif,2025-09-11T07:35:31+0000,1757576131,1266085
2026-08-03,8rDd90ItBDko5IMjqu,Celebrating Game Time GIF by OneFootball Heads,gif,2025-09-11T07:35:26+0000,1757576126,91515
2026-08-03,CPApJWHvsT3o5VuKVK,Football Fan Bubbles GIF by OneFootball Heads,gif,2025-09-11T07:35:22+0000,1757576122,134574
2026-08-03,7t1kN8b7GyZljUC36u,Football Fan Wow GIF by OneFootball Heads,gif,2025-09-11T07:35:16+0000,1757576116,51841
2026-08-03,1XZi1EWSQLY3rMU5hb,Around The World Football Culture GIF by OneFootball Heads,gif,2025-09-11T07:35:09+0000,1757576109,68621
2026-08-03,MrHh6mgOcdoAAO4tz0,Football Player Running GIF by OneFootball Heads,gif,2025-09-11T07:35:01+0000,1757576101,46711
2026-08-03,xal2XkbIQo668lc27M,Goalkeeper Save GIF by OneFootball Heads,gif,2025-09-11T07:34:57+0000,1757576097,107512
2026-08-03,ew2RAEkOVb0O643Wtj,Good Vibes Dancing GIF by OneFootball Heads,gif,2025-09-11T07:34:53+0000,1757576093,106987
2026-08-03,9h1jNCrbYXENVlj1FP,Happy Game Day GIF by OneFootball Heads,gif,2025-09-11T07:34:45+0000,1757576085,74357
2026-08-03,mp178ZHLC4sHfOgO12,Excited Good Vibes GIF by OneFootball Heads,gif,2025-09-11T07:34:34+0000,1757576074,40847
2026-08-03,KyJWoY8DDDBnJMn5fY,Frustrated Video Game GIF by OneFootball Heads,gif,2025-09-11T07:34:22+0000,1757576062,540397
2026-08-03,pUnbgneAsAFpw9wmzw,Game Time Goalkeeper GIF by OneFootball Heads,gif,2025-09-11T07:34:17+0000,1757576057,323584
2026-08-03,sGr4yrFK3BHDsEhSAM,Game Time Football GIF by OneFootball Heads,gif,2025-09-11T07:34:12+0000,1757576052,522200
2026-08-03,gGTnOmNz9RWBhLAOww,Hungry Bad Day GIF by OneFootball Heads,gif,2025-09-11T07:34:08+0000,1757576048,307617
2026-08-03,C2wLIBhg6rnF2Vk5p3,Bored Fed Up GIF by OneFootball Heads,gif,2025-09-11T07:34:03+0000,1757576043,545164
2026-08-03,cwXLRZXXoL0np7eb72,Bubbles Childhood GIF by OneFootball Heads,gif,2025-09-11T07:33:58+0000,1757576038,269153
2026-08-03,ByodclSkYIdxh8KmGl,Work From Home Hello GIF by OneFootball Heads,gif,2025-09-11T07:33:51+0000,1757576031,151687
2026-08-03,hb9nhr6m3rjQeRs9jp,Tired Game Over GIF by OneFootball Heads,gif,2025-09-11T07:33:45+0000,1757576025,163890
2026-08-03,yVkY5XkSGEbmGkqKlt,Foodie Watermelon GIF by OneFootball Heads,gif,2025-09-11T07:33:40+0000,1757576020,434705
2026-08-03,4agkjC6mUqzk4Ij9jS,Shocked No Way GIF by OneFootball Heads,gif,2025-08-04T07:32:28+0000,1754292748,90293
2026-08-03,E7J4gMgNzH8P5fJIir,Excuse Me What GIF by OneFootball Heads,gif,2025-08-04T07:32:23+0000,1754292743,27552
2026-08-03,znORHj4fd8MAN7gbLr,Excuse Me What GIF by OneFootball Heads,gif,2025-08-04T07:32:18+0000,1754292738,26356
2026-08-03,fAP7QAJ1xFD6JTFM1e,Celebration Wow GIF by OneFootball Heads,gif,2025-08-04T07:32:11+0000,1754292731,75832
2026-08-03,oC6Cx1YXBtvdoYXmZr,Celebration Wow GIF by OneFootball Heads,gif,2025-08-04T07:32:06+0000,1754292726,226191
2026-08-03,P4mW1PplxZFjLv81SQ,Happy We Got This GIF by OneFootball Heads,gif,2025-08-04T07:31:58+0000,1754292718,122738
2026-08-03,6vaqqwTzS6SuR36oIW,Tidy Up GIF by OneFootball Heads,gif,2025-08-04T07:31:52+0000,1754292712,204778
2026-08-03,6YX6lFHrE3n78eBvRu,Tidy Up GIF by OneFootball Heads,gif,2025-08-04T07:31:46+0000,1754292706,849053
2026-08-03,JfqESuqy1kOf3HTr8Y,Frustration Swirling GIF by OneFootball Heads,gif,2025-08-04T07:31:39+0000,1754292699,52083
2026-08-03,2KDnf1jZTUJlrrasTZ,Fifa Swirling GIF by OneFootball Heads,gif,2025-08-04T07:31:34+0000,1754292694,109039
2026-08-03,Sfiri0PXigpGueBftO,Happy Pizza Time GIF by OneFootball Heads,gif,2025-08-04T07:31:29+0000,1754292689,18
2026-08-03,6Zo8j3dDBwQsYvhISc,Pizza Time Eating GIF by OneFootball Heads,gif,2025-08-04T07:31:24+0000,1754292684,60940
2026-08-03,9C0eEDiObWC3COXjXj,No Way What GIF by OneFootball Heads,gif,2025-08-04T07:31:18+0000,1754292678,23765
2026-08-03,BG3Zejm7Xdx6wWUf1s,Cant Believe It No Way GIF by OneFootball Heads,gif,2025-08-04T07:31:12+0000,1754292672,74269
2026-08-03,uejerzhWkT2nfV4ekh,Var Whistle GIF by OneFootball Heads,gif,2025-08-04T07:31:08+0000,1754292668,145355
2026-08-03,CLsZfPTw3az9SfokNz,Referee Var GIF by OneFootball Heads,gif,2025-08-04T07:31:02+0000,1754292662,501866
2026-08-03,98ehMD8kX9bLkq9Gcw,Angry Watch Out GIF by OneFootball Heads,gif,2025-08-04T07:30:56+0000,1754292656,135674
2026-08-03,sTKnZMlZKwYbtflXQq,Angry Watch Out GIF by OneFootball Heads,gif,2025-08-04T07:30:52+0000,1754292652,301140
2026-08-03,2XtaKuSyUmADvFNWeB,Lets Go Please GIF by OneFootball Heads,gif,2025-08-04T07:30:47+0000,1754292647,34435
2026-08-03,AJYr4bWzAFjdGH9q0o,Lets Go Please GIF by OneFootball Heads,gif,2025-08-04T07:30:41+0000,1754292641,177607
2026-08-03,ZUtSEAyBuCcewmA29F,Champions League Celebration GIF by OneFootball Heads,gif,2025-08-04T07:30:36+0000,1754292636,51073
2026-08-03,TWBEBifNIlRw3WZysb,Happy Champions League GIF by OneFootball Heads,gif,2025-08-04T07:30:29+0000,1754292629,545457
2026-08-03,sGkjKXy02jm6wjrij1,I Love You Kiss GIF by OneFootball Heads,gif,2025-08-03T14:21:20+0000,1754230880,282635
2026-08-03,m0RdfAX3ZVq56g6Ufb,I Love You Kiss GIF by OneFootball Heads,gif,2025-08-03T14:21:14+0000,1754230874,296687
2026-08-03,lHQGU1fP8dCpgZhRQ8,Sad Its Over GIF by OneFootball Heads,gif,2025-08-03T14:21:06+0000,1754230866,121265
2026-08-03,kvrucA56Ge96PitAIf,Sad Game Over GIF by OneFootball Heads,gif,2025-08-03T14:21:01+0000,1754230861,2073944
2026-08-03,N8j7uvd3K7ewojOxxY,Accuse He Did It GIF by OneFootball Heads,gif,2025-08-03T14:20:55+0000,1754230855,180163
2026-08-03,YFsvkuJTxLc0uuNrhO,Accuse He Did It GIF by OneFootball Heads,gif,2025-08-03T14:20:49+0000,1754230849,9862229
2026-08-03,B7HEiOs673jZ4sYq3q,Betting Game On GIF by OneFootball Heads,gif,2025-08-03T14:20:41+0000,0,0
2026-08-03,49lmGu0eQ7ISpToUTU,Betting All In GIF by OneFootball Heads,gif,2025-08-03T14:20:34+0000,1754230834,2
2026-08-03,QIpziLuXhTywLdbIkQ,Happy We Did It GIF by OneFootball Heads,gif,2025-08-03T14:20:25+0000,1754230825,78875
2026-08-03,TkAIyyDEx6r2Qrm007,Well Done Good Job GIF by OneFootball Heads,gif,2025-08-03T14:20:21+0000,1754230821,199022
2026-08-03,fkhqUwfGzSYOrSTJp9,Excited Lets Go GIF by OneFootball Heads,gif,2025-08-03T14:20:16+0000,1754230816,21157
2026-08-03,x6TIee2JM9pBwc4MBG,Excited Video Game GIF by OneFootball Heads,gif,2025-08-03T14:20:05+0000,1754230805,247768
2026-08-03,YoWUM76JMiAUKm9ggl,Good Vibes Thank You GIF by OneFootball Heads,gif,2025-08-03T14:19:59+0000,1754230799,61314
2026-08-03,6qI2NYWngdAxxVX1zJ,Good Vibes Thank You GIF by OneFootball Heads,gif,2025-08-03T14:19:54+0000,1754230794,66297
2026-08-03,uZ7GOHTYg3w6hAPN9v,Unity We Agree GIF by OneFootball Heads,gif,2025-08-03T14:19:49+0000,1754230789,313753
2026-08-03,5grsDwlqX4kfy71Rdj,Shake Hands Yes GIF by OneFootball Heads,gif,2025-08-03T14:19:43+0000,1754230783,189306
2026-08-03,3Vvcnjhme1hwqwMNke,Whats Going On Hello GIF by OneFootball Heads,gif,2025-07-01T18:21:14+0000,1751394074,305717
2026-08-03,ArFOjTGDqq45OKCAo4,Breathe Slow Down GIF by OneFootball Heads,gif,2025-07-01T18:21:10+0000,1751394070,99801
2026-08-03,ZlBrZ2naavOtI2qSAr,Happy Game Over GIF by OneFootball Heads,gif,2025-07-01T18:21:05+0000,1751394065,198277
2026-08-03,8WBfBgNcz3Ep1OvSUC,Happy Fan Reaction GIF by OneFootball Heads,gif,2025-07-01T18:20:59+0000,1751394059,143630
2026-08-03,AZgI9GQ4S4ul6qcA9u,Football Fan GIF by OneFootball Heads,gif,2025-07-01T18:20:54+0000,1751394054,1383106
2026-08-03,gSJLxCRJSAtTesQIH2,Game Over Football GIF by OneFootball Heads,gif,2025-07-01T18:20:49+0000,1751394049,363601
2026-08-03,3v4WsAL4dC4aMtTKdU,Soccer Wow GIF by OneFootball Heads,gif,2025-07-01T18:20:41+0000,1751394041,184235
2026-08-03,al9NLseK6dPr8Q0mZz,Bored Tv Sports GIF by OneFootball Heads,gif,2025-07-01T18:20:33+0000,1751394033,192311
2026-08-03,xNJVAiSsa1wtC14act,Angry Soccer GIF by OneFootball Heads,gif,2025-07-01T18:20:28+0000,1751394028,600676
2026-08-03,1Brq4LvOtRMIBJQi4U,Bored Game Time GIF by OneFootball Heads,gif,2025-07-01T18:20:22+0000,1751394022,115958
2026-08-03,Vtg7zkTTczN2bvodCG,Stay Hydrated Drink Water GIF by OneFootball Heads,gif,2025-07-01T18:20:17+0000,1751394017,266318
2026-08-03,z1dXRwDsqrjs5KDOML,Bored Old Man GIF by OneFootball Heads,gif,2025-07-01T18:20:11+0000,1751394011,7014023
2026-08-03,l8eIHDVeTwEm5VOjb1,Tv Time Yawn GIF by OneFootball Heads,gif,2025-07-01T18:20:06+0000,1751394006,2574238
2026-08-03,R60s9NrOwv5eTrRPzV,Game Day Chips GIF by OneFootball Heads,gif,2025-07-01T18:20:01+0000,1751394001,231944
2026-08-03,pQxOnCwLvTBG4uf3KD,Angry Over It GIF by OneFootball Heads,gif,2025-07-01T18:19:55+0000,1751393995,928634
2026-08-03,woNoaZZ9V12dyjYjJo,Game Over Football GIF by OneFootball Heads,gif,2025-07-01T18:19:48+0000,1751393988,306540
2026-08-03,X2tAL568gaKEgB9Anv,Football Popping In GIF by OneFootball Heads,gif,2025-07-01T18:19:43+0000,1751393983,119407
2026-08-03,VaHgVrzYDaGrz7JRiX,Sorry Leave Me Alone GIF by OneFootball Heads,gif,2025-07-01T18:19:38+0000,1751393978,276687
2026-08-03,tiqNAs5cs6O0h36elo,Game On Football GIF by OneFootball Heads,gif,2025-07-01T18:19:32+0000,1751393972,240498
2026-08-03,VErfqZkulaxhehX9uN,Lets Go Football GIF by OneFootball Heads,gif,2025-07-01T18:19:26+0000,1751393966,21811
2026-08-03,pPqefCee0DWoNtfPaN,Final Match Kiss GIF by OneFootball Heads,gif,2025-07-01T18:19:20+0000,1751393960,124321
2026-08-03,3oDwGbxOLEg8bEEJIQ,Football Omg GIF by OneFootball Heads,gif,2025-07-01T18:19:15+0000,1751393955,188921
2026-08-03,vXbH7KQWGqNe9heXju,Excited Soccer GIF by OneFootball Heads,gif,2025-07-01T18:19:09+0000,1751393949,60384
2026-08-03,P6CpYQD8EQVdHmbBB7,Game Night Football GIF by OneFootball Heads,gif,2025-07-01T18:18:49+0000,1751393929,112776
2026-08-03,z7kuboVsFhWrC6gJDp,Cool Off Break Time GIF by OneFootball Heads,gif,2025-07-01T18:18:42+0000,1751393922,891396
2026-08-03,FCtjJQzZME69CW6ttp,Football Soccer GIF by OneFootball Heads,gif,2025-07-01T18:18:37+0000,1751393917,271861
2026-08-03,VtZku1FNcJfdfJLPya,Lets Go Football GIF by OneFootball Heads,gif,2025-07-01T18:18:32+0000,1751393912,292024
2026-08-03,w4nv4DunM9a4tOEi3Y,Excited Game Time GIF by OneFootball Heads,gif,2025-07-01T18:18:27+0000,1751393907,128716
2026-08-03,a3sOeDI1ZuE2UEGEjr,Happy Football GIF by OneFootball Heads,gif,2025-07-01T18:18:18+0000,1751393898,49967
2026-08-03,KPVPfTOGhR4ZDXsBWA,Angry Football Fan GIF by OneFootball Heads,gif,2025-07-01T18:18:10+0000,1751393890,60870
2026-08-03,hwIq8i6Qi7UnUGbacf,Angry Game Time GIF by OneFootball Heads,gif,2025-07-01T18:18:01+0000,1751393881,21657
2026-08-03,NnvB50iO7TqUyBzFvl,Big Brain Funny Gif GIF by OneFootball Heads,gif,2025-06-26T12:13:26+0000,1750940006,1461296
2026-08-03,VeQ7R5eLzOiZwny95R,Preach For Real GIF by OneFootball Heads,gif,2025-06-26T12:13:18+0000,1750939998,11982191
2026-08-03,4XEUw17xG7OGK9nuJw,Happy Lets Go GIF by OneFootball Heads,gif,2025-06-26T12:13:13+0000,1750939993,2508047
2026-08-03,I70wiKkwEVZWC2HFAO,Happy Birthday GIF by OneFootball Heads,gif,2025-06-20T19:06:07+0000,1750446367,610198
2026-08-03,fOGrNl1SGyw9ZF5Qeh,Truth Agree GIF by OneFootball Heads,gif,2025-06-20T13:20:39+0000,1750425639,212000
2026-08-03,jzppiGwPog15PVElfH,Good Vibes Chill GIF by OneFootball Heads,gif,2025-06-20T13:20:30+0000,1750425630,92730
2026-08-03,oxj2Z1k2cHtR0oZkqj,Coffee Time Reaction Gif GIF by OneFootball Heads,gif,2025-06-20T13:20:24+0000,1750425624,220085
2026-08-03,TiuUji4KiJvFuzPFYg,Hungry Noodles GIF by OneFootball Heads,gif,2025-06-20T13:20:13+0000,1750425613,531909
2026-08-03,6A9hefwTjvCDMURljb,Game Show Reaction Gif GIF by OneFootball Heads,gif,2025-06-20T13:19:53+0000,1750425593,5456563
2026-08-03,toIRQFAFFCtAWwJveB,Whats Up Hello GIF by OneFootball Heads,gif,2025-06-18T09:53:48+0000,1750240428,316422
2026-08-03,dCqQrUmPgICwfSYzgi,Well Done Yes GIF by OneFootball Heads,gif,2025-06-18T09:53:22+0000,1750240402,49708
2026-08-03,hBt0VjWkZbFRBrBACu,Refreshing Water Bottle GIF by OneFootball Heads,gif,2025-06-18T09:52:56+0000,1750240376,3434640
2026-08-03,9HORd4teDGhOt46fEz,Youre Cute Love You GIF by OneFootball Heads,gif,2025-06-18T09:52:38+0000,1750240358,122888
2026-08-03,tgLpK2WbZhGe0D6UbT,Slow Motion Boom GIF by OneFootball Heads,gif,2025-06-18T09:52:08+0000,1750240328,404700
2026-08-03,y2QSRInUPq9f5evJVB,Stay Calm Market Crash GIF by OneFootball Heads,gif,2025-06-18T09:51:23+0000,1750240283,264026
2026-08-03,N2GUDdRZbdCdUzYkuw,Celebrate Lets Go GIF by OneFootball Heads,gif,2025-06-18T09:50:51+0000,1750240251,390806
2026-08-03,FzxAj0hfgyAdsW40AC,Lets Go Success GIF by OneFootball Heads,gif,2025-06-18T09:50:27+0000,1750240227,37662
2026-08-03,WT9XlpCYQY7PtmCLT4,OneFootball Heads GIF,gif,2025-06-16T07:55:46+0000,1750060546,707113
2026-08-03,FS1BfSHSEcBM7oXgnd,OneFootball Heads GIF,gif,2025-06-13T19:24:38+0000,1749842678,109775
2026-08-03,vaKM2dq2diEh9vUBQP,OneFootball Heads GIF,gif,2025-06-13T19:24:32+0000,1749842672,200717
2026-08-03,gUn5uaz4fhAKi45l4u,OneFootball Heads GIF,gif,2025-06-13T19:24:26+0000,1749842666,263805
2026-08-03,RcKxMa4JVupSJSMnhX,OneFootball Heads GIF,gif,2025-06-13T19:24:21+0000,1749842661,267423
2026-08-10,T7gZaafLBt8KMPK8wh,Locked In Cooking Sticker by OneFootball Heads,sticker,2026-08-10T07:09:30+0000,0,0
2026-08-10,jKPairXn7E0xJEqa05,Locked In Cooking Sticker by OneFootball Heads,sticker,2026-08-10T07:09:18+0000,0,0
2026-08-10,AyG6nRB4g0YK2lJoV5,Miss You Sticker by OneFootball Heads,sticker,2026-08-10T07:09:09+0000,0,0
2026-08-10,jzNfEq4G6PlhcWjGmV,Miss You Sticker by OneFootball Heads,sticker,2026-08-10T07:09:00+0000,0,0
2026-08-10,CCGgsc0z57RbpdylOe,Not Listening La La La Sticker by OneFootball Heads,sticker,2026-08-10T07:08:54+0000,0,0
2026-08-10,askudv60nEFqWPiu2F,Not Listening La La La Sticker by OneFootball Heads,sticker,2026-08-10T07:08:44+0000,0,0
2026-08-10,ftMttAy9HcOXqrsdIM,Picture Smile Sticker by OneFootball Heads,sticker,2026-08-10T07:08:35+0000,0,0
2026-08-10,gS1Ap1qSUAuXOzcXTe,Picture Smile Sticker by OneFootball Heads,sticker,2026-08-10T07:08:28+0000,0,0
2026-08-10,FsGw6Rw5M9vZAVLP0U,Wall Defending Sticker by OneFootball Heads,sticker,2026-08-10T07:08:20+0000,0,0
2026-08-10,PCp60Cx6Gi4nyLdAgN,Wall Defending Sticker by OneFootball Heads,sticker,2026-08-10T07:08:09+0000,0,0
2026-08-10,aNJKxYTgx7grVYVGNa,Feel Better Take Care Sticker by OneFootball Heads,sticker,2026-08-10T07:07:58+0000,0,0
2026-08-10,MzgtF00ibDEZHZkNPV,Feel Better Take Care Sticker by OneFootball Heads,sticker,2026-08-10T07:07:46+0000,0,0
2026-08-10,B4wnohI7W32vyveGfm,Out Of Office Ooo Sticker by OneFootball Heads,sticker,2026-08-10T07:07:33+0000,0,0
2026-08-10,F0VrUFmKKrBimQ9woR,Out Of Office Ooo Sticker by OneFootball Heads,sticker,2026-08-10T07:07:25+0000,0,0
2026-08-10,7EDotDOXM1vYYh2xuF,No Money Im Broke Sticker by OneFootball Heads,sticker,2026-08-10T07:07:18+0000,0,0
2026-08-10,CznAgEDyLaic6yT3it,No Money Im Broke Sticker by OneFootball Heads,sticker,2026-08-10T07:07:12+0000,0,0
2026-08-10,v2HG6nFioXmOxAIkyr,Bravo Applause Sticker by OneFootball Heads,sticker,2026-08-10T07:07:06+0000,0,0
2026-08-10,HDcKa4AKZLIbXnJgVg,Bravo Applause Sticker by OneFootball Heads,sticker,2026-08-10T07:06:55+0000,0,0
2026-08-10,tm5l4WMs9tEp8q7QY6,Break Time Halftime Sticker by OneFootball Heads,sticker,2026-08-10T07:06:45+0000,0,0
2026-08-10,CaMmxb3XIcnjsNcooW,Break Time Halftime Sticker by OneFootball Heads,sticker,2026-08-10T07:06:36+0000,0,0
2026-08-10,iukCYnYG1nt8mH7EXg,Make It Rain Money Sticker by OneFootball Heads,sticker,2026-08-10T07:06:24+0000,0,0
2026-08-10,CbojCyfv0Pg02Bogxn,Make It Rain Money Sticker by OneFootball Heads,sticker,2026-08-10T07:06:11+0000,0,0
2026-08-10,YU9e03AF2cZgLWELZe,Handball Referee Sticker by OneFootball Heads,sticker,2026-08-10T07:05:58+0000,0,0
2026-08-10,4hGHgXEoALrkYlKW9m,Handball Referee Sticker by OneFootball Heads,sticker,2026-08-10T07:05:50+0000,0,0
2026-08-10,bJwdqCk6AqsMblCImv,Lets Go Yes Sticker by OneFootball Heads,sticker,2026-08-10T07:05:36+0000,0,0
2026-08-10,n3WVO1CbdjJjbPygWv,Lets Go Yes Sticker by OneFootball Heads,sticker,2026-08-10T07:05:23+0000,0,0
2026-08-10,hIP7IxySDujDjTcCgk,Locked In Cooking GIF by OneFootball Heads,gif,2026-08-10T07:03:23+0000,0,0
2026-08-10,mbf00vMY6UbT9h86hi,Locked In Cooking GIF by OneFootball Heads,gif,2026-08-10T07:03:02+0000,0,0
2026-08-10,YSGYAhBJmO8fZiDyMH,Miss You Football GIF by OneFootball Heads,gif,2026-08-10T07:02:41+0000,0,0
2026-08-10,GREZfNqe681gUp8ECl,Miss You Football GIF by OneFootball Heads,gif,2026-08-10T07:02:24+0000,0,0
2026-08-10,x6rwajoFHoTnDGEBmG,Not Listening La La La GIF by OneFootball Heads,gif,2026-08-10T07:02:08+0000,0,0
2026-08-10,2PSJbtzGkCGH4bR9Md,Not Listening La La La GIF by OneFootball Heads,gif,2026-08-10T07:01:50+0000,0,0
2026-08-10,c0JrW3Th0N1wNuPFsQ,Football Smile GIF by OneFootball Heads,gif,2026-08-10T07:01:32+0000,0,0
2026-08-10,vkwh9ULskLJXWptoSI,Football Smile GIF by OneFootball Heads,gif,2026-08-10T07:00:13+0000,0,0
2026-08-10,uN8wdjnLJ5oRknSFQz,Football Defending GIF by OneFootball Heads,gif,2026-08-10T07:00:06+0000,0,0
2026-08-10,AuqSnLsurW0tVC7kcu,Football Defending GIF by OneFootball Heads,gif,2026-08-10T06:59:57+0000,0,0
2026-08-10,81EGk29eiw9H1hpqdY,Feel Better Take Care GIF by OneFootball Heads,gif,2026-08-10T06:59:46+0000,0,0
2026-08-10,oRUV18AcLTVmArBuy5,Feel Better Take Care GIF by OneFootball Heads,gif,2026-08-10T06:59:34+0000,0,0
2026-08-10,eSsZhIN2fbG9cZ4qhI,Out Of Office Football GIF by OneFootball Heads,gif,2026-08-10T06:59:18+0000,0,0
2026-08-10,QZ7VxYXlPLhiWYe26G,Out Of Office Football GIF by OneFootball Heads,gif,2026-08-10T06:59:10+0000,0,0
2026-08-10,q2pMvxOicWZAx4fa0Q,No Money Football GIF by OneFootball Heads,gif,2026-08-10T06:59:02+0000,0,0
2026-08-10,Io9eZ3VN6CBoH1Q83q,No Money Football GIF by OneFootball Heads,gif,2026-08-10T06:58:55+0000,0,0
2026-08-10,WI86dbD53DB2Ya13yE,Football Applause GIF by OneFootball Heads,gif,2026-08-10T06:58:50+0000,0,0
2026-08-10,3WtvsRqbAJO3p0nxNG,Football Applause GIF by OneFootball Heads,gif,2026-08-10T06:58:42+0000,0,0
2026-08-10,Wotgrzr1tPTdfJTrp9,Break Time Football GIF by OneFootball Heads,gif,2026-08-10T06:58:33+0000,0,0
2026-08-10,obWFB2xqw0881G6uwU,Break Time Football GIF by OneFootball Heads,gif,2026-08-10T06:58:25+0000,0,0
2026-08-10,pgLuh2aB48Q4ZQQfwV,Make It Rain Football GIF by OneFootball Heads,gif,2026-08-10T06:58:16+0000,0,0
2026-08-10,SD1LVb6H1U0PxIxHbS,Make It Rain Football GIF by OneFootball Heads,gif,2026-08-10T06:58:05+0000,0,0
2026-08-10,NAZYVzLH4TyUPo7KZa,Football Soccer GIF by OneFootball Heads,gif,2026-08-10T06:57:55+0000,0,0
2026-08-10,ki9w0hQae7VtoRnFmi,Football Soccer GIF by OneFootball Heads,gif,2026-08-10T06:57:45+0000,0,0
2026-08-10,Y0aIHKXBQx9NLXemZI,Lets Go Yes GIF by OneFootball Heads,gif,2026-08-10T06:57:36+0000,0,0
2026-08-10,KSIkAZ1MLHevjSqt4O,Lets Go Yes GIF by OneFootball Heads,gif,2026-08-10T06:57:29+0000,0,0
2026-08-10,eXp6TrPKFtz2QlG4Uo,Hold On Brb Sticker by OneFootball Heads,sticker,2026-08-05T04:04:41+0000,1785902681,3086
2026-08-10,MggXsKR6usuo2guR1w,Bbq Smells Good Sticker by OneFootball Heads,sticker,2026-08-05T04:04:24+0000,1785902664,2537
2026-08-10,gU6fbKU11WZGfMjXey,Bbq Smells Good Sticker by OneFootball Heads,sticker,2026-08-05T04:04:14+0000,1785902654,3147
2026-08-10,yBUiOi29DnkVtPnSck,Hold On Brb Sticker by OneFootball Heads,sticker,2026-08-05T04:04:06+0000,1785902646,3174
2026-08-10,9UHt6If8rRUWpqieQ6,Work From Home Meeting Sticker by OneFootball Heads,sticker,2026-08-05T04:03:07+0000,1785902587,987
2026-08-10,QWxKVnd7vJclaO5KD4,Work From Home Meeting Sticker by OneFootball Heads,sticker,2026-08-05T04:02:54+0000,1785902574,928
2026-08-10,eEsEr5zx8SiFZxNOFO,Grilling Labor Day Sticker by OneFootball Heads,sticker,2026-08-05T04:02:44+0000,1785902564,1010
2026-08-10,mOfr7vCOfkmMgNZfhM,Grilling Labor Day Sticker by OneFootball Heads,sticker,2026-08-05T04:02:38+0000,1785902558,860
2026-08-10,4LSRc6JcAvdcJvOele,Awkward Cringe Sticker by OneFootball Heads,sticker,2026-08-05T04:02:32+0000,1785902552,903
2026-08-10,93ZBUB81lQlO28oAU3,Awkward Cringe Sticker by OneFootball Heads,sticker,2026-08-05T04:02:22+0000,1785902542,810
2026-08-10,obqQ7nCPajM1XwGMzH,Suspicious Side Eye Sticker by OneFootball Heads,sticker,2026-08-05T04:02:14+0000,1785902534,1814
2026-08-10,aFQPmNaCbkCl3EdYeY,Suspicious Side Eye Sticker by OneFootball Heads,sticker,2026-08-05T04:02:02+0000,1785902522,2997
2026-08-10,ItO7l3CTSHgpeB4Ywp,Well Done Celebration Sticker by OneFootball Heads,sticker,2026-08-05T04:01:54+0000,1785902514,661
2026-08-10,qpNx80ykZ145lqdEuh,Well Done Celebration Sticker by OneFootball Heads,sticker,2026-08-05T04:01:47+0000,1785902507,492
2026-08-10,NeC3tEfdVwAx9KLUM0,College Football Saturday Sticker by OneFootball Heads,sticker,2026-08-05T04:01:40+0000,1785902500,665
2026-08-10,15dUdBxg7yHfnRNU7Y,College Football Saturday Sticker by OneFootball Heads,sticker,2026-08-05T04:01:25+0000,1785902485,737
2026-08-10,8lSG7jt9Y9Cp31wkzs,Handball Pen Sticker by OneFootball Heads,sticker,2026-08-05T04:01:11+0000,1785902471,837
2026-08-10,EkcxDEfhpQPDEHLjwJ,Handball Pen Sticker by OneFootball Heads,sticker,2026-08-05T04:01:06+0000,1785902466,674
2026-08-10,APgneCdOW1Reh0qaf0,Referee Var Sticker by OneFootball Heads,sticker,2026-08-05T04:00:59+0000,1785902459,1081
2026-08-10,Ph7plOOKJNbslxKyrP,Referee Var Sticker by OneFootball Heads,sticker,2026-08-05T04:00:51+0000,1785902451,969
2026-08-10,nlRq8kEVEGEqLhJXS6,Football Soccer GIF by OneFootball Heads,gif,2026-08-05T04:00:20+0000,1785902420,1317
2026-08-10,gEjdVfmchsJIDdNhHn,Football Soccer GIF by OneFootball Heads,gif,2026-08-05T04:00:14+0000,1785902414,910
2026-08-10,dQxNr6ZzGMHanmSGNo,Football Smells Good GIF by OneFootball Heads,gif,2026-08-05T03:59:07+0000,1785902347,1714
2026-08-10,MyCyi89mx9JPC9bHv7,Football Smells Good GIF by OneFootball Heads,gif,2026-08-05T03:58:58+0000,1785902338,1306
2026-08-10,Lv5WcXLqEaEuaTO1ZQ,Hold On Football GIF by OneFootball Heads,gif,2026-08-05T03:58:49+0000,1785902329,2206
2026-08-10,1ui7bi7c2bgkwLOVkt,Hold On Football GIF by OneFootball Heads,gif,2026-08-05T03:58:42+0000,1785902322,1389
2026-08-10,Zd7hy7VoGaOTlTsANK,Work From Home Football GIF by OneFootball Heads,gif,2026-08-05T03:58:36+0000,1785902316,1442
2026-08-10,KAno7uyRv1fjZpX8y2,Work From Home Football GIF by OneFootball Heads,gif,2026-08-05T03:58:27+0000,1785902307,1039
2026-08-10,6LwTAchE2sAFi1Acvr,Grilling Labor Day GIF by OneFootball Heads,gif,2026-08-05T03:58:17+0000,1785902297,746
2026-08-10,x1YB30hC9QDiEToWA1,Grilling Labor Day GIF by OneFootball Heads,gif,2026-08-05T03:58:11+0000,1785902291,897
2026-08-10,z6IQFfFdVnCWKtTaRv,Awkward Football GIF by OneFootball Heads,gif,2026-08-05T03:58:04+0000,1785902284,659
2026-08-10,QHoxSv5YXlXOtuE4DW,Awkward Football GIF by OneFootball Heads,gif,2026-08-05T03:57:56+0000,1785902276,692
2026-08-10,XrVIIbHzGO01bZXhfP,Suspicious Football GIF by OneFootball Heads,gif,2026-08-05T03:57:47+0000,1785902267,1256
2026-08-10,ry6PYSjQZO6MRrR4mP,Well Done Football GIF by OneFootball Heads,gif,2026-08-05T03:57:39+0000,1785902259,989
2026-08-10,77darDRCvKYK3108SW,Well Done Football GIF by OneFootball Heads,gif,2026-08-05T03:57:32+0000,1785902252,655
2026-08-10,1zXfmeVx5OsXfSPXZb,College Football GIF by OneFootball Heads,gif,2026-08-05T03:57:21+0000,1785902241,820
2026-08-10,UpKZHAIHaom7m8oqEG,College Football GIF by OneFootball Heads,gif,2026-08-05T03:57:08+0000,1785902228,788
2026-08-10,Oy3HDm5jfdMkgrHwrf,Football Soccer GIF by OneFootball Heads,gif,2026-08-05T03:56:52+0000,1785902212,1304
2026-08-10,Py3gKjdj74yZ1xYUDc,Football Soccer GIF by OneFootball Heads,gif,2026-08-05T03:55:04+0000,1785902104,1453
2026-08-10,mN9I9lpyxfZ8Gtkapj,Suspicious Football GIF by OneFootball Heads,gif,2026-08-05T03:54:40+0000,1785902080,840
2026-08-10,2FxcZ8wpN6fQC5YJ4z,Add Me Friend Request Sticker by OneFootball Heads,sticker,2026-07-28T17:50:52+0000,1785261052,14708
2026-08-10,FpWKtmKDYtFqgQ4F1p,Add Me Friend Request Sticker by OneFootball Heads,sticker,2026-07-28T17:50:38+0000,1785261038,13178
2026-08-10,vilClGRTjSHu0GtpnI,Best Friends Squad Sticker by OneFootball Heads,sticker,2026-07-28T17:50:25+0000,1785261025,7550
2026-08-10,DoNIRpsowBXVQjshzI,Best Friends Squad Sticker by OneFootball Heads,sticker,2026-07-28T17:50:12+0000,1785261012,5427
2026-08-10,z7SQKvGQvXrAtw9e0b,Best Friend Teammates Sticker by OneFootball Heads,sticker,2026-07-28T17:50:00+0000,1785261000,8034
2026-08-10,USPTPyzyOMCwrK5zXw,Best Friend Teammates Sticker by OneFootball Heads,sticker,2026-07-28T17:49:45+0000,1785260985,3580
2026-08-10,xTsdxIAnggFtww1tbS,Friendship Fist Bump Sticker by OneFootball Heads,sticker,2026-07-28T17:49:26+0000,1785260966,4443
2026-08-10,48lOBPTz2RBZlk6s5K,Friendship Fist Bump Sticker by OneFootball Heads,sticker,2026-07-28T17:49:18+0000,1785260958,4347
2026-08-10,ejYsZu3TWsZPu9FeHo,Best Friend Bff Sticker by OneFootball Heads,sticker,2026-07-28T17:49:09+0000,1785260949,25435
2026-08-10,9Ls9XsHDxEiICpkIWJ,Best Friend Bff Sticker by OneFootball Heads,sticker,2026-07-28T17:48:59+0000,1785260939,21167
2026-08-10,P38cOb4eV8zvrGANTG,Miss You Hug Sticker by OneFootball Heads,sticker,2026-07-28T17:48:52+0000,1785260932,15440
2026-08-10,TBERH8SbfqimWzO26A,Miss You Hug Sticker by OneFootball Heads,sticker,2026-07-28T17:48:37+0000,1785260917,6191
2026-08-10,ylQtCW6zrlfGS8glXw,Best Friends Bff Sticker by OneFootball Heads,sticker,2026-07-28T17:48:24+0000,1785260904,6587
2026-08-10,gV15dSeODe88bn6qQR,Best Friends Bff Sticker by OneFootball Heads,sticker,2026-07-28T17:48:09+0000,1785260889,2716
2026-08-10,rWdKQ4rLROfKD3cdLI,Best Friend Friends Sticker by OneFootball Heads,sticker,2026-07-28T17:47:50+0000,1785260870,340782
2026-08-10,ZzOwQgO7FL2HlAGNPK,Best Friend Friends Sticker by OneFootball Heads,sticker,2026-07-28T17:47:33+0000,1785260853,18582
2026-08-10,okTyHZDSQ8u31wyT55,Add Me Friend Request GIF by OneFootball Heads,gif,2026-07-28T17:42:43+0000,1785260563,22714
2026-08-10,s5mc5b4QlA0GqxfiMn,Best Friends Football GIF by OneFootball Heads,gif,2026-07-28T17:42:29+0000,1785260549,10938
2026-08-10,O42P37uJNFbMzRuV98,Best Friend Football GIF by OneFootball Heads,gif,2026-07-28T17:42:17+0000,1785260537,25449
2026-08-10,1pnf06KKMM2qlRmCIj,Football Fist Bump GIF by OneFootball Heads,gif,2026-07-28T17:42:03+0000,1785260523,10894
2026-08-10,NlQfFCNhxuArwRa0yg,Best Friend Football GIF by OneFootball Heads,gif,2026-07-28T17:41:55+0000,1785260515,17751
2026-08-10,qJw4maZ7dvqO6QsGJh,Miss You Hug GIF by OneFootball Heads,gif,2026-07-28T17:41:47+0000,1785260507,20751
2026-08-10,jKFcYsEGnQcAUJrto3,Best Friends Football GIF by OneFootball Heads,gif,2026-07-28T17:41:35+0000,1785260495,16925
2026-08-10,lZZ0LAMaAEOTY0ERz9,Best Friend Football GIF by OneFootball Heads,gif,2026-07-28T17:41:21+0000,1785260481,170057
2026-08-10,BYbzy4UJj3jZGQzObN,Captain America Football Sticker by OneFootball Heads,sticker,2026-07-22T14:55:28+0000,1784732128,2478
2026-08-10,1CtnvXO5JJQFN6DhpR,Captain America Football Sticker by OneFootball Heads,sticker,2026-07-22T14:55:15+0000,1784732115,4361
2026-08-10,MoUvrMYhXbXOYMTXOs,Federico Valverde Football Sticker by OneFootball Heads,sticker,2026-07-22T14:55:00+0000,1784732100,3927
2026-08-10,4mTE4i8Zui0pfyN6Tj,Federico Valverde Football Sticker by OneFootball Heads,sticker,2026-07-22T14:54:48+0000,1784732088,4349
2026-08-10,DkMC0pbvPVy3KNCzzD,The Wizard Football Sticker by OneFootball Heads,sticker,2026-07-22T14:54:35+0000,1784732075,14404
2026-08-10,clne8r9DaMEPN77izy,The Wizard Football Sticker by OneFootball Heads,sticker,2026-07-22T14:54:24+0000,1784732064,14662
2026-08-10,swXwzpLVqMM4Eop4OM,Granit Xhaka Football Sticker by OneFootball Heads,sticker,2026-07-22T14:54:12+0000,1784732052,3375
2026-08-10,d6UTJkeCNSuMgArYQg,Granit Xhaka Football Sticker by OneFootball Heads,sticker,2026-07-22T14:53:59+0000,1784732039,3569
2026-08-10,74V7r5XLB5PcOoGMbA,El Nino Football Sticker by OneFootball Heads,sticker,2026-07-22T14:53:47+0000,1784732027,32545
2026-08-10,TDoPnJKJI06YrVOrtI,El Nino Football Sticker by OneFootball Heads,sticker,2026-07-22T14:53:33+0000,1784732013,32673
2026-08-10,nDcAtQrrztB6tjk8d1,Big Brain Football Sticker by OneFootball Heads,sticker,2026-07-22T14:53:20+0000,1784732000,16557
2026-08-10,rkT6Jth8qRgE1h2Fn2,Big Brain Football Sticker by OneFootball Heads,sticker,2026-07-22T14:53:09+0000,1784731989,27021
2026-08-10,BqKx9z6SmgH9xfzMoU,Football Spain Sticker by OneFootball Heads,sticker,2026-07-22T14:52:57+0000,1784731977,12696
2026-08-10,m7sXoT4sjUcHqlfqFS,Football Spain Sticker by OneFootball Heads,sticker,2026-07-22T14:52:44+0000,1784731964,13722
2026-08-10,4iwyORJpVG7GLfMZvu,South Korea Football Sticker by OneFootball Heads,sticker,2026-07-22T14:51:35+0000,1784731895,27632
2026-08-10,OwaFxnOAJSXQGMJYfE,South Korea Football Sticker by OneFootball Heads,sticker,2026-07-22T14:51:19+0000,1784731879,28871
2026-08-10,e0s868pPHJojxQ4Vgs,Football Mane Sticker by OneFootball Heads,sticker,2026-07-22T14:51:05+0000,1784731865,6875
2026-08-10,KtttnFu2Mr4fZKCeJe,Football Mane Sticker by OneFootball Heads,sticker,2026-07-22T14:50:50+0000,1784731850,16264
2026-08-10,5sWddKfNN6ISDvkDWK,Andy Robertson Football Sticker by OneFootball Heads,sticker,2026-07-22T14:50:33+0000,1784731833,5414
2026-08-10,FRKnlYZ5Sc1GyYRhym,Andy Robertson Football Sticker by OneFootball Heads,sticker,2026-07-22T14:50:17+0000,1784731817,5500
2026-08-10,Gizdqrs09PZXeoD16N,Football Happy Dance Sticker by OneFootball Heads,sticker,2026-07-22T14:49:42+0000,1784731782,1506
2026-08-10,6cX7vet4YAxk5XCPgB,Football Happy Dance Sticker by OneFootball Heads,sticker,2026-07-22T14:49:24+0000,1784731764,2719
2026-08-10,B1AR811Im6IVrbjfbH,Football Portugal Sticker by OneFootball Heads,sticker,2026-07-22T14:47:34+0000,1784731654,1005
2026-08-10,nSbqs9LRfXGcnpxZSo,Football Portugal Sticker by OneFootball Heads,sticker,2026-07-22T14:47:17+0000,1784731637,1159
2026-08-10,DtzZaTXJmluGoVaJzL,Cristiano Ronaldo Football Sticker by OneFootball Heads,sticker,2026-07-22T14:47:01+0000,1784731621,10163
2026-08-10,7js3sdMoAXf6iljz9J,Cristiano Ronaldo Football Sticker by OneFootball Heads,sticker,2026-07-22T14:46:48+0000,1784731608,16822
2026-08-10,fVPVSpEApPhaPTBlFK,Bruno Fernandes Shrug Sticker by OneFootball Heads,sticker,2026-07-22T14:46:35+0000,1784731595,5102
2026-08-10,1VoVsG6WlTCqUv2uSU,Bruno Fernandes Shrug Sticker by OneFootball Heads,sticker,2026-07-22T14:46:24+0000,1784731584,5122
2026-08-10,C4yn5gQdilKTzToTFh,Football Vamos Sticker by OneFootball Heads,sticker,2026-07-22T14:46:01+0000,1784731561,512
2026-08-10,q28otU4WUdpleg49zb,Football Vamos Sticker by OneFootball Heads,sticker,2026-07-22T14:45:49+0000,1784731549,566
2026-08-10,JJeQWqCysrgl8pxNh0,Football Norway Sticker by OneFootball Heads,sticker,2026-07-22T14:45:36+0000,1784731536,6414
2026-08-10,weu7IIXaeX1xtKGHgz,Football Norway Sticker by OneFootball Heads,sticker,2026-07-22T14:45:22+0000,1784731522,3141
2026-08-10,SMwNw54F5yZtqyTXNY,Football Norway Sticker by OneFootball Heads,sticker,2026-07-22T14:45:11+0000,1784731511,26845
2026-08-10,zwhh70RrzFm6xIkbty,Football Norway Sticker by OneFootball Heads,sticker,2026-07-22T14:44:57+0000,1784731497,5556
2026-08-10,V6nWD8hjJ0NqRkwKwf,The Wall Football Sticker by OneFootball Heads,sticker,2026-07-22T14:44:44+0000,1784731484,6455
2026-08-10,RWX2nTNdXEnrfWiZa4,The Wall Football Sticker by OneFootball Heads,sticker,2026-07-22T14:44:32+0000,1784731472,9664
2026-08-10,fT2ecOvmXPJxFkTbWJ,Too Fast Football Sticker by OneFootball Heads,sticker,2026-07-22T14:44:18+0000,1784731458,7838
2026-08-10,GQnycCHR2tSSMXS9oh,Too Fast Football Sticker by OneFootball Heads,sticker,2026-07-22T14:44:06+0000,1784731446,8545
2026-08-10,mHwma9gZf9Anp5nnVR,Raul Jimenez Football Sticker by OneFootball Heads,sticker,2026-07-22T14:43:53+0000,1784731433,3642
2026-08-10,3QOaNhNb8TA085CDrI,Raul Jimenez Football Sticker by OneFootball Heads,sticker,2026-07-22T14:43:40+0000,1784731420,13507
2026-08-10,0kjZf6pew3SqzrzHH7,Too Strong Football Sticker by OneFootball Heads,sticker,2026-07-22T14:39:46+0000,1784731186,10188
2026-08-10,WEC8B0JL2IifWaSoOn,Too Strong Football Sticker by OneFootball Heads,sticker,2026-07-22T14:39:31+0000,1784731171,8763
2026-08-10,ATiZp8tOfAvn28QQ1m,Germany Football Sticker by OneFootball Heads,sticker,2026-07-22T14:39:14+0000,1784731154,4188
2026-08-10,AOXdCCwtj3Jeic1FY0,Germany Football Sticker by OneFootball Heads,sticker,2026-07-22T14:39:04+0000,1784731144,5132
2026-08-10,fBTGAfGgiMyHUuJSIh,Germany Football Sticker by OneFootball Heads,sticker,2026-07-22T14:37:51+0000,1784731071,32359
2026-08-10,XVluxxVNlvj7mOkHVD,Germany Football Sticker by OneFootball Heads,sticker,2026-07-22T14:37:39+0000,1784731059,25736
2026-08-10,23kKeMgwQdsTaTefn7,Germany Football Sticker by OneFootball Heads,sticker,2026-07-22T14:37:25+0000,1784731045,5864
2026-08-10,RE60di0oRWMdq7SDoQ,Germany Football Sticker by OneFootball Heads,sticker,2026-07-22T14:37:14+0000,1784731034,12210
2026-08-10,QED7OaVB6S127veeBk,Germany Football Sticker by OneFootball Heads,sticker,2026-07-22T14:37:01+0000,1784731021,9357
2026-08-10,vhCeQWMJEmFvfjONgE,Germany Football Sticker by OneFootball Heads,sticker,2026-07-22T14:36:49+0000,1784731009,10445
2026-08-10,DYwNxxZXbBlCDPb8Ef,Germany Football Sticker by OneFootball Heads,sticker,2026-07-22T14:36:36+0000,1784730996,2067
2026-08-10,0S2uKh8lb7S9fwEimR,Germany Football Sticker by OneFootball Heads,sticker,2026-07-22T14:36:24+0000,1784730984,2477
2026-08-10,oEgmDtYesxKZLeYfbk,France Football Sticker by OneFootball Heads,sticker,2026-07-22T14:36:12+0000,1784730972,6109
2026-08-10,Pg9FLF1hIKRfew3hKh,France Football Sticker by OneFootball Heads,sticker,2026-07-22T14:35:58+0000,1784730958,6168
2026-08-10,3SkP2Mn8rWCPR7qYs8,France Football Sticker by OneFootball Heads,sticker,2026-07-22T14:35:47+0000,1784730947,14896
2026-08-10,HM50iKLhED7tYTgtrk,France Football Sticker by OneFootball Heads,sticker,2026-07-22T14:35:34+0000,1784730934,16052
2026-08-10,5dhF60l8tjO4UUuTTz,France Football Sticker by OneFootball Heads,sticker,2026-07-22T14:35:22+0000,1784730922,4197
2026-08-10,PmswRSnBQr0RWZ4Bf4,France Football Sticker by OneFootball Heads,sticker,2026-07-22T14:35:11+0000,1784730911,6749
2026-08-10,12h0oJrF1Dl0MHExt2,France Football Sticker by OneFootball Heads,sticker,2026-07-22T14:35:00+0000,1784730900,22670
2026-08-10,bNXwltxLdCxIBUW0oA,France Football Sticker by OneFootball Heads,sticker,2026-07-22T14:34:45+0000,1784730885,22157
2026-08-10,t8SxzpqSbWCkZscsKZ,France Football Sticker by OneFootball Heads,sticker,2026-07-22T14:34:30+0000,1784730870,17361
2026-08-10,bRI1sNgKvZoO69xpZt,France Football Sticker by OneFootball Heads,sticker,2026-07-22T14:34:19+0000,1784730859,18399
2026-08-10,5QdOBPO3tLl2QnMEml,Come On Football Sticker by OneFootball Heads,sticker,2026-07-22T14:34:01+0000,1784730841,5993
2026-08-10,CPfrrA6I7wi4q0blhk,Come On Football Sticker by OneFootball Heads,sticker,2026-07-22T14:32:49+0000,1784730769,5913
2026-08-10,zvQsooz0XRnldcroLB,Football England Sticker by OneFootball Heads,sticker,2026-07-22T14:32:36+0000,1784730756,3681
2026-08-10,y4clWEz09eNed1WsX8,Football England Sticker by OneFootball Heads,sticker,2026-07-22T14:32:23+0000,1784730743,4449
2026-08-10,x1wUUVLTWSgjb61Drl,Harry Kane Football Sticker by OneFootball Heads,sticker,2026-07-22T14:32:12+0000,1784730732,2872
2026-08-10,TgzPQznnOCOG8NIE5T,Harry Kane Football Sticker by OneFootball Heads,sticker,2026-07-22T14:31:59+0000,1784730719,3728
2026-08-10,Dv4oKPwiykQqHhZr1W,Football England Sticker by OneFootball Heads,sticker,2026-07-22T14:31:46+0000,1784730706,10534
2026-08-10,IMNgh51iJQHDWSoMm2,Football England Sticker by OneFootball Heads,sticker,2026-07-22T14:31:31+0000,1784730691,8370
2026-08-10,ocQq23oTR3xieuMKVv,Football England Sticker by OneFootball Heads,sticker,2026-07-22T14:31:18+0000,1784730678,4123
2026-08-10,1djpUfuj1q5zamopKb,Football England Sticker by OneFootball Heads,sticker,2026-07-22T14:31:06+0000,1784730666,2005
2026-08-10,5BgFFHb09dESx7zqli,Football England Sticker by OneFootball Heads,sticker,2026-07-22T14:30:55+0000,1784730655,2040
2026-08-10,2gXb2GoR2fu58PIHhV,Football England Sticker by OneFootball Heads,sticker,2026-07-22T14:30:39+0000,1784730639,4537
2026-08-10,QBNF6zlAHH46DTIM8A,Football England Sticker by OneFootball Heads,sticker,2026-07-22T14:30:26+0000,1784730626,13763
2026-08-10,ETRiqfIqLgrKzy4eOO,Football England Sticker by OneFootball Heads,sticker,2026-07-22T14:30:12+0000,1784730612,647
2026-08-10,VV5t8tfDi28sKVeaOj,Football England Sticker by OneFootball Heads,sticker,2026-07-22T14:29:59+0000,1784730599,1750
2026-08-10,WMsLuEcsJ8txlZ5Oh3,Football England Sticker by OneFootball Heads,sticker,2026-07-22T14:29:45+0000,1784730585,25556
2026-08-10,9joM0t278fxmxw63iM,Mohamed Salah Football Sticker by OneFootball Heads,sticker,2026-07-22T14:29:33+0000,1784730573,15462
2026-08-10,LLJZa29zWpqjzrVNHB,Mohamed Salah Football Sticker by OneFootball Heads,sticker,2026-07-22T14:29:20+0000,1784730560,14957
2026-08-10,6KAGK2RnpkpBJCM8pW,Luka Modric Football Sticker by OneFootball Heads,sticker,2026-07-22T14:29:07+0000,1784730547,5186
2026-08-10,JfYHNaMLT2Our6QZoh,Luka Modric Football Sticker by OneFootball Heads,sticker,2026-07-22T14:28:53+0000,1784730533,4661
2026-08-10,8hx8uoZR5mx3pAnEre,Luis Diaz Football Sticker by OneFootball Heads,sticker,2026-07-22T14:28:36+0000,1784730516,4531
2026-08-10,uRu8dFMCWLKNRlMCmu,Luis Diaz Football Sticker by OneFootball Heads,sticker,2026-07-22T14:28:24+0000,1784730504,4978
2026-08-10,pIQoynVdXIZshkdd9a,Alphonso Davies Football Sticker by OneFootball Heads,sticker,2026-07-22T14:28:08+0000,1784730488,6748
2026-08-10,hJHziY8ehiG4m6HxSV,Alphonso Davies Football Sticker by OneFootball Heads,sticker,2026-07-22T14:27:56+0000,1784730476,7304
2026-08-10,yzc7OYyffaFr1W6Jml,Vinicius Junior Football Sticker by OneFootball Heads,sticker,2026-07-22T14:27:43+0000,1784730463,24374
2026-08-10,fuMmIN2aYzUIYpaWyv,Vinicius Junior Football Sticker by OneFootball Heads,sticker,2026-07-22T14:27:28+0000,1784730448,34649
2026-08-10,NzvXgZXYLnsZBmsdg8,Football Brazil Sticker by OneFootball Heads,sticker,2026-07-22T14:27:14+0000,1784730434,6072
2026-08-10,LhW6KP4Nar6HsqGuKf,Football Brazil Sticker by OneFootball Heads,sticker,2026-07-22T14:27:02+0000,1784730422,6524
2026-08-10,Obpk3J2ge7JTNHLlsG,Alisson Becker Football Sticker by OneFootball Heads,sticker,2026-07-22T14:26:49+0000,1784730409,6115
2026-08-10,j5tlCfRuJaEYe1m3nq,Alisson Becker Football Sticker by OneFootball Heads,sticker,2026-07-22T14:26:36+0000,1784730396,25907
2026-08-10,H1bTEEl6lDeQC55aJ7,Football Belgium Sticker by OneFootball Heads,sticker,2026-07-22T14:26:22+0000,1784730382,8668
2026-08-10,Fk1G76mvlTOS0YUZ5A,Football Belgium Sticker by OneFootball Heads,sticker,2026-07-22T14:26:08+0000,1784730368,10243
2026-08-10,l1mRHDgvYzHZVRI4M0,Lionel Messi Football Sticker by OneFootball Heads,sticker,2026-07-22T14:25:52+0000,1784730352,8036
2026-08-10,0DWKPIIDI9sWSoKa5F,Lionel Messi Football Sticker by OneFootball Heads,sticker,2026-07-22T14:25:38+0000,1784730338,11155
2026-08-10,eRX5a3BHg4ezXw0UCh,Football Argentina Sticker by OneFootball Heads,sticker,2026-07-22T14:25:23+0000,1784730323,8345
2026-08-10,2ltRBrU98eB6SOCvlL,Football Argentina Sticker by OneFootball Heads,sticker,2026-07-22T14:25:11+0000,1784730311,9501
2026-08-10,9LjH7SfiKocKcE5PJv,Sad End Of Summer Sticker by OneFootball Heads,sticker,2026-07-22T14:02:52+0000,1784728972,25581
2026-08-10,gzUNmzVfGkKdMxyHrF,Real Madrid Football Sticker by OneFootball Heads,sticker,2026-07-22T14:02:38+0000,1784728958,14328
2026-08-10,zx3ayFaNycGyE1nZ01,La Roja Celebration Sticker by OneFootball Heads,sticker,2026-07-22T14:01:56+0000,1784728916,12300
2026-08-10,cltZFv7xOOVgJUOrOP,La Roja Celebration Sticker by OneFootball Heads,sticker,2026-07-22T14:01:42+0000,1784728902,10454
2026-08-10,mSUqzqKJXnQJGn8E0u,Tired Coffee Sticker by OneFootball Heads,sticker,2026-07-22T14:01:29+0000,1784728889,2584
2026-08-10,Wn5z9un3Nv5gIepz38,Tired Coffee Sticker by OneFootball Heads,sticker,2026-07-22T14:01:14+0000,1784728874,1167
2026-08-10,UeWsyojUXHXZZbB2bZ,Lets Go Football Sticker by OneFootball Heads,sticker,2026-07-22T14:01:02+0000,1784728862,1208
2026-08-10,4kS6IZ8afwMArzMNt3,Lets Go Football Sticker by OneFootball Heads,sticker,2026-07-22T14:00:45+0000,1784728845,882
2026-08-10,6C8dDrMGIFZ1kV0kIc,Labor Day Chill Sticker by OneFootball Heads,sticker,2026-07-22T14:00:31+0000,1784728831,20797
2026-08-10,6RL11R4fio6tTZS5B3,Labor Day Chill Sticker by OneFootball Heads,sticker,2026-07-22T14:00:14+0000,1784728814,9813
2026-08-10,kAT28QxsTzw2o9sGe3,Excited Here We Go Sticker by OneFootball Heads,sticker,2026-07-22T13:59:59+0000,1784728799,38629
2026-08-10,uZzDdw53yMluV0UWVF,Excited Here We Go Sticker by OneFootball Heads,sticker,2026-07-22T13:59:46+0000,1784728786,18142
2026-08-10,L6nYUwRlB4locGnAhT,Sad End Of Summer Sticker by OneFootball Heads,sticker,2026-07-22T13:59:34+0000,1784728774,25245
2026-08-10,f2A4QbhaMnmCOac22T,Tired Back To School Sticker by OneFootball Heads,sticker,2026-07-22T13:58:26+0000,1784728706,1738
2026-08-10,ujzbmxCome2mkPrd2s,Tired Back To School Sticker by OneFootball Heads,sticker,2026-07-22T13:58:11+0000,1784728691,1756
2026-08-10,PElQbTO025s7BK5sIP,Meditation Norway Sticker by OneFootball Heads,sticker,2026-07-22T13:57:56+0000,1784728676,99215
2026-08-10,BP9MV9M2iTOdPP2szZ,France Football Sticker by OneFootball Heads,sticker,2026-07-22T13:57:44+0000,1784728664,4120
2026-08-10,sUB4mT5lYLiasBJttS,France Football Sticker by OneFootball Heads,sticker,2026-07-22T13:57:28+0000,1784728648,3847
2026-08-10,85pJRIDsWcRCRBKFhd,Happy Birthday Football Sticker by OneFootball Heads,sticker,2026-07-22T13:57:15+0000,1784728635,5016
2026-08-10,rShS2A9N2fJxhddR73,Happy Birthday Football Sticker by OneFootball Heads,sticker,2026-07-22T13:57:01+0000,1784728621,6219
2026-08-10,v4mRkaIx4POC0DHgUM,Unveiling La Liga Sticker by OneFootball Heads,sticker,2026-07-22T13:56:49+0000,1784728609,8091
2026-08-10,64biIPpOpL0RUNkvRQ,Unveiling La Liga Sticker by OneFootball Heads,sticker,2026-07-22T13:56:34+0000,1784728594,7758
2026-08-10,E0xJwLqR8naax696nQ,Real Madrid Football Sticker by OneFootball Heads,sticker,2026-07-22T13:56:19+0000,1784728579,19677
2026-08-10,ju4JqzNVQrJQULIrQQ,Leo Messi Football Sticker by OneFootball Heads,sticker,2026-07-22T13:55:14+0000,1784728514,10777
2026-08-10,g9LibgOagcZAvPML8w,Leo Messi Football Sticker by OneFootball Heads,sticker,2026-07-22T13:54:59+0000,1784728499,8539
2026-08-10,h3LXEuX6X5Oyq34byu,Football Chill Sticker by OneFootball Heads,sticker,2026-07-22T13:35:09+0000,1784727309,5697
2026-08-10,y9JLObWA6FDyT60nRE,Football Chill Sticker by OneFootball Heads,sticker,2026-07-22T12:51:36+0000,1784724696,4677
2026-08-10,31xRGdGEGzR7zqVT8M,Labor Day Football GIF by OneFootball Heads,gif,2026-07-22T12:32:39+0000,1784723559,24726
2026-08-10,iINaib9YcAXeTPjjZE,Labor Day Football GIF by OneFootball Heads,gif,2026-07-22T12:31:21+0000,1784723481,25887
2026-08-10,KDKNDBHabbk60REZnB,Sad End Of Summer GIF by OneFootball Heads,gif,2026-07-22T12:31:09+0000,1784723469,12059
2026-08-10,O0dGSqMpJcA3Jk5tmZ,Sad End Of Summer GIF by OneFootball Heads,gif,2026-07-22T12:30:59+0000,1784723459,23840
2026-08-10,Lx8INvzlMMlQ8bQNbo,Tired Football GIF by OneFootball Heads,gif,2026-07-22T12:30:45+0000,1784723445,2574
2026-08-10,BUkQuFqMIKmPbzBBH6,Tired Football GIF by OneFootball Heads,gif,2026-07-22T12:30:33+0000,1784723433,7068
2026-08-10,C932EjtWrmuYbX5KYd,Tired Back To School GIF by OneFootball Heads,gif,2026-07-22T12:30:17+0000,1784723417,5190
2026-08-10,FE082NASfhS5hGoRfm,Tired Back To School GIF by OneFootball Heads,gif,2026-07-22T12:30:01+0000,1784723401,2476
2026-08-10,9ReJWTZDpvch3KYppQ,France Football GIF by OneFootball Heads,gif,2026-07-22T12:29:49+0000,1784723389,27816
2026-08-10,KGTieGwsFTzfKxi73d,France Football GIF by OneFootball Heads,gif,2026-07-22T12:29:34+0000,1784723374,19412
2026-08-10,dfwpUHP88TTodHV7xY,Premier League Football GIF by OneFootball Heads,gif,2026-07-22T12:29:16+0000,1784723356,16597
2026-08-10,kkILXGQSJTp4z0TXb7,Premier League Football GIF by OneFootball Heads,gif,2026-07-22T12:29:05+0000,1784723345,34895
2026-08-10,4p4coQ86ez7Ru85vou,Real Madrid Football GIF by OneFootball Heads,gif,2026-07-22T12:28:44+0000,1784723324,7212
2026-08-10,XHhUoP1JW91SPS6GbT,Real Madrid Football GIF by OneFootball Heads,gif,2026-07-22T12:28:31+0000,1784723311,6987
2026-08-10,s0qV5J5dP5lzZkpC1r,Unveiling English GIF by OneFootball Heads,gif,2026-07-22T12:28:20+0000,1784723300,10530
2026-08-10,A5psYAq3PRYT26n0j8,Unveiling English GIF by OneFootball Heads,gif,2026-07-22T12:28:05+0000,1784723285,61948
2026-08-10,rFFMgUw7o0MdXN0Lcv,Spanish Football GIF by OneFootball Heads,gif,2026-07-22T12:27:45+0000,1784723265,4486
2026-08-10,kkOBICGZgUnawZm7If,Spanish Football GIF by OneFootball Heads,gif,2026-07-22T12:27:29+0000,1784723249,6599
2026-08-10,TGQHtxrjS5GuOOdx5W,La Albiceleste Football GIF by OneFootball Heads,gif,2026-07-22T12:27:19+0000,1784723239,3573
2026-08-10,lckVXkNU5pajkTH2Y4,La Albiceleste Football GIF by OneFootball Heads,gif,2026-07-22T12:27:05+0000,1784723225,4516
2026-08-10,vIo7Jz8nfzb8krTpw1,Lets Go Football GIF by OneFootball Heads,gif,2026-07-22T12:26:49+0000,1784723209,2566
2026-08-10,G0FL2jcpanSQMex6pQ,Lets Go Football GIF by OneFootball Heads,gif,2026-07-22T12:26:34+0000,1784723194,15878
2026-08-10,ZmQW2HIzjSKv4646wY,Excited Here We Go GIF by OneFootball Heads,gif,2026-07-22T12:26:21+0000,1784723181,15727
2026-08-10,ADV5RUY8deNWvKXmg9,Excited Here We Go GIF by OneFootball Heads,gif,2026-07-22T12:26:02+0000,1784723162,20891
2026-08-10,20LOqJQZdFCTJzrMA9,Happy Birthday Football GIF by OneFootball Heads,gif,2026-07-22T12:25:48+0000,1784723148,19474
2026-08-10,FGnXiLnpzUXJ27Y8jD,Happy Birthday Football GIF by OneFootball Heads,gif,2026-07-22T12:25:33+0000,1784723133,38451
2026-08-10,N4Aef2XhTGp692NZx7,World Cup Football GIF by OneFootball Heads,gif,2026-07-06T16:44:20+0000,1783356260,48507
2026-08-10,zkn7BLV7uUc5Orkzzr,Happy Football GIF by OneFootball Heads,gif,2026-07-06T16:44:16+0000,1783356256,30713
2026-08-10,UPnKAxvJFJWIJn1NNK,Happy Football GIF by OneFootball Heads,gif,2026-07-06T16:44:11+0000,1783356251,15330
2026-08-10,CKVjlqUmBZdyT7d3W7,World Cup Football GIF by OneFootball Heads,gif,2026-07-06T16:44:00+0000,1783356240,43997
2026-08-10,go703FNMkaozEq7tqJ,World Cup Football GIF by OneFootball Heads,gif,2026-07-06T16:43:55+0000,1783356235,65201
2026-08-10,x61sB9WoV0TIwRSfsR,World Cup Football GIF by OneFootball Heads,gif,2026-07-05T10:20:52+0000,1783246852,8512
2026-08-10,pfDwG4T0vC4IxqS2eN,World Cup Football GIF by OneFootball Heads,gif,2026-07-05T10:20:45+0000,1783246845,11511
2026-08-10,1YIOwyDs2IK6MPvs3f,World Cup Football GIF by OneFootball Heads,gif,2026-07-05T10:20:35+0000,1783246835,9332
2026-08-10,U4iDELyXogCfzk2SPc,World Cup Football GIF by OneFootball Heads,gif,2026-07-05T10:20:29+0000,1783246829,26086
2026-08-10,NzJ2mFSbkzVkj29CYP,World Cup Football GIF by OneFootball Heads,gif,2026-07-05T10:20:22+0000,1783246822,5880
2026-08-10,xW6AwwdTobQgDZ3nAU,World Cup Football GIF by OneFootball Heads,gif,2026-07-05T10:20:15+0000,1783246815,10349
2026-08-10,Pd6VbhzYBpVXqj1D2b,World Cup Football GIF by OneFootball Heads,gif,2026-07-05T10:20:03+0000,1783246803,10200
2026-08-10,bOLdbJxTL32fzUfQ79,Germany Football GIF by OneFootball Heads,gif,2026-07-05T10:19:57+0000,1783246797,12360
2026-08-10,7HLrdcksEhIrZa9Zir,Germany Football GIF by OneFootball Heads,gif,2026-07-05T10:19:50+0000,1783246790,8255
2026-08-10,uKuw4epL1KjAqERkXv,Germany Football GIF by OneFootball Heads,gif,2026-07-05T10:19:44+0000,1783246784,4
2026-08-10,0LBI2fJsWSO88UZip6,World Cup Football GIF by OneFootball Heads,gif,2026-07-05T10:19:38+0000,1783246778,178864
2026-08-10,zysC5B66n65evvIv2j,World Cup Football GIF by OneFootball Heads,gif,2026-07-05T10:19:32+0000,1783246772,12284
2026-08-10,WDTFmWErrBo9vvuMJ5,World Cup Football GIF by OneFootball Heads,gif,2026-07-05T10:19:24+0000,1783246764,50178
2026-08-10,KksuC9fn8zo5RlERgg,World Cup Football GIF by OneFootball Heads,gif,2026-07-05T10:19:17+0000,1783246757,11247
2026-08-10,1gsEMwwsNPO36OxOQK,World Cup Football GIF by OneFootball Heads,gif,2026-07-05T10:19:09+0000,1783246749,17529
2026-08-10,kCbiTm717MlCNnAxeU,France Football GIF by OneFootball Heads,gif,2026-07-05T10:19:02+0000,1783246742,34812
2026-08-10,b7B608uSFXLuR9yWYH,France Football GIF by OneFootball Heads,gif,2026-07-05T10:18:56+0000,1783246736,48219
2026-08-10,4bXiLL05WASnteKd7V,France Football GIF by OneFootball Heads,gif,2026-07-05T10:18:48+0000,1783246728,28970
2026-08-10,FxFgVET0GLKFojvrla,France Football GIF by OneFootball Heads,gif,2026-07-05T10:18:41+0000,1783246721,23013
2026-08-10,5050Byd8dZiD8S7OQo,World Cup Football GIF by OneFootball Heads,gif,2026-07-05T10:18:35+0000,1783246715,26231
2026-08-10,uZCGmkB8j9Y2LrKCgC,World Cup Football GIF by OneFootball Heads,gif,2026-07-05T10:18:30+0000,1783246710,129210
2026-08-10,YEzgbuQKP7ilTDmGni,World Cup Football GIF by OneFootball Heads,gif,2026-07-05T10:18:22+0000,1783246702,10138
2026-08-10,31mHgJnJUAJXIB62kJ,World Cup Football GIF by OneFootball Heads,gif,2026-07-05T10:18:14+0000,1783246694,21081
2026-08-10,V2iTAiTz1UENEuooXW,World Cup Football GIF by OneFootball Heads,gif,2026-07-05T10:18:06+0000,1783246686,38270
2026-08-10,6JNI1PXys4vMII0f9A,World Cup Football GIF by OneFootball Heads,gif,2026-07-05T10:17:57+0000,1783246677,70287
2026-08-10,U0K68elO5NOob4q372,World Cup Football GIF by OneFootball Heads,gif,2026-07-05T10:17:49+0000,1783246669,21317
2026-08-10,A1yl317Qn9BkRcNDyq,Germany Football GIF by OneFootball Heads,gif,2026-07-05T10:17:34+0000,1783246654,9359
2026-08-10,UxIqUYwwUampJ8DTtS,World Cup Football GIF by OneFootball Heads,gif,2026-07-05T10:17:26+0000,1783246646,23069
2026-08-10,ifOOtGdoahRmSdfh4k,Germany Football GIF by OneFootball Heads,gif,2026-07-05T10:17:19+0000,1783246639,18206
2026-08-10,kqkgYGr6YOULDs5Fcn,World Cup Shrug GIF by OneFootball Heads,gif,2026-07-05T10:17:12+0000,1783246632,7575
2026-08-10,RHu5cVwkEKODGJMFhD,World Cup Football GIF by OneFootball Heads,gif,2026-07-05T10:17:05+0000,1783246625,24084
2026-08-10,imjTWu6Vx9k0QJwpv4,World Cup Football GIF by OneFootball Heads,gif,2026-07-05T10:16:58+0000,1783246618,336481
2026-08-10,JdCL1IXkf3ObMe1SIJ,World Cup Football GIF by OneFootball Heads,gif,2026-07-05T10:16:51+0000,1783246611,14020
2026-08-10,jJjpM5aG60awjoTpKb,World Cup Football GIF by OneFootball Heads,gif,2026-07-05T10:16:44+0000,1783246604,67821
2026-08-10,bnqEjEUGGVrwEqWNJ0,World Cup Football GIF by OneFootball Heads,gif,2026-07-05T10:16:36+0000,1783246596,38374
2026-08-10,KyUIjPQuLolO6vfaFD,World Cup Football GIF by OneFootball Heads,gif,2026-07-05T10:16:30+0000,1783246590,44741
2026-08-10,rqRCINmIhqekY7cxwt,World Cup Football GIF by OneFootball Heads,gif,2026-07-05T10:16:13+0000,1783246573,37374
2026-08-10,GxQiKyAy9kzwWgAClZ,World Cup Football GIF by OneFootball Heads,gif,2026-07-05T10:16:06+0000,1783246566,21316
2026-08-10,e0tqAwofWcxXx9iIN2,World Cup Football GIF by OneFootball Heads,gif,2026-07-05T10:15:58+0000,1783246558,30117
2026-08-10,jCb2I9TIDuTGehdSHx,World Cup Football GIF by OneFootball Heads,gif,2026-07-05T10:15:50+0000,1783246550,11332
2026-08-10,ybF46HrsLDFuMrg0NO,France Football GIF by OneFootball Heads,gif,2026-07-05T10:15:42+0000,1783246542,21754
2026-08-10,fFcZ7GbvG7949eU5xg,World Cup Football GIF by OneFootball Heads,gif,2026-07-05T10:15:36+0000,1783246536,35832
2026-08-10,hPd95ZhVUZRpaqfS71,World Cup Football GIF by OneFootball Heads,gif,2026-07-05T10:15:29+0000,1783246529,16004
2026-08-10,RwHdKDHMgbReieccJ4,World Cup Football GIF by OneFootball Heads,gif,2026-07-05T10:15:22+0000,1783246522,15269
2026-08-10,YhWN4jrl9saWCBtYVs,World Cup Football GIF by OneFootball Heads,gif,2026-07-05T10:15:14+0000,1783246514,12668
2026-08-10,BKBmjqo7OhXyBwjnJ1,World Cup Football GIF by OneFootball Heads,gif,2026-07-05T10:15:03+0000,1783246503,20597
2026-08-10,2OZgYoYD7xUPQjGmsl,World Cup Football GIF by OneFootball Heads,gif,2026-07-05T10:14:57+0000,1783246497,19872
2026-08-10,FrixhPI7XEfr3wS5yp,World Cup Football GIF by OneFootball Heads,gif,2026-07-05T10:14:51+0000,1783246491,6580
2026-08-10,mp4uQj1yhchE0FJb19,World Cup Football GIF by OneFootball Heads,gif,2026-07-05T10:14:44+0000,1783246484,73100
2026-08-10,WHFiPP52PG9th1XmMP,World Cup Football GIF by OneFootball Heads,gif,2026-07-05T10:14:36+0000,1783246476,12073
2026-08-10,zC1NmByT5WMiTaMHQS,Germany Football GIF by OneFootball Heads,gif,2026-07-05T10:14:29+0000,1783246469,35727
2026-08-10,dszvmLR6BjdJ3cN3B5,Germany Football GIF by OneFootball Heads,gif,2026-07-05T10:14:23+0000,1783246463,40510
2026-08-10,iRowpDxl0o0Qs0f422,Germany Football GIF by OneFootball Heads,gif,2026-07-05T10:14:18+0000,1783246458,17400
2026-08-10,DvT1BeIHu3ChyybxkR,World Cup Football GIF by OneFootball Heads,gif,2026-07-05T10:14:12+0000,1783246452,45220
2026-08-10,UzKPSpSLYsY3sTLQ7e,World Cup Football GIF by OneFootball Heads,gif,2026-07-05T10:14:03+0000,1783246443,29320
2026-08-10,iVj1jzisyn9qoy0HwT,World Cup Football GIF by OneFootball Heads,gif,2026-07-05T10:13:54+0000,1783246434,35178
2026-08-10,MSUZpSsPXDiTRUuHTL,World Cup Football GIF by OneFootball Heads,gif,2026-07-05T10:13:45+0000,1783246425,11991
2026-08-10,k8u0YOIFdyRsTb950U,World Cup Football GIF by OneFootball Heads,gif,2026-07-05T10:13:38+0000,1783246418,12112
2026-08-10,LcCD3TkQe4SJroMYz5,France Football GIF by OneFootball Heads,gif,2026-07-05T10:13:30+0000,1783246410,22579
2026-08-10,lJGL45KeCLzPSaUgTV,France Football GIF by OneFootball Heads,gif,2026-07-05T10:13:25+0000,1783246405,35445
2026-08-10,X29WgAKGLutorgO69Y,France Football GIF by OneFootball Heads,gif,2026-07-05T10:13:18+0000,1783246398,22474
2026-08-10,6DHkm44QfaRU4jjkTd,France Football GIF by OneFootball Heads,gif,2026-07-05T10:13:11+0000,1783246391,25854
2026-08-10,jQgLlzy0ZT54ZCBLTt,World Cup Football GIF by OneFootball Heads,gif,2026-07-05T10:13:04+0000,1783246384,34562
2026-08-10,nohvpMrEwXy468gDFR,World Cup Football GIF by OneFootball Heads,gif,2026-07-05T10:12:59+0000,1783246379,165832
2026-08-10,5IVmTwSUBkM26gnwiT,World Cup Football GIF by OneFootball Heads,gif,2026-07-05T10:12:51+0000,1783246371,89928
2026-08-10,XPN3II0GRNvYBEbxqs,World Cup Football GIF by OneFootball Heads,gif,2026-07-05T10:12:44+0000,1783246364,34574
2026-08-10,9x7iTJfqgFQMCs0cvY,World Cup Football GIF by OneFootball Heads,gif,2026-07-05T10:12:38+0000,1783246358,43118
2026-08-10,kQRBgO3pn3vEnFTgXa,World Cup Football GIF by OneFootball Heads,gif,2026-07-05T10:12:31+0000,1783246351,64059
2026-08-10,0r0YUGcSj97ueZws1I,World Cup Football GIF by OneFootball Heads,gif,2026-07-05T10:12:24+0000,1783246344,21348
2026-08-10,bzs9ftqVS6wCqrRuWx,Germany Football GIF by OneFootball Heads,gif,2026-07-05T10:12:13+0000,1783246333,68361
2026-08-10,cR1Bnk7j1OAqINYtOY,World Cup Football GIF by OneFootball Heads,gif,2026-07-05T10:12:01+0000,1783246321,16431
2026-08-10,9L7p0XupqB44TIXms9,Germany Football GIF by OneFootball Heads,gif,2026-07-05T10:11:54+0000,1783246314,27164
2026-08-10,4Z5Et8yinfeZ1jfuJF,World Cup Shrug GIF by OneFootball Heads,gif,2026-07-05T10:11:43+0000,1783246303,17197
2026-08-10,hRRHZWBCM1iGz8W69i,World Cup Football GIF by OneFootball Heads,gif,2026-07-05T10:11:29+0000,1783246289,132143
2026-08-10,cZYcjyCHHn2mk1ikmK,World Cup Football GIF by OneFootball Heads,gif,2026-07-05T10:11:22+0000,1783246282,16304
2026-08-10,toz148aIki3hNi79mi,World Cup Football GIF by OneFootball Heads,gif,2026-07-05T10:11:15+0000,1783246275,32493
2026-08-10,saM8smyVfRy2WxXNf3,World Cup Football GIF by OneFootball Heads,gif,2026-07-05T10:11:06+0000,1783246266,50865
2026-08-10,sN3d7kXdPbvjlidiJz,World Cup Football GIF by OneFootball Heads,gif,2026-07-05T10:11:00+0000,1783246260,23024
2026-08-10,S8nncQt2T539fDIA0b,World Cup Football GIF by OneFootball Heads,gif,2026-07-05T10:10:40+0000,1783246240,30282
2026-08-10,2fhhHvDo2dUJMgJFW6,World Cup Football GIF by OneFootball Heads,gif,2026-07-05T10:10:32+0000,1783246232,9169
2026-08-10,cxkFjp3QZGzSh1Iyxz,World Cup Football GIF by OneFootball Heads,gif,2026-07-05T10:10:26+0000,1783246226,25179
2026-08-10,kc5sCk8smIzR9bEVmq,World Cup Football GIF by OneFootball Heads,gif,2026-07-05T10:10:19+0000,1783246219,31650
2026-08-10,syTxsyJjCeublic7d4,France Football GIF by OneFootball Heads,gif,2026-07-05T10:10:12+0000,1783246212,29383
2026-08-10,1yWBEir2xnNtXtsIt9,World Cup Football GIF by OneFootball Heads,gif,2026-07-05T10:10:04+0000,1783246204,84502
2026-08-10,6a3eNd7DeaD1dk11hn,World Cup Football GIF by OneFootball Heads,gif,2026-07-05T10:09:57+0000,1783246197,30211
2026-08-10,eSfJodS0foTOVqrBg1,6 7 Football GIF by OneFootball Heads,gif,2026-06-18T16:43:59+0000,1781801039,16788
2026-08-10,cpWDzbkGXinjazXAsQ,6 7 Football GIF by OneFootball Heads,gif,2026-06-18T16:43:55+0000,1781801035,20041
2026-08-10,JbyrV7bzRuZeOpzb30,World Cup Football GIF by OneFootball Heads,gif,2026-06-18T16:15:03+0000,1781799303,22986
2026-08-10,Do7K8nCJQrwf7gsrRm,World Cup Football GIF by OneFootball Heads,gif,2026-06-18T16:14:56+0000,1781799296,29384
2026-08-10,d07pfKl4LYFx9eOGnG,World Cup Football GIF by OneFootball Heads,gif,2026-06-18T16:14:50+0000,1781799290,37689
2026-08-10,iUmxhJqvJmf1ytmdok,World Cup Football GIF by OneFootball Heads,gif,2026-06-18T16:14:44+0000,1781799284,255668
2026-08-10,65WZEH3DbzTOskjZ9F,World Cup Football GIF by OneFootball Heads,gif,2026-06-18T16:14:38+0000,1781799278,29733
2026-08-10,NU5arjj8ut7RpNelJ9,World Cup Football GIF by OneFootball Heads,gif,2026-06-18T16:14:32+0000,1781799272,68009
2026-08-10,PdVb9g4MVTNgQ2OL26,World Cup Football GIF by OneFootball Heads,gif,2026-06-18T16:14:27+0000,1781799267,43978
2026-08-10,BAvIhFpn2zXzDlaAKV,World Cup Football GIF by OneFootball Heads,gif,2026-06-18T16:14:21+0000,1781799261,75187
2026-08-10,0citpjho00ObF3pMEm,World Cup Football GIF by OneFootball Heads,gif,2026-06-18T16:14:16+0000,1781799256,34038
2026-08-10,QTRlMVKXeT15fGVLbk,World Cup Football GIF by OneFootball Heads,gif,2026-06-18T16:14:10+0000,1781799250,55691
2026-08-10,VOuTYkX8OhXjetxwQ5,World Cup Football GIF by OneFootball Heads,gif,2026-06-18T16:14:01+0000,1781799241,9511
2026-08-10,ioikNOK6094SPdG2gY,World Cup Football GIF by OneFootball Heads,gif,2026-06-18T16:13:55+0000,1781799235,14513
2026-08-10,UHX8Z1xxM7q95ifvMN,World Cup Football GIF by OneFootball Heads,gif,2026-06-18T16:13:49+0000,1781799229,14625
2026-08-10,0iqkjAyJgiCpPLy3Fq,World Cup Football GIF by OneFootball Heads,gif,2026-06-18T16:13:44+0000,1781799224,8825
2026-08-10,RZrRtVNSxivmiqc4ms,World Cup Football GIF by OneFootball Heads,gif,2026-06-18T16:13:38+0000,1781799218,17555
2026-08-10,51xCLRv58gqjYM63YV,World Cup Football GIF by OneFootball Heads,gif,2026-06-18T16:13:32+0000,1781799212,46782
2026-08-10,IbdIiqy5nHTtHJKeuA,World Cup Football GIF by OneFootball Heads,gif,2026-06-18T16:13:26+0000,1781799206,36197
2026-08-10,lUrvU5C0ui1UixvK9l,World Cup Football GIF by OneFootball Heads,gif,2026-06-18T16:13:20+0000,1781799200,35095
2026-08-10,kfjRVgBKSfpje8yaL1,World Cup Football GIF by OneFootball Heads,gif,2026-06-18T16:13:14+0000,1781799194,40138
2026-08-10,8HsLMUNvbQnVzLWcty,World Cup Football GIF by OneFootball Heads,gif,2026-06-18T16:13:08+0000,1781799188,48253
2026-08-10,4iC6WmsVhfZAeGj178,World Cup Football GIF by OneFootball Heads,gif,2026-06-18T16:13:02+0000,1781799182,17771
2026-08-10,oU1Fo2c50feGpaWwDh,World Cup Football GIF by OneFootball Heads,gif,2026-06-18T16:12:55+0000,1781799175,15057
2026-08-10,GW5HlgHeRXwbcIRTAO,World Cup Football GIF by OneFootball Heads,gif,2026-06-18T16:12:48+0000,1781799168,15814
2026-08-10,j4tl0BRFWySCPi8I98,World Cup Football GIF by OneFootball Heads,gif,2026-06-18T16:12:41+0000,1781799161,17429
2026-08-10,Z9OWqReW3I4Jr4MEdB,World Cup Football GIF by OneFootball Heads,gif,2026-06-18T16:12:35+0000,1781799155,12084
2026-08-10,P2dP3D2kAzqcRPPaWr,World Cup Football GIF by OneFootball Heads,gif,2026-06-18T16:12:26+0000,1781799146,8984
2026-08-10,xjLbBByLJ19X487OlI,World Cup Football GIF by OneFootball Heads,gif,2026-06-18T16:12:20+0000,1781799140,16393
2026-08-10,MMQp5dVRWpDk5TKSk3,World Cup Football GIF by OneFootball Heads,gif,2026-06-18T16:12:06+0000,1781799126,11528
2026-08-10,hkJqI1Z2eMIZGjaLGr,World Cup Football GIF by OneFootball Heads,gif,2026-06-18T16:11:59+0000,1781799119,11799
2026-08-10,tFyjXDG8DdgV7jbV1B,World Cup Football GIF by OneFootball Heads,gif,2026-06-18T16:11:53+0000,1781799113,18122
2026-08-10,2jcJ3HFGUHkTyioaUT,World Cup Football GIF by OneFootball Heads,gif,2026-06-18T16:11:46+0000,1781799106,16531
2026-08-10,cIJp8Y1yZVnCzjXSjQ,World Cup Football GIF by OneFootball Heads,gif,2026-06-18T16:11:39+0000,1781799099,14867
2026-08-10,K53ka9tKBWvdlEmEiQ,World Cup Football GIF by OneFootball Heads,gif,2026-06-18T16:11:33+0000,1781799093,12973
2026-08-10,g1TgPevFB2j9fFhIUv,World Cup Football GIF by OneFootball Heads,gif,2026-06-18T16:11:27+0000,1781799087,10339
2026-08-10,KB4yS05ErAJldfsNj8,World Cup Football GIF by OneFootball Heads,gif,2026-06-18T16:11:21+0000,1781799081,29229
2026-08-10,1d6N0pb13wv2X6Qqhh,World Cup Football GIF by OneFootball Heads,gif,2026-06-18T16:11:14+0000,1781799074,30807
2026-08-10,pWYoNgRTTOcpQEGdh4,World Cup Football GIF by OneFootball Heads,gif,2026-06-18T16:11:08+0000,1781799068,19399
2026-08-10,G4bRYCUE94lLd7ftFC,World Cup Football GIF by OneFootball Heads,gif,2026-06-18T16:11:02+0000,1781799062,18084
2026-08-10,YeGuStp7fomlR6Gj8o,World Cup Football GIF by OneFootball Heads,gif,2026-06-18T16:10:55+0000,1781799055,34675
2026-08-10,HKNFJD7cAwpvlYa6p1,World Cup Football GIF by OneFootball Heads,gif,2026-06-18T16:10:49+0000,1781799049,11604
2026-08-10,qNokvWhj3oqF4D5q3D,World Cup Football GIF by OneFootball Heads,gif,2026-06-18T16:10:42+0000,1781799042,11119
2026-08-10,QozR1lmgh6PNPxiPDH,World Cup Football GIF by OneFootball Heads,gif,2026-06-18T16:10:36+0000,1781799036,9005
2026-08-10,F0x8UfLG8yOQPPRCj9,World Cup Football GIF by OneFootball Heads,gif,2026-06-18T16:10:28+0000,1781799028,8986
2026-08-10,xdfUlTMvx8p3k8Taet,World Cup Football GIF by OneFootball Heads,gif,2026-06-18T16:10:20+0000,1781799020,19963
2026-08-10,1qJHVFYH15SpmhSykp,Believe World Cup GIF by OneFootball Heads,gif,2026-06-18T16:10:14+0000,1781799014,35832
2026-08-10,nNlKQlqY4lK6qAxiQV,World Cup Football GIF by OneFootball Heads,gif,2026-06-18T16:10:03+0000,1781799003,114877
2026-08-10,nDLvxkW2XE2ZjcVKQR,World Cup Football GIF by OneFootball Heads,gif,2026-06-18T16:09:56+0000,1781798996,12235
2026-08-10,W04ps2Hb3KrzSRGeh6,World Cup Football GIF by OneFootball Heads,gif,2026-06-18T16:09:48+0000,1781798988,6824
2026-08-10,vgMxyT3D5Nf7YtgLEN,World Cup Football GIF by OneFootball Heads,gif,2026-06-18T14:34:01+0000,1781793241,15008
2026-08-10,NMa7tlk37iWeBOSmwr,World Cup Football GIF by OneFootball Heads,gif,2026-06-18T14:33:55+0000,1781793235,12779
2026-08-10,wyVRFz9fJaE5B8IZ2I,France Football GIF by OneFootball Heads,gif,2026-06-18T14:33:49+0000,1781793229,23240
2026-08-10,w59SdHiwZO84yaEl4U,World Cup Football GIF by OneFootball Heads,gif,2026-06-18T14:33:43+0000,1781793223,80595
2026-08-10,pxIwqllLtTqwkP3P7q,France Football GIF by OneFootball Heads,gif,2026-06-18T14:33:37+0000,1781793217,12592
2026-08-10,5DIPupkmxQqmITQtN1,World Cup Football GIF by OneFootball Heads,gif,2026-06-18T14:33:30+0000,1781793210,233789
2026-08-10,gmEnnJ3Cj1fBPirnyp,World Cup Football GIF by OneFootball Heads,gif,2026-06-18T14:33:25+0000,1781793205,99756
2026-08-10,nRd5z0hIeY7xQz1yai,World Cup Football GIF by OneFootball Heads,gif,2026-06-18T14:33:19+0000,1781793199,58274
2026-08-10,hLlrlSXRBLz2a3Fa9b,World Cup Football GIF by OneFootball Heads,gif,2026-06-18T14:33:12+0000,1781793192,19968
2026-08-10,VUJFF1jbhxVFyUtLTJ,World Cup Football GIF by OneFootball Heads,gif,2026-06-18T14:33:07+0000,1781793187,688440
2026-08-10,YIVMHeeUzrNYt7qSqJ,World Cup Football GIF by OneFootball Heads,gif,2026-06-18T14:33:01+0000,1781793181,47109
2026-08-10,0OVzKdoHvIwJL7RduN,World Cup Football GIF by OneFootball Heads,gif,2026-06-18T14:32:55+0000,1781793175,59229
2026-08-10,Ad00UhfBWCrf6iIraA,World Cup Football GIF by OneFootball Heads,gif,2026-06-18T14:32:49+0000,1781793169,17972
2026-08-10,YOy4wfZdVp39GaHWHa,World Cup Football GIF by OneFootball Heads,gif,2026-06-18T14:32:43+0000,1781793163,21817
2026-08-10,ysB7TRjZlCfK705Qsx,World Cup Football GIF by OneFootball Heads,gif,2026-06-18T14:32:37+0000,1781793157,15553
2026-08-10,oVgehCwEPrMbYJAeuH,France Football GIF by OneFootball Heads,gif,2026-06-18T14:32:30+0000,1781793150,27222
2026-08-10,XYiDNupHyw1MaXyFbY,World Cup Football GIF by OneFootball Heads,gif,2026-06-18T14:32:24+0000,1781793144,62916
2026-08-10,dRdbbodInaw9ngy2et,World Cup Football GIF by OneFootball Heads,gif,2026-06-18T14:32:18+0000,1781793138,32667
2026-08-10,kg26UxATxZow3AsKZZ,World Cup Football GIF by OneFootball Heads,gif,2026-06-18T14:32:12+0000,1781793132,214695
2026-08-10,lGjWSowFgfSI3Q7CuM,World Cup Football GIF by OneFootball Heads,gif,2026-06-18T14:32:01+0000,1781793121,163237
2026-08-10,VaSaGr35NjXb2lexto,World Cup Football GIF by OneFootball Heads,gif,2026-06-18T14:31:56+0000,1781793116,77405
2026-08-10,hftSnrV7jiNn6MkQk4,France Football GIF by OneFootball Heads,gif,2026-06-18T14:31:49+0000,1781793109,27114
2026-08-10,lo0xHsbZsqAXm3DxRm,France Football GIF by OneFootball Heads,gif,2026-06-18T14:31:43+0000,1781793103,11458
2026-08-10,pzLy6Kcx9jyVz05UxB,World Cup Football GIF by OneFootball Heads,gif,2026-06-18T14:31:30+0000,1781793090,18224
2026-08-10,TCYSBvF1McWeOViTdS,World Cup Football GIF by OneFootball Heads,gif,2026-06-18T14:31:23+0000,1781793083,250321
2026-08-10,LgaosMJFuBdaBg4Zqw,World Cup Football GIF by OneFootball Heads,gif,2026-06-18T14:31:18+0000,1781793078,15605
2026-08-10,UpPyFzWrRSSCDjWW5S,France Football GIF by OneFootball Heads,gif,2026-06-18T14:31:12+0000,1781793072,12847
2026-08-10,UiN6zWG0ArXRCn52L0,World Cup Football GIF by OneFootball Heads,gif,2026-06-18T14:31:05+0000,1781793065,17765
2026-08-10,pKUmbMGZ5eNwfcEOwB,World Cup Football GIF by OneFootball Heads,gif,2026-06-18T14:30:59+0000,1781793059,18971
2026-08-10,mnFrveFv1O0NCcXXRg,World Cup Football GIF by OneFootball Heads,gif,2026-06-18T14:30:52+0000,1781793052,57301
2026-08-10,5Cniu3sjAb3IHZD5Bh,World Cup Football GIF by OneFootball Heads,gif,2026-06-18T14:30:47+0000,1781793047,65754
2026-08-10,XB8mTbeXNfl7OIlAkt,World Cup Football GIF by OneFootball Heads,gif,2026-06-18T14:30:42+0000,1781793042,10750
2026-08-10,uYAAG52VMeqNbeKxrw,World Cup Football GIF by OneFootball Heads,gif,2026-06-18T14:30:36+0000,1781793036,18550
2026-08-10,4I8DiIUSUnnTBauMmF,World Cup Football GIF by OneFootball Heads,gif,2026-06-18T14:30:30+0000,1781793030,39723
2026-08-10,mYNEpIFkBXXyA3E2SJ,World Cup Football GIF by OneFootball Heads,gif,2026-06-18T14:30:24+0000,1781793024,103810
2026-08-10,pGYHslrw9ZTEMk9Sn2,World Cup Football GIF by OneFootball Heads,gif,2026-06-18T14:30:18+0000,1781793018,638693
2026-08-10,33ZJlVdrJfJqeZ8YAd,World Cup Football GIF by OneFootball Heads,gif,2026-06-18T14:30:12+0000,1781793012,97743
2026-08-10,RYjyZx74LQ511YUxgW,World Cup Football GIF by OneFootball Heads,gif,2026-06-18T14:30:06+0000,1781793006,63496
2026-08-10,HBz4ZFEBOWzRdBO70e,World Cup Football GIF by OneFootball Heads,gif,2026-06-18T14:30:00+0000,1781793000,1136390
2026-08-10,BEH8snVdAHDiqrRvhv,World Cup Football GIF by OneFootball Heads,gif,2026-06-18T14:29:54+0000,1781792994,27255
2026-08-10,O2iEG5r6EhWWPVCIMl,World Cup Football GIF by OneFootball Heads,gif,2026-06-18T14:29:49+0000,1781792989,119746
2026-08-10,A2z7pVURqwz3BlQdQp,World Cup Football GIF by OneFootball Heads,gif,2026-06-18T14:29:43+0000,1781792983,47563
2026-08-10,U2RkG4c7Vpaz9UnSuZ,World Cup Football GIF by OneFootball Heads,gif,2026-06-18T14:29:36+0000,1781792976,29384
2026-08-10,ApgAv4fFKYE5zQmdet,World Cup Football GIF by OneFootball Heads,gif,2026-06-18T14:29:30+0000,1781792970,14774
2026-08-10,c14InbFxtr5gAFCZfy,World Cup Football GIF by OneFootball Heads,gif,2026-06-18T14:29:24+0000,1781792964,23830
2026-08-10,qY5hBUyiQSBf79ntVr,France Football GIF by OneFootball Heads,gif,2026-06-18T14:29:18+0000,1781792958,11893
2026-08-10,V2cgY6r7FOSTkCgBS1,Germany Football GIF by OneFootball Heads,gif,2026-06-18T14:29:11+0000,1781792951,14210
2026-08-10,KcWVxQd0HvsbqguiXS,France Football GIF by OneFootball Heads,gif,2026-06-18T14:29:04+0000,1781792944,94062
2026-08-10,z2RmddzZET8w5zZtyb,World Cup Football GIF by OneFootball Heads,gif,2026-06-18T14:28:59+0000,1781792939,73524
2026-08-10,GMsykn2kFJhMIBPMb9,World Cup Football GIF by OneFootball Heads,gif,2026-06-18T14:28:53+0000,1781792933,25871
2026-08-10,U6zenm1kWFjycNTkdz,France Football GIF by OneFootball Heads,gif,2026-06-18T14:28:47+0000,1781792927,43375
2026-08-10,V65BD1iwdbErs5NDw7,World Cup Football GIF by OneFootball Heads,gif,2026-06-18T14:28:41+0000,1781792921,32624
2026-08-10,KR0ABF8z9pul0Xn1vj,World Cup Football GIF by OneFootball Heads,gif,2026-06-18T14:28:28+0000,1781792908,15327
2026-08-10,kmGi3ucTvgLv6pA7rE,World Cup Football GIF by OneFootball Heads,gif,2026-06-18T14:28:23+0000,1781792903,39086
2026-08-10,xQNauBqQ1WrqCAPuRE,World Cup Football GIF by OneFootball Heads,gif,2026-06-18T14:28:16+0000,1781792896,24355
2026-08-10,KlL7G6C1HWtdM3YHse,Germany Football GIF by OneFootball Heads,gif,2026-06-18T14:28:10+0000,1781792890,9629
2026-08-10,Jj6MUSSOBIS7iy4cHl,World Cup Football GIF by OneFootball Heads,gif,2026-06-18T14:28:04+0000,1781792884,50182
2026-08-10,o582qaiYg31UCY2MHB,World Cup Football GIF by OneFootball Heads,gif,2026-06-18T14:27:58+0000,1781792878,8890
2026-08-10,MVdhlDm19paYqtsMfF,Germany Football GIF by OneFootball Heads,gif,2026-06-18T14:27:52+0000,1781792872,11681
2026-08-10,M3DQRSj2ZR4BSXZMlX,World Cup Football GIF by OneFootball Heads,gif,2026-06-18T14:27:46+0000,1781792866,27685
2026-08-10,Fh1YBOMQy8ivv5QNzd,World Cup Football GIF by OneFootball Heads,gif,2026-06-18T14:27:41+0000,1781792861,17406
2026-08-10,1L3Mvo7LQ6VfgJJT6I,World Cup Football GIF by OneFootball Heads,gif,2026-06-18T14:27:35+0000,1781792855,127626
2026-08-10,FQaUqL5cxE07TVmEbM,World Cup Football GIF by OneFootball Heads,gif,2026-06-18T14:27:29+0000,1781792849,16680
2026-08-10,D41XyjutopurXno57q,World Cup Football GIF by OneFootball Heads,gif,2026-06-18T14:27:24+0000,1781792844,37994
2026-08-10,zIf83ye6vDhxzHKtUd,Germany Football GIF by OneFootball Heads,gif,2026-06-18T14:27:18+0000,1781792838,13328
2026-08-10,aow0lDW9gAStommdsS,World Cup Football GIF by OneFootball Heads,gif,2026-06-18T14:27:13+0000,1781792833,59685
2026-08-10,wulH1pzgOUFXQQNyor,World Cup Football GIF by OneFootball Heads,gif,2026-06-18T14:27:07+0000,1781792827,16094
2026-08-10,QQeMYCJmSK3CvnW69G,World Cup Football GIF by OneFootball Heads,gif,2026-06-18T14:27:01+0000,1781792821,24242
2026-08-10,UR5a8u78Xa7VdtyJIS,World Cup Football GIF by OneFootball Heads,gif,2026-06-18T14:26:56+0000,1781792816,36798
2026-08-10,9IwfTwulCPEiDADHzx,World Cup Football GIF by OneFootball Heads,gif,2026-06-18T14:26:49+0000,1781792809,49596
2026-08-10,29Z7C8nHD9ijZuMqTV,World Cup Football GIF by OneFootball Heads,gif,2026-06-18T14:26:43+0000,1781792803,61908
2026-08-10,7uuBgvGPs6E5EttML4,World Cup Football GIF by OneFootball Heads,gif,2026-06-18T14:26:37+0000,1781792797,13248
2026-08-10,4QXKOejCxZAOvUfjxZ,World Cup Football GIF by OneFootball Heads,gif,2026-06-18T14:26:30+0000,1781792790,57874
2026-08-10,p6hxl3FX2QtPN1eWsj,World Cup Football GIF by OneFootball Heads,gif,2026-06-18T14:26:24+0000,1781792784,164306
2026-08-10,HviuxhG9WFXzbBpjJe,World Cup Football GIF by OneFootball Heads,gif,2026-06-18T14:26:13+0000,1781792773,26119
2026-08-10,5b6DvVHMPq5kG9QBE7,World Cup Football GIF by OneFootball Heads,gif,2026-06-18T14:26:06+0000,1781792766,10963
2026-08-10,Zw9IYZoi4lR40x6kOh,World Cup Football GIF by OneFootball Heads,gif,2026-06-18T14:25:59+0000,1781792759,63006
2026-08-10,FXlBfysZeccejSPXLN,World Cup Football GIF by OneFootball Heads,gif,2026-06-18T14:25:54+0000,1781792754,34413
2026-08-10,j70G4xGbIAyl69HjSG,World Cup Football GIF by OneFootball Heads,gif,2026-06-18T14:25:47+0000,1781792747,44863
2026-08-10,qvGvze34SYzFy0IOjo,World Cup Football GIF by OneFootball Heads,gif,2026-06-18T14:25:41+0000,1781792741,27787
2026-08-10,XIxeCLHT9zVohiL4T9,World Cup Football GIF by OneFootball Heads,gif,2026-06-18T14:25:35+0000,1781792735,74028
2026-08-10,nfDB8cFWhS4Dee2sgL,France Football GIF by OneFootball Heads,gif,2026-06-18T14:25:29+0000,1781792729,23473
2026-08-10,yiNGJnacgioeujOFDw,France Football GIF by OneFootball Heads,gif,2026-06-18T14:25:24+0000,1781792724,29080
2026-08-10,UM7sju7MO1wK6KpVdR,World Cup Football GIF by OneFootball Heads,gif,2026-06-18T14:25:18+0000,1781792718,14651
2026-08-10,2AHzoH7CI4TQeyzYCD,France Football GIF by OneFootball Heads,gif,2026-06-18T14:25:12+0000,1781792712,17682
2026-08-10,RUcKKOR9LAGm3Sy9CY,World Cup Football GIF by OneFootball Heads,gif,2026-06-18T14:25:06+0000,1781792706,192172
2026-08-10,ymR0THwsC0ryufBoCC,World Cup Football GIF by OneFootball Heads,gif,2026-06-18T13:00:11+0000,1781787611,113056
2026-08-10,l5ZWNLnfskv9LTE03S,World Cup Football GIF by OneFootball Heads,gif,2026-06-18T12:59:41+0000,1781787581,30136
2026-08-10,GGxYV9J86hAuLOftmX,World Cup Football GIF by OneFootball Heads,gif,2026-06-18T12:59:35+0000,1781787575,85961
2026-08-10,YRgKKGuDWNqdVKUsJK,World Cup Football GIF by OneFootball Heads,gif,2026-06-18T12:59:29+0000,1781787569,52143
2026-08-10,sgLnfOIYS7BUIHXUxC,World Cup Football GIF by OneFootball Heads,gif,2026-06-18T12:59:23+0000,1781787563,21965
2026-08-10,hvHkkgdpNyYBCNwWii,World Cup Football GIF by OneFootball Heads,gif,2026-06-18T12:59:17+0000,1781787557,25055
2026-08-10,ocHIQm4HwUXQHcA1U0,World Cup Football GIF by OneFootball Heads,gif,2026-06-18T12:59:12+0000,1781787552,10765
2026-08-10,hZtR0YEJJ66b1a0Yrb,World Cup Football GIF by OneFootball Heads,gif,2026-06-18T12:59:06+0000,1781787546,10755
2026-08-10,QSA6gWBwyyXJIzo0gE,World Cup Football GIF by OneFootball Heads,gif,2026-06-18T12:59:00+0000,1781787540,14876
2026-08-10,99L1Ri4cmx4aZ82imT,World Cup Football GIF by OneFootball Heads,gif,2026-06-18T12:58:52+0000,1781787532,66146
2026-08-10,T0MPbboDiC4fnKtpKF,World Cup Football GIF by OneFootball Heads,gif,2026-06-18T12:58:48+0000,1781787528,68230
2026-08-10,XCGc4SGOCWsIxXCteW,World Cup Football GIF by OneFootball Heads,gif,2026-06-18T12:58:42+0000,1781787522,111030
2026-08-10,zSoJATxvNy74D0WE4l,World Cup Football GIF by OneFootball Heads,gif,2026-06-18T12:58:36+0000,1781787516,78304
2026-08-10,uCLrRaHsmPHmSNVkY8,World Cup Football GIF by OneFootball Heads,gif,2026-06-18T12:58:30+0000,1781787510,75903
2026-08-10,tsiV9e5BNYJs9N63xu,World Cup Football GIF by OneFootball Heads,gif,2026-06-18T12:58:25+0000,1781787505,413106
2026-08-10,vWQ3cNvlZdFGn4P8mC,World Cup Football GIF by OneFootball Heads,gif,2026-06-18T12:58:20+0000,1781787500,17149
2026-08-10,m6uaoa7xX7Dg2HnF6p,World Cup Football GIF by OneFootball Heads,gif,2026-06-18T12:58:12+0000,1781787492,10519
2026-08-10,tG40NFJ94fjjn3vRXR,World Cup Football GIF by OneFootball Heads,gif,2026-06-18T12:58:01+0000,1781787481,65117
2026-08-10,Gs7S4vm03HWudtCUxT,World Cup Football GIF by OneFootball Heads,gif,2026-06-18T12:57:56+0000,1781787476,76075
2026-08-10,lDvigQV6SivDb1PP17,World Cup Football GIF by OneFootball Heads,gif,2026-06-18T12:57:51+0000,1781787471,42433
2026-08-10,6nsJtjKzfX0DYG6Fg8,World Cup Football GIF by OneFootball Heads,gif,2026-06-18T12:57:47+0000,1781787467,39284
2026-08-10,SQwDBfwWSCoRe4PcNJ,World Cup Football GIF by OneFootball Heads,gif,2026-06-18T12:57:43+0000,1781787463,25718
2026-08-10,UwKnpGaeFmihxIEt4Z,World Cup Football GIF by OneFootball Heads,gif,2026-06-18T12:57:38+0000,1781787458,45164
2026-08-10,TfKAAlWTfJBh06kQ5S,World Cup Football GIF by OneFootball Heads,gif,2026-06-18T12:57:33+0000,1781787453,29859
2026-08-10,rI4yCkQXsGkvkN6qQy,World Cup Football GIF by OneFootball Heads,gif,2026-06-18T12:57:28+0000,1781787448,17217
2026-08-10,x6u2P1xWEqpnimsun6,World Cup Football GIF by OneFootball Heads,gif,2026-06-18T12:57:22+0000,1781787442,57472
2026-08-10,aFoEcC8r12zpxNNvSz,World Cup Football GIF by OneFootball Heads,gif,2026-06-18T12:57:16+0000,1781787436,11528
2026-08-10,Atdw4UUjkYNWJaCahh,World Cup Football GIF by OneFootball Heads,gif,2026-06-18T12:57:11+0000,1781787431,14026
2026-08-10,2XhJxylc2hyATdyLCy,World Cup Football GIF by OneFootball Heads,gif,2026-06-18T12:57:05+0000,1781787425,48665
2026-08-10,NZNjSEXDfUQbmupjJW,World Cup Football GIF by OneFootball Heads,gif,2026-06-18T12:56:59+0000,1781787419,71715
2026-08-10,a8ZxCyyxdwfSsqTwsL,World Cup Football GIF by OneFootball Heads,gif,2026-06-18T12:56:54+0000,1781787414,94450
2026-08-10,PJDjRlqkTOWG8CAWNa,World Cup Football GIF by OneFootball Heads,gif,2026-06-18T12:56:48+0000,1781787408,67215
2026-08-10,5bLSkn2OEV2LU4IPHI,World Cup Football GIF by OneFootball Heads,gif,2026-06-18T12:56:42+0000,1781787402,43234
2026-08-10,cYELoocQoVRmY2GRJq,World Cup Football GIF by OneFootball Heads,gif,2026-06-18T12:56:35+0000,1781787395,228459
2026-08-10,tRWPZFwfKYTcaQ0Vut,World Cup Football GIF by OneFootball Heads,gif,2026-06-18T12:56:28+0000,1781787388,17148
2026-08-10,kAZI2CjoJeDdkShdIp,World Cup Football GIF by OneFootball Heads,gif,2026-06-18T12:56:24+0000,1781787384,11931
2026-08-10,hVlGeCHhXYdIj5VuGy,World Cup Football GIF by OneFootball Heads,gif,2026-06-18T12:56:18+0000,1781787378,16852
2026-08-10,WxKKJGKsUUWPJgkf4N,World Cup Football GIF by OneFootball Heads,gif,2026-06-18T12:56:13+0000,1781787373,60090
2026-08-10,WxxWLGWv6UUZdsT2lS,World Cup Football GIF by OneFootball Heads,gif,2026-06-18T12:56:07+0000,1781787367,79957
2026-08-10,btR3gAi7NqgMjA2aNz,World Cup Football GIF by OneFootball Heads,gif,2026-06-18T12:55:31+0000,1781787331,9368
2026-08-10,3bdT6rswZrdJAAXyIY,World Cup Football GIF by OneFootball Heads,gif,2026-06-18T12:55:26+0000,1781787326,14144
2026-08-10,tPrbmCVHFFg7K72O3L,World Cup Football GIF by OneFootball Heads,gif,2026-06-18T12:55:20+0000,1781787320,8766
2026-08-10,K4y1b339hvcqk45WJ9,World Cup Football GIF by OneFootball Heads,gif,2026-06-18T12:55:15+0000,1781787315,236363
2026-08-10,oLP7BIj99u0sFUlnsV,World Cup Football GIF by OneFootball Heads,gif,2026-06-18T12:55:09+0000,1781787309,18969
2026-08-10,x3LVct059nDJWWHnBs,World Cup Football GIF by OneFootball Heads,gif,2026-06-18T12:55:04+0000,1781787304,20259
2026-08-10,yK7UnYilNJehrLYsIm,World Cup Football GIF by OneFootball Heads,gif,2026-06-18T12:54:59+0000,1781787299,74102
2026-08-10,gWRf9HI5C42rN1HirJ,World Cup Football GIF by OneFootball Heads,gif,2026-06-18T12:54:53+0000,1781787293,99464
2026-08-10,xoGxhyhEQOp0jXphxx,World Cup Football GIF by OneFootball Heads,gif,2026-06-18T12:54:47+0000,1781787287,172726
2026-08-10,J3HhbqcC2mKM6eetbu,World Cup Football GIF by OneFootball Heads,gif,2026-06-18T12:54:42+0000,1781787282,45238
2026-08-10,DArpiMDTC0np9ytWe8,World Cup Football GIF by OneFootball Heads,gif,2026-06-18T12:54:37+0000,1781787277,38234
2026-08-10,hUgUnBmpjUXA8w2eBC,World Cup Football GIF by OneFootball Heads,gif,2026-06-18T12:54:32+0000,1781787272,65991
2026-08-10,RjBXlk32cZwWJwL4gS,World Cup Football GIF by OneFootball Heads,gif,2026-06-18T12:54:27+0000,1781787267,17456
2026-08-10,ZeK2ek6RtyEL73iY0B,World Cup Football GIF by OneFootball Heads,gif,2026-06-18T12:54:20+0000,1781787260,45676
2026-08-10,bff86XIkSNuway0pUU,World Cup Football GIF by OneFootball Heads,gif,2026-06-18T12:54:16+0000,1781787256,90612
2026-08-10,IvciiQcSOnH7gFlwnK,World Cup Football GIF by OneFootball Heads,gif,2026-06-18T12:54:11+0000,1781787251,47948
2026-08-10,9F3kTka3lWs1MoyUW4,World Cup Football GIF by OneFootball Heads,gif,2026-06-18T12:54:03+0000,1781787243,44414
2026-08-10,ncRqGV6vGvUMh7oR7x,World Cup Football GIF by OneFootball Heads,gif,2026-06-18T12:53:56+0000,1781787236,142927
2026-08-10,gMAqaGlYLH1LnHhSQu,World Cup Football GIF by OneFootball Heads,gif,2026-06-18T12:53:51+0000,1781787231,23146
2026-08-10,kg7ti21Zmn5y1AtniN,World Cup Football GIF by OneFootball Heads,gif,2026-06-18T12:53:46+0000,1781787226,49661
2026-08-10,XR7PHHrmVHtqEK1gol,World Cup Football GIF by OneFootball Heads,gif,2026-06-18T12:53:40+0000,1781787220,323033
2026-08-10,HeFCcdgF37XybNbJM1,World Cup Football GIF by OneFootball Heads,gif,2026-06-18T12:53:35+0000,1781787215,29431
2026-08-10,XniMEEmJBr9ukfaFPg,World Cup Football GIF by OneFootball Heads,gif,2026-06-18T12:53:30+0000,1781787210,15338
2026-08-10,z3cQyCScaa6eQAPGxM,World Cup Football GIF by OneFootball Heads,gif,2026-06-18T12:53:25+0000,1781787205,28077
2026-08-10,bbd845md4bBhtzxnP2,World Cup Football GIF by OneFootball Heads,gif,2026-06-18T12:53:20+0000,1781787200,17638
2026-08-10,IhRt3YlSBJDDGKmVfA,World Cup Football GIF by OneFootball Heads,gif,2026-06-18T12:53:15+0000,1781787195,14447
2026-08-10,ob50T7GkSbkLLSRhQn,World Cup Football GIF by OneFootball Heads,gif,2026-06-18T12:53:10+0000,1781787190,15538
2026-08-10,2MJOk63MZDgJLnCWbP,Germany Football GIF by OneFootball Heads,gif,2026-06-18T12:53:05+0000,1781787185,8578
2026-08-10,tUcJ0CqH4BsIKAIDrB,Germany Football GIF by OneFootball Heads,gif,2026-06-18T12:53:00+0000,1781787180,19193
2026-08-10,HOOTxxN5gUjEhJDUzT,Germany Football GIF by OneFootball Heads,gif,2026-06-18T12:52:54+0000,1781787174,12872
2026-08-10,MibqmLIdqxwQepv1u4,France Football GIF by OneFootball Heads,gif,2026-06-18T12:52:50+0000,1781787170,18629
2026-08-10,zQxSWfx8MQYyxMzLTW,France Football GIF by OneFootball Heads,gif,2026-06-18T12:52:43+0000,1781787163,30002
2026-08-10,QgBxz4jlNWpq4U0VBL,France Football GIF by OneFootball Heads,gif,2026-06-18T12:52:37+0000,1781787157,30685
2026-08-10,akR7RsXOEBsCpVxsp6,World Cup Football GIF by OneFootball Heads,gif,2026-06-18T12:52:32+0000,1781787152,16309
2026-08-10,Foo1QLxlFskrsgYXD8,World Cup Football GIF by OneFootball Heads,gif,2026-06-18T12:52:25+0000,1781787145,65597
2026-08-10,JGpns399tHOQYO7P9u,World Cup Football GIF by OneFootball Heads,gif,2026-06-18T12:52:18+0000,1781787138,25612
2026-08-10,aZhAXcAN33Makb02CK,World Cup Football GIF by OneFootball Heads,gif,2026-06-18T12:52:12+0000,1781787132,139246
2026-08-10,mruAYNxpRfWT7zWOVa,World Cup Football GIF by OneFootball Heads,gif,2026-06-18T12:52:04+0000,1781787124,79305
2026-08-10,dgXu5U7aMzbfILnDcj,World Cup Football GIF by OneFootball Heads,gif,2026-06-18T12:51:59+0000,1781787119,239377
2026-08-10,d6ZMxXqdHwzsYsjIfP,World Cup Football GIF by OneFootball Heads,gif,2026-06-18T12:51:54+0000,1781787114,24700
2026-08-10,QoVAe2QifgvhK2rnTG,Si Se Puede World Cup GIF by OneFootball Heads,gif,2026-06-18T12:51:49+0000,1781787109,181712
2026-08-10,NFlNPPsEU6FSGuOk3e,World Cup Football GIF by OneFootball Heads,gif,2026-06-18T12:51:43+0000,1781787103,117569
2026-08-10,pq5a9erYX0mupYAw0r,World Cup Football GIF by OneFootball Heads,gif,2026-06-18T12:51:38+0000,1781787098,9037
2026-08-10,9Se0FcKFZFCt7lM2x3,World Cup Football GIF by OneFootball Heads,gif,2026-06-18T12:51:33+0000,1781787093,9396
2026-08-10,9YVJ3QFI0T2T1huuOt,World Cup Football GIF by OneFootball Heads,gif,2026-06-18T12:51:29+0000,1781787089,26958
2026-08-10,M466iBsWoTlNojJbyk,World Cup Football GIF by OneFootball Heads,gif,2026-06-18T12:51:23+0000,1781787083,36597
2026-08-10,Ksyo02KzynpxSGIdiu,World Cup Football GIF by OneFootball Heads,gif,2026-06-18T12:51:19+0000,1781787079,42315
2026-08-10,EsTiklBWYzosIzPluo,World Cup Football GIF by OneFootball Heads,gif,2026-06-18T12:51:14+0000,1781787074,33710
2026-08-10,xd0DzHA90wF0QspRKE,World Cup Football GIF by OneFootball Heads,gif,2026-06-18T12:51:09+0000,1781787069,194740
2026-08-10,AhaWzd6OjdlgzY8poL,World Cup Football GIF by OneFootball Heads,gif,2026-06-18T12:51:03+0000,1781787063,16402
2026-08-10,fLLDOs1PXL5od8aETL,World Cup Football GIF by OneFootball Heads,gif,2026-06-18T12:50:59+0000,1781787059,10025
2026-08-10,AkjBpF1TnoWQNI57N8,World Cup Football GIF by OneFootball Heads,gif,2026-06-18T12:50:54+0000,1781787054,15308
2026-08-10,wvmHbFg1ExLSSKMaOD,World Cup Football GIF by OneFootball Heads,gif,2026-06-18T12:50:49+0000,1781787049,134729
2026-08-10,8tQLdg1TjgKBuuPbco,World Cup Football GIF by OneFootball Heads,gif,2026-06-18T12:50:43+0000,1781787043,447860
2026-08-10,Ei2OUMXIhbpl8zcg07,World Cup Football GIF by OneFootball Heads,gif,2026-06-18T12:50:37+0000,1781787037,29805
2026-08-10,1knediJpPduWeBBS7N,World Cup Football GIF by OneFootball Heads,gif,2026-06-18T12:50:32+0000,1781787032,32319
2026-08-10,eGITs6JOnYa9vtjIwc,World Cup Football GIF by OneFootball Heads,gif,2026-06-18T12:50:26+0000,1781787026,94492
2026-08-10,ywVDodGGYpgsU7vb0Q,World Cup Football GIF by OneFootball Heads,gif,2026-06-18T12:50:20+0000,1781787020,52715
2026-08-10,LIqRddsJ488WR7JkgG,World Cup Football GIF by OneFootball Heads,gif,2026-06-18T12:50:14+0000,1781787014,142330
2026-08-10,dBEeUL0mbzScibZaSv,World Cup Football GIF by OneFootball Heads,gif,2026-06-18T12:50:09+0000,1781787009,20141
2026-08-10,s4hSWA7C4PRGJwjwkp,World Cup Football GIF by OneFootball Heads,gif,2026-06-18T12:50:03+0000,1781787003,20529
2026-08-10,kAVvf8QMmCmXU7NDA6,World Cup Football GIF by OneFootball Heads,gif,2026-06-18T12:49:59+0000,1781786999,10853
2026-08-10,XHby9xOM0HPzPJ6tqF,World Cup Football GIF by OneFootball Heads,gif,2026-06-18T12:49:53+0000,1781786993,12215
2026-08-10,LM6727wPq5tzhvVLMJ,World Cup Football GIF by OneFootball Heads,gif,2026-06-18T12:49:48+0000,1781786988,108076
2026-08-10,RJZFIKDrvM9UVstlHg,World Cup Football GIF by OneFootball Heads,gif,2026-06-18T12:49:42+0000,1781786982,104605
2026-08-10,tZ7DeEmaE9nn2rqcF3,World Cup Football GIF by OneFootball Heads,gif,2026-06-18T12:49:36+0000,1781786976,127509
2026-08-10,XQGaZGKKKFL5DGdt4Y,Vamos Argentina World Cup GIF by OneFootball Heads,gif,2026-06-18T12:49:31+0000,1781786971,152393
2026-08-10,wdwglOfifi6NYq9tjO,World Cup Football GIF by OneFootball Heads,gif,2026-06-18T12:49:26+0000,1781786966,41876
2026-08-10,Lg6tJBqeg7Z8iHTvJK,World Cup Football GIF by OneFootball Heads,gif,2026-06-18T12:49:20+0000,1781786960,193138
2026-08-10,VFmjfFzMv0JETVuokv,World Cup Football GIF by OneFootball Heads,gif,2026-06-18T12:49:11+0000,1781786951,597175
2026-08-10,X8U2NmVTuTntFxGesd,Football Fan Vacation GIF by OneFootball Heads,gif,2026-05-22T01:55:27+0000,1779414927,229285
2026-08-10,An7uqeayxR5J8dKHu4,Level Up Football Meme GIF by OneFootball Heads,gif,2026-05-22T01:55:13+0000,1779414913,123066
2026-08-10,WCIkiuYpS3S6XKV8Rn,Cope Football Fan GIF by OneFootball Heads,gif,2026-05-22T01:55:00+0000,1779414900,43834
2026-08-10,QytjwhKBE2ObyydwQb,Big Game Matchday GIF by OneFootball Heads,gif,2026-05-22T01:54:53+0000,1779414893,142445
2026-08-10,Jzp6EmR66Abn9ExWls,Football Fan Transfer GIF by OneFootball Heads,gif,2026-05-22T01:54:39+0000,1779414879,48608
2026-08-10,6UDc6ioncYRxWDnp0G,Signing Football Fan GIF by OneFootball Heads,gif,2026-05-22T01:54:32+0000,1779414872,237870
2026-08-10,2FbqKii3sahcmtOgU2,Opening Day Hype GIF by OneFootball Heads,gif,2026-05-22T01:54:23+0000,1779414863,37488
2026-08-10,592ZMrdelj8j8DlQ2w,Football Fan Summer GIF by OneFootball Heads,gif,2026-05-22T01:54:17+0000,1779414857,59503
2026-08-10,R3h2NcJNbFNBpS4g6q,Out Of Office Season GIF by OneFootball Heads,gif,2026-05-22T01:54:10+0000,1779414850,144128
2026-08-10,b40vcDOn7iizajr2oM,Football Fan Scout GIF by OneFootball Heads,gif,2026-05-22T01:53:30+0000,1779414810,169527
2026-08-10,JhkFcH98uvMrnDgmn6,Sarcastic Football Fan GIF by OneFootball Heads,gif,2026-05-22T01:53:22+0000,1779414802,46594
2026-08-10,JkGNpFYB3cY7FHn9sx,Champions League Vibes GIF by OneFootball Heads,gif,2026-05-22T01:53:15+0000,1779414795,22183
2026-08-10,DBNUsVBmNhdqMaetuc,Champions League Knockout GIF by OneFootball Heads,gif,2026-05-22T01:53:08+0000,1779414788,32665
2026-08-10,dxie0mdUARIwhn2yee,Champions League Uefa GIF by OneFootball Heads,gif,2026-05-22T01:53:01+0000,1779414781,41559
2026-08-10,HoEkTdvUpnS9WvVPcF,Football Waiting GIF by OneFootball Heads,gif,2026-05-18T15:31:16+0000,1779118276,201569
2026-08-10,8Ju2XpAU8kax6RU9pd,Digital Art Crypto GIF by OneFootball Heads,gif,2026-05-18T15:31:09+0000,1779118269,76330
2026-08-10,UGSaXOiJokVFwXEoAT,Confused Crypto GIF by OneFootball Heads,gif,2026-05-18T15:31:03+0000,1779118263,15782
2026-08-10,RlkKf5MBzEjqzqN3Pt,Excited Crypto GIF by OneFootball Heads,gif,2026-05-18T15:30:57+0000,1779118257,40147
2026-08-10,OlLlVUZxrcqZm6RPza,Excited Digital Art GIF by OneFootball Heads,gif,2026-05-18T15:30:50+0000,1779118250,14243
2026-08-10,jxA1BBEg6NzTQL7pvd,Football Love GIF by OneFootball Heads,gif,2026-05-18T15:30:43+0000,1779118243,114667
2026-08-10,TL448BG9MrQXfVRka2,Happy Good Vibes GIF by OneFootball Heads,gif,2026-05-18T15:30:36+0000,1779118236,67233
2026-08-10,0jVa8eudaK9tG5KOUh,Nervous World Cup GIF by OneFootball Heads,gif,2026-05-18T15:30:25+0000,1779118225,159948
2026-08-10,NCXTJOeB6clLl1XIHm,Frustrated Football Fan GIF by OneFootball Heads,gif,2026-05-18T15:30:18+0000,1779118218,39701
2026-08-10,RKSWD89SckpaCkF7lB,World Cup Waiting GIF by OneFootball Heads,gif,2026-05-18T15:30:11+0000,1779118211,49364
2026-08-10,v5PJmNVxWOTTThmnQg,Excited World Cup GIF by OneFootball Heads,gif,2026-05-18T15:30:00+0000,1779118200,89030
2026-08-10,fsCP6Oda0qmhcNPKE1,Tag4 Tag5 GIF by OneFootball Heads,gif,2026-05-18T05:09:54+0000,1779080994,34145
2026-08-10,oT8h0iLmJVj4OORrVw,Football Celebrate GIF by OneFootball Heads,gif,2026-05-18T05:05:15+0000,1779080715,5503
2026-08-10,sT7JTqgV96345rxK6n,Nervous Football GIF by OneFootball Heads,gif,2026-05-18T05:05:03+0000,1779080703,22394
2026-08-10,oEK27lR1AH4L1uw531,Fantasy Football GIF by OneFootball Heads,gif,2026-05-18T05:04:57+0000,1779080697,29565
2026-08-10,XzFg2ZpcLiS4s3N1KC,Football Winning GIF by OneFootball Heads,gif,2026-05-18T05:04:51+0000,1779080691,57850
2026-08-10,maNlF3eSXasPrO4QdO,Time Out Football GIF by OneFootball Heads,gif,2026-03-26T22:33:20+0000,1774564400,102228
2026-08-10,czdCrCBERAQKBOfOLo,Football Soccer GIF by OneFootball Heads,gif,2026-03-26T22:33:15+0000,1774564395,202546
2026-08-10,vtBtvkJFk09naDtqBk,Football Frown GIF by OneFootball Heads,gif,2026-03-26T22:33:09+0000,1774564389,100151
2026-08-10,PMny68XCKFiABxd1SZ,Hat Trick Football GIF by OneFootball Heads,gif,2026-03-26T22:33:05+0000,1774564385,566685
2026-08-10,NKb9LW9MrxO48Cd9Mu,Not Funny Football GIF by OneFootball Heads,gif,2026-03-26T22:32:55+0000,1774564375,27158
2026-08-10,6guW2txh6RAr0RCnTP,April Fools Football GIF by OneFootball Heads,gif,2026-03-26T22:32:51+0000,1774564371,136048
2026-08-10,6o7c1nxSuBTp6XIMzm,Football Soccer GIF by OneFootball Heads,gif,2026-03-26T22:32:44+0000,1774564364,698327
2026-08-10,kFnvhvvnxA6KwTnIzA,Hat-Trick Football GIF by OneFootball Heads,gif,2026-03-26T22:32:38+0000,1774564358,441372
2026-08-10,ZEleEa4pY0l7ufKnSY,Hat Trick Football GIF by OneFootball Heads,gif,2026-03-26T22:32:31+0000,1774564351,49120
2026-08-10,pPGGvsQjn9xJb55F8i,Hat Trick Football GIF by OneFootball Heads,gif,2026-03-26T22:32:23+0000,1774564343,92044
2026-08-10,HXbjrTClytGyPjam3M,Hat-Trick Football GIF by OneFootball Heads,gif,2026-03-26T22:32:17+0000,1774564337,3602379
2026-08-10,2fR6fBgW6BZU1CPIqG,Easter Bunny Football GIF by OneFootball Heads,gif,2026-03-26T22:32:11+0000,1774564331,85722
2026-08-10,7HumoY5K6oo1enpFWe,Easter Bunny Football GIF by OneFootball Heads,gif,2026-03-26T22:32:07+0000,1774564327,173992
2026-08-10,Z43RfKcmhr06OQ5ae2,Easter Eggs Football GIF by OneFootball Heads,gif,2026-03-26T22:32:01+0000,1774564321,89770
2026-08-10,9bIcqjJn0WBjTCqQOT,Dance Football GIF by OneFootball Heads,gif,2026-03-26T22:31:56+0000,1774564316,198966
2026-08-10,MZExsocb7ggfMPqiBk,Football Soccer GIF by OneFootball Heads,gif,2026-03-26T22:31:48+0000,1774564308,53591
2026-08-10,EMrPMmyufe1a1Tz1A5,Full Time Football GIF by OneFootball Heads,gif,2026-03-26T22:31:43+0000,1774564303,158831
2026-08-10,GMibniHgHabH5FsvSf,Football Soccer GIF by OneFootball Heads,gif,2026-03-26T22:31:38+0000,1774564298,238026
2026-08-10,shE8kiyTqgMBGFmkLs,April Fools Football GIF by OneFootball Heads,gif,2026-03-26T22:31:34+0000,1774564294,78656
2026-08-10,5ssoenGB420wQegvln,April Fools Football GIF by OneFootball Heads,gif,2026-03-26T22:31:30+0000,1774564290,119895
2026-08-10,lMtSWlhMBsTkmUot5s,April Fools Football GIF by OneFootball Heads,gif,2026-03-26T22:31:24+0000,1774564284,145492
2026-08-10,XCdhyRfbj2GvgufO0u,Football Soccer GIF by OneFootball Heads,gif,2026-03-26T22:31:20+0000,1774564280,1385584
2026-08-10,xD1vpKInrkzJ3Fxael,Space Time GIF by OneFootball Heads,gif,2026-02-09T04:39:28+0000,1770611968,24183
2026-08-10,WhOTaSjCzQyMAMBn5v,Podcast Commentator GIF by OneFootball Heads,gif,2026-02-09T04:39:22+0000,1770611962,139948
2026-08-10,DGjlGcceVl5RDQC6v7,Football Podcast GIF by OneFootball Heads,gif,2026-02-09T04:39:16+0000,1770611956,37320
2026-08-10,3So6FuGb7wVk14P481,Happy Holidays GIF by OneFootball Heads,gif,2026-02-09T04:39:11+0000,1770611951,17632
2026-08-10,cfLHHFi62dBMYsloN7,Shocked Whats That GIF by OneFootball Heads,gif,2026-02-09T04:38:50+0000,1770611930,61104
2026-08-10,Oa4QJT3Fb0zQ037mov,Shock Whats That GIF by OneFootball Heads,gif,2026-02-09T04:38:43+0000,1770611923,331338
2026-08-10,QGy9WgPA5wdXUx7yKE,Nara Superfans GIF by OneFootball Heads,gif,2026-02-09T04:38:35+0000,1770611915,177370
2026-08-10,eEEVPZVPzXY9ceK13z,Metal Detector Searching GIF by OneFootball Heads,gif,2026-02-09T04:38:25+0000,1770611905,508273
2026-08-10,ptWaTNOtCbJyFoPOsI,Run Fall Over GIF by OneFootball Heads,gif,2026-02-09T04:38:20+0000,1770611900,78314
2026-08-10,LOVAgqCndxbF0yVSvH,Red Flag Toxic Relationship GIF by OneFootball Heads,gif,2026-02-09T04:38:16+0000,1770611896,70495
2026-08-10,aA455rZHUzTePr7fRv,Happy Holidays GIF by OneFootball Heads,gif,2026-02-09T04:38:11+0000,1770611891,19969
2026-08-10,FjOH5YsFZv0M1wuIBb,Metal Detector GIF by OneFootball Heads,gif,2026-02-09T04:37:32+0000,1770611852,1456833
2026-08-10,no6Mm0U0L9Mv9tzvN9,Nara Superfans GIF by OneFootball Heads,gif,2026-02-09T04:37:27+0000,1770611847,157201
2026-08-10,bfb6MDov8wj5qopEZC,Sad Sorry GIF by OneFootball Heads,gif,2026-02-09T04:37:19+0000,1770611839,61576
2026-08-10,EbEX6H0ZYbCTI9nI25,Sad Mistake GIF by OneFootball Heads,gif,2026-02-09T04:37:13+0000,1770611833,54124
2026-08-10,aW3mqoINZ433Rj4TMz,Happy Green Flag GIF by OneFootball Heads,gif,2026-02-09T04:37:08+0000,1770611828,43450
2026-08-10,Xy1embN5dYLxDL7J1h,Ronaldo Flick GIF by OneFootball Heads,gif,2026-02-09T04:37:02+0000,1770611822,113546
2026-08-10,0f7MezZNdfdf09G5MR,Keeper Penalty GIF by OneFootball Heads,gif,2026-02-09T04:36:58+0000,1770611818,110682
2026-08-10,pUCY24xEv3FuNvWA54,Happy Football GIF by OneFootball Heads,gif,2026-02-09T04:36:54+0000,1770611814,37161
2026-08-10,BuT7JDz3OLtImz82QE,Walk Like An Egyptian Dancing GIF by OneFootball Heads,gif,2026-02-09T04:36:49+0000,1770611809,1166000
2026-08-10,MgeNDcgT4gXYn338jR,Happy Birthday Gift GIF by OneFootball Heads,gif,2026-02-09T04:36:43+0000,1770611803,91394
2026-08-10,rcKw9ZKuo0lLFzIuuZ,Warning Red Flag GIF by OneFootball Heads,gif,2026-02-09T04:36:38+0000,1770611798,257776
2026-08-10,N20tM6nrrXQMl4HYWz,Green Flag Relationships GIF by OneFootball Heads,gif,2026-02-09T04:36:33+0000,1770611793,1236629
2026-08-10,W2qRsuV2W45gij9eyQ,Spotlight Beacon GIF by OneFootball Heads,gif,2026-02-05T11:03:35+0000,1770289415,16200
2026-08-10,hhL4cErWygGzv0PMwl,Pool Party Summer GIF by OneFootball Heads,gif,2026-01-20T14:30:33+0000,1768919433,417379
2026-08-10,XCB5P8yCHz9CiAl41q,I Love You Couple GIF by OneFootball Heads,gif,2026-01-20T14:30:19+0000,1768919419,53972
2026-08-10,IipkQotlmo8Sh1ABvk,Valentines Day Love GIF by OneFootball Heads,gif,2026-01-20T14:30:08+0000,1768919408,20426
2026-08-10,CaEoDtcNHxY0y3Ll4k,Valentines Day GIF by OneFootball Heads,gif,2026-01-20T14:30:02+0000,1768919402,36263
2026-08-10,zKf31joKvY23SQdSTF,I Love You Flower GIF by OneFootball Heads,gif,2026-01-20T14:29:56+0000,1768919396,183828
2026-08-10,GT9cgAAAtfM5JgcZpQ,I Love You Flowers GIF by OneFootball Heads,gif,2026-01-20T14:29:46+0000,1768919386,55508
2026-08-10,01gaL9yoKUBxA6lLSx,I Love You Flowers GIF by OneFootball Heads,gif,2026-01-20T14:29:35+0000,1768919375,104660
2026-08-10,MODuEqgpv6IROKtJrO,Roblox GIF by OneFootball Heads,gif,2026-01-20T14:29:20+0000,1768919360,187069
2026-08-10,2Tmk43f9xbaX1HX5XW,Celebrate World Cup GIF by OneFootball Heads,gif,2026-01-20T05:12:20+0000,1768885940,510945
2026-08-10,VZ9JDjblGrqOCxqVFT,Celebrate World Cup GIF by OneFootball Heads,gif,2026-01-20T05:12:15+0000,1768885935,3144401
2026-08-10,bKDPhQuR4aMtOTfzSz,Celebrate World Cup GIF by OneFootball Heads,gif,2026-01-20T05:12:09+0000,1768885929,423149
2026-08-10,ZfzDxoltZ5FyWrmTJl,Celebrate World Cup GIF by OneFootball Heads,gif,2026-01-20T05:12:03+0000,1768885923,1124096
2026-08-10,0QcUioJ7k6T2xRT6dI,Celebrate World Cup GIF by OneFootball Heads,gif,2026-01-20T05:11:56+0000,1768885916,236162
2026-08-10,MmwWuKZzjxYw05RF8z,Celebrate World Cup GIF by OneFootball Heads,gif,2026-01-20T05:11:48+0000,1768885908,1397852
2026-08-10,4yGaQKJE08kHXPuyMn,Celebrate World Cup GIF by OneFootball Heads,gif,2026-01-20T05:11:41+0000,1768885901,936363
2026-08-10,IvJvPYEXDOoV3ju64N,Celebrate World Cup GIF by OneFootball Heads,gif,2026-01-20T05:11:34+0000,1768885894,1311548
2026-08-10,mLYuk0RvMxWAISGnCA,Celebrate World Cup GIF by OneFootball Heads,gif,2026-01-20T05:11:22+0000,1768885882,62029
2026-08-10,mwnu1QWfjuMZbKdgcp,Celebrate World Cup GIF by OneFootball Heads,gif,2026-01-20T05:11:12+0000,1768885872,1022340
2026-08-10,5IYv7MHczMNdqnxWa1,Celebrate World Cup GIF by OneFootball Heads,gif,2026-01-20T05:11:06+0000,1768885866,880109
2026-08-10,3DDxEpa9LhhPXbXpoY,Celebrate World Cup GIF by OneFootball Heads,gif,2026-01-20T05:10:59+0000,1768885859,99121
2026-08-10,QJ4gYE5K7A8FPhPHuX,Celebrate World Cup GIF by OneFootball Heads,gif,2026-01-20T05:10:52+0000,1768885852,304351
2026-08-10,SAyhOhXMo16hk1ceaB,Celebrate World Cup GIF by OneFootball Heads,gif,2026-01-20T05:10:45+0000,1768885845,143273
2026-08-10,3CjwLHLooBGmDorkzF,Celebrate World Cup GIF by OneFootball Heads,gif,2026-01-20T05:10:39+0000,1768885839,566217
2026-08-10,54Lr6tnL43zux7QcZh,Celebrate World Cup GIF by OneFootball Heads,gif,2026-01-20T05:10:30+0000,1768885830,219390
2026-08-10,XjiCTell4KeSfAqaQZ,Celebrate World Cup GIF by OneFootball Heads,gif,2026-01-20T05:10:20+0000,1768885820,81727
2026-08-10,7rJDG9tWHp7KA9rDDq,Celebrate World Cup GIF by OneFootball Heads,gif,2026-01-20T05:10:15+0000,1768885815,38488
2026-08-10,ZIv6jXtuNWmqe8i4d8,Celebrate World Cup GIF by OneFootball Heads,gif,2026-01-20T05:09:53+0000,1768885793,26283
2026-08-10,Px3XFOmPDLjRvP9YeG,Celebrate World Cup GIF by OneFootball Heads,gif,2026-01-20T05:09:34+0000,1768885774,319347
2026-08-10,ej3ZCWbOwLxwRNC2Kg,Celebrate World Cup GIF by OneFootball Heads,gif,2026-01-20T05:09:28+0000,1768885768,159829
2026-08-10,PictPG2QUCZqYQ7QJm,Celebrate World Cup GIF by OneFootball Heads,gif,2026-01-20T05:09:19+0000,1768885759,96778
2026-08-10,r1CQkqGt4aI7wr1Ohw,Celebrate World Cup GIF by OneFootball Heads,gif,2026-01-20T05:09:10+0000,1768885750,192516
2026-08-10,zuMnz0s1el2MO30gjg,Celebrate World Cup GIF by OneFootball Heads,gif,2026-01-20T05:09:02+0000,1768885742,752273
2026-08-10,0rAnJ9bILAp2bIGcpT,Celebrate World Cup GIF by OneFootball Heads,gif,2026-01-20T05:08:55+0000,1768885735,44872
2026-08-10,R4K3oSgQ7goRV5dQW2,Celebrate World Cup GIF by OneFootball Heads,gif,2026-01-20T05:08:49+0000,1768885729,62868
2026-08-10,CQF6AFxLK2g5y2B2NN,Celebrate World Cup GIF by OneFootball Heads,gif,2026-01-20T05:08:43+0000,1768885723,1421650
2026-08-10,WoJ1KruDxKQ1TdT7LG,Celebrate World Cup GIF by OneFootball Heads,gif,2026-01-20T05:08:34+0000,1768885714,501246
2026-08-10,5NxsFyN2WM2HjI1BpK,Celebrate World Cup GIF by OneFootball Heads,gif,2026-01-20T05:08:25+0000,1768885705,168724
2026-08-10,qpJtW9XMVylfz7N32c,Celebrate World Cup GIF by OneFootball Heads,gif,2026-01-20T05:08:16+0000,1768885696,513461
2026-08-10,clODkNL8QqeiiLV871,Celebrate World Cup GIF by OneFootball Heads,gif,2026-01-20T05:08:08+0000,1768885688,351096
2026-08-10,ba5JMnrKk4o9z7yiP0,Celebrate World Cup GIF by OneFootball Heads,gif,2026-01-20T05:08:01+0000,1768885681,2434832
2026-08-10,Brkoiafxyzb94gXrMa,Celebrate World Cup GIF by OneFootball Heads,gif,2026-01-20T05:07:57+0000,1768885677,572604
2026-08-10,3lTznm8qcjuD0dOyof,Celebrate World Cup GIF by OneFootball Heads,gif,2026-01-20T05:07:52+0000,1768885672,2265627
2026-08-10,VSmo1UmSEnNBOkzzKN,Celebrate World Cup GIF by OneFootball Heads,gif,2026-01-20T05:07:46+0000,1768885666,521785
2026-08-10,4zCNON1K71s6JXOFd5,Celebrate World Cup GIF by OneFootball Heads,gif,2026-01-20T05:07:38+0000,1768885658,945227
2026-08-10,VTG38I0RqkksEgqTdJ,Celebrate World Cup GIF by OneFootball Heads,gif,2026-01-20T05:07:31+0000,1768885651,65114
2026-08-10,qhb6MgP55rZQIiJPFf,Celebrate World Cup GIF by OneFootball Heads,gif,2026-01-20T05:07:24+0000,1768885644,829040
2026-08-10,MU4wAQ5AZqlBJTyGFw,Celebrate World Cup GIF by OneFootball Heads,gif,2026-01-20T05:07:16+0000,1768885636,60179
2026-08-10,ykoTW1SqAFoUKMXfwl,Celebrate World Cup GIF by OneFootball Heads,gif,2026-01-20T05:07:09+0000,1768885629,1647967
2026-08-10,Xl33ygtw7ZElNbVTch,Celebrate World Cup GIF by OneFootball Heads,gif,2026-01-20T05:07:02+0000,1768885622,144351
2026-08-10,s6eCu3KXqkq8sKt2pD,World Cup Win GIF by OneFootball Heads,gif,2026-01-20T05:06:54+0000,1768885614,5792292
2026-08-10,m6Ldp765JS1TOc1epw,Celebrate World Cup GIF by OneFootball Heads,gif,2026-01-20T05:06:48+0000,1768885608,70582
2026-08-10,H5b7aOpD0MCxbT3jFO,Celebrate World Cup GIF by OneFootball Heads,gif,2026-01-20T05:06:42+0000,1768885602,275894
2026-08-10,HU5ZX6NCZHrKdAkGtf,Celebrate World Cup GIF by OneFootball Heads,gif,2026-01-20T05:06:35+0000,1768885595,403413
2026-08-10,BxCTf1cNDlhFUdurmO,Celebrate World Cup GIF by OneFootball Heads,gif,2026-01-20T05:06:27+0000,1768885587,492355
2026-08-10,i09kDxdM8snHxPKl1i,Celebrate World Cup GIF by OneFootball Heads,gif,2026-01-20T05:06:21+0000,1768885581,322745
2026-08-10,GAczcLkdTCTPS01kQy,Celebrate World Cup GIF by OneFootball Heads,gif,2026-01-20T05:06:16+0000,1768885576,423676
2026-08-10,N6xT6C3SVJJSwH8Mgl,Celebrate World Cup GIF by OneFootball Heads,gif,2026-01-20T05:06:08+0000,1768885568,48583
2026-08-10,WmTuF4gz4C3ZfoHQGw,Celebrate World Cup GIF by OneFootball Heads,gif,2026-01-20T05:06:00+0000,1768885560,218347
2026-08-10,gfv9pQSjyN83iR0zM0,Celebrate World Cup GIF by OneFootball Heads,gif,2026-01-20T05:05:47+0000,1768885547,1874001
2026-08-10,H1SV8pkPwh24wqRfyd,Celebrate World Cup GIF by OneFootball Heads,gif,2026-01-20T05:05:41+0000,1768885541,1636221
2026-08-10,XYGeNuYFTJxYanc1ij,Celebrate World Cup GIF by OneFootball Heads,gif,2026-01-20T05:05:22+0000,1768885522,1023414
2026-08-10,bktvFDtSnncI1w598s,Celebrate World Cup GIF by OneFootball Heads,gif,2026-01-20T05:05:14+0000,1768885514,306715
2026-08-10,Tp7JErC4Ak5ZrF8ciK,Celebrate World Cup GIF by OneFootball Heads,gif,2026-01-20T05:05:08+0000,1768885508,3747586
2026-08-10,ZqZUWuxULL0IZ3XdCW,Celebrate World Cup GIF by OneFootball Heads,gif,2026-01-20T05:05:02+0000,1768885502,416734
2026-08-10,XbEj9EvaOwUas4Zfkd,Celebrate World Cup GIF by OneFootball Heads,gif,2026-01-20T05:04:55+0000,1768885495,500197
2026-08-10,n4eta4zIkCRr6xbK2f,Celebrate Germany GIF by OneFootball Heads,gif,2026-01-20T05:04:48+0000,1768885488,703561
2026-08-10,uXV0BqmxAJt7VKNgZh,Celebrate Germany GIF by OneFootball Heads,gif,2026-01-20T05:04:40+0000,1768885480,433253
2026-08-10,zdfDUrgmjZWA1HNsfu,Celebrate France GIF by OneFootball Heads,gif,2026-01-20T05:04:27+0000,1768885467,88799
2026-08-10,jRRG7jt2Js6MacrDGd,Celebrate France GIF by OneFootball Heads,gif,2026-01-20T05:04:19+0000,1768885459,75998
2026-08-10,9dJzU7bFwJBIWjvWO0,Celebrate World Cup GIF by OneFootball Heads,gif,2026-01-20T05:04:12+0000,1768885452,894293
2026-08-10,qeTcrWW3wozMaIX6Af,Celebrate World Cup GIF by OneFootball Heads,gif,2026-01-20T05:04:05+0000,1768885445,128448
2026-08-10,1MTfxcyrTyUFK9Zp3S,Celebrate World Cup GIF by OneFootball Heads,gif,2026-01-20T05:03:57+0000,1768885437,11137278
2026-08-10,w0t4WTCyVJfbNIAwdR,Celebrate World Cup GIF by OneFootball Heads,gif,2026-01-20T05:03:50+0000,1768885430,756782
2026-08-10,V7KYS0VPWVdhPFUj9Z,Celebrate World Cup GIF by OneFootball Heads,gif,2026-01-20T05:03:43+0000,1768885423,463627
2026-08-10,prWnSRzSzVrBZLv41A,Celebrate World Cup GIF by OneFootball Heads,gif,2026-01-20T05:03:31+0000,1768885411,257764
2026-08-10,7UCWuilJRYlAu15j7U,Celebrate World Cup GIF by OneFootball Heads,gif,2026-01-20T05:03:24+0000,1768885404,3756454
2026-08-10,pTNVcut8Um4qfqAn0v,Celebrate World Cup GIF by OneFootball Heads,gif,2026-01-20T05:03:16+0000,1768885396,844121
2026-08-10,IXMc63EIZGgNlNQNZD,Celebrate World Cup GIF by OneFootball Heads,gif,2026-01-20T05:03:10+0000,1768885390,82849
2026-08-10,QBgFxeacBb59LMX5su,Celebrate World Cup GIF by OneFootball Heads,gif,2026-01-20T05:03:03+0000,1768885383,579521
2026-08-10,wDcx1Rm1hXxGKefyTR,Celebrate World Cup GIF by OneFootball Heads,gif,2026-01-20T05:02:55+0000,1768885375,333802
2026-08-10,X4AaDMS42L6wqp9I4S,Celebrate World Cup GIF by OneFootball Heads,gif,2026-01-20T05:02:48+0000,1768885368,21867
2026-08-10,ZUwEmP2EchPgZetmps,Celebrate World Cup GIF by OneFootball Heads,gif,2026-01-20T05:02:40+0000,1768885360,614930
2026-08-10,PlShyiN5tlquexvBB2,Celebrate World Cup GIF by OneFootball Heads,gif,2026-01-20T05:02:34+0000,1768885354,53770
2026-08-10,S0GO7wvqciKU6znbFW,Celebrate World Cup GIF by OneFootball Heads,gif,2026-01-20T05:02:26+0000,1768885346,25539667
2026-08-10,Zil84rm4wvlWsJqo9C,Celebrate World Cup GIF by OneFootball Heads,gif,2026-01-20T05:02:18+0000,1768885338,9599587
2026-08-10,l23aOmdgpH4PVpPOOF,Celebrate World Cup GIF by OneFootball Heads,gif,2026-01-20T05:02:11+0000,1768885331,299764
2026-08-10,zAo4CHpNAaNDg27lmG,Celebrate World Cup GIF by OneFootball Heads,gif,2026-01-20T05:02:03+0000,1768885323,226274
2026-08-10,wMeQ3go50ahhciuZwK,Celebrate World Cup GIF by OneFootball Heads,gif,2026-01-20T05:01:55+0000,1768885315,144274
2026-08-10,3Ej0FdtgfzHznxfoaW,Celebrate World Cup GIF by OneFootball Heads,gif,2026-01-20T05:01:48+0000,1768885308,111274
2026-08-10,QU3jtBvOsGT110czty,Celebrate World Cup GIF by OneFootball Heads,gif,2026-01-20T05:01:42+0000,1768885302,46713
2026-08-10,kIF7T5i5o9pEglhEHa,Celebrate World Cup GIF by OneFootball Heads,gif,2026-01-20T05:01:37+0000,1768885297,31954
2026-08-10,Y88yhiJDH6tRpPaQ9Y,Celebrate World Cup GIF by OneFootball Heads,gif,2026-01-20T05:01:32+0000,1768885292,24746
2026-08-10,x7ukpMi4J3VotdbBxy,Celebrate World Cup GIF by OneFootball Heads,gif,2026-01-20T05:01:24+0000,1768885284,65349
2026-08-10,soFxWwpvpFThVlZGd4,Celebrate World Cup GIF by OneFootball Heads,gif,2026-01-20T05:01:15+0000,1768885275,341711
2026-08-10,6SPE2NmJboU2RJtzU7,Celebrate World Cup GIF by OneFootball Heads,gif,2026-01-20T05:01:06+0000,1768885266,245435
2026-08-10,g2KaTr5PnaMjjBUagH,Celebrate World Cup GIF by OneFootball Heads,gif,2026-01-20T05:00:58+0000,1768885258,872121
2026-08-10,oowpSQYkmY8zkkApHu,Celebrate World Cup GIF by OneFootball Heads,gif,2026-01-20T05:00:50+0000,1768885250,714159
2026-08-10,vnuMwvlswGMW38poq2,Celebrate World Cup GIF by OneFootball Heads,gif,2026-01-20T05:00:42+0000,1768885242,43131
2026-08-10,W4ZiN0w5JKJF4oK36b,Celebrate World Cup GIF by OneFootball Heads,gif,2026-01-20T05:00:35+0000,1768885235,435976
2026-08-10,cj0jRYyipLPlzwLs0i,Celebrate World Cup GIF by OneFootball Heads,gif,2026-01-20T05:00:24+0000,1768885224,620658
2026-08-10,JcOB2VB2OeXB5ExpHH,Gerald Calm Down GIF by OneFootball Heads,gif,2025-10-31T03:54:48+0000,1761882888,44066
2026-08-10,zbcPsquuTZdA0tMKBx,Celebration Brazil GIF by OneFootball Heads,gif,2025-10-25T01:56:58+0000,1761357418,1120435
2026-08-10,kkOOWhftIUKH1gRFI3,Hype Celebrate GIF by OneFootball Heads,gif,2025-10-23T09:22:13+0000,1761211333,66803
2026-08-10,Smkq4gh20rTCo9XA5K,Football Celebration Superfans GIF by OneFootball Heads,gif,2025-10-23T09:22:01+0000,1761211321,60031
2026-08-10,TnYyD0Y5gHcxxIs60O,Notes Notebook GIF by OneFootball Heads,gif,2025-10-23T09:21:45+0000,1761211305,109633
2026-08-10,cPeIETb5b6zKnkngts,Serious Red Card GIF by OneFootball Heads,gif,2025-10-19T17:12:31+0000,1760893951,398099
2026-08-10,JGbVQO4No1vjY8SRwp,Soccer Warning GIF by OneFootball Heads,gif,2025-10-19T17:12:25+0000,1760893945,135119
2026-08-10,9sKA3ibq7zX02Os7y4,Happy Celebration GIF by OneFootball Heads,gif,2025-10-19T17:12:20+0000,1760893940,342823
2026-08-10,VWeSrHKWQs9WHgEkvh,Well Done Yes GIF by OneFootball Heads,gif,2025-10-19T17:12:07+0000,1760893927,85994
2026-08-10,QMj3VgVVShzZkjSxTd,Jack O Lantern Fun GIF by OneFootball Heads,gif,2025-10-19T17:11:58+0000,1760893918,77680
2026-08-10,BCu7HM8TzjOxYRWxCB,Pumpkin Spice Smile GIF by OneFootball Heads,gif,2025-10-19T17:11:50+0000,1760893910,36310
2026-08-10,SglBDgyXDRttbNrLM2,Soccer Warning GIF by OneFootball Heads,gif,2025-10-19T17:11:43+0000,1760893903,76578
2026-08-10,Atd0AOMP5wrkqhYQpM,Serious Red Card GIF by OneFootball Heads,gif,2025-10-19T17:11:38+0000,1760893898,1636358
2026-08-10,tMZ7ky54PGeypqgalT,Surprise Represent GIF by OneFootball Heads,gif,2025-10-19T17:11:33+0000,1760893893,80719
2026-08-10,4yd3gQjXGb9aFks0bS,Serious Red Card GIF by OneFootball Heads,gif,2025-10-19T17:11:24+0000,1760893884,2050846
2026-08-10,YfVEEx3kXDGBe8YKi8,Podcast Tune In GIF by OneFootball Heads,gif,2025-10-19T17:11:19+0000,1760893879,188258
2026-08-10,fJ9p947OpjYoUJv4pq,Pumpkin Spice Halloween GIF by OneFootball Heads,gif,2025-10-19T17:11:13+0000,1760893873,70281
2026-08-10,TFVI6cSKjVwPaqZVKR,Football Fan Celebration GIF by OneFootball Heads,gif,2025-10-19T17:11:06+0000,1760893866,57698
2026-08-10,Zfddxu8Y4dgWz6ABMI,Well Done Thumbs Up GIF by OneFootball Heads,gif,2025-10-19T17:10:56+0000,1760893856,150036
2026-08-10,n20QOGJq9Smmy5c5Yx,Happy Love It GIF by OneFootball Heads,gif,2025-10-19T17:10:49+0000,1760893849,3882761
2026-08-10,67KY9IKgii3mZDcGQS,Excited Lets Go GIF by OneFootball Heads,gif,2025-10-19T17:10:39+0000,1760893839,493135
2026-08-10,p5EoYWZd7rXnSrk3A4,Serious Stop GIF by OneFootball Heads,gif,2025-10-19T17:10:33+0000,1760893833,556045
2026-08-10,Wmu62LX7EfEYjeZFom,Join In Lets Go GIF by OneFootball Heads,gif,2025-10-19T17:10:27+0000,1760893827,1332417
2026-08-10,ZtAisAoRQRuf0wlOqe,Proud Celebration GIF by OneFootball Heads,gif,2025-10-19T17:10:20+0000,1760893820,594794
2026-08-10,tA9rysiKx5ifhNfO2T,Halloween Smile GIF by OneFootball Heads,gif,2025-10-19T17:10:06+0000,1760893806,85562
2026-08-10,unRjgoWoUAFhPVQLY9,Support Love GIF by OneFootball Heads,gif,2025-10-19T17:09:56+0000,1760893796,92455
2026-08-10,bbQA9p31wBCfGP7Lqq,Red Button No GIF by OneFootball Heads,gif,2025-10-19T17:09:44+0000,1760893784,1247098
2026-08-10,zFJd9Sp0856KS6dVtv,Start Yes GIF by OneFootball Heads,gif,2025-10-19T17:09:36+0000,1760893776,3195722
2026-08-10,vFAra3l66GR59S9K40,Proud Number One GIF by OneFootball Heads,gif,2025-10-19T17:09:31+0000,1760893771,4744090
2026-08-10,StRtbzWfsgs33wpW3M,Excited Team Spirit GIF by OneFootball Heads,gif,2025-10-19T17:09:19+0000,1760893759,48838
2026-08-10,QyRWxP3YleogvGmo01,Jack O Lantern Smile GIF by OneFootball Heads,gif,2025-10-19T17:09:12+0000,1760893752,81673
2026-08-10,9HtqtBJIrXjEyDlqtp,Scoring Football Game GIF by OneFootball Heads,gif,2025-09-11T07:36:44+0000,1757576204,386288
2026-08-10,01KHA2KdMQLQi136pi,Save Big Game GIF by OneFootball Heads,gif,2025-09-11T07:36:40+0000,1757576200,3086072
2026-08-10,GJEvTVbP5UFX1rqFKc,Frustrated Video Games GIF by OneFootball Heads,gif,2025-09-11T07:36:35+0000,1757576195,224348
2026-08-10,N4HpPRFRixdNxu1Fg8,Celebration Hype GIF by OneFootball Heads,gif,2025-09-11T07:36:29+0000,1757576189,189809
2026-08-10,6jMy4ML3746kQCwDNl,Tired Sleep Well GIF by OneFootball Heads,gif,2025-09-11T07:36:23+0000,1757576183,132680
2026-08-10,V5xSpg6PoKMeC6mvhG,Stay Cool Chill GIF by OneFootball Heads,gif,2025-09-11T07:36:13+0000,1757576173,211800
2026-08-10,BjiE1R8mHXxYRRhY0m,Work From Home Swag GIF by OneFootball Heads,gif,2025-09-11T07:36:02+0000,1757576162,97351
2026-08-10,sKf6fbM0Fhn4keHMYX,Big Game Outta This World GIF by OneFootball Heads,gif,2025-09-11T07:35:57+0000,1757576157,141766
2026-08-10,PAHScnX9IEczmvTWFx,Locked In Running GIF by OneFootball Heads,gif,2025-09-11T07:35:53+0000,1757576153,93402
2026-08-10,ydtlZT2ZGwRKUS7k90,Bored Fed Up GIF by OneFootball Heads,gif,2025-09-11T07:35:44+0000,1757576144,282601
2026-08-10,nqEtJ6z9u3zHbdmFq9,Tired Barbecue GIF by OneFootball Heads,gif,2025-09-11T07:35:39+0000,1757576139,118653
2026-08-10,LUgxmNMnZ1OaYHqZGW,Tired Game Over GIF by OneFootball Heads,gif,2025-09-11T07:35:35+0000,1757576135,174256
2026-08-10,zbFMPSL8EgDfqeBgWZ,Save Football Game GIF by OneFootball Heads,gif,2025-09-11T07:35:31+0000,1757576131,1270052
2026-08-10,8rDd90ItBDko5IMjqu,Celebrating Game Time GIF by OneFootball Heads,gif,2025-09-11T07:35:26+0000,1757576126,93065
2026-08-10,CPApJWHvsT3o5VuKVK,Football Fan Bubbles GIF by OneFootball Heads,gif,2025-09-11T07:35:22+0000,1757576122,137052
2026-08-10,7t1kN8b7GyZljUC36u,Football Fan Wow GIF by OneFootball Heads,gif,2025-09-11T07:35:16+0000,1757576116,52498
2026-08-10,1XZi1EWSQLY3rMU5hb,Around The World Football Culture GIF by OneFootball Heads,gif,2025-09-11T07:35:09+0000,1757576109,69089
2026-08-10,MrHh6mgOcdoAAO4tz0,Football Player Running GIF by OneFootball Heads,gif,2025-09-11T07:35:01+0000,1757576101,47447
2026-08-10,xal2XkbIQo668lc27M,Goalkeeper Save GIF by OneFootball Heads,gif,2025-09-11T07:34:57+0000,1757576097,109125
2026-08-10,ew2RAEkOVb0O643Wtj,Good Vibes Dancing GIF by OneFootball Heads,gif,2025-09-11T07:34:53+0000,1757576093,109869
2026-08-10,9h1jNCrbYXENVlj1FP,Happy Game Day GIF by OneFootball Heads,gif,2025-09-11T07:34:45+0000,1757576085,74920
2026-08-10,mp178ZHLC4sHfOgO12,Excited Good Vibes GIF by OneFootball Heads,gif,2025-09-11T07:34:34+0000,1757576074,41428
2026-08-10,KyJWoY8DDDBnJMn5fY,Frustrated Video Game GIF by OneFootball Heads,gif,2025-09-11T07:34:22+0000,1757576062,543928
2026-08-10,pUnbgneAsAFpw9wmzw,Game Time Goalkeeper GIF by OneFootball Heads,gif,2025-09-11T07:34:17+0000,1757576057,327123
2026-08-10,sGr4yrFK3BHDsEhSAM,Game Time Football GIF by OneFootball Heads,gif,2025-09-11T07:34:12+0000,1757576052,529851
2026-08-10,gGTnOmNz9RWBhLAOww,Hungry Bad Day GIF by OneFootball Heads,gif,2025-09-11T07:34:08+0000,1757576048,312880
2026-08-10,C2wLIBhg6rnF2Vk5p3,Bored Fed Up GIF by OneFootball Heads,gif,2025-09-11T07:34:03+0000,1757576043,550526
2026-08-10,cwXLRZXXoL0np7eb72,Bubbles Childhood GIF by OneFootball Heads,gif,2025-09-11T07:33:58+0000,1757576038,273604
2026-08-10,ByodclSkYIdxh8KmGl,Work From Home Hello GIF by OneFootball Heads,gif,2025-09-11T07:33:51+0000,1757576031,153696
2026-08-10,hb9nhr6m3rjQeRs9jp,Tired Game Over GIF by OneFootball Heads,gif,2025-09-11T07:33:45+0000,1757576025,167346
2026-08-10,yVkY5XkSGEbmGkqKlt,Foodie Watermelon GIF by OneFootball Heads,gif,2025-09-11T07:33:40+0000,1757576020,439157
2026-08-10,4agkjC6mUqzk4Ij9jS,Shocked No Way GIF by OneFootball Heads,gif,2025-08-04T07:32:28+0000,1754292748,93097
2026-08-10,E7J4gMgNzH8P5fJIir,Excuse Me What GIF by OneFootball Heads,gif,2025-08-04T07:32:23+0000,1754292743,27788
2026-08-10,znORHj4fd8MAN7gbLr,Excuse Me What GIF by OneFootball Heads,gif,2025-08-04T07:32:18+0000,1754292738,26552
2026-08-10,fAP7QAJ1xFD6JTFM1e,Celebration Wow GIF by OneFootball Heads,gif,2025-08-04T07:32:11+0000,1754292731,76270
2026-08-10,oC6Cx1YXBtvdoYXmZr,Celebration Wow GIF by OneFootball Heads,gif,2025-08-04T07:32:06+0000,1754292726,227290
2026-08-10,P4mW1PplxZFjLv81SQ,Happy We Got This GIF by OneFootball Heads,gif,2025-08-04T07:31:58+0000,1754292718,123764
2026-08-10,6vaqqwTzS6SuR36oIW,Tidy Up GIF by OneFootball Heads,gif,2025-08-04T07:31:52+0000,1754292712,208879
2026-08-10,6YX6lFHrE3n78eBvRu,Tidy Up GIF by OneFootball Heads,gif,2025-08-04T07:31:46+0000,1754292706,857884
2026-08-10,JfqESuqy1kOf3HTr8Y,Frustration Swirling GIF by OneFootball Heads,gif,2025-08-04T07:31:39+0000,1754292699,52938
2026-08-10,2KDnf1jZTUJlrrasTZ,Fifa Swirling GIF by OneFootball Heads,gif,2025-08-04T07:31:34+0000,1754292694,109924
2026-08-10,Sfiri0PXigpGueBftO,Happy Pizza Time GIF by OneFootball Heads,gif,2025-08-04T07:31:29+0000,1754292689,19
2026-08-10,6Zo8j3dDBwQsYvhISc,Pizza Time Eating GIF by OneFootball Heads,gif,2025-08-04T07:31:24+0000,1754292684,63101
2026-08-10,9C0eEDiObWC3COXjXj,No Way What GIF by OneFootball Heads,gif,2025-08-04T07:31:18+0000,1754292678,23884
2026-08-10,BG3Zejm7Xdx6wWUf1s,Cant Believe It No Way GIF by OneFootball Heads,gif,2025-08-04T07:31:12+0000,1754292672,75356
2026-08-10,uejerzhWkT2nfV4ekh,Var Whistle GIF by OneFootball Heads,gif,2025-08-04T07:31:08+0000,1754292668,146612
2026-08-10,CLsZfPTw3az9SfokNz,Referee Var GIF by OneFootball Heads,gif,2025-08-04T07:31:02+0000,1754292662,511811
2026-08-10,98ehMD8kX9bLkq9Gcw,Angry Watch Out GIF by OneFootball Heads,gif,2025-08-04T07:30:56+0000,1754292656,139998
2026-08-10,sTKnZMlZKwYbtflXQq,Angry Watch Out GIF by OneFootball Heads,gif,2025-08-04T07:30:52+0000,1754292652,305142
2026-08-10,2XtaKuSyUmADvFNWeB,Lets Go Please GIF by OneFootball Heads,gif,2025-08-04T07:30:47+0000,1754292647,34631
2026-08-10,AJYr4bWzAFjdGH9q0o,Lets Go Please GIF by OneFootball Heads,gif,2025-08-04T07:30:41+0000,1754292641,179252
2026-08-10,ZUtSEAyBuCcewmA29F,Champions League Celebration GIF by OneFootball Heads,gif,2025-08-04T07:30:36+0000,1754292636,52131
2026-08-10,TWBEBifNIlRw3WZysb,Happy Champions League GIF by OneFootball Heads,gif,2025-08-04T07:30:29+0000,1754292629,548554
2026-08-10,sGkjKXy02jm6wjrij1,I Love You Kiss GIF by OneFootball Heads,gif,2025-08-03T14:21:20+0000,1754230880,287613
2026-08-10,m0RdfAX3ZVq56g6Ufb,I Love You Kiss GIF by OneFootball Heads,gif,2025-08-03T14:21:14+0000,1754230874,306722
2026-08-10,lHQGU1fP8dCpgZhRQ8,Sad Its Over GIF by OneFootball Heads,gif,2025-08-03T14:21:06+0000,1754230866,122147
2026-08-10,kvrucA56Ge96PitAIf,Sad Game Over GIF by OneFootball Heads,gif,2025-08-03T14:21:01+0000,1754230861,2079688
2026-08-10,N8j7uvd3K7ewojOxxY,Accuse He Did It GIF by OneFootball Heads,gif,2025-08-03T14:20:55+0000,1754230855,185409
2026-08-10,YFsvkuJTxLc0uuNrhO,Accuse He Did It GIF by OneFootball Heads,gif,2025-08-03T14:20:49+0000,1754230849,9880268
2026-08-10,B7HEiOs673jZ4sYq3q,Betting Game On GIF by OneFootball Heads,gif,2025-08-03T14:20:41+0000,0,0
2026-08-10,49lmGu0eQ7ISpToUTU,Betting All In GIF by OneFootball Heads,gif,2025-08-03T14:20:34+0000,1754230834,2
2026-08-10,QIpziLuXhTywLdbIkQ,Happy We Did It GIF by OneFootball Heads,gif,2025-08-03T14:20:25+0000,1754230825,80197
2026-08-10,TkAIyyDEx6r2Qrm007,Well Done Good Job GIF by OneFootball Heads,gif,2025-08-03T14:20:21+0000,1754230821,202076
2026-08-10,fkhqUwfGzSYOrSTJp9,Excited Lets Go GIF by OneFootball Heads,gif,2025-08-03T14:20:16+0000,1754230816,21467
2026-08-10,x6TIee2JM9pBwc4MBG,Excited Video Game GIF by OneFootball Heads,gif,2025-08-03T14:20:05+0000,1754230805,249988
2026-08-10,YoWUM76JMiAUKm9ggl,Good Vibes Thank You GIF by OneFootball Heads,gif,2025-08-03T14:19:59+0000,1754230799,62629
2026-08-10,6qI2NYWngdAxxVX1zJ,Good Vibes Thank You GIF by OneFootball Heads,gif,2025-08-03T14:19:54+0000,1754230794,70401
2026-08-10,uZ7GOHTYg3w6hAPN9v,Unity We Agree GIF by OneFootball Heads,gif,2025-08-03T14:19:49+0000,1754230789,315146
2026-08-10,5grsDwlqX4kfy71Rdj,Shake Hands Yes GIF by OneFootball Heads,gif,2025-08-03T14:19:43+0000,1754230783,193247
2026-08-10,3Vvcnjhme1hwqwMNke,Whats Going On Hello GIF by OneFootball Heads,gif,2025-07-01T18:21:14+0000,1751394074,308620
2026-08-10,ArFOjTGDqq45OKCAo4,Breathe Slow Down GIF by OneFootball Heads,gif,2025-07-01T18:21:10+0000,1751394070,101695
2026-08-10,ZlBrZ2naavOtI2qSAr,Happy Game Over GIF by OneFootball Heads,gif,2025-07-01T18:21:05+0000,1751394065,200767
2026-08-10,8WBfBgNcz3Ep1OvSUC,Happy Fan Reaction GIF by OneFootball Heads,gif,2025-07-01T18:20:59+0000,1751394059,144769
2026-08-10,AZgI9GQ4S4ul6qcA9u,Football Fan GIF by OneFootball Heads,gif,2025-07-01T18:20:54+0000,1751394054,1393089
2026-08-10,gSJLxCRJSAtTesQIH2,Game Over Football GIF by OneFootball Heads,gif,2025-07-01T18:20:49+0000,1751394049,366761
2026-08-10,3v4WsAL4dC4aMtTKdU,Soccer Wow GIF by OneFootball Heads,gif,2025-07-01T18:20:41+0000,1751394041,187206
2026-08-10,al9NLseK6dPr8Q0mZz,Bored Tv Sports GIF by OneFootball Heads,gif,2025-07-01T18:20:33+0000,1751394033,194517
2026-08-10,xNJVAiSsa1wtC14act,Angry Soccer GIF by OneFootball Heads,gif,2025-07-01T18:20:28+0000,1751394028,605584
2026-08-10,1Brq4LvOtRMIBJQi4U,Bored Game Time GIF by OneFootball Heads,gif,2025-07-01T18:20:22+0000,1751394022,117753
2026-08-10,Vtg7zkTTczN2bvodCG,Stay Hydrated Drink Water GIF by OneFootball Heads,gif,2025-07-01T18:20:17+0000,1751394017,270857
2026-08-10,z1dXRwDsqrjs5KDOML,Bored Old Man GIF by OneFootball Heads,gif,2025-07-01T18:20:11+0000,1751394011,7025907
2026-08-10,l8eIHDVeTwEm5VOjb1,Tv Time Yawn GIF by OneFootball Heads,gif,2025-07-01T18:20:06+0000,1751394006,2588069
2026-08-10,R60s9NrOwv5eTrRPzV,Game Day Chips GIF by OneFootball Heads,gif,2025-07-01T18:20:01+0000,1751394001,235755
2026-08-10,pQxOnCwLvTBG4uf3KD,Angry Over It GIF by OneFootball Heads,gif,2025-07-01T18:19:55+0000,1751393995,938979
2026-08-10,woNoaZZ9V12dyjYjJo,Game Over Football GIF by OneFootball Heads,gif,2025-07-01T18:19:48+0000,1751393988,308804
2026-08-10,X2tAL568gaKEgB9Anv,Football Popping In GIF by OneFootball Heads,gif,2025-07-01T18:19:43+0000,1751393983,120751
2026-08-10,VaHgVrzYDaGrz7JRiX,Sorry Leave Me Alone GIF by OneFootball Heads,gif,2025-07-01T18:19:38+0000,1751393978,279109
2026-08-10,tiqNAs5cs6O0h36elo,Game On Football GIF by OneFootball Heads,gif,2025-07-01T18:19:32+0000,1751393972,242940
2026-08-10,VErfqZkulaxhehX9uN,Lets Go Football GIF by OneFootball Heads,gif,2025-07-01T18:19:26+0000,1751393966,21884
2026-08-10,pPqefCee0DWoNtfPaN,Final Match Kiss GIF by OneFootball Heads,gif,2025-07-01T18:19:20+0000,1751393960,125424
2026-08-10,3oDwGbxOLEg8bEEJIQ,Football Omg GIF by OneFootball Heads,gif,2025-07-01T18:19:15+0000,1751393955,190103
2026-08-10,vXbH7KQWGqNe9heXju,Excited Soccer GIF by OneFootball Heads,gif,2025-07-01T18:19:09+0000,1751393949,61241
2026-08-10,P6CpYQD8EQVdHmbBB7,Game Night Football GIF by OneFootball Heads,gif,2025-07-01T18:18:49+0000,1751393929,114646
2026-08-10,z7kuboVsFhWrC6gJDp,Cool Off Break Time GIF by OneFootball Heads,gif,2025-07-01T18:18:42+0000,1751393922,900036
2026-08-10,FCtjJQzZME69CW6ttp,Football Soccer GIF by OneFootball Heads,gif,2025-07-01T18:18:37+0000,1751393917,273453
2026-08-10,VtZku1FNcJfdfJLPya,Lets Go Football GIF by OneFootball Heads,gif,2025-07-01T18:18:32+0000,1751393912,294693
2026-08-10,w4nv4DunM9a4tOEi3Y,Excited Game Time GIF by OneFootball Heads,gif,2025-07-01T18:18:27+0000,1751393907,129410
2026-08-10,a3sOeDI1ZuE2UEGEjr,Happy Football GIF by OneFootball Heads,gif,2025-07-01T18:18:18+0000,1751393898,50346
2026-08-10,KPVPfTOGhR4ZDXsBWA,Angry Football Fan GIF by OneFootball Heads,gif,2025-07-01T18:18:10+0000,1751393890,61778
2026-08-10,hwIq8i6Qi7UnUGbacf,Angry Game Time GIF by OneFootball Heads,gif,2025-07-01T18:18:01+0000,1751393881,21782
2026-08-10,NnvB50iO7TqUyBzFvl,Big Brain Funny Gif GIF by OneFootball Heads,gif,2025-06-26T12:13:26+0000,1750940006,1471235
2026-08-10,VeQ7R5eLzOiZwny95R,Preach For Real GIF by OneFootball Heads,gif,2025-06-26T12:13:18+0000,1750939998,12006545
2026-08-10,4XEUw17xG7OGK9nuJw,Happy Lets Go GIF by OneFootball Heads,gif,2025-06-26T12:13:13+0000,1750939993,2511609
2026-08-10,I70wiKkwEVZWC2HFAO,Happy Birthday GIF by OneFootball Heads,gif,2025-06-20T19:06:07+0000,1750446367,633400
2026-08-10,fOGrNl1SGyw9ZF5Qeh,Truth Agree GIF by OneFootball Heads,gif,2025-06-20T13:20:39+0000,1750425639,218973
2026-08-10,jzppiGwPog15PVElfH,Good Vibes Chill GIF by OneFootball Heads,gif,2025-06-20T13:20:30+0000,1750425630,93746
2026-08-10,oxj2Z1k2cHtR0oZkqj,Coffee Time Reaction Gif GIF by OneFootball Heads,gif,2025-06-20T13:20:24+0000,1750425624,225762
2026-08-10,TiuUji4KiJvFuzPFYg,Hungry Noodles GIF by OneFootball Heads,gif,2025-06-20T13:20:13+0000,1750425613,535601
2026-08-10,6A9hefwTjvCDMURljb,Game Show Reaction Gif GIF by OneFootball Heads,gif,2025-06-20T13:19:53+0000,1750425593,5472030
2026-08-10,toIRQFAFFCtAWwJveB,Whats Up Hello GIF by OneFootball Heads,gif,2025-06-18T09:53:48+0000,1750240428,319757
2026-08-10,dCqQrUmPgICwfSYzgi,Well Done Yes GIF by OneFootball Heads,gif,2025-06-18T09:53:22+0000,1750240402,54693
2026-08-10,hBt0VjWkZbFRBrBACu,Refreshing Water Bottle GIF by OneFootball Heads,gif,2025-06-18T09:52:56+0000,1750240376,3441039
2026-08-10,9HORd4teDGhOt46fEz,Youre Cute Love You GIF by OneFootball Heads,gif,2025-06-18T09:52:38+0000,1750240358,124636
2026-08-10,tgLpK2WbZhGe0D6UbT,Slow Motion Boom GIF by OneFootball Heads,gif,2025-06-18T09:52:08+0000,1750240328,411610
2026-08-10,y2QSRInUPq9f5evJVB,Stay Calm Market Crash GIF by OneFootball Heads,gif,2025-06-18T09:51:23+0000,1750240283,269901
2026-08-10,N2GUDdRZbdCdUzYkuw,Celebrate Lets Go GIF by OneFootball Heads,gif,2025-06-18T09:50:51+0000,1750240251,409895
2026-08-10,FzxAj0hfgyAdsW40AC,Lets Go Success GIF by OneFootball Heads,gif,2025-06-18T09:50:27+0000,1750240227,38009
2026-08-10,WT9XlpCYQY7PtmCLT4,OneFootball Heads GIF,gif,2025-06-16T07:55:46+0000,1750060546,714732
2026-08-10,FS1BfSHSEcBM7oXgnd,OneFootball Heads GIF,gif,2025-06-13T19:24:38+0000,1749842678,111424
2026-08-10,vaKM2dq2diEh9vUBQP,OneFootball Heads GIF,gif,2025-06-13T19:24:32+0000,1749842672,204630
2026-08-10,gUn5uaz4fhAKi45l4u,OneFootball Heads GIF,gif,2025-06-13T19:24:26+0000,1749842666,266554
2026-08-10,RcKxMa4JVupSJSMnhX,OneFootball Heads GIF,gif,2025-06-13T19:24:21+0000,1749842661,273137
2026-08-17,jKPairXn7E0xJEqa05,Locked In Cooking Sticker by OneFootball Heads,sticker,2026-08-10T07:09:18+0000,1786345758,1665
2026-08-17,jzNfEq4G6PlhcWjGmV,Miss You Sticker by OneFootball Heads,sticker,2026-08-10T07:09:00+0000,1786345740,5801
2026-08-17,askudv60nEFqWPiu2F,Not Listening La La La Sticker by OneFootball Heads,sticker,2026-08-10T07:08:44+0000,1786345724,5015
2026-08-17,gS1Ap1qSUAuXOzcXTe,Picture Smile Sticker by OneFootball Heads,sticker,2026-08-10T07:08:28+0000,1786345708,1996
2026-08-17,PCp60Cx6Gi4nyLdAgN,Wall Defending Sticker by OneFootball Heads,sticker,2026-08-10T07:08:09+0000,1786345689,1613
2026-08-17,MzgtF00ibDEZHZkNPV,Feel Better Take Care Sticker by OneFootball Heads,sticker,2026-08-10T07:07:46+0000,1786345666,1630
2026-08-17,F0VrUFmKKrBimQ9woR,Out Of Office Ooo Sticker by OneFootball Heads,sticker,2026-08-10T07:07:25+0000,1786345645,2368
2026-08-17,CznAgEDyLaic6yT3it,No Money Im Broke Sticker by OneFootball Heads,sticker,2026-08-10T07:07:12+0000,1786345632,3331
2026-08-17,HDcKa4AKZLIbXnJgVg,Bravo Applause Sticker by OneFootball Heads,sticker,2026-08-10T07:06:55+0000,1786345615,976
2026-08-17,CaMmxb3XIcnjsNcooW,Break Time Halftime Sticker by OneFootball Heads,sticker,2026-08-10T07:06:36+0000,1786345596,2015
2026-08-17,CbojCyfv0Pg02Bogxn,Make It Rain Money Sticker by OneFootball Heads,sticker,2026-08-10T07:06:11+0000,1786345571,658
2026-08-17,4hGHgXEoALrkYlKW9m,Handball Referee Sticker by OneFootball Heads,sticker,2026-08-10T07:05:50+0000,1786345550,1927
2026-08-17,hIP7IxySDujDjTcCgk,Locked In Cooking GIF by OneFootball Heads,gif,2026-08-10T07:03:23+0000,1786345403,1972
2026-08-17,mbf00vMY6UbT9h86hi,Locked In Cooking GIF by OneFootball Heads,gif,2026-08-10T07:03:02+0000,1786345382,3082
2026-08-17,YSGYAhBJmO8fZiDyMH,Miss You Football GIF by OneFootball Heads,gif,2026-08-10T07:02:41+0000,1786345361,3005
2026-08-17,GREZfNqe681gUp8ECl,Miss You Football GIF by OneFootball Heads,gif,2026-08-10T07:02:24+0000,1786345344,3804
2026-08-17,x6rwajoFHoTnDGEBmG,Not Listening La La La GIF by OneFootball Heads,gif,2026-08-10T07:02:08+0000,1786345328,2509
2026-08-17,2PSJbtzGkCGH4bR9Md,Not Listening La La La GIF by OneFootball Heads,gif,2026-08-10T07:01:50+0000,1786345310,3832
2026-08-17,c0JrW3Th0N1wNuPFsQ,Football Smile GIF by OneFootball Heads,gif,2026-08-10T07:01:32+0000,1786345292,1289
2026-08-17,vkwh9ULskLJXWptoSI,Football Smile GIF by OneFootball Heads,gif,2026-08-10T07:00:13+0000,1786345213,1448
2026-08-17,uN8wdjnLJ5oRknSFQz,Football Defending GIF by OneFootball Heads,gif,2026-08-10T07:00:06+0000,1786345206,5740
2026-08-17,AuqSnLsurW0tVC7kcu,Football Defending GIF by OneFootball Heads,gif,2026-08-10T06:59:57+0000,1786345197,25766
2026-08-17,81EGk29eiw9H1hpqdY,Feel Better Take Care GIF by OneFootball Heads,gif,2026-08-10T06:59:46+0000,1786345186,4777
2026-08-17,oRUV18AcLTVmArBuy5,Feel Better Take Care GIF by OneFootball Heads,gif,2026-08-10T06:59:34+0000,1786345174,5175
2026-08-17,eSsZhIN2fbG9cZ4qhI,Out Of Office Football GIF by OneFootball Heads,gif,2026-08-10T06:59:18+0000,1786345158,3875
2026-08-17,QZ7VxYXlPLhiWYe26G,Out Of Office Football GIF by OneFootball Heads,gif,2026-08-10T06:59:10+0000,1786345150,4261
2026-08-17,q2pMvxOicWZAx4fa0Q,No Money Football GIF by OneFootball Heads,gif,2026-08-10T06:59:02+0000,0,0
2026-08-17,Io9eZ3VN6CBoH1Q83q,No Money Football GIF by OneFootball Heads,gif,2026-08-10T06:58:55+0000,0,0
2026-08-17,WI86dbD53DB2Ya13yE,Football Applause GIF by OneFootball Heads,gif,2026-08-10T06:58:50+0000,1786345130,2935
2026-08-17,3WtvsRqbAJO3p0nxNG,Football Applause GIF by OneFootball Heads,gif,2026-08-10T06:58:42+0000,1786345122,3261
2026-08-17,Wotgrzr1tPTdfJTrp9,Break Time Football GIF by OneFootball Heads,gif,2026-08-10T06:58:33+0000,1786345113,2760
2026-08-17,obWFB2xqw0881G6uwU,Break Time Football GIF by OneFootball Heads,gif,2026-08-10T06:58:25+0000,1786345105,3930
2026-08-17,pgLuh2aB48Q4ZQQfwV,Make It Rain Football GIF by OneFootball Heads,gif,2026-08-10T06:58:16+0000,0,0
2026-08-17,SD1LVb6H1U0PxIxHbS,Make It Rain Football GIF by OneFootball Heads,gif,2026-08-10T06:58:05+0000,0,0
2026-08-17,NAZYVzLH4TyUPo7KZa,Football Soccer GIF by OneFootball Heads,gif,2026-08-10T06:57:55+0000,1786345075,2371
2026-08-17,ki9w0hQae7VtoRnFmi,Football Soccer GIF by OneFootball Heads,gif,2026-08-10T06:57:45+0000,1786345065,2887
2026-08-17,Y0aIHKXBQx9NLXemZI,Lets Go Yes GIF by OneFootball Heads,gif,2026-08-10T06:57:36+0000,1786345056,1518
2026-08-17,KSIkAZ1MLHevjSqt4O,Lets Go Yes GIF by OneFootball Heads,gif,2026-08-10T06:57:29+0000,1786345049,828
2026-08-17,eXp6TrPKFtz2QlG4Uo,Hold On Brb Sticker by OneFootball Heads,sticker,2026-08-05T04:04:41+0000,1785902681,9829
2026-08-17,MggXsKR6usuo2guR1w,Bbq Smells Good Sticker by OneFootball Heads,sticker,2026-08-05T04:04:24+0000,1785902664,8740
2026-08-17,gU6fbKU11WZGfMjXey,Bbq Smells Good Sticker by OneFootball Heads,sticker,2026-08-05T04:04:14+0000,1785902654,10644
2026-08-17,yBUiOi29DnkVtPnSck,Hold On Brb Sticker by OneFootball Heads,sticker,2026-08-05T04:04:06+0000,1785902646,10318
2026-08-17,9UHt6If8rRUWpqieQ6,Work From Home Meeting Sticker by OneFootball Heads,sticker,2026-08-05T04:03:07+0000,1785902587,2633
2026-08-17,QWxKVnd7vJclaO5KD4,Work From Home Meeting Sticker by OneFootball Heads,sticker,2026-08-05T04:02:54+0000,1785902574,2481
2026-08-17,eEsEr5zx8SiFZxNOFO,Grilling Labor Day Sticker by OneFootball Heads,sticker,2026-08-05T04:02:44+0000,1785902564,3784
2026-08-17,mOfr7vCOfkmMgNZfhM,Grilling Labor Day Sticker by OneFootball Heads,sticker,2026-08-05T04:02:38+0000,1785902558,2809
2026-08-17,4LSRc6JcAvdcJvOele,Awkward Cringe Sticker by OneFootball Heads,sticker,2026-08-05T04:02:32+0000,1785902552,3269
2026-08-17,93ZBUB81lQlO28oAU3,Awkward Cringe Sticker by OneFootball Heads,sticker,2026-08-05T04:02:22+0000,1785902542,3180
2026-08-17,obqQ7nCPajM1XwGMzH,Suspicious Side Eye Sticker by OneFootball Heads,sticker,2026-08-05T04:02:14+0000,1785902534,7691
2026-08-17,aFQPmNaCbkCl3EdYeY,Suspicious Side Eye Sticker by OneFootball Heads,sticker,2026-08-05T04:02:02+0000,1785902522,8508
2026-08-17,ItO7l3CTSHgpeB4Ywp,Well Done Celebration Sticker by OneFootball Heads,sticker,2026-08-05T04:01:54+0000,1785902514,1866
2026-08-17,qpNx80ykZ145lqdEuh,Well Done Celebration Sticker by OneFootball Heads,sticker,2026-08-05T04:01:47+0000,1785902507,1222
2026-08-17,NeC3tEfdVwAx9KLUM0,College Football Saturday Sticker by OneFootball Heads,sticker,2026-08-05T04:01:40+0000,1785902500,2380
2026-08-17,15dUdBxg7yHfnRNU7Y,College Football Saturday Sticker by OneFootball Heads,sticker,2026-08-05T04:01:25+0000,1785902485,2428
2026-08-17,8lSG7jt9Y9Cp31wkzs,Handball Pen Sticker by OneFootball Heads,sticker,2026-08-05T04:01:11+0000,1785902471,2677
2026-08-17,EkcxDEfhpQPDEHLjwJ,Handball Pen Sticker by OneFootball Heads,sticker,2026-08-05T04:01:06+0000,1785902466,2213
2026-08-17,APgneCdOW1Reh0qaf0,Referee Var Sticker by OneFootball Heads,sticker,2026-08-05T04:00:59+0000,1785902459,5023
2026-08-17,Ph7plOOKJNbslxKyrP,Referee Var Sticker by OneFootball Heads,sticker,2026-08-05T04:00:51+0000,1785902451,4373
2026-08-17,nlRq8kEVEGEqLhJXS6,Football Soccer GIF by OneFootball Heads,gif,2026-08-05T04:00:20+0000,1785902420,5087
2026-08-17,gEjdVfmchsJIDdNhHn,Football Soccer GIF by OneFootball Heads,gif,2026-08-05T04:00:14+0000,1785902414,3597
2026-08-17,dQxNr6ZzGMHanmSGNo,Football Smells Good GIF by OneFootball Heads,gif,2026-08-05T03:59:07+0000,1785902347,7394
2026-08-17,MyCyi89mx9JPC9bHv7,Football Smells Good GIF by OneFootball Heads,gif,2026-08-05T03:58:58+0000,1785902338,3637
2026-08-17,Lv5WcXLqEaEuaTO1ZQ,Hold On Football GIF by OneFootball Heads,gif,2026-08-05T03:58:49+0000,1785902329,8200
2026-08-17,1ui7bi7c2bgkwLOVkt,Hold On Football GIF by OneFootball Heads,gif,2026-08-05T03:58:42+0000,1785902322,4175
2026-08-17,Zd7hy7VoGaOTlTsANK,Work From Home Football GIF by OneFootball Heads,gif,2026-08-05T03:58:36+0000,1785902316,5348
2026-08-17,KAno7uyRv1fjZpX8y2,Work From Home Football GIF by OneFootball Heads,gif,2026-08-05T03:58:27+0000,1785902307,3060
2026-08-17,6LwTAchE2sAFi1Acvr,Grilling Labor Day GIF by OneFootball Heads,gif,2026-08-05T03:58:17+0000,1785902297,2116
2026-08-17,x1YB30hC9QDiEToWA1,Grilling Labor Day GIF by OneFootball Heads,gif,2026-08-05T03:58:11+0000,1785902291,2629
2026-08-17,z6IQFfFdVnCWKtTaRv,Awkward Football GIF by OneFootball Heads,gif,2026-08-05T03:58:04+0000,1785902284,2347
2026-08-17,QHoxSv5YXlXOtuE4DW,Awkward Football GIF by OneFootball Heads,gif,2026-08-05T03:57:56+0000,1785902276,2219
2026-08-17,XrVIIbHzGO01bZXhfP,Suspicious Football GIF by OneFootball Heads,gif,2026-08-05T03:57:47+0000,1785902267,3519
2026-08-17,ry6PYSjQZO6MRrR4mP,Well Done Football GIF by OneFootball Heads,gif,2026-08-05T03:57:39+0000,1785902259,4730
2026-08-17,77darDRCvKYK3108SW,Well Done Football GIF by OneFootball Heads,gif,2026-08-05T03:57:32+0000,1785902252,2065
2026-08-17,1zXfmeVx5OsXfSPXZb,College Football GIF by OneFootball Heads,gif,2026-08-05T03:57:21+0000,1785902241,2176
2026-08-17,UpKZHAIHaom7m8oqEG,College Football GIF by OneFootball Heads,gif,2026-08-05T03:57:08+0000,1785902228,2213
2026-08-17,Oy3HDm5jfdMkgrHwrf,Football Soccer GIF by OneFootball Heads,gif,2026-08-05T03:56:52+0000,1785902212,4788
2026-08-17,Py3gKjdj74yZ1xYUDc,Football Soccer GIF by OneFootball Heads,gif,2026-08-05T03:55:04+0000,1785902104,5565
2026-08-17,mN9I9lpyxfZ8Gtkapj,Suspicious Football GIF by OneFootball Heads,gif,2026-08-05T03:54:40+0000,1785902080,2468
2026-08-17,2FxcZ8wpN6fQC5YJ4z,Add Me Friend Request Sticker by OneFootball Heads,sticker,2026-07-28T17:50:52+0000,1785261052,26993
2026-08-17,FpWKtmKDYtFqgQ4F1p,Add Me Friend Request Sticker by OneFootball Heads,sticker,2026-07-28T17:50:38+0000,1785261038,21241
2026-08-17,vilClGRTjSHu0GtpnI,Best Friends Squad Sticker by OneFootball Heads,sticker,2026-07-28T17:50:25+0000,1785261025,10430
2026-08-17,DoNIRpsowBXVQjshzI,Best Friends Squad Sticker by OneFootball Heads,sticker,2026-07-28T17:50:12+0000,1785261012,7369
2026-08-17,z7SQKvGQvXrAtw9e0b,Best Friend Teammates Sticker by OneFootball Heads,sticker,2026-07-28T17:50:00+0000,1785261000,9335
2026-08-17,USPTPyzyOMCwrK5zXw,Best Friend Teammates Sticker by OneFootball Heads,sticker,2026-07-28T17:49:45+0000,1785260985,4074
2026-08-17,xTsdxIAnggFtww1tbS,Friendship Fist Bump Sticker by OneFootball Heads,sticker,2026-07-28T17:49:26+0000,1785260966,7477
2026-08-17,48lOBPTz2RBZlk6s5K,Friendship Fist Bump Sticker by OneFootball Heads,sticker,2026-07-28T17:49:18+0000,1785260958,7234
2026-08-17,ejYsZu3TWsZPu9FeHo,Best Friend Bff Sticker by OneFootball Heads,sticker,2026-07-28T17:49:09+0000,1785260949,29208
2026-08-17,9Ls9XsHDxEiICpkIWJ,Best Friend Bff Sticker by OneFootball Heads,sticker,2026-07-28T17:48:59+0000,1785260939,24550
2026-08-17,P38cOb4eV8zvrGANTG,Miss You Hug Sticker by OneFootball Heads,sticker,2026-07-28T17:48:52+0000,1785260932,26070
2026-08-17,TBERH8SbfqimWzO26A,Miss You Hug Sticker by OneFootball Heads,sticker,2026-07-28T17:48:37+0000,1785260917,8055
2026-08-17,ylQtCW6zrlfGS8glXw,Best Friends Bff Sticker by OneFootball Heads,sticker,2026-07-28T17:48:24+0000,1785260904,7232
2026-08-17,gV15dSeODe88bn6qQR,Best Friends Bff Sticker by OneFootball Heads,sticker,2026-07-28T17:48:09+0000,1785260889,3343
2026-08-17,rWdKQ4rLROfKD3cdLI,Best Friend Friends Sticker by OneFootball Heads,sticker,2026-07-28T17:47:50+0000,1785260870,342284
2026-08-17,ZzOwQgO7FL2HlAGNPK,Best Friend Friends Sticker by OneFootball Heads,sticker,2026-07-28T17:47:33+0000,1785260853,19083
2026-08-17,okTyHZDSQ8u31wyT55,Add Me Friend Request GIF by OneFootball Heads,gif,2026-07-28T17:42:43+0000,1785260563,33533
2026-08-17,s5mc5b4QlA0GqxfiMn,Best Friends Football GIF by OneFootball Heads,gif,2026-07-28T17:42:29+0000,1785260549,12526
2026-08-17,O42P37uJNFbMzRuV98,Best Friend Football GIF by OneFootball Heads,gif,2026-07-28T17:42:17+0000,1785260537,28423
2026-08-17,1pnf06KKMM2qlRmCIj,Football Fist Bump GIF by OneFootball Heads,gif,2026-07-28T17:42:03+0000,1785260523,15189
2026-08-17,NlQfFCNhxuArwRa0yg,Best Friend Football GIF by OneFootball Heads,gif,2026-07-28T17:41:55+0000,1785260515,21335
2026-08-17,qJw4maZ7dvqO6QsGJh,Miss You Hug GIF by OneFootball Heads,gif,2026-07-28T17:41:47+0000,1785260507,26512
2026-08-17,jKFcYsEGnQcAUJrto3,Best Friends Football GIF by OneFootball Heads,gif,2026-07-28T17:41:35+0000,1785260495,18192
2026-08-17,lZZ0LAMaAEOTY0ERz9,Best Friend Football GIF by OneFootball Heads,gif,2026-07-28T17:41:21+0000,1785260481,171898
2026-08-17,BYbzy4UJj3jZGQzObN,Captain America Football Sticker by OneFootball Heads,sticker,2026-07-22T14:55:28+0000,1784732128,3056
2026-08-17,1CtnvXO5JJQFN6DhpR,Captain America Football Sticker by OneFootball Heads,sticker,2026-07-22T14:55:15+0000,1784732115,5600
2026-08-17,MoUvrMYhXbXOYMTXOs,Federico Valverde Football Sticker by OneFootball Heads,sticker,2026-07-22T14:55:00+0000,1784732100,5336
2026-08-17,4mTE4i8Zui0pfyN6Tj,Federico Valverde Football Sticker by OneFootball Heads,sticker,2026-07-22T14:54:48+0000,1784732088,6003
2026-08-17,DkMC0pbvPVy3KNCzzD,The Wizard Football Sticker by OneFootball Heads,sticker,2026-07-22T14:54:35+0000,1784732075,22215
2026-08-17,clne8r9DaMEPN77izy,The Wizard Football Sticker by OneFootball Heads,sticker,2026-07-22T14:54:24+0000,1784732064,22488
2026-08-17,swXwzpLVqMM4Eop4OM,Granit Xhaka Football Sticker by OneFootball Heads,sticker,2026-07-22T14:54:12+0000,1784732052,4355
2026-08-17,d6UTJkeCNSuMgArYQg,Granit Xhaka Football Sticker by OneFootball Heads,sticker,2026-07-22T14:53:59+0000,1784732039,4682
2026-08-17,74V7r5XLB5PcOoGMbA,El Nino Football Sticker by OneFootball Heads,sticker,2026-07-22T14:53:47+0000,1784732027,41821
2026-08-17,TDoPnJKJI06YrVOrtI,El Nino Football Sticker by OneFootball Heads,sticker,2026-07-22T14:53:33+0000,1784732013,42819
2026-08-17,nDcAtQrrztB6tjk8d1,Big Brain Football Sticker by OneFootball Heads,sticker,2026-07-22T14:53:20+0000,1784732000,23121
2026-08-17,rkT6Jth8qRgE1h2Fn2,Big Brain Football Sticker by OneFootball Heads,sticker,2026-07-22T14:53:09+0000,1784731989,39106
2026-08-17,BqKx9z6SmgH9xfzMoU,Football Spain Sticker by OneFootball Heads,sticker,2026-07-22T14:52:57+0000,1784731977,16695
2026-08-17,m7sXoT4sjUcHqlfqFS,Football Spain Sticker by OneFootball Heads,sticker,2026-07-22T14:52:44+0000,1784731964,18386
2026-08-17,4iwyORJpVG7GLfMZvu,South Korea Football Sticker by OneFootball Heads,sticker,2026-07-22T14:51:35+0000,1784731895,33543
2026-08-17,OwaFxnOAJSXQGMJYfE,South Korea Football Sticker by OneFootball Heads,sticker,2026-07-22T14:51:19+0000,1784731879,35656
2026-08-17,e0s868pPHJojxQ4Vgs,Football Mane Sticker by OneFootball Heads,sticker,2026-07-22T14:51:05+0000,1784731865,25656
2026-08-17,KtttnFu2Mr4fZKCeJe,Football Mane Sticker by OneFootball Heads,sticker,2026-07-22T14:50:50+0000,1784731850,38211
2026-08-17,5sWddKfNN6ISDvkDWK,Andy Robertson Football Sticker by OneFootball Heads,sticker,2026-07-22T14:50:33+0000,1784731833,7577
2026-08-17,FRKnlYZ5Sc1GyYRhym,Andy Robertson Football Sticker by OneFootball Heads,sticker,2026-07-22T14:50:17+0000,1784731817,7504
2026-08-17,Gizdqrs09PZXeoD16N,Football Happy Dance Sticker by OneFootball Heads,sticker,2026-07-22T14:49:42+0000,1784731782,1910
2026-08-17,6cX7vet4YAxk5XCPgB,Football Happy Dance Sticker by OneFootball Heads,sticker,2026-07-22T14:49:24+0000,1784731764,3276
2026-08-17,B1AR811Im6IVrbjfbH,Football Portugal Sticker by OneFootball Heads,sticker,2026-07-22T14:47:34+0000,1784731654,1586
2026-08-17,nSbqs9LRfXGcnpxZSo,Football Portugal Sticker by OneFootball Heads,sticker,2026-07-22T14:47:17+0000,1784731637,1795
2026-08-17,DtzZaTXJmluGoVaJzL,Cristiano Ronaldo Football Sticker by OneFootball Heads,sticker,2026-07-22T14:47:01+0000,1784731621,11971
2026-08-17,7js3sdMoAXf6iljz9J,Cristiano Ronaldo Football Sticker by OneFootball Heads,sticker,2026-07-22T14:46:48+0000,1784731608,21181
2026-08-17,fVPVSpEApPhaPTBlFK,Bruno Fernandes Shrug Sticker by OneFootball Heads,sticker,2026-07-22T14:46:35+0000,1784731595,7406
2026-08-17,1VoVsG6WlTCqUv2uSU,Bruno Fernandes Shrug Sticker by OneFootball Heads,sticker,2026-07-22T14:46:24+0000,1784731584,7267
2026-08-17,C4yn5gQdilKTzToTFh,Football Vamos Sticker by OneFootball Heads,sticker,2026-07-22T14:46:01+0000,1784731561,727
2026-08-17,q28otU4WUdpleg49zb,Football Vamos Sticker by OneFootball Heads,sticker,2026-07-22T14:45:49+0000,1784731549,809
2026-08-17,JJeQWqCysrgl8pxNh0,Football Norway Sticker by OneFootball Heads,sticker,2026-07-22T14:45:36+0000,1784731536,7807
2026-08-17,weu7IIXaeX1xtKGHgz,Football Norway Sticker by OneFootball Heads,sticker,2026-07-22T14:45:22+0000,1784731522,3754
2026-08-17,SMwNw54F5yZtqyTXNY,Football Norway Sticker by OneFootball Heads,sticker,2026-07-22T14:45:11+0000,1784731511,35189
2026-08-17,zwhh70RrzFm6xIkbty,Football Norway Sticker by OneFootball Heads,sticker,2026-07-22T14:44:57+0000,1784731497,6851
2026-08-17,V6nWD8hjJ0NqRkwKwf,The Wall Football Sticker by OneFootball Heads,sticker,2026-07-22T14:44:44+0000,1784731484,8508
2026-08-17,RWX2nTNdXEnrfWiZa4,The Wall Football Sticker by OneFootball Heads,sticker,2026-07-22T14:44:32+0000,1784731472,14096
2026-08-17,fT2ecOvmXPJxFkTbWJ,Too Fast Football Sticker by OneFootball Heads,sticker,2026-07-22T14:44:18+0000,1784731458,10826
2026-08-17,GQnycCHR2tSSMXS9oh,Too Fast Football Sticker by OneFootball Heads,sticker,2026-07-22T14:44:06+0000,1784731446,11787
2026-08-17,mHwma9gZf9Anp5nnVR,Raul Jimenez Football Sticker by OneFootball Heads,sticker,2026-07-22T14:43:53+0000,1784731433,4992
2026-08-17,3QOaNhNb8TA085CDrI,Raul Jimenez Football Sticker by OneFootball Heads,sticker,2026-07-22T14:43:40+0000,1784731420,17477
2026-08-17,0kjZf6pew3SqzrzHH7,Too Strong Football Sticker by OneFootball Heads,sticker,2026-07-22T14:39:46+0000,1784731186,17526
2026-08-17,WEC8B0JL2IifWaSoOn,Too Strong Football Sticker by OneFootball Heads,sticker,2026-07-22T14:39:31+0000,1784731171,14885
2026-08-17,ATiZp8tOfAvn28QQ1m,Germany Football Sticker by OneFootball Heads,sticker,2026-07-22T14:39:14+0000,1784731154,5247
2026-08-17,AOXdCCwtj3Jeic1FY0,Germany Football Sticker by OneFootball Heads,sticker,2026-07-22T14:39:04+0000,1784731144,6598
2026-08-17,fBTGAfGgiMyHUuJSIh,Germany Football Sticker by OneFootball Heads,sticker,2026-07-22T14:37:51+0000,1784731071,39900
2026-08-17,XVluxxVNlvj7mOkHVD,Germany Football Sticker by OneFootball Heads,sticker,2026-07-22T14:37:39+0000,1784731059,30633
2026-08-17,23kKeMgwQdsTaTefn7,Germany Football Sticker by OneFootball Heads,sticker,2026-07-22T14:37:25+0000,1784731045,8282
2026-08-17,RE60di0oRWMdq7SDoQ,Germany Football Sticker by OneFootball Heads,sticker,2026-07-22T14:37:14+0000,1784731034,20271
2026-08-17,QED7OaVB6S127veeBk,Germany Football Sticker by OneFootball Heads,sticker,2026-07-22T14:37:01+0000,1784731021,12516
2026-08-17,vhCeQWMJEmFvfjONgE,Germany Football Sticker by OneFootball Heads,sticker,2026-07-22T14:36:49+0000,1784731009,13939
2026-08-17,DYwNxxZXbBlCDPb8Ef,Germany Football Sticker by OneFootball Heads,sticker,2026-07-22T14:36:36+0000,1784730996,3199
2026-08-17,0S2uKh8lb7S9fwEimR,Germany Football Sticker by OneFootball Heads,sticker,2026-07-22T14:36:24+0000,1784730984,3892
2026-08-17,oEgmDtYesxKZLeYfbk,France Football Sticker by OneFootball Heads,sticker,2026-07-22T14:36:12+0000,1784730972,8452
2026-08-17,Pg9FLF1hIKRfew3hKh,France Football Sticker by OneFootball Heads,sticker,2026-07-22T14:35:58+0000,1784730958,8723
2026-08-17,3SkP2Mn8rWCPR7qYs8,France Football Sticker by OneFootball Heads,sticker,2026-07-22T14:35:47+0000,1784730947,20394
2026-08-17,HM50iKLhED7tYTgtrk,France Football Sticker by OneFootball Heads,sticker,2026-07-22T14:35:34+0000,1784730934,22138
2026-08-17,5dhF60l8tjO4UUuTTz,France Football Sticker by OneFootball Heads,sticker,2026-07-22T14:35:22+0000,1784730922,5670
2026-08-17,PmswRSnBQr0RWZ4Bf4,France Football Sticker by OneFootball Heads,sticker,2026-07-22T14:35:11+0000,1784730911,8609
2026-08-17,12h0oJrF1Dl0MHExt2,France Football Sticker by OneFootball Heads,sticker,2026-07-22T14:35:00+0000,1784730900,30770
2026-08-17,bNXwltxLdCxIBUW0oA,France Football Sticker by OneFootball Heads,sticker,2026-07-22T14:34:45+0000,1784730885,29935
2026-08-17,t8SxzpqSbWCkZscsKZ,France Football Sticker by OneFootball Heads,sticker,2026-07-22T14:34:30+0000,1784730870,24577
2026-08-17,bRI1sNgKvZoO69xpZt,France Football Sticker by OneFootball Heads,sticker,2026-07-22T14:34:19+0000,1784730859,26010
2026-08-17,5QdOBPO3tLl2QnMEml,Come On Football Sticker by OneFootball Heads,sticker,2026-07-22T14:34:01+0000,1784730841,7865
2026-08-17,CPfrrA6I7wi4q0blhk,Come On Football Sticker by OneFootball Heads,sticker,2026-07-22T14:32:49+0000,1784730769,7769
2026-08-17,zvQsooz0XRnldcroLB,Football England Sticker by OneFootball Heads,sticker,2026-07-22T14:32:36+0000,1784730756,4933
2026-08-17,y4clWEz09eNed1WsX8,Football England Sticker by OneFootball Heads,sticker,2026-07-22T14:32:23+0000,1784730743,5993
2026-08-17,x1wUUVLTWSgjb61Drl,Harry Kane Football Sticker by OneFootball Heads,sticker,2026-07-22T14:32:12+0000,1784730732,3533
2026-08-17,TgzPQznnOCOG8NIE5T,Harry Kane Football Sticker by OneFootball Heads,sticker,2026-07-22T14:31:59+0000,1784730719,4413
2026-08-17,Dv4oKPwiykQqHhZr1W,Football England Sticker by OneFootball Heads,sticker,2026-07-22T14:31:46+0000,1784730706,14356
2026-08-17,IMNgh51iJQHDWSoMm2,Football England Sticker by OneFootball Heads,sticker,2026-07-22T14:31:31+0000,1784730691,11119
2026-08-17,ocQq23oTR3xieuMKVv,Football England Sticker by OneFootball Heads,sticker,2026-07-22T14:31:18+0000,1784730678,5791
2026-08-17,1djpUfuj1q5zamopKb,Football England Sticker by OneFootball Heads,sticker,2026-07-22T14:31:06+0000,1784730666,2813
2026-08-17,5BgFFHb09dESx7zqli,Football England Sticker by OneFootball Heads,sticker,2026-07-22T14:30:55+0000,1784730655,2902
2026-08-17,2gXb2GoR2fu58PIHhV,Football England Sticker by OneFootball Heads,sticker,2026-07-22T14:30:39+0000,1784730639,6328
2026-08-17,QBNF6zlAHH46DTIM8A,Football England Sticker by OneFootball Heads,sticker,2026-07-22T14:30:26+0000,1784730626,16993
2026-08-17,ETRiqfIqLgrKzy4eOO,Football England Sticker by OneFootball Heads,sticker,2026-07-22T14:30:12+0000,1784730612,850
2026-08-17,VV5t8tfDi28sKVeaOj,Football England Sticker by OneFootball Heads,sticker,2026-07-22T14:29:59+0000,1784730599,2343
2026-08-17,WMsLuEcsJ8txlZ5Oh3,Football England Sticker by OneFootball Heads,sticker,2026-07-22T14:29:45+0000,1784730585,32504
2026-08-17,9joM0t278fxmxw63iM,Mohamed Salah Football Sticker by OneFootball Heads,sticker,2026-07-22T14:29:33+0000,1784730573,21292
2026-08-17,LLJZa29zWpqjzrVNHB,Mohamed Salah Football Sticker by OneFootball Heads,sticker,2026-07-22T14:29:20+0000,1784730560,21236
2026-08-17,6KAGK2RnpkpBJCM8pW,Luka Modric Football Sticker by OneFootball Heads,sticker,2026-07-22T14:29:07+0000,1784730547,6875
2026-08-17,JfYHNaMLT2Our6QZoh,Luka Modric Football Sticker by OneFootball Heads,sticker,2026-07-22T14:28:53+0000,1784730533,6552
2026-08-17,8hx8uoZR5mx3pAnEre,Luis Diaz Football Sticker by OneFootball Heads,sticker,2026-07-22T14:28:36+0000,1784730516,6207
2026-08-17,uRu8dFMCWLKNRlMCmu,Luis Diaz Football Sticker by OneFootball Heads,sticker,2026-07-22T14:28:24+0000,1784730504,6888
2026-08-17,pIQoynVdXIZshkdd9a,Alphonso Davies Football Sticker by OneFootball Heads,sticker,2026-07-22T14:28:08+0000,1784730488,8601
2026-08-17,hJHziY8ehiG4m6HxSV,Alphonso Davies Football Sticker by OneFootball Heads,sticker,2026-07-22T14:27:56+0000,1784730476,9353
2026-08-17,yzc7OYyffaFr1W6Jml,Vinicius Junior Football Sticker by OneFootball Heads,sticker,2026-07-22T14:27:43+0000,1784730463,32048
2026-08-17,fuMmIN2aYzUIYpaWyv,Vinicius Junior Football Sticker by OneFootball Heads,sticker,2026-07-22T14:27:28+0000,1784730448,48035
2026-08-17,NzvXgZXYLnsZBmsdg8,Football Brazil Sticker by OneFootball Heads,sticker,2026-07-22T14:27:14+0000,1784730434,8658
2026-08-17,LhW6KP4Nar6HsqGuKf,Football Brazil Sticker by OneFootball Heads,sticker,2026-07-22T14:27:02+0000,1784730422,9399
2026-08-17,Obpk3J2ge7JTNHLlsG,Alisson Becker Football Sticker by OneFootball Heads,sticker,2026-07-22T14:26:49+0000,1784730409,8428
2026-08-17,j5tlCfRuJaEYe1m3nq,Alisson Becker Football Sticker by OneFootball Heads,sticker,2026-07-22T14:26:36+0000,1784730396,43677
2026-08-17,H1bTEEl6lDeQC55aJ7,Football Belgium Sticker by OneFootball Heads,sticker,2026-07-22T14:26:22+0000,1784730382,12972
2026-08-17,Fk1G76mvlTOS0YUZ5A,Football Belgium Sticker by OneFootball Heads,sticker,2026-07-22T14:26:08+0000,1784730368,16001
2026-08-17,l1mRHDgvYzHZVRI4M0,Lionel Messi Football Sticker by OneFootball Heads,sticker,2026-07-22T14:25:52+0000,1784730352,11072
2026-08-17,0DWKPIIDI9sWSoKa5F,Lionel Messi Football Sticker by OneFootball Heads,sticker,2026-07-22T14:25:38+0000,1784730338,15242
2026-08-17,eRX5a3BHg4ezXw0UCh,Football Argentina Sticker by OneFootball Heads,sticker,2026-07-22T14:25:23+0000,1784730323,12179
2026-08-17,2ltRBrU98eB6SOCvlL,Football Argentina Sticker by OneFootball Heads,sticker,2026-07-22T14:25:11+0000,1784730311,13789
2026-08-17,9LjH7SfiKocKcE5PJv,Sad End Of Summer Sticker by OneFootball Heads,sticker,2026-07-22T14:02:52+0000,1784728972,40427
2026-08-17,gzUNmzVfGkKdMxyHrF,Real Madrid Football Sticker by OneFootball Heads,sticker,2026-07-22T14:02:38+0000,1784728958,18064
2026-08-17,zx3ayFaNycGyE1nZ01,La Roja Celebration Sticker by OneFootball Heads,sticker,2026-07-22T14:01:56+0000,1784728916,17800
2026-08-17,cltZFv7xOOVgJUOrOP,La Roja Celebration Sticker by OneFootball Heads,sticker,2026-07-22T14:01:42+0000,1784728902,15063
2026-08-17,mSUqzqKJXnQJGn8E0u,Tired Coffee Sticker by OneFootball Heads,sticker,2026-07-22T14:01:29+0000,1784728889,3674
2026-08-17,Wn5z9un3Nv5gIepz38,Tired Coffee Sticker by OneFootball Heads,sticker,2026-07-22T14:01:14+0000,1784728874,1508
2026-08-17,UeWsyojUXHXZZbB2bZ,Lets Go Football Sticker by OneFootball Heads,sticker,2026-07-22T14:01:02+0000,1784728862,1529
2026-08-17,4kS6IZ8afwMArzMNt3,Lets Go Football Sticker by OneFootball Heads,sticker,2026-07-22T14:00:45+0000,1784728845,1122
2026-08-17,6C8dDrMGIFZ1kV0kIc,Labor Day Chill Sticker by OneFootball Heads,sticker,2026-07-22T14:00:31+0000,1784728831,26543
2026-08-17,6RL11R4fio6tTZS5B3,Labor Day Chill Sticker by OneFootball Heads,sticker,2026-07-22T14:00:14+0000,1784728814,10956
2026-08-17,kAT28QxsTzw2o9sGe3,Excited Here We Go Sticker by OneFootball Heads,sticker,2026-07-22T13:59:59+0000,1784728799,52952
2026-08-17,uZzDdw53yMluV0UWVF,Excited Here We Go Sticker by OneFootball Heads,sticker,2026-07-22T13:59:46+0000,1784728786,23789
2026-08-17,L6nYUwRlB4locGnAhT,Sad End Of Summer Sticker by OneFootball Heads,sticker,2026-07-22T13:59:34+0000,1784728774,40664
2026-08-17,f2A4QbhaMnmCOac22T,Tired Back To School Sticker by OneFootball Heads,sticker,2026-07-22T13:58:26+0000,1784728706,2400
2026-08-17,ujzbmxCome2mkPrd2s,Tired Back To School Sticker by OneFootball Heads,sticker,2026-07-22T13:58:11+0000,1784728691,2390
2026-08-17,PElQbTO025s7BK5sIP,Meditation Norway Sticker by OneFootball Heads,sticker,2026-07-22T13:57:56+0000,1784728676,146851
2026-08-17,BP9MV9M2iTOdPP2szZ,France Football Sticker by OneFootball Heads,sticker,2026-07-22T13:57:44+0000,1784728664,5605
2026-08-17,sUB4mT5lYLiasBJttS,France Football Sticker by OneFootball Heads,sticker,2026-07-22T13:57:28+0000,1784728648,5120
2026-08-17,85pJRIDsWcRCRBKFhd,Happy Birthday Football Sticker by OneFootball Heads,sticker,2026-07-22T13:57:15+0000,1784728635,6763
2026-08-17,rShS2A9N2fJxhddR73,Happy Birthday Football Sticker by OneFootball Heads,sticker,2026-07-22T13:57:01+0000,1784728621,7730
2026-08-17,v4mRkaIx4POC0DHgUM,Unveiling La Liga Sticker by OneFootball Heads,sticker,2026-07-22T13:56:49+0000,1784728609,10318
2026-08-17,64biIPpOpL0RUNkvRQ,Unveiling La Liga Sticker by OneFootball Heads,sticker,2026-07-22T13:56:34+0000,1784728594,9819
2026-08-17,E0xJwLqR8naax696nQ,Real Madrid Football Sticker by OneFootball Heads,sticker,2026-07-22T13:56:19+0000,1784728579,25143
2026-08-17,ju4JqzNVQrJQULIrQQ,Leo Messi Football Sticker by OneFootball Heads,sticker,2026-07-22T13:55:14+0000,1784728514,13505
2026-08-17,g9LibgOagcZAvPML8w,Leo Messi Football Sticker by OneFootball Heads,sticker,2026-07-22T13:54:59+0000,1784728499,10832
2026-08-17,h3LXEuX6X5Oyq34byu,Football Chill Sticker by OneFootball Heads,sticker,2026-07-22T13:35:09+0000,1784727309,6838
2026-08-17,y9JLObWA6FDyT60nRE,Football Chill Sticker by OneFootball Heads,sticker,2026-07-22T12:51:36+0000,1784724696,5662
2026-08-17,31xRGdGEGzR7zqVT8M,Labor Day Football GIF by OneFootball Heads,gif,2026-07-22T12:32:39+0000,1784723559,26919
2026-08-17,iINaib9YcAXeTPjjZE,Labor Day Football GIF by OneFootball Heads,gif,2026-07-22T12:31:21+0000,1784723481,28568
2026-08-17,KDKNDBHabbk60REZnB,Sad End Of Summer GIF by OneFootball Heads,gif,2026-07-22T12:31:09+0000,1784723469,15859
2026-08-17,O0dGSqMpJcA3Jk5tmZ,Sad End Of Summer GIF by OneFootball Heads,gif,2026-07-22T12:30:59+0000,1784723459,37264
2026-08-17,Lx8INvzlMMlQ8bQNbo,Tired Football GIF by OneFootball Heads,gif,2026-07-22T12:30:45+0000,1784723445,3328
2026-08-17,BUkQuFqMIKmPbzBBH6,Tired Football GIF by OneFootball Heads,gif,2026-07-22T12:30:33+0000,1784723433,9301
2026-08-17,C932EjtWrmuYbX5KYd,Tired Back To School GIF by OneFootball Heads,gif,2026-07-22T12:30:17+0000,1784723417,6865
2026-08-17,FE082NASfhS5hGoRfm,Tired Back To School GIF by OneFootball Heads,gif,2026-07-22T12:30:01+0000,1784723401,3231
2026-08-17,9ReJWTZDpvch3KYppQ,France Football GIF by OneFootball Heads,gif,2026-07-22T12:29:49+0000,1784723389,34827
2026-08-17,KGTieGwsFTzfKxi73d,France Football GIF by OneFootball Heads,gif,2026-07-22T12:29:34+0000,1784723374,24479
2026-08-17,dfwpUHP88TTodHV7xY,Premier League Football GIF by OneFootball Heads,gif,2026-07-22T12:29:16+0000,1784723356,22977
2026-08-17,kkILXGQSJTp4z0TXb7,Premier League Football GIF by OneFootball Heads,gif,2026-07-22T12:29:05+0000,1784723345,47268
2026-08-17,4p4coQ86ez7Ru85vou,Real Madrid Football GIF by OneFootball Heads,gif,2026-07-22T12:28:44+0000,1784723324,10222
2026-08-17,XHhUoP1JW91SPS6GbT,Real Madrid Football GIF by OneFootball Heads,gif,2026-07-22T12:28:31+0000,1784723311,9596
2026-08-17,s0qV5J5dP5lzZkpC1r,Unveiling English GIF by OneFootball Heads,gif,2026-07-22T12:28:20+0000,1784723300,15142
2026-08-17,A5psYAq3PRYT26n0j8,Unveiling English GIF by OneFootball Heads,gif,2026-07-22T12:28:05+0000,1784723285,70741
2026-08-17,rFFMgUw7o0MdXN0Lcv,Spanish Football GIF by OneFootball Heads,gif,2026-07-22T12:27:45+0000,1784723265,6624
2026-08-17,kkOBICGZgUnawZm7If,Spanish Football GIF by OneFootball Heads,gif,2026-07-22T12:27:29+0000,1784723249,8452
2026-08-17,TGQHtxrjS5GuOOdx5W,La Albiceleste Football GIF by OneFootball Heads,gif,2026-07-22T12:27:19+0000,1784723239,4408
2026-08-17,lckVXkNU5pajkTH2Y4,La Albiceleste Football GIF by OneFootball Heads,gif,2026-07-22T12:27:05+0000,1784723225,5732
2026-08-17,vIo7Jz8nfzb8krTpw1,Lets Go Football GIF by OneFootball Heads,gif,2026-07-22T12:26:49+0000,1784723209,3298
2026-08-17,G0FL2jcpanSQMex6pQ,Lets Go Football GIF by OneFootball Heads,gif,2026-07-22T12:26:34+0000,1784723194,17032
2026-08-17,ZmQW2HIzjSKv4646wY,Excited Here We Go GIF by OneFootball Heads,gif,2026-07-22T12:26:21+0000,1784723181,22108
2026-08-17,ADV5RUY8deNWvKXmg9,Excited Here We Go GIF by OneFootball Heads,gif,2026-07-22T12:26:02+0000,1784723162,30735
2026-08-17,20LOqJQZdFCTJzrMA9,Happy Birthday Football GIF by OneFootball Heads,gif,2026-07-22T12:25:48+0000,1784723148,26450
2026-08-17,FGnXiLnpzUXJ27Y8jD,Happy Birthday Football GIF by OneFootball Heads,gif,2026-07-22T12:25:33+0000,1784723133,53411
2026-08-17,N4Aef2XhTGp692NZx7,World Cup Football GIF by OneFootball Heads,gif,2026-07-06T16:44:20+0000,1783356260,53362
2026-08-17,zkn7BLV7uUc5Orkzzr,Happy Football GIF by OneFootball Heads,gif,2026-07-06T16:44:16+0000,1783356256,31694
2026-08-17,UPnKAxvJFJWIJn1NNK,Happy Football GIF by OneFootball Heads,gif,2026-07-06T16:44:11+0000,1783356251,16020
2026-08-17,CKVjlqUmBZdyT7d3W7,World Cup Football GIF by OneFootball Heads,gif,2026-07-06T16:44:00+0000,1783356240,47363
2026-08-17,go703FNMkaozEq7tqJ,World Cup Football GIF by OneFootball Heads,gif,2026-07-06T16:43:55+0000,1783356235,69607
2026-08-17,x61sB9WoV0TIwRSfsR,World Cup Football GIF by OneFootball Heads,gif,2026-07-05T10:20:52+0000,1783246852,9840
2026-08-17,pfDwG4T0vC4IxqS2eN,World Cup Football GIF by OneFootball Heads,gif,2026-07-05T10:20:45+0000,1783246845,13880
2026-08-17,1YIOwyDs2IK6MPvs3f,World Cup Football GIF by OneFootball Heads,gif,2026-07-05T10:20:35+0000,1783246835,10887
2026-08-17,U4iDELyXogCfzk2SPc,World Cup Football GIF by OneFootball Heads,gif,2026-07-05T10:20:29+0000,1783246829,32165
2026-08-17,NzJ2mFSbkzVkj29CYP,World Cup Football GIF by OneFootball Heads,gif,2026-07-05T10:20:22+0000,1783246822,6698
2026-08-17,xW6AwwdTobQgDZ3nAU,World Cup Football GIF by OneFootball Heads,gif,2026-07-05T10:20:15+0000,1783246815,11992
2026-08-17,Pd6VbhzYBpVXqj1D2b,World Cup Football GIF by OneFootball Heads,gif,2026-07-05T10:20:03+0000,1783246803,11374
2026-08-17,bOLdbJxTL32fzUfQ79,Germany Football GIF by OneFootball Heads,gif,2026-07-05T10:19:57+0000,1783246797,14374
2026-08-17,7HLrdcksEhIrZa9Zir,Germany Football GIF by OneFootball Heads,gif,2026-07-05T10:19:50+0000,1783246790,11063
2026-08-17,uKuw4epL1KjAqERkXv,Germany Football GIF by OneFootball Heads,gif,2026-07-05T10:19:44+0000,1783246784,4
2026-08-17,0LBI2fJsWSO88UZip6,World Cup Football GIF by OneFootball Heads,gif,2026-07-05T10:19:38+0000,1783246778,191992
2026-08-17,zysC5B66n65evvIv2j,World Cup Football GIF by OneFootball Heads,gif,2026-07-05T10:19:32+0000,1783246772,14549
2026-08-17,WDTFmWErrBo9vvuMJ5,World Cup Football GIF by OneFootball Heads,gif,2026-07-05T10:19:24+0000,1783246764,54166
2026-08-17,KksuC9fn8zo5RlERgg,World Cup Football GIF by OneFootball Heads,gif,2026-07-05T10:19:17+0000,1783246757,14115
2026-08-17,1gsEMwwsNPO36OxOQK,World Cup Football GIF by OneFootball Heads,gif,2026-07-05T10:19:09+0000,1783246749,19446
2026-08-17,kCbiTm717MlCNnAxeU,France Football GIF by OneFootball Heads,gif,2026-07-05T10:19:02+0000,1783246742,38880
2026-08-17,b7B608uSFXLuR9yWYH,France Football GIF by OneFootball Heads,gif,2026-07-05T10:18:56+0000,1783246736,54090
2026-08-17,4bXiLL05WASnteKd7V,France Football GIF by OneFootball Heads,gif,2026-07-05T10:18:48+0000,1783246728,32422
2026-08-17,FxFgVET0GLKFojvrla,France Football GIF by OneFootball Heads,gif,2026-07-05T10:18:41+0000,1783246721,25413
2026-08-17,5050Byd8dZiD8S7OQo,World Cup Football GIF by OneFootball Heads,gif,2026-07-05T10:18:35+0000,1783246715,29578
2026-08-17,uZCGmkB8j9Y2LrKCgC,World Cup Football GIF by OneFootball Heads,gif,2026-07-05T10:18:30+0000,1783246710,151092
2026-08-17,YEzgbuQKP7ilTDmGni,World Cup Football GIF by OneFootball Heads,gif,2026-07-05T10:18:22+0000,1783246702,10606
2026-08-17,31mHgJnJUAJXIB62kJ,World Cup Football GIF by OneFootball Heads,gif,2026-07-05T10:18:14+0000,1783246694,24788
2026-08-17,V2iTAiTz1UENEuooXW,World Cup Football GIF by OneFootball Heads,gif,2026-07-05T10:18:06+0000,1783246686,40142
2026-08-17,6JNI1PXys4vMII0f9A,World Cup Football GIF by OneFootball Heads,gif,2026-07-05T10:17:57+0000,1783246677,75122
2026-08-17,U0K68elO5NOob4q372,World Cup Football GIF by OneFootball Heads,gif,2026-07-05T10:17:49+0000,1783246669,23095
2026-08-17,A1yl317Qn9BkRcNDyq,Germany Football GIF by OneFootball Heads,gif,2026-07-05T10:17:34+0000,1783246654,10731
2026-08-17,UxIqUYwwUampJ8DTtS,World Cup Football GIF by OneFootball Heads,gif,2026-07-05T10:17:26+0000,1783246646,27360
2026-08-17,ifOOtGdoahRmSdfh4k,Germany Football GIF by OneFootball Heads,gif,2026-07-05T10:17:19+0000,1783246639,21334
2026-08-17,kqkgYGr6YOULDs5Fcn,World Cup Shrug GIF by OneFootball Heads,gif,2026-07-05T10:17:12+0000,1783246632,9012
2026-08-17,RHu5cVwkEKODGJMFhD,World Cup Football GIF by OneFootball Heads,gif,2026-07-05T10:17:05+0000,1783246625,27414
2026-08-17,imjTWu6Vx9k0QJwpv4,World Cup Football GIF by OneFootball Heads,gif,2026-07-05T10:16:58+0000,1783246618,343224
2026-08-17,JdCL1IXkf3ObMe1SIJ,World Cup Football GIF by OneFootball Heads,gif,2026-07-05T10:16:51+0000,1783246611,16708
2026-08-17,jJjpM5aG60awjoTpKb,World Cup Football GIF by OneFootball Heads,gif,2026-07-05T10:16:44+0000,1783246604,83550
2026-08-17,bnqEjEUGGVrwEqWNJ0,World Cup Football GIF by OneFootball Heads,gif,2026-07-05T10:16:36+0000,1783246596,43652
2026-08-17,KyUIjPQuLolO6vfaFD,World Cup Football GIF by OneFootball Heads,gif,2026-07-05T10:16:30+0000,1783246590,49675
2026-08-17,rqRCINmIhqekY7cxwt,World Cup Football GIF by OneFootball Heads,gif,2026-07-05T10:16:13+0000,1783246573,42294
2026-08-17,GxQiKyAy9kzwWgAClZ,World Cup Football GIF by OneFootball Heads,gif,2026-07-05T10:16:06+0000,1783246566,24147
2026-08-17,e0tqAwofWcxXx9iIN2,World Cup Football GIF by OneFootball Heads,gif,2026-07-05T10:15:58+0000,1783246558,34102
2026-08-17,jCb2I9TIDuTGehdSHx,World Cup Football GIF by OneFootball Heads,gif,2026-07-05T10:15:50+0000,1783246550,11880
2026-08-17,ybF46HrsLDFuMrg0NO,France Football GIF by OneFootball Heads,gif,2026-07-05T10:15:42+0000,1783246542,23283
2026-08-17,fFcZ7GbvG7949eU5xg,World Cup Football GIF by OneFootball Heads,gif,2026-07-05T10:15:36+0000,1783246536,37363
2026-08-17,hPd95ZhVUZRpaqfS71,World Cup Football GIF by OneFootball Heads,gif,2026-07-05T10:15:29+0000,1783246529,17740
2026-08-17,RwHdKDHMgbReieccJ4,World Cup Football GIF by OneFootball Heads,gif,2026-07-05T10:15:22+0000,1783246522,17435
2026-08-17,YhWN4jrl9saWCBtYVs,World Cup Football GIF by OneFootball Heads,gif,2026-07-05T10:15:14+0000,1783246514,15155
2026-08-17,BKBmjqo7OhXyBwjnJ1,World Cup Football GIF by OneFootball Heads,gif,2026-07-05T10:15:03+0000,1783246503,26062
2026-08-17,2OZgYoYD7xUPQjGmsl,World Cup Football GIF by OneFootball Heads,gif,2026-07-05T10:14:57+0000,1783246497,25360
2026-08-17,FrixhPI7XEfr3wS5yp,World Cup Football GIF by OneFootball Heads,gif,2026-07-05T10:14:51+0000,1783246491,7442
2026-08-17,mp4uQj1yhchE0FJb19,World Cup Football GIF by OneFootball Heads,gif,2026-07-05T10:14:44+0000,1783246484,88289
2026-08-17,WHFiPP52PG9th1XmMP,World Cup Football GIF by OneFootball Heads,gif,2026-07-05T10:14:36+0000,1783246476,13543
2026-08-17,zC1NmByT5WMiTaMHQS,Germany Football GIF by OneFootball Heads,gif,2026-07-05T10:14:29+0000,1783246469,41639
2026-08-17,dszvmLR6BjdJ3cN3B5,Germany Football GIF by OneFootball Heads,gif,2026-07-05T10:14:23+0000,1783246463,50685
2026-08-17,iRowpDxl0o0Qs0f422,Germany Football GIF by OneFootball Heads,gif,2026-07-05T10:14:18+0000,1783246458,20819
2026-08-17,DvT1BeIHu3ChyybxkR,World Cup Football GIF by OneFootball Heads,gif,2026-07-05T10:14:12+0000,1783246452,49700
2026-08-17,UzKPSpSLYsY3sTLQ7e,World Cup Football GIF by OneFootball Heads,gif,2026-07-05T10:14:03+0000,1783246443,36212
2026-08-17,iVj1jzisyn9qoy0HwT,World Cup Football GIF by OneFootball Heads,gif,2026-07-05T10:13:54+0000,1783246434,37778
2026-08-17,MSUZpSsPXDiTRUuHTL,World Cup Football GIF by OneFootball Heads,gif,2026-07-05T10:13:45+0000,1783246425,14823
2026-08-17,k8u0YOIFdyRsTb950U,World Cup Football GIF by OneFootball Heads,gif,2026-07-05T10:13:38+0000,1783246418,13288
2026-08-17,LcCD3TkQe4SJroMYz5,France Football GIF by OneFootball Heads,gif,2026-07-05T10:13:30+0000,1783246410,24558
2026-08-17,lJGL45KeCLzPSaUgTV,France Football GIF by OneFootball Heads,gif,2026-07-05T10:13:25+0000,1783246405,39509
2026-08-17,X29WgAKGLutorgO69Y,France Football GIF by OneFootball Heads,gif,2026-07-05T10:13:18+0000,1783246398,25207
2026-08-17,6DHkm44QfaRU4jjkTd,France Football GIF by OneFootball Heads,gif,2026-07-05T10:13:11+0000,1783246391,31813
2026-08-17,jQgLlzy0ZT54ZCBLTt,World Cup Football GIF by OneFootball Heads,gif,2026-07-05T10:13:04+0000,1783246384,39252
2026-08-17,nohvpMrEwXy468gDFR,World Cup Football GIF by OneFootball Heads,gif,2026-07-05T10:12:59+0000,1783246379,192612
2026-08-17,5IVmTwSUBkM26gnwiT,World Cup Football GIF by OneFootball Heads,gif,2026-07-05T10:12:51+0000,1783246371,108067
2026-08-17,XPN3II0GRNvYBEbxqs,World Cup Football GIF by OneFootball Heads,gif,2026-07-05T10:12:44+0000,1783246364,40947
2026-08-17,9x7iTJfqgFQMCs0cvY,World Cup Football GIF by OneFootball Heads,gif,2026-07-05T10:12:38+0000,1783246358,46601
2026-08-17,kQRBgO3pn3vEnFTgXa,World Cup Football GIF by OneFootball Heads,gif,2026-07-05T10:12:31+0000,1783246351,69458
2026-08-17,0r0YUGcSj97ueZws1I,World Cup Football GIF by OneFootball Heads,gif,2026-07-05T10:12:24+0000,1783246344,23894
2026-08-17,bzs9ftqVS6wCqrRuWx,Germany Football GIF by OneFootball Heads,gif,2026-07-05T10:12:13+0000,1783246333,83847
2026-08-17,cR1Bnk7j1OAqINYtOY,World Cup Football GIF by OneFootball Heads,gif,2026-07-05T10:12:01+0000,1783246321,18823
2026-08-17,9L7p0XupqB44TIXms9,Germany Football GIF by OneFootball Heads,gif,2026-07-05T10:11:54+0000,1783246314,31156
2026-08-17,4Z5Et8yinfeZ1jfuJF,World Cup Shrug GIF by OneFootball Heads,gif,2026-07-05T10:11:43+0000,1783246303,20692
2026-08-17,hRRHZWBCM1iGz8W69i,World Cup Football GIF by OneFootball Heads,gif,2026-07-05T10:11:29+0000,1783246289,145605
2026-08-17,cZYcjyCHHn2mk1ikmK,World Cup Football GIF by OneFootball Heads,gif,2026-07-05T10:11:22+0000,1783246282,18675
2026-08-17,toz148aIki3hNi79mi,World Cup Football GIF by OneFootball Heads,gif,2026-07-05T10:11:15+0000,1783246275,39455
2026-08-17,saM8smyVfRy2WxXNf3,World Cup Football GIF by OneFootball Heads,gif,2026-07-05T10:11:06+0000,1783246266,57878
2026-08-17,sN3d7kXdPbvjlidiJz,World Cup Football GIF by OneFootball Heads,gif,2026-07-05T10:11:00+0000,1783246260,25963
2026-08-17,S8nncQt2T539fDIA0b,World Cup Football GIF by OneFootball Heads,gif,2026-07-05T10:10:40+0000,1783246240,34259
2026-08-17,2fhhHvDo2dUJMgJFW6,World Cup Football GIF by OneFootball Heads,gif,2026-07-05T10:10:32+0000,1783246232,10617
2026-08-17,cxkFjp3QZGzSh1Iyxz,World Cup Football GIF by OneFootball Heads,gif,2026-07-05T10:10:26+0000,1783246226,25981
2026-08-17,kc5sCk8smIzR9bEVmq,World Cup Football GIF by OneFootball Heads,gif,2026-07-05T10:10:19+0000,1783246219,36092
2026-08-17,syTxsyJjCeublic7d4,France Football GIF by OneFootball Heads,gif,2026-07-05T10:10:12+0000,1783246212,34852
2026-08-17,1yWBEir2xnNtXtsIt9,World Cup Football GIF by OneFootball Heads,gif,2026-07-05T10:10:04+0000,1783246204,94505
2026-08-17,6a3eNd7DeaD1dk11hn,World Cup Football GIF by OneFootball Heads,gif,2026-07-05T10:09:57+0000,1783246197,35706
2026-08-17,eSfJodS0foTOVqrBg1,6 7 Football GIF by OneFootball Heads,gif,2026-06-18T16:43:59+0000,1781801039,18517
2026-08-17,cpWDzbkGXinjazXAsQ,6 7 Football GIF by OneFootball Heads,gif,2026-06-18T16:43:55+0000,1781801035,21644
2026-08-17,JbyrV7bzRuZeOpzb30,World Cup Football GIF by OneFootball Heads,gif,2026-06-18T16:15:03+0000,1781799303,24160
2026-08-17,Do7K8nCJQrwf7gsrRm,World Cup Football GIF by OneFootball Heads,gif,2026-06-18T16:14:56+0000,1781799296,30012
2026-08-17,d07pfKl4LYFx9eOGnG,World Cup Football GIF by OneFootball Heads,gif,2026-06-18T16:14:50+0000,1781799290,39560
2026-08-17,iUmxhJqvJmf1ytmdok,World Cup Football GIF by OneFootball Heads,gif,2026-06-18T16:14:44+0000,1781799284,259487
2026-08-17,65WZEH3DbzTOskjZ9F,World Cup Football GIF by OneFootball Heads,gif,2026-06-18T16:14:38+0000,1781799278,30965
2026-08-17,NU5arjj8ut7RpNelJ9,World Cup Football GIF by OneFootball Heads,gif,2026-06-18T16:14:32+0000,1781799272,72221
2026-08-17,PdVb9g4MVTNgQ2OL26,World Cup Football GIF by OneFootball Heads,gif,2026-06-18T16:14:27+0000,1781799267,48526
2026-08-17,BAvIhFpn2zXzDlaAKV,World Cup Football GIF by OneFootball Heads,gif,2026-06-18T16:14:21+0000,1781799261,78733
2026-08-17,0citpjho00ObF3pMEm,World Cup Football GIF by OneFootball Heads,gif,2026-06-18T16:14:16+0000,1781799256,37173
2026-08-17,QTRlMVKXeT15fGVLbk,World Cup Football GIF by OneFootball Heads,gif,2026-06-18T16:14:10+0000,1781799250,60745
2026-08-17,VOuTYkX8OhXjetxwQ5,World Cup Football GIF by OneFootball Heads,gif,2026-06-18T16:14:01+0000,1781799241,10501
2026-08-17,ioikNOK6094SPdG2gY,World Cup Football GIF by OneFootball Heads,gif,2026-06-18T16:13:55+0000,1781799235,15952
2026-08-17,UHX8Z1xxM7q95ifvMN,World Cup Football GIF by OneFootball Heads,gif,2026-06-18T16:13:49+0000,1781799229,16193
2026-08-17,0iqkjAyJgiCpPLy3Fq,World Cup Football GIF by OneFootball Heads,gif,2026-06-18T16:13:44+0000,1781799224,12075
2026-08-17,RZrRtVNSxivmiqc4ms,World Cup Football GIF by OneFootball Heads,gif,2026-06-18T16:13:38+0000,1781799218,19695
2026-08-17,51xCLRv58gqjYM63YV,World Cup Football GIF by OneFootball Heads,gif,2026-06-18T16:13:32+0000,1781799212,51092
2026-08-17,IbdIiqy5nHTtHJKeuA,World Cup Football GIF by OneFootball Heads,gif,2026-06-18T16:13:26+0000,1781799206,37987
2026-08-17,lUrvU5C0ui1UixvK9l,World Cup Football GIF by OneFootball Heads,gif,2026-06-18T16:13:20+0000,1781799200,37911
2026-08-17,kfjRVgBKSfpje8yaL1,World Cup Football GIF by OneFootball Heads,gif,2026-06-18T16:13:14+0000,1781799194,41978
2026-08-17,8HsLMUNvbQnVzLWcty,World Cup Football GIF by OneFootball Heads,gif,2026-06-18T16:13:08+0000,1781799188,54200
2026-08-17,4iC6WmsVhfZAeGj178,World Cup Football GIF by OneFootball Heads,gif,2026-06-18T16:13:02+0000,1781799182,21127
2026-08-17,oU1Fo2c50feGpaWwDh,World Cup Football GIF by OneFootball Heads,gif,2026-06-18T16:12:55+0000,1781799175,18096
2026-08-17,GW5HlgHeRXwbcIRTAO,World Cup Football GIF by OneFootball Heads,gif,2026-06-18T16:12:48+0000,1781799168,19063
2026-08-17,j4tl0BRFWySCPi8I98,World Cup Football GIF by OneFootball Heads,gif,2026-06-18T16:12:41+0000,1781799161,20005
2026-08-17,Z9OWqReW3I4Jr4MEdB,World Cup Football GIF by OneFootball Heads,gif,2026-06-18T16:12:35+0000,1781799155,14553
2026-08-17,P2dP3D2kAzqcRPPaWr,World Cup Football GIF by OneFootball Heads,gif,2026-06-18T16:12:26+0000,1781799146,10978
2026-08-17,xjLbBByLJ19X487OlI,World Cup Football GIF by OneFootball Heads,gif,2026-06-18T16:12:20+0000,1781799140,21111
2026-08-17,MMQp5dVRWpDk5TKSk3,World Cup Football GIF by OneFootball Heads,gif,2026-06-18T16:12:06+0000,1781799126,12408
2026-08-17,hkJqI1Z2eMIZGjaLGr,World Cup Football GIF by OneFootball Heads,gif,2026-06-18T16:11:59+0000,1781799119,12738
2026-08-17,tFyjXDG8DdgV7jbV1B,World Cup Football GIF by OneFootball Heads,gif,2026-06-18T16:11:53+0000,1781799113,18997
2026-08-17,2jcJ3HFGUHkTyioaUT,World Cup Football GIF by OneFootball Heads,gif,2026-06-18T16:11:46+0000,1781799106,17217
2026-08-17,cIJp8Y1yZVnCzjXSjQ,World Cup Football GIF by OneFootball Heads,gif,2026-06-18T16:11:39+0000,1781799099,16147
2026-08-17,K53ka9tKBWvdlEmEiQ,World Cup Football GIF by OneFootball Heads,gif,2026-06-18T16:11:33+0000,1781799093,13500
2026-08-17,g1TgPevFB2j9fFhIUv,World Cup Football GIF by OneFootball Heads,gif,2026-06-18T16:11:27+0000,1781799087,11027
2026-08-17,KB4yS05ErAJldfsNj8,World Cup Football GIF by OneFootball Heads,gif,2026-06-18T16:11:21+0000,1781799081,31835
2026-08-17,1d6N0pb13wv2X6Qqhh,World Cup Football GIF by OneFootball Heads,gif,2026-06-18T16:11:14+0000,1781799074,33726
2026-08-17,pWYoNgRTTOcpQEGdh4,World Cup Football GIF by OneFootball Heads,gif,2026-06-18T16:11:08+0000,1781799068,21165
2026-08-17,G4bRYCUE94lLd7ftFC,World Cup Football GIF by OneFootball Heads,gif,2026-06-18T16:11:02+0000,1781799062,19544
2026-08-17,YeGuStp7fomlR6Gj8o,World Cup Football GIF by OneFootball Heads,gif,2026-06-18T16:10:55+0000,1781799055,36011
2026-08-17,HKNFJD7cAwpvlYa6p1,World Cup Football GIF by OneFootball Heads,gif,2026-06-18T16:10:49+0000,1781799049,12256
2026-08-17,qNokvWhj3oqF4D5q3D,World Cup Football GIF by OneFootball Heads,gif,2026-06-18T16:10:42+0000,1781799042,11875
2026-08-17,QozR1lmgh6PNPxiPDH,World Cup Football GIF by OneFootball Heads,gif,2026-06-18T16:10:36+0000,1781799036,9488
2026-08-17,F0x8UfLG8yOQPPRCj9,World Cup Football GIF by OneFootball Heads,gif,2026-06-18T16:10:28+0000,1781799028,9266
2026-08-17,xdfUlTMvx8p3k8Taet,World Cup Football GIF by OneFootball Heads,gif,2026-06-18T16:10:20+0000,1781799020,20711
2026-08-17,1qJHVFYH15SpmhSykp,Believe World Cup GIF by OneFootball Heads,gif,2026-06-18T16:10:14+0000,1781799014,36697
2026-08-17,nNlKQlqY4lK6qAxiQV,World Cup Football GIF by OneFootball Heads,gif,2026-06-18T16:10:03+0000,1781799003,115498
2026-08-17,nDLvxkW2XE2ZjcVKQR,World Cup Football GIF by OneFootball Heads,gif,2026-06-18T16:09:56+0000,1781798996,12671
2026-08-17,W04ps2Hb3KrzSRGeh6,World Cup Football GIF by OneFootball Heads,gif,2026-06-18T16:09:48+0000,1781798988,7116
2026-08-17,vgMxyT3D5Nf7YtgLEN,World Cup Football GIF by OneFootball Heads,gif,2026-06-18T14:34:01+0000,1781793241,15664
2026-08-17,NMa7tlk37iWeBOSmwr,World Cup Football GIF by OneFootball Heads,gif,2026-06-18T14:33:55+0000,1781793235,14500
2026-08-17,wyVRFz9fJaE5B8IZ2I,France Football GIF by OneFootball Heads,gif,2026-06-18T14:33:49+0000,1781793229,24771
2026-08-17,w59SdHiwZO84yaEl4U,World Cup Football GIF by OneFootball Heads,gif,2026-06-18T14:33:43+0000,1781793223,81611
2026-08-17,pxIwqllLtTqwkP3P7q,France Football GIF by OneFootball Heads,gif,2026-06-18T14:33:37+0000,1781793217,13116
2026-08-17,5DIPupkmxQqmITQtN1,World Cup Football GIF by OneFootball Heads,gif,2026-06-18T14:33:30+0000,1781793210,234976
2026-08-17,gmEnnJ3Cj1fBPirnyp,World Cup Football GIF by OneFootball Heads,gif,2026-06-18T14:33:25+0000,1781793205,102707
2026-08-17,nRd5z0hIeY7xQz1yai,World Cup Football GIF by OneFootball Heads,gif,2026-06-18T14:33:19+0000,1781793199,60124
2026-08-17,hLlrlSXRBLz2a3Fa9b,World Cup Football GIF by OneFootball Heads,gif,2026-06-18T14:33:12+0000,1781793192,21019
2026-08-17,VUJFF1jbhxVFyUtLTJ,World Cup Football GIF by OneFootball Heads,gif,2026-06-18T14:33:07+0000,1781793187,691640
2026-08-17,YIVMHeeUzrNYt7qSqJ,World Cup Football GIF by OneFootball Heads,gif,2026-06-18T14:33:01+0000,1781793181,47533
2026-08-17,0OVzKdoHvIwJL7RduN,World Cup Football GIF by OneFootball Heads,gif,2026-06-18T14:32:55+0000,1781793175,60059
2026-08-17,Ad00UhfBWCrf6iIraA,World Cup Football GIF by OneFootball Heads,gif,2026-06-18T14:32:49+0000,1781793169,18486
2026-08-17,YOy4wfZdVp39GaHWHa,World Cup Football GIF by OneFootball Heads,gif,2026-06-18T14:32:43+0000,1781793163,22564
2026-08-17,ysB7TRjZlCfK705Qsx,World Cup Football GIF by OneFootball Heads,gif,2026-06-18T14:32:37+0000,1781793157,16714
2026-08-17,oVgehCwEPrMbYJAeuH,France Football GIF by OneFootball Heads,gif,2026-06-18T14:32:30+0000,1781793150,28602
2026-08-17,XYiDNupHyw1MaXyFbY,World Cup Football GIF by OneFootball Heads,gif,2026-06-18T14:32:24+0000,1781793144,64775
2026-08-17,dRdbbodInaw9ngy2et,World Cup Football GIF by OneFootball Heads,gif,2026-06-18T14:32:18+0000,1781793138,34416
2026-08-17,kg26UxATxZow3AsKZZ,World Cup Football GIF by OneFootball Heads,gif,2026-06-18T14:32:12+0000,1781793132,216093
2026-08-17,lGjWSowFgfSI3Q7CuM,World Cup Football GIF by OneFootball Heads,gif,2026-06-18T14:32:01+0000,1781793121,165364
2026-08-17,VaSaGr35NjXb2lexto,World Cup Football GIF by OneFootball Heads,gif,2026-06-18T14:31:56+0000,1781793116,85028
2026-08-17,hftSnrV7jiNn6MkQk4,France Football GIF by OneFootball Heads,gif,2026-06-18T14:31:49+0000,1781793109,27584
2026-08-17,lo0xHsbZsqAXm3DxRm,France Football GIF by OneFootball Heads,gif,2026-06-18T14:31:43+0000,1781793103,12257
2026-08-17,pzLy6Kcx9jyVz05UxB,World Cup Football GIF by OneFootball Heads,gif,2026-06-18T14:31:30+0000,1781793090,19185
2026-08-17,TCYSBvF1McWeOViTdS,World Cup Football GIF by OneFootball Heads,gif,2026-06-18T14:31:23+0000,1781793083,255184
2026-08-17,LgaosMJFuBdaBg4Zqw,World Cup Football GIF by OneFootball Heads,gif,2026-06-18T14:31:18+0000,1781793078,16066
2026-08-17,UpPyFzWrRSSCDjWW5S,France Football GIF by OneFootball Heads,gif,2026-06-18T14:31:12+0000,1781793072,13930
2026-08-17,UiN6zWG0ArXRCn52L0,World Cup Football GIF by OneFootball Heads,gif,2026-06-18T14:31:05+0000,1781793065,18964
2026-08-17,pKUmbMGZ5eNwfcEOwB,World Cup Football GIF by OneFootball Heads,gif,2026-06-18T14:30:59+0000,1781793059,20069
2026-08-17,mnFrveFv1O0NCcXXRg,World Cup Football GIF by OneFootball Heads,gif,2026-06-18T14:30:52+0000,1781793052,60480
2026-08-17,5Cniu3sjAb3IHZD5Bh,World Cup Football GIF by OneFootball Heads,gif,2026-06-18T14:30:47+0000,1781793047,68678
2026-08-17,XB8mTbeXNfl7OIlAkt,World Cup Football GIF by OneFootball Heads,gif,2026-06-18T14:30:42+0000,1781793042,11379
2026-08-17,uYAAG52VMeqNbeKxrw,World Cup Football GIF by OneFootball Heads,gif,2026-06-18T14:30:36+0000,1781793036,20053
2026-08-17,4I8DiIUSUnnTBauMmF,World Cup Football GIF by OneFootball Heads,gif,2026-06-18T14:30:30+0000,1781793030,43583
2026-08-17,mYNEpIFkBXXyA3E2SJ,World Cup Football GIF by OneFootball Heads,gif,2026-06-18T14:30:24+0000,1781793024,107441
2026-08-17,pGYHslrw9ZTEMk9Sn2,World Cup Football GIF by OneFootball Heads,gif,2026-06-18T14:30:18+0000,1781793018,670966
2026-08-17,33ZJlVdrJfJqeZ8YAd,World Cup Football GIF by OneFootball Heads,gif,2026-06-18T14:30:12+0000,1781793012,99922
2026-08-17,RYjyZx74LQ511YUxgW,World Cup Football GIF by OneFootball Heads,gif,2026-06-18T14:30:06+0000,1781793006,64721
2026-08-17,HBz4ZFEBOWzRdBO70e,World Cup Football GIF by OneFootball Heads,gif,2026-06-18T14:30:00+0000,1781793000,1141519
2026-08-17,BEH8snVdAHDiqrRvhv,World Cup Football GIF by OneFootball Heads,gif,2026-06-18T14:29:54+0000,1781792994,28563
2026-08-17,O2iEG5r6EhWWPVCIMl,World Cup Football GIF by OneFootball Heads,gif,2026-06-18T14:29:49+0000,1781792989,123450
2026-08-17,A2z7pVURqwz3BlQdQp,World Cup Football GIF by OneFootball Heads,gif,2026-06-18T14:29:43+0000,1781792983,51609
2026-08-17,U2RkG4c7Vpaz9UnSuZ,World Cup Football GIF by OneFootball Heads,gif,2026-06-18T14:29:36+0000,1781792976,32197
2026-08-17,ApgAv4fFKYE5zQmdet,World Cup Football GIF by OneFootball Heads,gif,2026-06-18T14:29:30+0000,1781792970,16009
2026-08-17,c14InbFxtr5gAFCZfy,World Cup Football GIF by OneFootball Heads,gif,2026-06-18T14:29:24+0000,1781792964,24664
2026-08-17,qY5hBUyiQSBf79ntVr,France Football GIF by OneFootball Heads,gif,2026-06-18T14:29:18+0000,1781792958,12444
2026-08-17,V2cgY6r7FOSTkCgBS1,Germany Football GIF by OneFootball Heads,gif,2026-06-18T14:29:11+0000,1781792951,15341
2026-08-17,KcWVxQd0HvsbqguiXS,France Football GIF by OneFootball Heads,gif,2026-06-18T14:29:04+0000,1781792944,95541
2026-08-17,z2RmddzZET8w5zZtyb,World Cup Football GIF by OneFootball Heads,gif,2026-06-18T14:28:59+0000,1781792939,75241
2026-08-17,GMsykn2kFJhMIBPMb9,World Cup Football GIF by OneFootball Heads,gif,2026-06-18T14:28:53+0000,1781792933,26745
2026-08-17,U6zenm1kWFjycNTkdz,France Football GIF by OneFootball Heads,gif,2026-06-18T14:28:47+0000,1781792927,45859
2026-08-17,V65BD1iwdbErs5NDw7,World Cup Football GIF by OneFootball Heads,gif,2026-06-18T14:28:41+0000,1781792921,33616
2026-08-17,KR0ABF8z9pul0Xn1vj,World Cup Football GIF by OneFootball Heads,gif,2026-06-18T14:28:28+0000,1781792908,16643
2026-08-17,kmGi3ucTvgLv6pA7rE,World Cup Football GIF by OneFootball Heads,gif,2026-06-18T14:28:23+0000,1781792903,41171
2026-08-17,xQNauBqQ1WrqCAPuRE,World Cup Football GIF by OneFootball Heads,gif,2026-06-18T14:28:16+0000,1781792896,25382
2026-08-17,KlL7G6C1HWtdM3YHse,Germany Football GIF by OneFootball Heads,gif,2026-06-18T14:28:10+0000,1781792890,10141
2026-08-17,Jj6MUSSOBIS7iy4cHl,World Cup Football GIF by OneFootball Heads,gif,2026-06-18T14:28:04+0000,1781792884,53336
2026-08-17,o582qaiYg31UCY2MHB,World Cup Football GIF by OneFootball Heads,gif,2026-06-18T14:27:58+0000,1781792878,9117
2026-08-17,MVdhlDm19paYqtsMfF,Germany Football GIF by OneFootball Heads,gif,2026-06-18T14:27:52+0000,1781792872,12429
2026-08-17,M3DQRSj2ZR4BSXZMlX,World Cup Football GIF by OneFootball Heads,gif,2026-06-18T14:27:46+0000,1781792866,29405
2026-08-17,Fh1YBOMQy8ivv5QNzd,World Cup Football GIF by OneFootball Heads,gif,2026-06-18T14:27:41+0000,1781792861,18293
2026-08-17,1L3Mvo7LQ6VfgJJT6I,World Cup Football GIF by OneFootball Heads,gif,2026-06-18T14:27:35+0000,1781792855,129611
2026-08-17,FQaUqL5cxE07TVmEbM,World Cup Football GIF by OneFootball Heads,gif,2026-06-18T14:27:29+0000,1781792849,18438
2026-08-17,D41XyjutopurXno57q,World Cup Football GIF by OneFootball Heads,gif,2026-06-18T14:27:24+0000,1781792844,40600
2026-08-17,zIf83ye6vDhxzHKtUd,Germany Football GIF by OneFootball Heads,gif,2026-06-18T14:27:18+0000,1781792838,15767
2026-08-17,aow0lDW9gAStommdsS,World Cup Football GIF by OneFootball Heads,gif,2026-06-18T14:27:13+0000,1781792833,61598
2026-08-17,wulH1pzgOUFXQQNyor,World Cup Football GIF by OneFootball Heads,gif,2026-06-18T14:27:07+0000,1781792827,16845
2026-08-17,QQeMYCJmSK3CvnW69G,World Cup Football GIF by OneFootball Heads,gif,2026-06-18T14:27:01+0000,1781792821,25243
2026-08-17,UR5a8u78Xa7VdtyJIS,World Cup Football GIF by OneFootball Heads,gif,2026-06-18T14:26:56+0000,1781792816,37503
2026-08-17,9IwfTwulCPEiDADHzx,World Cup Football GIF by OneFootball Heads,gif,2026-06-18T14:26:49+0000,1781792809,52457
2026-08-17,29Z7C8nHD9ijZuMqTV,World Cup Football GIF by OneFootball Heads,gif,2026-06-18T14:26:43+0000,1781792803,62810
2026-08-17,7uuBgvGPs6E5EttML4,World Cup Football GIF by OneFootball Heads,gif,2026-06-18T14:26:37+0000,1781792797,13755
2026-08-17,4QXKOejCxZAOvUfjxZ,World Cup Football GIF by OneFootball Heads,gif,2026-06-18T14:26:30+0000,1781792790,59024
2026-08-17,p6hxl3FX2QtPN1eWsj,World Cup Football GIF by OneFootball Heads,gif,2026-06-18T14:26:24+0000,1781792784,169266
2026-08-17,HviuxhG9WFXzbBpjJe,World Cup Football GIF by OneFootball Heads,gif,2026-06-18T14:26:13+0000,1781792773,27919
2026-08-17,5b6DvVHMPq5kG9QBE7,World Cup Football GIF by OneFootball Heads,gif,2026-06-18T14:26:06+0000,1781792766,11408
2026-08-17,Zw9IYZoi4lR40x6kOh,World Cup Football GIF by OneFootball Heads,gif,2026-06-18T14:25:59+0000,1781792759,64041
2026-08-17,FXlBfysZeccejSPXLN,World Cup Football GIF by OneFootball Heads,gif,2026-06-18T14:25:54+0000,1781792754,36921
2026-08-17,j70G4xGbIAyl69HjSG,World Cup Football GIF by OneFootball Heads,gif,2026-06-18T14:25:47+0000,1781792747,46447
2026-08-17,qvGvze34SYzFy0IOjo,World Cup Football GIF by OneFootball Heads,gif,2026-06-18T14:25:41+0000,1781792741,28424
2026-08-17,XIxeCLHT9zVohiL4T9,World Cup Football GIF by OneFootball Heads,gif,2026-06-18T14:25:35+0000,1781792735,74710
2026-08-17,nfDB8cFWhS4Dee2sgL,France Football GIF by OneFootball Heads,gif,2026-06-18T14:25:29+0000,1781792729,24208
2026-08-17,yiNGJnacgioeujOFDw,France Football GIF by OneFootball Heads,gif,2026-06-18T14:25:24+0000,1781792724,30132
2026-08-17,UM7sju7MO1wK6KpVdR,World Cup Football GIF by OneFootball Heads,gif,2026-06-18T14:25:18+0000,1781792718,14970
2026-08-17,2AHzoH7CI4TQeyzYCD,France Football GIF by OneFootball Heads,gif,2026-06-18T14:25:12+0000,1781792712,18244
2026-08-17,RUcKKOR9LAGm3Sy9CY,World Cup Football GIF by OneFootball Heads,gif,2026-06-18T14:25:06+0000,1781792706,193188
2026-08-17,ymR0THwsC0ryufBoCC,World Cup Football GIF by OneFootball Heads,gif,2026-06-18T13:00:11+0000,1781787611,114281
2026-08-17,l5ZWNLnfskv9LTE03S,World Cup Football GIF by OneFootball Heads,gif,2026-06-18T12:59:41+0000,1781787581,33662
2026-08-17,GGxYV9J86hAuLOftmX,World Cup Football GIF by OneFootball Heads,gif,2026-06-18T12:59:35+0000,1781787575,94889
2026-08-17,YRgKKGuDWNqdVKUsJK,World Cup Football GIF by OneFootball Heads,gif,2026-06-18T12:59:29+0000,1781787569,56640
2026-08-17,sgLnfOIYS7BUIHXUxC,World Cup Football GIF by OneFootball Heads,gif,2026-06-18T12:59:23+0000,1781787563,23008
2026-08-17,hvHkkgdpNyYBCNwWii,World Cup Football GIF by OneFootball Heads,gif,2026-06-18T12:59:17+0000,1781787557,25682
2026-08-17,ocHIQm4HwUXQHcA1U0,World Cup Football GIF by OneFootball Heads,gif,2026-06-18T12:59:12+0000,1781787552,11010
2026-08-17,hZtR0YEJJ66b1a0Yrb,World Cup Football GIF by OneFootball Heads,gif,2026-06-18T12:59:06+0000,1781787546,11795
2026-08-17,QSA6gWBwyyXJIzo0gE,World Cup Football GIF by OneFootball Heads,gif,2026-06-18T12:59:00+0000,1781787540,15787
2026-08-17,99L1Ri4cmx4aZ82imT,World Cup Football GIF by OneFootball Heads,gif,2026-06-18T12:58:52+0000,1781787532,66786
2026-08-17,T0MPbboDiC4fnKtpKF,World Cup Football GIF by OneFootball Heads,gif,2026-06-18T12:58:48+0000,1781787528,69635
2026-08-17,XCGc4SGOCWsIxXCteW,World Cup Football GIF by OneFootball Heads,gif,2026-06-18T12:58:42+0000,1781787522,112126
2026-08-17,zSoJATxvNy74D0WE4l,World Cup Football GIF by OneFootball Heads,gif,2026-06-18T12:58:36+0000,1781787516,78971
2026-08-17,uCLrRaHsmPHmSNVkY8,World Cup Football GIF by OneFootball Heads,gif,2026-06-18T12:58:30+0000,1781787510,77126
2026-08-17,tsiV9e5BNYJs9N63xu,World Cup Football GIF by OneFootball Heads,gif,2026-06-18T12:58:25+0000,1781787505,422294
2026-08-17,vWQ3cNvlZdFGn4P8mC,World Cup Football GIF by OneFootball Heads,gif,2026-06-18T12:58:20+0000,1781787500,18968
2026-08-17,m6uaoa7xX7Dg2HnF6p,World Cup Football GIF by OneFootball Heads,gif,2026-06-18T12:58:12+0000,1781787492,11511
2026-08-17,tG40NFJ94fjjn3vRXR,World Cup Football GIF by OneFootball Heads,gif,2026-06-18T12:58:01+0000,1781787481,69386
2026-08-17,Gs7S4vm03HWudtCUxT,World Cup Football GIF by OneFootball Heads,gif,2026-06-18T12:57:56+0000,1781787476,77963
2026-08-17,lDvigQV6SivDb1PP17,World Cup Football GIF by OneFootball Heads,gif,2026-06-18T12:57:51+0000,1781787471,44524
2026-08-17,6nsJtjKzfX0DYG6Fg8,World Cup Football GIF by OneFootball Heads,gif,2026-06-18T12:57:47+0000,1781787467,42761
2026-08-17,SQwDBfwWSCoRe4PcNJ,World Cup Football GIF by OneFootball Heads,gif,2026-06-18T12:57:43+0000,1781787463,27319
2026-08-17,UwKnpGaeFmihxIEt4Z,World Cup Football GIF by OneFootball Heads,gif,2026-06-18T12:57:38+0000,1781787458,49275
2026-08-17,TfKAAlWTfJBh06kQ5S,World Cup Football GIF by OneFootball Heads,gif,2026-06-18T12:57:33+0000,1781787453,31137
2026-08-17,rI4yCkQXsGkvkN6qQy,World Cup Football GIF by OneFootball Heads,gif,2026-06-18T12:57:28+0000,1781787448,18457
2026-08-17,x6u2P1xWEqpnimsun6,World Cup Football GIF by OneFootball Heads,gif,2026-06-18T12:57:22+0000,1781787442,59128
2026-08-17,aFoEcC8r12zpxNNvSz,World Cup Football GIF by OneFootball Heads,gif,2026-06-18T12:57:16+0000,1781787436,12700
2026-08-17,Atdw4UUjkYNWJaCahh,World Cup Football GIF by OneFootball Heads,gif,2026-06-18T12:57:11+0000,1781787431,14459
2026-08-17,2XhJxylc2hyATdyLCy,World Cup Football GIF by OneFootball Heads,gif,2026-06-18T12:57:05+0000,1781787425,50791
2026-08-17,NZNjSEXDfUQbmupjJW,World Cup Football GIF by OneFootball Heads,gif,2026-06-18T12:56:59+0000,1781787419,76128
2026-08-17,a8ZxCyyxdwfSsqTwsL,World Cup Football GIF by OneFootball Heads,gif,2026-06-18T12:56:54+0000,1781787414,97752
2026-08-17,PJDjRlqkTOWG8CAWNa,World Cup Football GIF by OneFootball Heads,gif,2026-06-18T12:56:48+0000,1781787408,68092
2026-08-17,5bLSkn2OEV2LU4IPHI,World Cup Football GIF by OneFootball Heads,gif,2026-06-18T12:56:42+0000,1781787402,44270
2026-08-17,cYELoocQoVRmY2GRJq,World Cup Football GIF by OneFootball Heads,gif,2026-06-18T12:56:35+0000,1781787395,229225
2026-08-17,tRWPZFwfKYTcaQ0Vut,World Cup Football GIF by OneFootball Heads,gif,2026-06-18T12:56:28+0000,1781787388,18217
2026-08-17,kAZI2CjoJeDdkShdIp,World Cup Football GIF by OneFootball Heads,gif,2026-06-18T12:56:24+0000,1781787384,12876
2026-08-17,hVlGeCHhXYdIj5VuGy,World Cup Football GIF by OneFootball Heads,gif,2026-06-18T12:56:18+0000,1781787378,17767
2026-08-17,WxKKJGKsUUWPJgkf4N,World Cup Football GIF by OneFootball Heads,gif,2026-06-18T12:56:13+0000,1781787373,60742
2026-08-17,WxxWLGWv6UUZdsT2lS,World Cup Football GIF by OneFootball Heads,gif,2026-06-18T12:56:07+0000,1781787367,80925
2026-08-17,btR3gAi7NqgMjA2aNz,World Cup Football GIF by OneFootball Heads,gif,2026-06-18T12:55:31+0000,1781787331,10101
2026-08-17,3bdT6rswZrdJAAXyIY,World Cup Football GIF by OneFootball Heads,gif,2026-06-18T12:55:26+0000,1781787326,17045
2026-08-17,tPrbmCVHFFg7K72O3L,World Cup Football GIF by OneFootball Heads,gif,2026-06-18T12:55:20+0000,1781787320,9465
2026-08-17,K4y1b339hvcqk45WJ9,World Cup Football GIF by OneFootball Heads,gif,2026-06-18T12:55:15+0000,1781787315,237009
2026-08-17,oLP7BIj99u0sFUlnsV,World Cup Football GIF by OneFootball Heads,gif,2026-06-18T12:55:09+0000,1781787309,20210
2026-08-17,x3LVct059nDJWWHnBs,World Cup Football GIF by OneFootball Heads,gif,2026-06-18T12:55:04+0000,1781787304,21941
2026-08-17,yK7UnYilNJehrLYsIm,World Cup Football GIF by OneFootball Heads,gif,2026-06-18T12:54:59+0000,1781787299,76695
2026-08-17,gWRf9HI5C42rN1HirJ,World Cup Football GIF by OneFootball Heads,gif,2026-06-18T12:54:53+0000,1781787293,101491
2026-08-17,xoGxhyhEQOp0jXphxx,World Cup Football GIF by OneFootball Heads,gif,2026-06-18T12:54:47+0000,1781787287,175378
2026-08-17,J3HhbqcC2mKM6eetbu,World Cup Football GIF by OneFootball Heads,gif,2026-06-18T12:54:42+0000,1781787282,47046
2026-08-17,DArpiMDTC0np9ytWe8,World Cup Football GIF by OneFootball Heads,gif,2026-06-18T12:54:37+0000,1781787277,38709
2026-08-17,hUgUnBmpjUXA8w2eBC,World Cup Football GIF by OneFootball Heads,gif,2026-06-18T12:54:32+0000,1781787272,67410
2026-08-17,RjBXlk32cZwWJwL4gS,World Cup Football GIF by OneFootball Heads,gif,2026-06-18T12:54:27+0000,1781787267,18277
2026-08-17,ZeK2ek6RtyEL73iY0B,World Cup Football GIF by OneFootball Heads,gif,2026-06-18T12:54:20+0000,1781787260,46818
2026-08-17,bff86XIkSNuway0pUU,World Cup Football GIF by OneFootball Heads,gif,2026-06-18T12:54:16+0000,1781787256,91937
2026-08-17,IvciiQcSOnH7gFlwnK,World Cup Football GIF by OneFootball Heads,gif,2026-06-18T12:54:11+0000,1781787251,49597
2026-08-17,9F3kTka3lWs1MoyUW4,World Cup Football GIF by OneFootball Heads,gif,2026-06-18T12:54:03+0000,1781787243,46568
2026-08-17,ncRqGV6vGvUMh7oR7x,World Cup Football GIF by OneFootball Heads,gif,2026-06-18T12:53:56+0000,1781787236,145795
2026-08-17,gMAqaGlYLH1LnHhSQu,World Cup Football GIF by OneFootball Heads,gif,2026-06-18T12:53:51+0000,1781787231,23885
2026-08-17,kg7ti21Zmn5y1AtniN,World Cup Football GIF by OneFootball Heads,gif,2026-06-18T12:53:46+0000,1781787226,58083
2026-08-17,XR7PHHrmVHtqEK1gol,World Cup Football GIF by OneFootball Heads,gif,2026-06-18T12:53:40+0000,1781787220,348562
2026-08-17,HeFCcdgF37XybNbJM1,World Cup Football GIF by OneFootball Heads,gif,2026-06-18T12:53:35+0000,1781787215,30365
2026-08-17,XniMEEmJBr9ukfaFPg,World Cup Football GIF by OneFootball Heads,gif,2026-06-18T12:53:30+0000,1781787210,16322
2026-08-17,z3cQyCScaa6eQAPGxM,World Cup Football GIF by OneFootball Heads,gif,2026-06-18T12:53:25+0000,1781787205,29394
2026-08-17,bbd845md4bBhtzxnP2,World Cup Football GIF by OneFootball Heads,gif,2026-06-18T12:53:20+0000,1781787200,18881
2026-08-17,IhRt3YlSBJDDGKmVfA,World Cup Football GIF by OneFootball Heads,gif,2026-06-18T12:53:15+0000,1781787195,15866
2026-08-17,ob50T7GkSbkLLSRhQn,World Cup Football GIF by OneFootball Heads,gif,2026-06-18T12:53:10+0000,1781787190,16821
2026-08-17,2MJOk63MZDgJLnCWbP,Germany Football GIF by OneFootball Heads,gif,2026-06-18T12:53:05+0000,1781787185,9122
2026-08-17,tUcJ0CqH4BsIKAIDrB,Germany Football GIF by OneFootball Heads,gif,2026-06-18T12:53:00+0000,1781787180,20176
2026-08-17,HOOTxxN5gUjEhJDUzT,Germany Football GIF by OneFootball Heads,gif,2026-06-18T12:52:54+0000,1781787174,13467
2026-08-17,MibqmLIdqxwQepv1u4,France Football GIF by OneFootball Heads,gif,2026-06-18T12:52:50+0000,1781787170,19704
2026-08-17,zQxSWfx8MQYyxMzLTW,France Football GIF by OneFootball Heads,gif,2026-06-18T12:52:43+0000,1781787163,32346
2026-08-17,QgBxz4jlNWpq4U0VBL,France Football GIF by OneFootball Heads,gif,2026-06-18T12:52:37+0000,1781787157,31352
2026-08-17,akR7RsXOEBsCpVxsp6,World Cup Football GIF by OneFootball Heads,gif,2026-06-18T12:52:32+0000,1781787152,16894
2026-08-17,Foo1QLxlFskrsgYXD8,World Cup Football GIF by OneFootball Heads,gif,2026-06-18T12:52:25+0000,1781787145,66210
2026-08-17,JGpns399tHOQYO7P9u,World Cup Football GIF by OneFootball Heads,gif,2026-06-18T12:52:18+0000,1781787138,26095
2026-08-17,aZhAXcAN33Makb02CK,World Cup Football GIF by OneFootball Heads,gif,2026-06-18T12:52:12+0000,1781787132,144039
2026-08-17,mruAYNxpRfWT7zWOVa,World Cup Football GIF by OneFootball Heads,gif,2026-06-18T12:52:04+0000,1781787124,83434
2026-08-17,dgXu5U7aMzbfILnDcj,World Cup Football GIF by OneFootball Heads,gif,2026-06-18T12:51:59+0000,1781787119,244613
2026-08-17,d6ZMxXqdHwzsYsjIfP,World Cup Football GIF by OneFootball Heads,gif,2026-06-18T12:51:54+0000,1781787114,25323
2026-08-17,QoVAe2QifgvhK2rnTG,Si Se Puede World Cup GIF by OneFootball Heads,gif,2026-06-18T12:51:49+0000,1781787109,184614
2026-08-17,NFlNPPsEU6FSGuOk3e,World Cup Football GIF by OneFootball Heads,gif,2026-06-18T12:51:43+0000,1781787103,118369
2026-08-17,pq5a9erYX0mupYAw0r,World Cup Football GIF by OneFootball Heads,gif,2026-06-18T12:51:38+0000,1781787098,9645
2026-08-17,9Se0FcKFZFCt7lM2x3,World Cup Football GIF by OneFootball Heads,gif,2026-06-18T12:51:33+0000,1781787093,10187
2026-08-17,9YVJ3QFI0T2T1huuOt,World Cup Football GIF by OneFootball Heads,gif,2026-06-18T12:51:29+0000,1781787089,28020
2026-08-17,M466iBsWoTlNojJbyk,World Cup Football GIF by OneFootball Heads,gif,2026-06-18T12:51:23+0000,1781787083,37698
2026-08-17,Ksyo02KzynpxSGIdiu,World Cup Football GIF by OneFootball Heads,gif,2026-06-18T12:51:19+0000,1781787079,44767
2026-08-17,EsTiklBWYzosIzPluo,World Cup Football GIF by OneFootball Heads,gif,2026-06-18T12:51:14+0000,1781787074,36920
2026-08-17,xd0DzHA90wF0QspRKE,World Cup Football GIF by OneFootball Heads,gif,2026-06-18T12:51:09+0000,1781787069,197552
2026-08-17,AhaWzd6OjdlgzY8poL,World Cup Football GIF by OneFootball Heads,gif,2026-06-18T12:51:03+0000,1781787063,16721
2026-08-17,fLLDOs1PXL5od8aETL,World Cup Football GIF by OneFootball Heads,gif,2026-06-18T12:50:59+0000,1781787059,10264
2026-08-17,AkjBpF1TnoWQNI57N8,World Cup Football GIF by OneFootball Heads,gif,2026-06-18T12:50:54+0000,1781787054,15524
2026-08-17,wvmHbFg1ExLSSKMaOD,World Cup Football GIF by OneFootball Heads,gif,2026-06-18T12:50:49+0000,1781787049,136981
2026-08-17,8tQLdg1TjgKBuuPbco,World Cup Football GIF by OneFootball Heads,gif,2026-06-18T12:50:43+0000,1781787043,452452
2026-08-17,Ei2OUMXIhbpl8zcg07,World Cup Football GIF by OneFootball Heads,gif,2026-06-18T12:50:37+0000,1781787037,30890
2026-08-17,1knediJpPduWeBBS7N,World Cup Football GIF by OneFootball Heads,gif,2026-06-18T12:50:32+0000,1781787032,33750
2026-08-17,eGITs6JOnYa9vtjIwc,World Cup Football GIF by OneFootball Heads,gif,2026-06-18T12:50:26+0000,1781787026,95882
2026-08-17,ywVDodGGYpgsU7vb0Q,World Cup Football GIF by OneFootball Heads,gif,2026-06-18T12:50:20+0000,1781787020,54057
2026-08-17,LIqRddsJ488WR7JkgG,World Cup Football GIF by OneFootball Heads,gif,2026-06-18T12:50:14+0000,1781787014,143883
2026-08-17,dBEeUL0mbzScibZaSv,World Cup Football GIF by OneFootball Heads,gif,2026-06-18T12:50:09+0000,1781787009,21558
2026-08-17,s4hSWA7C4PRGJwjwkp,World Cup Football GIF by OneFootball Heads,gif,2026-06-18T12:50:03+0000,1781787003,22399
2026-08-17,kAVvf8QMmCmXU7NDA6,World Cup Football GIF by OneFootball Heads,gif,2026-06-18T12:49:59+0000,1781786999,11293
2026-08-17,XHby9xOM0HPzPJ6tqF,World Cup Football GIF by OneFootball Heads,gif,2026-06-18T12:49:53+0000,1781786993,12528
2026-08-17,LM6727wPq5tzhvVLMJ,World Cup Football GIF by OneFootball Heads,gif,2026-06-18T12:49:48+0000,1781786988,110632
2026-08-17,RJZFIKDrvM9UVstlHg,World Cup Football GIF by OneFootball Heads,gif,2026-06-18T12:49:42+0000,1781786982,106352
2026-08-17,tZ7DeEmaE9nn2rqcF3,World Cup Football GIF by OneFootball Heads,gif,2026-06-18T12:49:36+0000,1781786976,128769
2026-08-17,XQGaZGKKKFL5DGdt4Y,Vamos Argentina World Cup GIF by OneFootball Heads,gif,2026-06-18T12:49:31+0000,1781786971,153363
2026-08-17,wdwglOfifi6NYq9tjO,World Cup Football GIF by OneFootball Heads,gif,2026-06-18T12:49:26+0000,1781786966,46040
2026-08-17,Lg6tJBqeg7Z8iHTvJK,World Cup Football GIF by OneFootball Heads,gif,2026-06-18T12:49:20+0000,1781786960,206819
2026-08-17,VFmjfFzMv0JETVuokv,World Cup Football GIF by OneFootball Heads,gif,2026-06-18T12:49:11+0000,1781786951,633679
2026-08-17,X8U2NmVTuTntFxGesd,Football Fan Vacation GIF by OneFootball Heads,gif,2026-05-22T01:55:27+0000,1779414927,249618
2026-08-17,An7uqeayxR5J8dKHu4,Level Up Football Meme GIF by OneFootball Heads,gif,2026-05-22T01:55:13+0000,1779414913,125653
2026-08-17,WCIkiuYpS3S6XKV8Rn,Cope Football Fan GIF by OneFootball Heads,gif,2026-05-22T01:55:00+0000,1779414900,45617
2026-08-17,QytjwhKBE2ObyydwQb,Big Game Matchday GIF by OneFootball Heads,gif,2026-05-22T01:54:53+0000,1779414893,147231
2026-08-17,Jzp6EmR66Abn9ExWls,Football Fan Transfer GIF by OneFootball Heads,gif,2026-05-22T01:54:39+0000,1779414879,50030
2026-08-17,6UDc6ioncYRxWDnp0G,Signing Football Fan GIF by OneFootball Heads,gif,2026-05-22T01:54:32+0000,1779414872,247290
2026-08-17,2FbqKii3sahcmtOgU2,Opening Day Hype GIF by OneFootball Heads,gif,2026-05-22T01:54:23+0000,1779414863,38948
2026-08-17,592ZMrdelj8j8DlQ2w,Football Fan Summer GIF by OneFootball Heads,gif,2026-05-22T01:54:17+0000,1779414857,60288
2026-08-17,R3h2NcJNbFNBpS4g6q,Out Of Office Season GIF by OneFootball Heads,gif,2026-05-22T01:54:10+0000,1779414850,149005
2026-08-17,b40vcDOn7iizajr2oM,Football Fan Scout GIF by OneFootball Heads,gif,2026-05-22T01:53:30+0000,1779414810,172807
2026-08-17,JhkFcH98uvMrnDgmn6,Sarcastic Football Fan GIF by OneFootball Heads,gif,2026-05-22T01:53:22+0000,1779414802,47422
2026-08-17,JkGNpFYB3cY7FHn9sx,Champions League Vibes GIF by OneFootball Heads,gif,2026-05-22T01:53:15+0000,1779414795,22964
2026-08-17,DBNUsVBmNhdqMaetuc,Champions League Knockout GIF by OneFootball Heads,gif,2026-05-22T01:53:08+0000,1779414788,34261
2026-08-17,dxie0mdUARIwhn2yee,Champions League Uefa GIF by OneFootball Heads,gif,2026-05-22T01:53:01+0000,1779414781,42577
2026-08-17,HoEkTdvUpnS9WvVPcF,Football Waiting GIF by OneFootball Heads,gif,2026-05-18T15:31:16+0000,1779118276,205649
2026-08-17,8Ju2XpAU8kax6RU9pd,Digital Art Crypto GIF by OneFootball Heads,gif,2026-05-18T15:31:09+0000,1779118269,79881
2026-08-17,UGSaXOiJokVFwXEoAT,Confused Crypto GIF by OneFootball Heads,gif,2026-05-18T15:31:03+0000,1779118263,16390
2026-08-17,RlkKf5MBzEjqzqN3Pt,Excited Crypto GIF by OneFootball Heads,gif,2026-05-18T15:30:57+0000,1779118257,42083
2026-08-17,OlLlVUZxrcqZm6RPza,Excited Digital Art GIF by OneFootball Heads,gif,2026-05-18T15:30:50+0000,1779118250,14572
2026-08-17,jxA1BBEg6NzTQL7pvd,Football Love GIF by OneFootball Heads,gif,2026-05-18T15:30:43+0000,1779118243,114827
2026-08-17,TL448BG9MrQXfVRka2,Happy Good Vibes GIF by OneFootball Heads,gif,2026-05-18T15:30:36+0000,1779118236,68828
2026-08-17,0jVa8eudaK9tG5KOUh,Nervous World Cup GIF by OneFootball Heads,gif,2026-05-18T15:30:25+0000,1779118225,162217
2026-08-17,NCXTJOeB6clLl1XIHm,Frustrated Football Fan GIF by OneFootball Heads,gif,2026-05-18T15:30:18+0000,1779118218,40530
2026-08-17,RKSWD89SckpaCkF7lB,World Cup Waiting GIF by OneFootball Heads,gif,2026-05-18T15:30:11+0000,1779118211,50107
2026-08-17,v5PJmNVxWOTTThmnQg,Excited World Cup GIF by OneFootball Heads,gif,2026-05-18T15:30:00+0000,1779118200,89289
2026-08-17,fsCP6Oda0qmhcNPKE1,Tag4 Tag5 GIF by OneFootball Heads,gif,2026-05-18T05:09:54+0000,1779080994,34529
2026-08-17,oT8h0iLmJVj4OORrVw,Football Celebrate GIF by OneFootball Heads,gif,2026-05-18T05:05:15+0000,1779080715,5582
2026-08-17,sT7JTqgV96345rxK6n,Nervous Football GIF by OneFootball Heads,gif,2026-05-18T05:05:03+0000,1779080703,22983
2026-08-17,oEK27lR1AH4L1uw531,Fantasy Football GIF by OneFootball Heads,gif,2026-05-18T05:04:57+0000,1779080697,31514
2026-08-17,XzFg2ZpcLiS4s3N1KC,Football Winning GIF by OneFootball Heads,gif,2026-05-18T05:04:51+0000,1779080691,60484
2026-08-17,maNlF3eSXasPrO4QdO,Time Out Football GIF by OneFootball Heads,gif,2026-03-26T22:33:20+0000,1774564400,103433
2026-08-17,czdCrCBERAQKBOfOLo,Football Soccer GIF by OneFootball Heads,gif,2026-03-26T22:33:15+0000,1774564395,206151
2026-08-17,vtBtvkJFk09naDtqBk,Football Frown GIF by OneFootball Heads,gif,2026-03-26T22:33:09+0000,1774564389,102634
2026-08-17,PMny68XCKFiABxd1SZ,Hat Trick Football GIF by OneFootball Heads,gif,2026-03-26T22:33:05+0000,1774564385,568269
2026-08-17,NKb9LW9MrxO48Cd9Mu,Not Funny Football GIF by OneFootball Heads,gif,2026-03-26T22:32:55+0000,1774564375,27580
2026-08-17,6guW2txh6RAr0RCnTP,April Fools Football GIF by OneFootball Heads,gif,2026-03-26T22:32:51+0000,1774564371,136996
2026-08-17,6o7c1nxSuBTp6XIMzm,Football Soccer GIF by OneFootball Heads,gif,2026-03-26T22:32:44+0000,1774564364,702523
2026-08-17,kFnvhvvnxA6KwTnIzA,Hat-Trick Football GIF by OneFootball Heads,gif,2026-03-26T22:32:38+0000,1774564358,453079
2026-08-17,ZEleEa4pY0l7ufKnSY,Hat Trick Football GIF by OneFootball Heads,gif,2026-03-26T22:32:31+0000,1774564351,49737
2026-08-17,pPGGvsQjn9xJb55F8i,Hat Trick Football GIF by OneFootball Heads,gif,2026-03-26T22:32:23+0000,1774564343,93398
2026-08-17,HXbjrTClytGyPjam3M,Hat-Trick Football GIF by OneFootball Heads,gif,2026-03-26T22:32:17+0000,1774564337,3621348
2026-08-17,2fR6fBgW6BZU1CPIqG,Easter Bunny Football GIF by OneFootball Heads,gif,2026-03-26T22:32:11+0000,1774564331,87649
2026-08-17,7HumoY5K6oo1enpFWe,Easter Bunny Football GIF by OneFootball Heads,gif,2026-03-26T22:32:07+0000,1774564327,176098
2026-08-17,Z43RfKcmhr06OQ5ae2,Easter Eggs Football GIF by OneFootball Heads,gif,2026-03-26T22:32:01+0000,1774564321,91381
2026-08-17,9bIcqjJn0WBjTCqQOT,Dance Football GIF by OneFootball Heads,gif,2026-03-26T22:31:56+0000,1774564316,202523
2026-08-17,MZExsocb7ggfMPqiBk,Football Soccer GIF by OneFootball Heads,gif,2026-03-26T22:31:48+0000,1774564308,55788
2026-08-17,EMrPMmyufe1a1Tz1A5,Full Time Football GIF by OneFootball Heads,gif,2026-03-26T22:31:43+0000,1774564303,161076
2026-08-17,GMibniHgHabH5FsvSf,Football Soccer GIF by OneFootball Heads,gif,2026-03-26T22:31:38+0000,1774564298,238786
2026-08-17,shE8kiyTqgMBGFmkLs,April Fools Football GIF by OneFootball Heads,gif,2026-03-26T22:31:34+0000,1774564294,79233
2026-08-17,5ssoenGB420wQegvln,April Fools Football GIF by OneFootball Heads,gif,2026-03-26T22:31:30+0000,1774564290,120902
2026-08-17,lMtSWlhMBsTkmUot5s,April Fools Football GIF by OneFootball Heads,gif,2026-03-26T22:31:24+0000,1774564284,146836
2026-08-17,XCdhyRfbj2GvgufO0u,Football Soccer GIF by OneFootball Heads,gif,2026-03-26T22:31:20+0000,1774564280,1404785
2026-08-17,xD1vpKInrkzJ3Fxael,Space Time GIF by OneFootball Heads,gif,2026-02-09T04:39:28+0000,1770611968,24693
2026-08-17,WhOTaSjCzQyMAMBn5v,Podcast Commentator GIF by OneFootball Heads,gif,2026-02-09T04:39:22+0000,1770611962,141271
2026-08-17,DGjlGcceVl5RDQC6v7,Football Podcast GIF by OneFootball Heads,gif,2026-02-09T04:39:16+0000,1770611956,38009
2026-08-17,3So6FuGb7wVk14P481,Happy Holidays GIF by OneFootball Heads,gif,2026-02-09T04:39:11+0000,1770611951,17766
2026-08-17,cfLHHFi62dBMYsloN7,Shocked Whats That GIF by OneFootball Heads,gif,2026-02-09T04:38:50+0000,1770611930,62308
2026-08-17,Oa4QJT3Fb0zQ037mov,Shock Whats That GIF by OneFootball Heads,gif,2026-02-09T04:38:43+0000,1770611923,335370
2026-08-17,QGy9WgPA5wdXUx7yKE,Nara Superfans GIF by OneFootball Heads,gif,2026-02-09T04:38:35+0000,1770611915,182837
2026-08-17,eEEVPZVPzXY9ceK13z,Metal Detector Searching GIF by OneFootball Heads,gif,2026-02-09T04:38:25+0000,1770611905,517124
2026-08-17,ptWaTNOtCbJyFoPOsI,Run Fall Over GIF by OneFootball Heads,gif,2026-02-09T04:38:20+0000,1770611900,79729
2026-08-17,LOVAgqCndxbF0yVSvH,Red Flag Toxic Relationship GIF by OneFootball Heads,gif,2026-02-09T04:38:16+0000,1770611896,71849
2026-08-17,aA455rZHUzTePr7fRv,Happy Holidays GIF by OneFootball Heads,gif,2026-02-09T04:38:11+0000,1770611891,20345
2026-08-17,FjOH5YsFZv0M1wuIBb,Metal Detector GIF by OneFootball Heads,gif,2026-02-09T04:37:32+0000,1770611852,1462256
2026-08-17,no6Mm0U0L9Mv9tzvN9,Nara Superfans GIF by OneFootball Heads,gif,2026-02-09T04:37:27+0000,1770611847,161795
2026-08-17,bfb6MDov8wj5qopEZC,Sad Sorry GIF by OneFootball Heads,gif,2026-02-09T04:37:19+0000,1770611839,62446
2026-08-17,EbEX6H0ZYbCTI9nI25,Sad Mistake GIF by OneFootball Heads,gif,2026-02-09T04:37:13+0000,1770611833,55126
2026-08-17,aW3mqoINZ433Rj4TMz,Happy Green Flag GIF by OneFootball Heads,gif,2026-02-09T04:37:08+0000,1770611828,43829
2026-08-17,Xy1embN5dYLxDL7J1h,Ronaldo Flick GIF by OneFootball Heads,gif,2026-02-09T04:37:02+0000,1770611822,116752
2026-08-17,0f7MezZNdfdf09G5MR,Keeper Penalty GIF by OneFootball Heads,gif,2026-02-09T04:36:58+0000,1770611818,113660
2026-08-17,pUCY24xEv3FuNvWA54,Happy Football GIF by OneFootball Heads,gif,2026-02-09T04:36:54+0000,1770611814,37947
2026-08-17,BuT7JDz3OLtImz82QE,Walk Like An Egyptian Dancing GIF by OneFootball Heads,gif,2026-02-09T04:36:49+0000,1770611809,1174487
2026-08-17,MgeNDcgT4gXYn338jR,Happy Birthday Gift GIF by OneFootball Heads,gif,2026-02-09T04:36:43+0000,1770611803,93156
2026-08-17,rcKw9ZKuo0lLFzIuuZ,Warning Red Flag GIF by OneFootball Heads,gif,2026-02-09T04:36:38+0000,1770611798,261086
2026-08-17,N20tM6nrrXQMl4HYWz,Green Flag Relationships GIF by OneFootball Heads,gif,2026-02-09T04:36:33+0000,1770611793,1445916
2026-08-17,W2qRsuV2W45gij9eyQ,Spotlight Beacon GIF by OneFootball Heads,gif,2026-02-05T11:03:35+0000,1770289415,16457
2026-08-17,hhL4cErWygGzv0PMwl,Pool Party Summer GIF by OneFootball Heads,gif,2026-01-20T14:30:33+0000,1768919433,421926
2026-08-17,XCB5P8yCHz9CiAl41q,I Love You Couple GIF by OneFootball Heads,gif,2026-01-20T14:30:19+0000,1768919419,54357
2026-08-17,IipkQotlmo8Sh1ABvk,Valentines Day Love GIF by OneFootball Heads,gif,2026-01-20T14:30:08+0000,1768919408,20669
2026-08-17,CaEoDtcNHxY0y3Ll4k,Valentines Day GIF by OneFootball Heads,gif,2026-01-20T14:30:02+0000,1768919402,36372
2026-08-17,zKf31joKvY23SQdSTF,I Love You Flower GIF by OneFootball Heads,gif,2026-01-20T14:29:56+0000,1768919396,197587
2026-08-17,GT9cgAAAtfM5JgcZpQ,I Love You Flowers GIF by OneFootball Heads,gif,2026-01-20T14:29:46+0000,1768919386,56453
2026-08-17,01gaL9yoKUBxA6lLSx,I Love You Flowers GIF by OneFootball Heads,gif,2026-01-20T14:29:35+0000,1768919375,106828
2026-08-17,MODuEqgpv6IROKtJrO,Roblox GIF by OneFootball Heads,gif,2026-01-20T14:29:20+0000,1768919360,189207
2026-08-17,2Tmk43f9xbaX1HX5XW,Celebrate World Cup GIF by OneFootball Heads,gif,2026-01-20T05:12:20+0000,1768885940,512196
2026-08-17,VZ9JDjblGrqOCxqVFT,Celebrate World Cup GIF by OneFootball Heads,gif,2026-01-20T05:12:15+0000,1768885935,3153098
2026-08-17,bKDPhQuR4aMtOTfzSz,Celebrate World Cup GIF by OneFootball Heads,gif,2026-01-20T05:12:09+0000,1768885929,423929
2026-08-17,ZfzDxoltZ5FyWrmTJl,Celebrate World Cup GIF by OneFootball Heads,gif,2026-01-20T05:12:03+0000,1768885923,1127846
2026-08-17,0QcUioJ7k6T2xRT6dI,Celebrate World Cup GIF by OneFootball Heads,gif,2026-01-20T05:11:56+0000,1768885916,239265
2026-08-17,MmwWuKZzjxYw05RF8z,Celebrate World Cup GIF by OneFootball Heads,gif,2026-01-20T05:11:48+0000,1768885908,1400423
2026-08-17,4yGaQKJE08kHXPuyMn,Celebrate World Cup GIF by OneFootball Heads,gif,2026-01-20T05:11:41+0000,1768885901,938727
2026-08-17,IvJvPYEXDOoV3ju64N,Celebrate World Cup GIF by OneFootball Heads,gif,2026-01-20T05:11:34+0000,1768885894,1362417
2026-08-17,mLYuk0RvMxWAISGnCA,Celebrate World Cup GIF by OneFootball Heads,gif,2026-01-20T05:11:22+0000,1768885882,62447
2026-08-17,mwnu1QWfjuMZbKdgcp,Celebrate World Cup GIF by OneFootball Heads,gif,2026-01-20T05:11:12+0000,1768885872,1025359
2026-08-17,5IYv7MHczMNdqnxWa1,Celebrate World Cup GIF by OneFootball Heads,gif,2026-01-20T05:11:06+0000,1768885866,881959
2026-08-17,3DDxEpa9LhhPXbXpoY,Celebrate World Cup GIF by OneFootball Heads,gif,2026-01-20T05:10:59+0000,1768885859,99327
2026-08-17,QJ4gYE5K7A8FPhPHuX,Celebrate World Cup GIF by OneFootball Heads,gif,2026-01-20T05:10:52+0000,1768885852,306176
2026-08-17,SAyhOhXMo16hk1ceaB,Celebrate World Cup GIF by OneFootball Heads,gif,2026-01-20T05:10:45+0000,1768885845,143654
2026-08-17,3CjwLHLooBGmDorkzF,Celebrate World Cup GIF by OneFootball Heads,gif,2026-01-20T05:10:39+0000,1768885839,567605
2026-08-17,54Lr6tnL43zux7QcZh,Celebrate World Cup GIF by OneFootball Heads,gif,2026-01-20T05:10:30+0000,1768885830,221163
2026-08-17,XjiCTell4KeSfAqaQZ,Celebrate World Cup GIF by OneFootball Heads,gif,2026-01-20T05:10:20+0000,1768885820,82151
2026-08-17,7rJDG9tWHp7KA9rDDq,Celebrate World Cup GIF by OneFootball Heads,gif,2026-01-20T05:10:15+0000,1768885815,38599
2026-08-17,ZIv6jXtuNWmqe8i4d8,Celebrate World Cup GIF by OneFootball Heads,gif,2026-01-20T05:09:53+0000,1768885793,26407
2026-08-17,Px3XFOmPDLjRvP9YeG,Celebrate World Cup GIF by OneFootball Heads,gif,2026-01-20T05:09:34+0000,1768885774,319882
2026-08-17,ej3ZCWbOwLxwRNC2Kg,Celebrate World Cup GIF by OneFootball Heads,gif,2026-01-20T05:09:28+0000,1768885768,160627
2026-08-17,PictPG2QUCZqYQ7QJm,Celebrate World Cup GIF by OneFootball Heads,gif,2026-01-20T05:09:19+0000,1768885759,97673
2026-08-17,r1CQkqGt4aI7wr1Ohw,Celebrate World Cup GIF by OneFootball Heads,gif,2026-01-20T05:09:10+0000,1768885750,196284
2026-08-17,zuMnz0s1el2MO30gjg,Celebrate World Cup GIF by OneFootball Heads,gif,2026-01-20T05:09:02+0000,1768885742,754461
2026-08-17,0rAnJ9bILAp2bIGcpT,Celebrate World Cup GIF by OneFootball Heads,gif,2026-01-20T05:08:55+0000,1768885735,46552
2026-08-17,R4K3oSgQ7goRV5dQW2,Celebrate World Cup GIF by OneFootball Heads,gif,2026-01-20T05:08:49+0000,1768885729,63188
2026-08-17,CQF6AFxLK2g5y2B2NN,Celebrate World Cup GIF by OneFootball Heads,gif,2026-01-20T05:08:43+0000,1768885723,1424663
2026-08-17,WoJ1KruDxKQ1TdT7LG,Celebrate World Cup GIF by OneFootball Heads,gif,2026-01-20T05:08:34+0000,1768885714,501763
2026-08-17,5NxsFyN2WM2HjI1BpK,Celebrate World Cup GIF by OneFootball Heads,gif,2026-01-20T05:08:25+0000,1768885705,169052
2026-08-17,qpJtW9XMVylfz7N32c,Celebrate World Cup GIF by OneFootball Heads,gif,2026-01-20T05:08:16+0000,1768885696,514371
2026-08-17,clODkNL8QqeiiLV871,Celebrate World Cup GIF by OneFootball Heads,gif,2026-01-20T05:08:08+0000,1768885688,351607
2026-08-17,ba5JMnrKk4o9z7yiP0,Celebrate World Cup GIF by OneFootball Heads,gif,2026-01-20T05:08:01+0000,1768885681,2449232
2026-08-17,Brkoiafxyzb94gXrMa,Celebrate World Cup GIF by OneFootball Heads,gif,2026-01-20T05:07:57+0000,1768885677,574521
2026-08-17,3lTznm8qcjuD0dOyof,Celebrate World Cup GIF by OneFootball Heads,gif,2026-01-20T05:07:52+0000,1768885672,2271516
2026-08-17,VSmo1UmSEnNBOkzzKN,Celebrate World Cup GIF by OneFootball Heads,gif,2026-01-20T05:07:46+0000,1768885666,522261
2026-08-17,4zCNON1K71s6JXOFd5,Celebrate World Cup GIF by OneFootball Heads,gif,2026-01-20T05:07:38+0000,1768885658,951232
2026-08-17,VTG38I0RqkksEgqTdJ,Celebrate World Cup GIF by OneFootball Heads,gif,2026-01-20T05:07:31+0000,1768885651,65932
2026-08-17,qhb6MgP55rZQIiJPFf,Celebrate World Cup GIF by OneFootball Heads,gif,2026-01-20T05:07:24+0000,1768885644,829804
2026-08-17,MU4wAQ5AZqlBJTyGFw,Celebrate World Cup GIF by OneFootball Heads,gif,2026-01-20T05:07:16+0000,1768885636,60608
2026-08-17,ykoTW1SqAFoUKMXfwl,Celebrate World Cup GIF by OneFootball Heads,gif,2026-01-20T05:07:09+0000,1768885629,1649419
2026-08-17,Xl33ygtw7ZElNbVTch,Celebrate World Cup GIF by OneFootball Heads,gif,2026-01-20T05:07:02+0000,1768885622,144929
2026-08-17,s6eCu3KXqkq8sKt2pD,World Cup Win GIF by OneFootball Heads,gif,2026-01-20T05:06:54+0000,1768885614,5796986
2026-08-17,m6Ldp765JS1TOc1epw,Celebrate World Cup GIF by OneFootball Heads,gif,2026-01-20T05:06:48+0000,1768885608,70755
2026-08-17,H5b7aOpD0MCxbT3jFO,Celebrate World Cup GIF by OneFootball Heads,gif,2026-01-20T05:06:42+0000,1768885602,276365
2026-08-17,HU5ZX6NCZHrKdAkGtf,Celebrate World Cup GIF by OneFootball Heads,gif,2026-01-20T05:06:35+0000,1768885595,408194
2026-08-17,BxCTf1cNDlhFUdurmO,Celebrate World Cup GIF by OneFootball Heads,gif,2026-01-20T05:06:27+0000,1768885587,495641
2026-08-17,i09kDxdM8snHxPKl1i,Celebrate World Cup GIF by OneFootball Heads,gif,2026-01-20T05:06:21+0000,1768885581,323899
2026-08-17,GAczcLkdTCTPS01kQy,Celebrate World Cup GIF by OneFootball Heads,gif,2026-01-20T05:06:16+0000,1768885576,423969
2026-08-17,N6xT6C3SVJJSwH8Mgl,Celebrate World Cup GIF by OneFootball Heads,gif,2026-01-20T05:06:08+0000,1768885568,48863
2026-08-17,WmTuF4gz4C3ZfoHQGw,Celebrate World Cup GIF by OneFootball Heads,gif,2026-01-20T05:06:00+0000,1768885560,218743
2026-08-17,gfv9pQSjyN83iR0zM0,Celebrate World Cup GIF by OneFootball Heads,gif,2026-01-20T05:05:47+0000,1768885547,1880130
2026-08-17,H1SV8pkPwh24wqRfyd,Celebrate World Cup GIF by OneFootball Heads,gif,2026-01-20T05:05:41+0000,1768885541,1642531
2026-08-17,XYGeNuYFTJxYanc1ij,Celebrate World Cup GIF by OneFootball Heads,gif,2026-01-20T05:05:22+0000,1768885522,1028062
2026-08-17,bktvFDtSnncI1w598s,Celebrate World Cup GIF by OneFootball Heads,gif,2026-01-20T05:05:14+0000,1768885514,306961
2026-08-17,Tp7JErC4Ak5ZrF8ciK,Celebrate World Cup GIF by OneFootball Heads,gif,2026-01-20T05:05:08+0000,1768885508,3766650
2026-08-17,ZqZUWuxULL0IZ3XdCW,Celebrate World Cup GIF by OneFootball Heads,gif,2026-01-20T05:05:02+0000,1768885502,418357
2026-08-17,XbEj9EvaOwUas4Zfkd,Celebrate World Cup GIF by OneFootball Heads,gif,2026-01-20T05:04:55+0000,1768885495,501034
2026-08-17,n4eta4zIkCRr6xbK2f,Celebrate Germany GIF by OneFootball Heads,gif,2026-01-20T05:04:48+0000,1768885488,706337
2026-08-17,uXV0BqmxAJt7VKNgZh,Celebrate Germany GIF by OneFootball Heads,gif,2026-01-20T05:04:40+0000,1768885480,437837
2026-08-17,zdfDUrgmjZWA1HNsfu,Celebrate France GIF by OneFootball Heads,gif,2026-01-20T05:04:27+0000,1768885467,89139
2026-08-17,jRRG7jt2Js6MacrDGd,Celebrate France GIF by OneFootball Heads,gif,2026-01-20T05:04:19+0000,1768885459,76189
2026-08-17,9dJzU7bFwJBIWjvWO0,Celebrate World Cup GIF by OneFootball Heads,gif,2026-01-20T05:04:12+0000,1768885452,895895
2026-08-17,qeTcrWW3wozMaIX6Af,Celebrate World Cup GIF by OneFootball Heads,gif,2026-01-20T05:04:05+0000,1768885445,129185
2026-08-17,1MTfxcyrTyUFK9Zp3S,Celebrate World Cup GIF by OneFootball Heads,gif,2026-01-20T05:03:57+0000,1768885437,11149250
2026-08-17,w0t4WTCyVJfbNIAwdR,Celebrate World Cup GIF by OneFootball Heads,gif,2026-01-20T05:03:50+0000,1768885430,758740
2026-08-17,V7KYS0VPWVdhPFUj9Z,Celebrate World Cup GIF by OneFootball Heads,gif,2026-01-20T05:03:43+0000,1768885423,464246
2026-08-17,prWnSRzSzVrBZLv41A,Celebrate World Cup GIF by OneFootball Heads,gif,2026-01-20T05:03:31+0000,1768885411,258318
2026-08-17,7UCWuilJRYlAu15j7U,Celebrate World Cup GIF by OneFootball Heads,gif,2026-01-20T05:03:24+0000,1768885404,3767538
2026-08-17,pTNVcut8Um4qfqAn0v,Celebrate World Cup GIF by OneFootball Heads,gif,2026-01-20T05:03:16+0000,1768885396,845329
2026-08-17,IXMc63EIZGgNlNQNZD,Celebrate World Cup GIF by OneFootball Heads,gif,2026-01-20T05:03:10+0000,1768885390,83006
2026-08-17,QBgFxeacBb59LMX5su,Celebrate World Cup GIF by OneFootball Heads,gif,2026-01-20T05:03:03+0000,1768885383,610621
2026-08-17,wDcx1Rm1hXxGKefyTR,Celebrate World Cup GIF by OneFootball Heads,gif,2026-01-20T05:02:55+0000,1768885375,334243
2026-08-17,X4AaDMS42L6wqp9I4S,Celebrate World Cup GIF by OneFootball Heads,gif,2026-01-20T05:02:48+0000,1768885368,22228
2026-08-17,ZUwEmP2EchPgZetmps,Celebrate World Cup GIF by OneFootball Heads,gif,2026-01-20T05:02:40+0000,1768885360,617601
2026-08-17,PlShyiN5tlquexvBB2,Celebrate World Cup GIF by OneFootball Heads,gif,2026-01-20T05:02:34+0000,1768885354,53870
2026-08-17,S0GO7wvqciKU6znbFW,Celebrate World Cup GIF by OneFootball Heads,gif,2026-01-20T05:02:26+0000,1768885346,25549943
2026-08-17,Zil84rm4wvlWsJqo9C,Celebrate World Cup GIF by OneFootball Heads,gif,2026-01-20T05:02:18+0000,1768885338,9605671
2026-08-17,l23aOmdgpH4PVpPOOF,Celebrate World Cup GIF by OneFootball Heads,gif,2026-01-20T05:02:11+0000,1768885331,302469
2026-08-17,zAo4CHpNAaNDg27lmG,Celebrate World Cup GIF by OneFootball Heads,gif,2026-01-20T05:02:03+0000,1768885323,226547
2026-08-17,wMeQ3go50ahhciuZwK,Celebrate World Cup GIF by OneFootball Heads,gif,2026-01-20T05:01:55+0000,1768885315,144600
2026-08-17,3Ej0FdtgfzHznxfoaW,Celebrate World Cup GIF by OneFootball Heads,gif,2026-01-20T05:01:48+0000,1768885308,112000
2026-08-17,QU3jtBvOsGT110czty,Celebrate World Cup GIF by OneFootball Heads,gif,2026-01-20T05:01:42+0000,1768885302,46803
2026-08-17,kIF7T5i5o9pEglhEHa,Celebrate World Cup GIF by OneFootball Heads,gif,2026-01-20T05:01:37+0000,1768885297,32074
2026-08-17,Y88yhiJDH6tRpPaQ9Y,Celebrate World Cup GIF by OneFootball Heads,gif,2026-01-20T05:01:32+0000,1768885292,24945
2026-08-17,x7ukpMi4J3VotdbBxy,Celebrate World Cup GIF by OneFootball Heads,gif,2026-01-20T05:01:24+0000,1768885284,66470
2026-08-17,soFxWwpvpFThVlZGd4,Celebrate World Cup GIF by OneFootball Heads,gif,2026-01-20T05:01:15+0000,1768885275,342012
2026-08-17,6SPE2NmJboU2RJtzU7,Celebrate World Cup GIF by OneFootball Heads,gif,2026-01-20T05:01:06+0000,1768885266,245586
2026-08-17,g2KaTr5PnaMjjBUagH,Celebrate World Cup GIF by OneFootball Heads,gif,2026-01-20T05:00:58+0000,1768885258,882042
2026-08-17,oowpSQYkmY8zkkApHu,Celebrate World Cup GIF by OneFootball Heads,gif,2026-01-20T05:00:50+0000,1768885250,714413
2026-08-17,vnuMwvlswGMW38poq2,Celebrate World Cup GIF by OneFootball Heads,gif,2026-01-20T05:00:42+0000,1768885242,43343
2026-08-17,W4ZiN0w5JKJF4oK36b,Celebrate World Cup GIF by OneFootball Heads,gif,2026-01-20T05:00:35+0000,1768885235,436392
2026-08-17,cj0jRYyipLPlzwLs0i,Celebrate World Cup GIF by OneFootball Heads,gif,2026-01-20T05:00:24+0000,1768885224,623372
2026-08-17,JcOB2VB2OeXB5ExpHH,Gerald Calm Down GIF by OneFootball Heads,gif,2025-10-31T03:54:48+0000,1761882888,44446
2026-08-17,zbcPsquuTZdA0tMKBx,Celebration Brazil GIF by OneFootball Heads,gif,2025-10-25T01:56:58+0000,1761357418,1133976
2026-08-17,kkOOWhftIUKH1gRFI3,Hype Celebrate GIF by OneFootball Heads,gif,2025-10-23T09:22:13+0000,1761211333,67246
2026-08-17,Smkq4gh20rTCo9XA5K,Football Celebration Superfans GIF by OneFootball Heads,gif,2025-10-23T09:22:01+0000,1761211321,60364
2026-08-17,TnYyD0Y5gHcxxIs60O,Notes Notebook GIF by OneFootball Heads,gif,2025-10-23T09:21:45+0000,1761211305,110979
2026-08-17,cPeIETb5b6zKnkngts,Serious Red Card GIF by OneFootball Heads,gif,2025-10-19T17:12:31+0000,1760893951,400481
2026-08-17,JGbVQO4No1vjY8SRwp,Soccer Warning GIF by OneFootball Heads,gif,2025-10-19T17:12:25+0000,1760893945,137199
2026-08-17,9sKA3ibq7zX02Os7y4,Happy Celebration GIF by OneFootball Heads,gif,2025-10-19T17:12:20+0000,1760893940,348864
2026-08-17,VWeSrHKWQs9WHgEkvh,Well Done Yes GIF by OneFootball Heads,gif,2025-10-19T17:12:07+0000,1760893927,88101
2026-08-17,QMj3VgVVShzZkjSxTd,Jack O Lantern Fun GIF by OneFootball Heads,gif,2025-10-19T17:11:58+0000,1760893918,78314
2026-08-17,BCu7HM8TzjOxYRWxCB,Pumpkin Spice Smile GIF by OneFootball Heads,gif,2025-10-19T17:11:50+0000,1760893910,36739
2026-08-17,SglBDgyXDRttbNrLM2,Soccer Warning GIF by OneFootball Heads,gif,2025-10-19T17:11:43+0000,1760893903,77226
2026-08-17,Atd0AOMP5wrkqhYQpM,Serious Red Card GIF by OneFootball Heads,gif,2025-10-19T17:11:38+0000,1760893898,1643469
2026-08-17,tMZ7ky54PGeypqgalT,Surprise Represent GIF by OneFootball Heads,gif,2025-10-19T17:11:33+0000,1760893893,81335
2026-08-17,4yd3gQjXGb9aFks0bS,Serious Red Card GIF by OneFootball Heads,gif,2025-10-19T17:11:24+0000,1760893884,2056981
2026-08-17,YfVEEx3kXDGBe8YKi8,Podcast Tune In GIF by OneFootball Heads,gif,2025-10-19T17:11:19+0000,1760893879,190712
2026-08-17,fJ9p947OpjYoUJv4pq,Pumpkin Spice Halloween GIF by OneFootball Heads,gif,2025-10-19T17:11:13+0000,1760893873,71277
2026-08-17,TFVI6cSKjVwPaqZVKR,Football Fan Celebration GIF by OneFootball Heads,gif,2025-10-19T17:11:06+0000,1760893866,58411
2026-08-17,Zfddxu8Y4dgWz6ABMI,Well Done Thumbs Up GIF by OneFootball Heads,gif,2025-10-19T17:10:56+0000,1760893856,152163
2026-08-17,n20QOGJq9Smmy5c5Yx,Happy Love It GIF by OneFootball Heads,gif,2025-10-19T17:10:49+0000,1760893849,3890740
2026-08-17,67KY9IKgii3mZDcGQS,Excited Lets Go GIF by OneFootball Heads,gif,2025-10-19T17:10:39+0000,1760893839,495406
2026-08-17,p5EoYWZd7rXnSrk3A4,Serious Stop GIF by OneFootball Heads,gif,2025-10-19T17:10:33+0000,1760893833,565909
2026-08-17,Wmu62LX7EfEYjeZFom,Join In Lets Go GIF by OneFootball Heads,gif,2025-10-19T17:10:27+0000,1760893827,1339770
2026-08-17,ZtAisAoRQRuf0wlOqe,Proud Celebration GIF by OneFootball Heads,gif,2025-10-19T17:10:20+0000,1760893820,598477
2026-08-17,tA9rysiKx5ifhNfO2T,Halloween Smile GIF by OneFootball Heads,gif,2025-10-19T17:10:06+0000,1760893806,85918
2026-08-17,unRjgoWoUAFhPVQLY9,Support Love GIF by OneFootball Heads,gif,2025-10-19T17:09:56+0000,1760893796,94512
2026-08-17,bbQA9p31wBCfGP7Lqq,Red Button No GIF by OneFootball Heads,gif,2025-10-19T17:09:44+0000,1760893784,1256052
2026-08-17,zFJd9Sp0856KS6dVtv,Start Yes GIF by OneFootball Heads,gif,2025-10-19T17:09:36+0000,1760893776,3217166
2026-08-17,vFAra3l66GR59S9K40,Proud Number One GIF by OneFootball Heads,gif,2025-10-19T17:09:31+0000,1760893771,4752837
2026-08-17,StRtbzWfsgs33wpW3M,Excited Team Spirit GIF by OneFootball Heads,gif,2025-10-19T17:09:19+0000,1760893759,48886
2026-08-17,QyRWxP3YleogvGmo01,Jack O Lantern Smile GIF by OneFootball Heads,gif,2025-10-19T17:09:12+0000,1760893752,84230
2026-08-17,9HtqtBJIrXjEyDlqtp,Scoring Football Game GIF by OneFootball Heads,gif,2025-09-11T07:36:44+0000,1757576204,391451
2026-08-17,01KHA2KdMQLQi136pi,Save Big Game GIF by OneFootball Heads,gif,2025-09-11T07:36:40+0000,1757576200,3092945
2026-08-17,GJEvTVbP5UFX1rqFKc,Frustrated Video Games GIF by OneFootball Heads,gif,2025-09-11T07:36:35+0000,1757576195,227552
2026-08-17,N4HpPRFRixdNxu1Fg8,Celebration Hype GIF by OneFootball Heads,gif,2025-09-11T07:36:29+0000,1757576189,191262
2026-08-17,6jMy4ML3746kQCwDNl,Tired Sleep Well GIF by OneFootball Heads,gif,2025-09-11T07:36:23+0000,1757576183,135347
2026-08-17,V5xSpg6PoKMeC6mvhG,Stay Cool Chill GIF by OneFootball Heads,gif,2025-09-11T07:36:13+0000,1757576173,216697
2026-08-17,BjiE1R8mHXxYRRhY0m,Work From Home Swag GIF by OneFootball Heads,gif,2025-09-11T07:36:02+0000,1757576162,98873
2026-08-17,sKf6fbM0Fhn4keHMYX,Big Game Outta This World GIF by OneFootball Heads,gif,2025-09-11T07:35:57+0000,1757576157,142281
2026-08-17,PAHScnX9IEczmvTWFx,Locked In Running GIF by OneFootball Heads,gif,2025-09-11T07:35:53+0000,1757576153,94536
2026-08-17,ydtlZT2ZGwRKUS7k90,Bored Fed Up GIF by OneFootball Heads,gif,2025-09-11T07:35:44+0000,1757576144,319259
2026-08-17,nqEtJ6z9u3zHbdmFq9,Tired Barbecue GIF by OneFootball Heads,gif,2025-09-11T07:35:39+0000,1757576139,121974
2026-08-17,LUgxmNMnZ1OaYHqZGW,Tired Game Over GIF by OneFootball Heads,gif,2025-09-11T07:35:35+0000,1757576135,177434
2026-08-17,zbFMPSL8EgDfqeBgWZ,Save Football Game GIF by OneFootball Heads,gif,2025-09-11T07:35:31+0000,1757576131,1274221
2026-08-17,8rDd90ItBDko5IMjqu,Celebrating Game Time GIF by OneFootball Heads,gif,2025-09-11T07:35:26+0000,1757576126,94643
2026-08-17,CPApJWHvsT3o5VuKVK,Football Fan Bubbles GIF by OneFootball Heads,gif,2025-09-11T07:35:22+0000,1757576122,139771
2026-08-17,7t1kN8b7GyZljUC36u,Football Fan Wow GIF by OneFootball Heads,gif,2025-09-11T07:35:16+0000,1757576116,53104
2026-08-17,1XZi1EWSQLY3rMU5hb,Around The World Football Culture GIF by OneFootball Heads,gif,2025-09-11T07:35:09+0000,1757576109,69655
2026-08-17,MrHh6mgOcdoAAO4tz0,Football Player Running GIF by OneFootball Heads,gif,2025-09-11T07:35:01+0000,1757576101,48238
2026-08-17,xal2XkbIQo668lc27M,Goalkeeper Save GIF by OneFootball Heads,gif,2025-09-11T07:34:57+0000,1757576097,110785
2026-08-17,ew2RAEkOVb0O643Wtj,Good Vibes Dancing GIF by OneFootball Heads,gif,2025-09-11T07:34:53+0000,1757576093,112949
2026-08-17,9h1jNCrbYXENVlj1FP,Happy Game Day GIF by OneFootball Heads,gif,2025-09-11T07:34:45+0000,1757576085,75498
2026-08-17,mp178ZHLC4sHfOgO12,Excited Good Vibes GIF by OneFootball Heads,gif,2025-09-11T07:34:34+0000,1757576074,42024
2026-08-17,KyJWoY8DDDBnJMn5fY,Frustrated Video Game GIF by OneFootball Heads,gif,2025-09-11T07:34:22+0000,1757576062,546955
2026-08-17,pUnbgneAsAFpw9wmzw,Game Time Goalkeeper GIF by OneFootball Heads,gif,2025-09-11T07:34:17+0000,1757576057,330908
2026-08-17,sGr4yrFK3BHDsEhSAM,Game Time Football GIF by OneFootball Heads,gif,2025-09-11T07:34:12+0000,1757576052,536093
2026-08-17,gGTnOmNz9RWBhLAOww,Hungry Bad Day GIF by OneFootball Heads,gif,2025-09-11T07:34:08+0000,1757576048,317243
2026-08-17,C2wLIBhg6rnF2Vk5p3,Bored Fed Up GIF by OneFootball Heads,gif,2025-09-11T07:34:03+0000,1757576043,556359
2026-08-17,cwXLRZXXoL0np7eb72,Bubbles Childhood GIF by OneFootball Heads,gif,2025-09-11T07:33:58+0000,1757576038,278462
2026-08-17,ByodclSkYIdxh8KmGl,Work From Home Hello GIF by OneFootball Heads,gif,2025-09-11T07:33:51+0000,1757576031,155736
2026-08-17,hb9nhr6m3rjQeRs9jp,Tired Game Over GIF by OneFootball Heads,gif,2025-09-11T07:33:45+0000,1757576025,172187
2026-08-17,yVkY5XkSGEbmGkqKlt,Foodie Watermelon GIF by OneFootball Heads,gif,2025-09-11T07:33:40+0000,1757576020,444281
2026-08-17,4agkjC6mUqzk4Ij9jS,Shocked No Way GIF by OneFootball Heads,gif,2025-08-04T07:32:28+0000,1754292748,95856
2026-08-17,E7J4gMgNzH8P5fJIir,Excuse Me What GIF by OneFootball Heads,gif,2025-08-04T07:32:23+0000,1754292743,28008
2026-08-17,znORHj4fd8MAN7gbLr,Excuse Me What GIF by OneFootball Heads,gif,2025-08-04T07:32:18+0000,1754292738,26725
2026-08-17,fAP7QAJ1xFD6JTFM1e,Celebration Wow GIF by OneFootball Heads,gif,2025-08-04T07:32:11+0000,1754292731,76694
2026-08-17,oC6Cx1YXBtvdoYXmZr,Celebration Wow GIF by OneFootball Heads,gif,2025-08-04T07:32:06+0000,1754292726,228249
2026-08-17,P4mW1PplxZFjLv81SQ,Happy We Got This GIF by OneFootball Heads,gif,2025-08-04T07:31:58+0000,1754292718,125011
2026-08-17,6vaqqwTzS6SuR36oIW,Tidy Up GIF by OneFootball Heads,gif,2025-08-04T07:31:52+0000,1754292712,213486
2026-08-17,6YX6lFHrE3n78eBvRu,Tidy Up GIF by OneFootball Heads,gif,2025-08-04T07:31:46+0000,1754292706,865029
2026-08-17,JfqESuqy1kOf3HTr8Y,Frustration Swirling GIF by OneFootball Heads,gif,2025-08-04T07:31:39+0000,1754292699,53959
2026-08-17,2KDnf1jZTUJlrrasTZ,Fifa Swirling GIF by OneFootball Heads,gif,2025-08-04T07:31:34+0000,1754292694,110992
2026-08-17,Sfiri0PXigpGueBftO,Happy Pizza Time GIF by OneFootball Heads,gif,2025-08-04T07:31:29+0000,1754292689,20
2026-08-17,6Zo8j3dDBwQsYvhISc,Pizza Time Eating GIF by OneFootball Heads,gif,2025-08-04T07:31:24+0000,1754292684,65460
2026-08-17,9C0eEDiObWC3COXjXj,No Way What GIF by OneFootball Heads,gif,2025-08-04T07:31:18+0000,1754292678,24017
2026-08-17,BG3Zejm7Xdx6wWUf1s,Cant Believe It No Way GIF by OneFootball Heads,gif,2025-08-04T07:31:12+0000,1754292672,76435
2026-08-17,uejerzhWkT2nfV4ekh,Var Whistle GIF by OneFootball Heads,gif,2025-08-04T07:31:08+0000,1754292668,147936
2026-08-17,CLsZfPTw3az9SfokNz,Referee Var GIF by OneFootball Heads,gif,2025-08-04T07:31:02+0000,1754292662,521747
2026-08-17,98ehMD8kX9bLkq9Gcw,Angry Watch Out GIF by OneFootball Heads,gif,2025-08-04T07:30:56+0000,1754292656,142459
2026-08-17,sTKnZMlZKwYbtflXQq,Angry Watch Out GIF by OneFootball Heads,gif,2025-08-04T07:30:52+0000,1754292652,309728
2026-08-17,2XtaKuSyUmADvFNWeB,Lets Go Please GIF by OneFootball Heads,gif,2025-08-04T07:30:47+0000,1754292647,34855
2026-08-17,AJYr4bWzAFjdGH9q0o,Lets Go Please GIF by OneFootball Heads,gif,2025-08-04T07:30:41+0000,1754292641,180752
2026-08-17,ZUtSEAyBuCcewmA29F,Champions League Celebration GIF by OneFootball Heads,gif,2025-08-04T07:30:36+0000,1754292636,53359
2026-08-17,TWBEBifNIlRw3WZysb,Happy Champions League GIF by OneFootball Heads,gif,2025-08-04T07:30:29+0000,1754292629,552581
2026-08-17,sGkjKXy02jm6wjrij1,I Love You Kiss GIF by OneFootball Heads,gif,2025-08-03T14:21:20+0000,1754230880,291920
2026-08-17,m0RdfAX3ZVq56g6Ufb,I Love You Kiss GIF by OneFootball Heads,gif,2025-08-03T14:21:14+0000,1754230874,316477
2026-08-17,lHQGU1fP8dCpgZhRQ8,Sad Its Over GIF by OneFootball Heads,gif,2025-08-03T14:21:06+0000,1754230866,122983
2026-08-17,kvrucA56Ge96PitAIf,Sad Game Over GIF by OneFootball Heads,gif,2025-08-03T14:21:01+0000,1754230861,2085866
2026-08-17,N8j7uvd3K7ewojOxxY,Accuse He Did It GIF by OneFootball Heads,gif,2025-08-03T14:20:55+0000,1754230855,191134
2026-08-17,YFsvkuJTxLc0uuNrhO,Accuse He Did It GIF by OneFootball Heads,gif,2025-08-03T14:20:49+0000,1754230849,9903177
2026-08-17,B7HEiOs673jZ4sYq3q,Betting Game On GIF by OneFootball Heads,gif,2025-08-03T14:20:41+0000,0,0
2026-08-17,49lmGu0eQ7ISpToUTU,Betting All In GIF by OneFootball Heads,gif,2025-08-03T14:20:34+0000,1754230834,2
2026-08-17,QIpziLuXhTywLdbIkQ,Happy We Did It GIF by OneFootball Heads,gif,2025-08-03T14:20:25+0000,1754230825,81437
2026-08-17,TkAIyyDEx6r2Qrm007,Well Done Good Job GIF by OneFootball Heads,gif,2025-08-03T14:20:21+0000,1754230821,205425
2026-08-17,fkhqUwfGzSYOrSTJp9,Excited Lets Go GIF by OneFootball Heads,gif,2025-08-03T14:20:16+0000,1754230816,21805
2026-08-17,x6TIee2JM9pBwc4MBG,Excited Video Game GIF by OneFootball Heads,gif,2025-08-03T14:20:05+0000,1754230805,255320
2026-08-17,YoWUM76JMiAUKm9ggl,Good Vibes Thank You GIF by OneFootball Heads,gif,2025-08-03T14:19:59+0000,1754230799,63897
2026-08-17,6qI2NYWngdAxxVX1zJ,Good Vibes Thank You GIF by OneFootball Heads,gif,2025-08-03T14:19:54+0000,1754230794,74184
2026-08-17,uZ7GOHTYg3w6hAPN9v,Unity We Agree GIF by OneFootball Heads,gif,2025-08-03T14:19:49+0000,1754230789,316587
2026-08-17,5grsDwlqX4kfy71Rdj,Shake Hands Yes GIF by OneFootball Heads,gif,2025-08-03T14:19:43+0000,1754230783,195821
2026-08-17,3Vvcnjhme1hwqwMNke,Whats Going On Hello GIF by OneFootball Heads,gif,2025-07-01T18:21:14+0000,1751394074,311806
2026-08-17,ArFOjTGDqq45OKCAo4,Breathe Slow Down GIF by OneFootball Heads,gif,2025-07-01T18:21:10+0000,1751394070,104107
2026-08-17,ZlBrZ2naavOtI2qSAr,Happy Game Over GIF by OneFootball Heads,gif,2025-07-01T18:21:05+0000,1751394065,203415
2026-08-17,8WBfBgNcz3Ep1OvSUC,Happy Fan Reaction GIF by OneFootball Heads,gif,2025-07-01T18:20:59+0000,1751394059,146441
2026-08-17,AZgI9GQ4S4ul6qcA9u,Football Fan GIF by OneFootball Heads,gif,2025-07-01T18:20:54+0000,1751394054,1400273
2026-08-17,gSJLxCRJSAtTesQIH2,Game Over Football GIF by OneFootball Heads,gif,2025-07-01T18:20:49+0000,1751394049,370183
2026-08-17,3v4WsAL4dC4aMtTKdU,Soccer Wow GIF by OneFootball Heads,gif,2025-07-01T18:20:41+0000,1751394041,190903
2026-08-17,al9NLseK6dPr8Q0mZz,Bored Tv Sports GIF by OneFootball Heads,gif,2025-07-01T18:20:33+0000,1751394033,198965
2026-08-17,xNJVAiSsa1wtC14act,Angry Soccer GIF by OneFootball Heads,gif,2025-07-01T18:20:28+0000,1751394028,610849
2026-08-17,1Brq4LvOtRMIBJQi4U,Bored Game Time GIF by OneFootball Heads,gif,2025-07-01T18:20:22+0000,1751394022,120057
2026-08-17,Vtg7zkTTczN2bvodCG,Stay Hydrated Drink Water GIF by OneFootball Heads,gif,2025-07-01T18:20:17+0000,1751394017,275710
2026-08-17,z1dXRwDsqrjs5KDOML,Bored Old Man GIF by OneFootball Heads,gif,2025-07-01T18:20:11+0000,1751394011,7039041
2026-08-17,l8eIHDVeTwEm5VOjb1,Tv Time Yawn GIF by OneFootball Heads,gif,2025-07-01T18:20:06+0000,1751394006,2609351
2026-08-17,R60s9NrOwv5eTrRPzV,Game Day Chips GIF by OneFootball Heads,gif,2025-07-01T18:20:01+0000,1751394001,239255
2026-08-17,pQxOnCwLvTBG4uf3KD,Angry Over It GIF by OneFootball Heads,gif,2025-07-01T18:19:55+0000,1751393995,945615
2026-08-17,woNoaZZ9V12dyjYjJo,Game Over Football GIF by OneFootball Heads,gif,2025-07-01T18:19:48+0000,1751393988,311144
2026-08-17,X2tAL568gaKEgB9Anv,Football Popping In GIF by OneFootball Heads,gif,2025-07-01T18:19:43+0000,1751393983,122105
2026-08-17,VaHgVrzYDaGrz7JRiX,Sorry Leave Me Alone GIF by OneFootball Heads,gif,2025-07-01T18:19:38+0000,1751393978,282436
2026-08-17,tiqNAs5cs6O0h36elo,Game On Football GIF by OneFootball Heads,gif,2025-07-01T18:19:32+0000,1751393972,245635
2026-08-17,VErfqZkulaxhehX9uN,Lets Go Football GIF by OneFootball Heads,gif,2025-07-01T18:19:26+0000,1751393966,21985
2026-08-17,pPqefCee0DWoNtfPaN,Final Match Kiss GIF by OneFootball Heads,gif,2025-07-01T18:19:20+0000,1751393960,126675
2026-08-17,3oDwGbxOLEg8bEEJIQ,Football Omg GIF by OneFootball Heads,gif,2025-07-01T18:19:15+0000,1751393955,191451
2026-08-17,vXbH7KQWGqNe9heXju,Excited Soccer GIF by OneFootball Heads,gif,2025-07-01T18:19:09+0000,1751393949,62052
2026-08-17,P6CpYQD8EQVdHmbBB7,Game Night Football GIF by OneFootball Heads,gif,2025-07-01T18:18:49+0000,1751393929,116624
2026-08-17,z7kuboVsFhWrC6gJDp,Cool Off Break Time GIF by OneFootball Heads,gif,2025-07-01T18:18:42+0000,1751393922,908695
2026-08-17,FCtjJQzZME69CW6ttp,Football Soccer GIF by OneFootball Heads,gif,2025-07-01T18:18:37+0000,1751393917,275151
2026-08-17,VtZku1FNcJfdfJLPya,Lets Go Football GIF by OneFootball Heads,gif,2025-07-01T18:18:32+0000,1751393912,297847
2026-08-17,w4nv4DunM9a4tOEi3Y,Excited Game Time GIF by OneFootball Heads,gif,2025-07-01T18:18:27+0000,1751393907,130201
2026-08-17,a3sOeDI1ZuE2UEGEjr,Happy Football GIF by OneFootball Heads,gif,2025-07-01T18:18:18+0000,1751393898,50792
2026-08-17,KPVPfTOGhR4ZDXsBWA,Angry Football Fan GIF by OneFootball Heads,gif,2025-07-01T18:18:10+0000,1751393890,62838
2026-08-17,hwIq8i6Qi7UnUGbacf,Angry Game Time GIF by OneFootball Heads,gif,2025-07-01T18:18:01+0000,1751393881,21938
2026-08-17,NnvB50iO7TqUyBzFvl,Big Brain Funny Gif GIF by OneFootball Heads,gif,2025-06-26T12:13:26+0000,1750940006,1482661
2026-08-17,VeQ7R5eLzOiZwny95R,Preach For Real GIF by OneFootball Heads,gif,2025-06-26T12:13:18+0000,1750939998,12024726
2026-08-17,4XEUw17xG7OGK9nuJw,Happy Lets Go GIF by OneFootball Heads,gif,2025-06-26T12:13:13+0000,1750939993,2515374
2026-08-17,I70wiKkwEVZWC2HFAO,Happy Birthday GIF by OneFootball Heads,gif,2025-06-20T19:06:07+0000,1750446367,654130
2026-08-17,fOGrNl1SGyw9ZF5Qeh,Truth Agree GIF by OneFootball Heads,gif,2025-06-20T13:20:39+0000,1750425639,225801
2026-08-17,jzppiGwPog15PVElfH,Good Vibes Chill GIF by OneFootball Heads,gif,2025-06-20T13:20:30+0000,1750425630,94765
2026-08-17,oxj2Z1k2cHtR0oZkqj,Coffee Time Reaction Gif GIF by OneFootball Heads,gif,2025-06-20T13:20:24+0000,1750425624,231138
2026-08-17,TiuUji4KiJvFuzPFYg,Hungry Noodles GIF by OneFootball Heads,gif,2025-06-20T13:20:13+0000,1750425613,538951
2026-08-17,6A9hefwTjvCDMURljb,Game Show Reaction Gif GIF by OneFootball Heads,gif,2025-06-20T13:19:53+0000,1750425593,5488000
2026-08-17,toIRQFAFFCtAWwJveB,Whats Up Hello GIF by OneFootball Heads,gif,2025-06-18T09:53:48+0000,1750240428,323102
2026-08-17,dCqQrUmPgICwfSYzgi,Well Done Yes GIF by OneFootball Heads,gif,2025-06-18T09:53:22+0000,1750240402,56527
2026-08-17,hBt0VjWkZbFRBrBACu,Refreshing Water Bottle GIF by OneFootball Heads,gif,2025-06-18T09:52:56+0000,1750240376,3446784
2026-08-17,9HORd4teDGhOt46fEz,Youre Cute Love You GIF by OneFootball Heads,gif,2025-06-18T09:52:38+0000,1750240358,126314
2026-08-17,tgLpK2WbZhGe0D6UbT,Slow Motion Boom GIF by OneFootball Heads,gif,2025-06-18T09:52:08+0000,1750240328,418573
2026-08-17,y2QSRInUPq9f5evJVB,Stay Calm Market Crash GIF by OneFootball Heads,gif,2025-06-18T09:51:23+0000,1750240283,275582
2026-08-17,N2GUDdRZbdCdUzYkuw,Celebrate Lets Go GIF by OneFootball Heads,gif,2025-06-18T09:50:51+0000,1750240251,429559
2026-08-17,FzxAj0hfgyAdsW40AC,Lets Go Success GIF by OneFootball Heads,gif,2025-06-18T09:50:27+0000,1750240227,38325
2026-08-17,WT9XlpCYQY7PtmCLT4,OneFootball Heads GIF,gif,2025-06-16T07:55:46+0000,1750060546,724768
2026-08-17,FS1BfSHSEcBM7oXgnd,OneFootball Heads GIF,gif,2025-06-13T19:24:38+0000,1749842678,113258
2026-08-17,vaKM2dq2diEh9vUBQP,OneFootball Heads GIF,gif,2025-06-13T19:24:32+0000,1749842672,208680
2026-08-17,gUn5uaz4fhAKi45l4u,OneFootball Heads GIF,gif,2025-06-13T19:24:26+0000,1749842666,269370
2026-08-17,RcKxMa4JVupSJSMnhX,OneFootball Heads GIF,gif,2025-06-13T19:24:21+0000,1749842661,274279
