"gif_id","title","kind","created","views"
"S0GO7wvqciKU6znbFW","Celebrate World Cup GIF by OneFootball Heads","gif","2026-01-20T05:02:26+0000","25574171"
"VeQ7R5eLzOiZwny95R","Preach For Real GIF by OneFootball Heads","gif","2025-06-26T12:13:18+0000","12078809"
"1MTfxcyrTyUFK9Zp3S","Celebrate World Cup GIF by OneFootball Heads","gif","2026-01-20T05:03:57+0000","11188007"
"YFsvkuJTxLc0uuNrhO","Accuse He Did It GIF by OneFootball Heads","gif","2025-08-03T14:20:49+0000","10029756"
"Zil84rm4wvlWsJqo9C","Celebrate World Cup GIF by OneFootball Heads","gif","2026-01-20T05:02:18+0000","9612650"
"z1dXRwDsqrjs5KDOML","Bored Old Man GIF by OneFootball Heads","gif","2025-07-01T18:20:11+0000","7069842"
"s6eCu3KXqkq8sKt2pD","World Cup Win GIF by OneFootball Heads","gif","2026-01-20T05:06:54+0000","5805997"
"6A9hefwTjvCDMURljb","Game Show Reaction Gif GIF by OneFootball Heads","gif","2025-06-20T13:19:53+0000","5538675"
"vFAra3l66GR59S9K40","Proud Number One GIF by OneFootball Heads","gif","2025-10-19T17:09:31+0000","4773750"
"n20QOGJq9Smmy5c5Yx","Happy Love It GIF by OneFootball Heads","gif","2025-10-19T17:10:49+0000","3910567"
"Tp7JErC4Ak5ZrF8ciK","Celebrate World Cup GIF by OneFootball Heads","gif","2026-01-20T05:05:08+0000","3803989"
"7UCWuilJRYlAu15j7U","Celebrate World Cup GIF by OneFootball Heads","gif","2026-01-20T05:03:24+0000","3787692"
"HXbjrTClytGyPjam3M","Hat-Trick Football GIF by OneFootball Heads","gif","2026-03-26T22:32:17+0000","3650367"
"hBt0VjWkZbFRBrBACu","Refreshing Water Bottle GIF by OneFootball Heads","gif","2025-06-18T09:52:56+0000","3459663"
"zFJd9Sp0856KS6dVtv","Start Yes GIF by OneFootball Heads","gif","2025-10-19T17:09:36+0000","3247288"
"VZ9JDjblGrqOCxqVFT","Celebrate World Cup GIF by OneFootball Heads","gif","2026-01-20T05:12:15+0000","3174316"
"01KHA2KdMQLQi136pi","Save Big Game GIF by OneFootball Heads","gif","2025-09-11T07:36:40+0000","3135776"
"l8eIHDVeTwEm5VOjb1","Tv Time Yawn GIF by OneFootball Heads","gif","2025-07-01T18:20:06+0000","2659857"
"4XEUw17xG7OGK9nuJw","Happy Lets Go GIF by OneFootball Heads","gif","2025-06-26T12:13:13+0000","2526070"
"ba5JMnrKk4o9z7yiP0","Celebrate World Cup GIF by OneFootball Heads","gif","2026-01-20T05:08:01+0000","2519986"
"3lTznm8qcjuD0dOyof","Celebrate World Cup GIF by OneFootball Heads","gif","2026-01-20T05:07:52+0000","2281201"
"kvrucA56Ge96PitAIf","Sad Game Over GIF by OneFootball Heads","gif","2025-08-03T14:21:01+0000","2103257"
"4yd3gQjXGb9aFks0bS","Serious Red Card GIF by OneFootball Heads","gif","2025-10-19T17:11:24+0000","2072609"
"gfv9pQSjyN83iR0zM0","Celebrate World Cup GIF by OneFootball Heads","gif","2026-01-20T05:05:47+0000","1901000"
"H1SV8pkPwh24wqRfyd","Celebrate World Cup GIF by OneFootball Heads","gif","2026-01-20T05:05:41+0000","1668147"
"Atd0AOMP5wrkqhYQpM","Serious Red Card GIF by OneFootball Heads","gif","2025-10-19T17:11:38+0000","1666999"
"ykoTW1SqAFoUKMXfwl","Celebrate World Cup GIF by OneFootball Heads","gif","2026-01-20T05:07:09+0000","1653042"
"N20tM6nrrXQMl4HYWz","Green Flag Relationships GIF by OneFootball Heads","gif","2026-02-09T04:36:33+0000","1578136"
"NnvB50iO7TqUyBzFvl","Big Brain Funny Gif GIF by OneFootball Heads","gif","2025-06-26T12:13:26+0000","1515565"
"FjOH5YsFZv0M1wuIBb","Metal Detector GIF by OneFootball Heads","gif","2026-02-09T04:37:32+0000","1478483"
"AZgI9GQ4S4ul6qcA9u","Football Fan GIF by OneFootball Heads","gif","2025-07-01T18:20:54+0000","1441164"
"CQF6AFxLK2g5y2B2NN","Celebrate World Cup GIF by OneFootball Heads","gif","2026-01-20T05:08:43+0000","1429447"
"XCdhyRfbj2GvgufO0u","Football Soccer GIF by OneFootball Heads","gif","2026-03-26T22:31:20+0000","1426134"
"MmwWuKZzjxYw05RF8z","Celebrate World Cup GIF by OneFootball Heads","gif","2026-01-20T05:11:48+0000","1411836"
"IvJvPYEXDOoV3ju64N","Celebrate World Cup GIF by OneFootball Heads","gif","2026-01-20T05:11:34+0000","1397653"
"Wmu62LX7EfEYjeZFom","Join In Lets Go GIF by OneFootball Heads","gif","2025-10-19T17:10:27+0000","1364494"
"zbFMPSL8EgDfqeBgWZ","Save Football Game GIF by OneFootball Heads","gif","2025-09-11T07:35:31+0000","1284330"
"bbQA9p31wBCfGP7Lqq","Red Button No GIF by OneFootball Heads","gif","2025-10-19T17:09:44+0000","1280692"
"BuT7JDz3OLtImz82QE","Walk Like An Egyptian Dancing GIF by OneFootball Heads","gif","2026-02-09T04:36:49+0000","1237836"
"zbcPsquuTZdA0tMKBx","Celebration Brazil GIF by OneFootball Heads","gif","2025-10-25T01:56:58+0000","1176966"
"HBz4ZFEBOWzRdBO70e","World Cup Football GIF by OneFootball Heads","gif","2026-06-18T14:30:00+0000","1156029"
"ZfzDxoltZ5FyWrmTJl","Celebrate World Cup GIF by OneFootball Heads","gif","2026-01-20T05:12:03+0000","1138644"
"XYGeNuYFTJxYanc1ij","Celebrate World Cup GIF by OneFootball Heads","gif","2026-01-20T05:05:22+0000","1036015"
"mwnu1QWfjuMZbKdgcp","Celebrate World Cup GIF by OneFootball Heads","gif","2026-01-20T05:11:12+0000","1034254"
"4zCNON1K71s6JXOFd5","Celebrate World Cup GIF by OneFootball Heads","gif","2026-01-20T05:07:38+0000","970504"
"pQxOnCwLvTBG4uf3KD","Angry Over It GIF by OneFootball Heads","gif","2025-07-01T18:19:55+0000","962448"
"4yGaQKJE08kHXPuyMn","Celebrate World Cup GIF by OneFootball Heads","gif","2026-01-20T05:11:41+0000","955348"
"z7kuboVsFhWrC6gJDp","Cool Off Break Time GIF by OneFootball Heads","gif","2025-07-01T18:18:42+0000","928744"
"9dJzU7bFwJBIWjvWO0","Celebrate World Cup GIF by OneFootball Heads","gif","2026-01-20T05:04:12+0000","901031"
"g2KaTr5PnaMjjBUagH","Celebrate World Cup GIF by OneFootball Heads","gif","2026-01-20T05:00:58+0000","892395"
"6YX6lFHrE3n78eBvRu","Tidy Up GIF by OneFootball Heads","gif","2025-08-04T07:31:46+0000","890062"
"5IYv7MHczMNdqnxWa1","Celebrate World Cup GIF by OneFootball Heads","gif","2026-01-20T05:11:06+0000","886858"
"pTNVcut8Um4qfqAn0v","Celebrate World Cup GIF by OneFootball Heads","gif","2026-01-20T05:03:16+0000","849137"
"qhb6MgP55rZQIiJPFf","Celebrate World Cup GIF by OneFootball Heads","gif","2026-01-20T05:07:24+0000","831582"
"pGYHslrw9ZTEMk9Sn2","World Cup Football GIF by OneFootball Heads","gif","2026-06-18T14:30:18+0000","765999"
"w0t4WTCyVJfbNIAwdR","Celebrate World Cup GIF by OneFootball Heads","gif","2026-01-20T05:03:50+0000","765471"
"zuMnz0s1el2MO30gjg","Celebrate World Cup GIF by OneFootball Heads","gif","2026-01-20T05:09:02+0000","760832"
"WT9XlpCYQY7PtmCLT4","OneFootball Heads GIF","gif","2025-06-16T07:55:46+0000","747251"
"I70wiKkwEVZWC2HFAO","Happy Birthday GIF by OneFootball Heads","gif","2025-06-20T19:06:07+0000","737267"
"oowpSQYkmY8zkkApHu","Celebrate World Cup GIF by OneFootball Heads","gif","2026-01-20T05:00:50+0000","715122"
"6o7c1nxSuBTp6XIMzm","Football Soccer GIF by OneFootball Heads","gif","2026-03-26T22:32:44+0000","714395"
"n4eta4zIkCRr6xbK2f","Celebrate Germany GIF by OneFootball Heads","gif","2026-01-20T05:04:48+0000","709879"
"VFmjfFzMv0JETVuokv","World Cup Football GIF by OneFootball Heads","gif","2026-06-18T12:49:11+0000","703577"
"VUJFF1jbhxVFyUtLTJ","World Cup Football GIF by OneFootball Heads","gif","2026-06-18T14:33:07+0000","700286"
"QBgFxeacBb59LMX5su","Celebrate World Cup GIF by OneFootball Heads","gif","2026-01-20T05:03:03+0000","627306"
"cj0jRYyipLPlzwLs0i","Celebrate World Cup GIF by OneFootball Heads","gif","2026-01-20T05:00:24+0000","626754"
"xNJVAiSsa1wtC14act","Angry Soccer GIF by OneFootball Heads","gif","2025-07-01T18:20:28+0000","624574"
"ZUwEmP2EchPgZetmps","Celebrate World Cup GIF by OneFootball Heads","gif","2026-01-20T05:02:40+0000","622946"
"ZtAisAoRQRuf0wlOqe","Proud Celebration GIF by OneFootball Heads","gif","2025-10-19T17:10:20+0000","609599"
"p5EoYWZd7rXnSrk3A4","Serious Stop GIF by OneFootball Heads","gif","2025-10-19T17:10:33+0000","595400"
"KyJWoY8DDDBnJMn5fY","Frustrated Video Game GIF by OneFootball Heads","gif","2025-09-11T07:34:22+0000","577992"
"Brkoiafxyzb94gXrMa","Celebrate World Cup GIF by OneFootball Heads","gif","2026-01-20T05:07:57+0000","577539"
"3CjwLHLooBGmDorkzF","Celebrate World Cup GIF by OneFootball Heads","gif","2026-01-20T05:10:39+0000","575439"
"C2wLIBhg6rnF2Vk5p3","Bored Fed Up GIF by OneFootball Heads","gif","2025-09-11T07:34:03+0000","575354"
"PMny68XCKFiABxd1SZ","Hat Trick Football GIF by OneFootball Heads","gif","2026-03-26T22:33:05+0000","572024"
"TWBEBifNIlRw3WZysb","Happy Champions League GIF by OneFootball Heads","gif","2025-08-04T07:30:29+0000","568300"
"TiuUji4KiJvFuzPFYg","Hungry Noodles GIF by OneFootball Heads","gif","2025-06-20T13:20:13+0000","548332"
"sGr4yrFK3BHDsEhSAM","Game Time Football GIF by OneFootball Heads","gif","2025-09-11T07:34:12+0000","544612"
"eEEVPZVPzXY9ceK13z","Metal Detector Searching GIF by OneFootball Heads","gif","2026-02-09T04:38:25+0000","543875"
"CLsZfPTw3az9SfokNz","Referee Var GIF by OneFootball Heads","gif","2025-08-04T07:31:02+0000","543285"
"VSmo1UmSEnNBOkzzKN","Celebrate World Cup GIF by OneFootball Heads","gif","2026-01-20T05:07:46+0000","523980"
"qpJtW9XMVylfz7N32c","Celebrate World Cup GIF by OneFootball Heads","gif","2026-01-20T05:08:16+0000","515923"
"2Tmk43f9xbaX1HX5XW","Celebrate World Cup GIF by OneFootball Heads","gif","2026-01-20T05:12:20+0000","515356"
"XbEj9EvaOwUas4Zfkd","Celebrate World Cup GIF by OneFootball Heads","gif","2026-01-20T05:04:55+0000","503912"
"WoJ1KruDxKQ1TdT7LG","Celebrate World Cup GIF by OneFootball Heads","gif","2026-01-20T05:08:34+0000","503226"
"67KY9IKgii3mZDcGQS","Excited Lets Go GIF by OneFootball Heads","gif","2025-10-19T17:10:39+0000","501358"
"BxCTf1cNDlhFUdurmO","Celebrate World Cup GIF by OneFootball Heads","gif","2026-01-20T05:06:27+0000","500455"
"N2GUDdRZbdCdUzYkuw","Celebrate Lets Go GIF by OneFootball Heads","gif","2025-06-18T09:50:51+0000","471636"
"kFnvhvvnxA6KwTnIzA","Hat-Trick Football GIF by OneFootball Heads","gif","2026-03-26T22:32:38+0000","471255"
"V7KYS0VPWVdhPFUj9Z","Celebrate World Cup GIF by OneFootball Heads","gif","2026-01-20T05:03:43+0000","465777"
"8tQLdg1TjgKBuuPbco","World Cup Football GIF by OneFootball Heads","gif","2026-06-18T12:50:43+0000","461320"
"uXV0BqmxAJt7VKNgZh","Celebrate Germany GIF by OneFootball Heads","gif","2026-01-20T05:04:40+0000","458723"
"yVkY5XkSGEbmGkqKlt","Foodie Watermelon GIF by OneFootball Heads","gif","2025-09-11T07:33:40+0000","458370"
"W4ZiN0w5JKJF4oK36b","Celebrate World Cup GIF by OneFootball Heads","gif","2026-01-20T05:00:35+0000","437170"
"tgLpK2WbZhGe0D6UbT","Slow Motion Boom GIF by OneFootball Heads","gif","2025-06-18T09:52:08+0000","435308"
"hhL4cErWygGzv0PMwl","Pool Party Summer GIF by OneFootball Heads","gif","2026-01-20T14:30:33+0000","435211"
"tsiV9e5BNYJs9N63xu","World Cup Football GIF by OneFootball Heads","gif","2026-06-18T12:58:25+0000","426672"
"bKDPhQuR4aMtOTfzSz","Celebrate World Cup GIF by OneFootball Heads","gif","2026-01-20T05:12:09+0000","425387"
"ZqZUWuxULL0IZ3XdCW","Celebrate World Cup GIF by OneFootball Heads","gif","2026-01-20T05:05:02+0000","425251"
"GAczcLkdTCTPS01kQy","Celebrate World Cup GIF by OneFootball Heads","gif","2026-01-20T05:06:16+0000","424660"
"HU5ZX6NCZHrKdAkGtf","Celebrate World Cup GIF by OneFootball Heads","gif","2026-01-20T05:06:35+0000","417952"
"cPeIETb5b6zKnkngts","Serious Red Card GIF by OneFootball Heads","gif","2025-10-19T17:12:31+0000","406404"
"XR7PHHrmVHtqEK1gol","World Cup Football GIF by OneFootball Heads","gif","2026-06-18T12:53:40+0000","401412"
"9HtqtBJIrXjEyDlqtp","Scoring Football Game GIF by OneFootball Heads","gif","2025-09-11T07:36:44+0000","400840"
"gSJLxCRJSAtTesQIH2","Game Over Football GIF by OneFootball Heads","gif","2025-07-01T18:20:49+0000","378626"
"imjTWu6Vx9k0QJwpv4","World Cup Football GIF by OneFootball Heads","gif","2026-07-05T10:16:58+0000","378410"
"9sKA3ibq7zX02Os7y4","Happy Celebration GIF by OneFootball Heads","gif","2025-10-19T17:12:20+0000","371050"
"clODkNL8QqeiiLV871","Celebrate World Cup GIF by OneFootball Heads","gif","2026-01-20T05:08:08+0000","352253"
"ydtlZT2ZGwRKUS7k90","Bored Fed Up GIF by OneFootball Heads","gif","2025-09-11T07:35:44+0000","346983"
"Oa4QJT3Fb0zQ037mov","Shock Whats That GIF by OneFootball Heads","gif","2026-02-09T04:38:43+0000","346779"
"m0RdfAX3ZVq56g6Ufb","I Love You Kiss GIF by OneFootball Heads","gif","2025-08-03T14:21:14+0000","345883"
"rWdKQ4rLROfKD3cdLI","Best Friend Friends Sticker by OneFootball Heads","sticker","2026-07-28T17:47:50+0000","345295"
"soFxWwpvpFThVlZGd4","Celebrate World Cup GIF by OneFootball Heads","gif","2026-01-20T05:01:15+0000","342727"
"pUnbgneAsAFpw9wmzw","Game Time Goalkeeper GIF by OneFootball Heads","gif","2025-09-11T07:34:17+0000","339736"
"wDcx1Rm1hXxGKefyTR","Celebrate World Cup GIF by OneFootball Heads","gif","2026-01-20T05:02:55+0000","335168"
"toIRQFAFFCtAWwJveB","Whats Up Hello GIF by OneFootball Heads","gif","2025-06-18T09:53:48+0000","332008"
"gGTnOmNz9RWBhLAOww","Hungry Bad Day GIF by OneFootball Heads","gif","2025-09-11T07:34:08+0000","328474"
"i09kDxdM8snHxPKl1i","Celebrate World Cup GIF by OneFootball Heads","gif","2026-01-20T05:06:21+0000","326584"
"sTKnZMlZKwYbtflXQq","Angry Watch Out GIF by OneFootball Heads","gif","2025-08-04T07:30:52+0000","321470"
"Px3XFOmPDLjRvP9YeG","Celebrate World Cup GIF by OneFootball Heads","gif","2026-01-20T05:09:34+0000","321037"
"3Vvcnjhme1hwqwMNke","Whats Going On Hello GIF by OneFootball Heads","gif","2025-07-01T18:21:14+0000","320317"
"uZ7GOHTYg3w6hAPN9v","Unity We Agree GIF by OneFootball Heads","gif","2025-08-03T14:19:49+0000","320165"
"woNoaZZ9V12dyjYjJo","Game Over Football GIF by OneFootball Heads","gif","2025-07-01T18:19:48+0000","316184"
"QJ4gYE5K7A8FPhPHuX","Celebrate World Cup GIF by OneFootball Heads","gif","2026-01-20T05:10:52+0000","313340"
"bktvFDtSnncI1w598s","Celebrate World Cup GIF by OneFootball Heads","gif","2026-01-20T05:05:14+0000","308611"
"VtZku1FNcJfdfJLPya","Lets Go Football GIF by OneFootball Heads","gif","2025-07-01T18:18:32+0000","304468"
"l23aOmdgpH4PVpPOOF","Celebrate World Cup GIF by OneFootball Heads","gif","2026-01-20T05:02:11+0000","303366"
"sGkjKXy02jm6wjrij1","I Love You Kiss GIF by OneFootball Heads","gif","2025-08-03T14:21:20+0000","301579"
"cwXLRZXXoL0np7eb72","Bubbles Childhood GIF by OneFootball Heads","gif","2025-09-11T07:33:58+0000","292995"
"y2QSRInUPq9f5evJVB","Stay Calm Market Crash GIF by OneFootball Heads","gif","2025-06-18T09:51:23+0000","289359"
"VaHgVrzYDaGrz7JRiX","Sorry Leave Me Alone GIF by OneFootball Heads","gif","2025-07-01T18:19:38+0000","289276"
"rcKw9ZKuo0lLFzIuuZ","Warning Red Flag GIF by OneFootball Heads","gif","2026-02-09T04:36:38+0000","287691"
"X8U2NmVTuTntFxGesd","Football Fan Vacation GIF by OneFootball Heads","gif","2026-05-22T01:55:27+0000","285517"
"Vtg7zkTTczN2bvodCG","Stay Hydrated Drink Water GIF by OneFootball Heads","gif","2025-07-01T18:20:17+0000","285363"
"PElQbTO025s7BK5sIP","Meditation Norway Sticker by OneFootball Heads","sticker","2026-07-22T13:57:56+0000","280171"
"FCtjJQzZME69CW6ttp","Football Soccer GIF by OneFootball Heads","gif","2025-07-01T18:18:37+0000","279975"
"RcKxMa4JVupSJSMnhX","OneFootball Heads GIF","gif","2025-06-13T19:24:21+0000","279116"
"H5b7aOpD0MCxbT3jFO","Celebrate World Cup GIF by OneFootball Heads","gif","2026-01-20T05:06:42+0000","277591"
"gUn5uaz4fhAKi45l4u","OneFootball Heads GIF","gif","2025-06-13T19:24:26+0000","276675"
"TCYSBvF1McWeOViTdS","World Cup Football GIF by OneFootball Heads","gif","2026-06-18T14:31:23+0000","268631"
"6UDc6ioncYRxWDnp0G","Signing Football Fan GIF by OneFootball Heads","gif","2026-05-22T01:54:32+0000","268559"
"iUmxhJqvJmf1ytmdok","World Cup Football GIF by OneFootball Heads","gif","2026-06-18T16:14:44+0000","264877"
"x6TIee2JM9pBwc4MBG","Excited Video Game GIF by OneFootball Heads","gif","2025-08-03T14:20:05+0000","264176"
"nohvpMrEwXy468gDFR","World Cup Football GIF by OneFootball Heads","gif","2026-07-05T10:12:59+0000","262446"
"prWnSRzSzVrBZLv41A","Celebrate World Cup GIF by OneFootball Heads","gif","2026-01-20T05:03:31+0000","259481"
"dgXu5U7aMzbfILnDcj","World Cup Football GIF by OneFootball Heads","gif","2026-06-18T12:51:59+0000","259226"
"tiqNAs5cs6O0h36elo","Game On Football GIF by OneFootball Heads","gif","2025-07-01T18:19:32+0000","252209"
"R60s9NrOwv5eTrRPzV","Game Day Chips GIF by OneFootball Heads","gif","2025-07-01T18:20:01+0000","248615"
"6SPE2NmJboU2RJtzU7","Celebrate World Cup GIF by OneFootball Heads","gif","2026-01-20T05:01:06+0000","248312"
"oxj2Z1k2cHtR0oZkqj","Coffee Time Reaction Gif GIF by OneFootball Heads","gif","2025-06-20T13:20:24+0000","245892"
"fOGrNl1SGyw9ZF5Qeh","Truth Agree GIF by OneFootball Heads","gif","2025-06-20T13:20:39+0000","245732"
"0QcUioJ7k6T2xRT6dI","Celebrate World Cup GIF by OneFootball Heads","gif","2026-01-20T05:11:56+0000","243442"
"GMibniHgHabH5FsvSf","Football Soccer GIF by OneFootball Heads","gif","2026-03-26T22:31:38+0000","240462"
"GJEvTVbP5UFX1rqFKc","Frustrated Video Games GIF by OneFootball Heads","gif","2025-09-11T07:36:35+0000","239316"
"K4y1b339hvcqk45WJ9","World Cup Football GIF by OneFootball Heads","gif","2026-06-18T12:55:15+0000","238701"
"5DIPupkmxQqmITQtN1","World Cup Football GIF by OneFootball Heads","gif","2026-06-18T14:33:30+0000","238487"
"0LBI2fJsWSO88UZip6","World Cup Football GIF by OneFootball Heads","gif","2026-07-05T10:19:38+0000","233557"
"uZCGmkB8j9Y2LrKCgC","World Cup Football GIF by OneFootball Heads","gif","2026-07-05T10:18:30+0000","232288"
"oC6Cx1YXBtvdoYXmZr","Celebration Wow GIF by OneFootball Heads","gif","2025-08-04T07:32:06+0000","231209"
"cYELoocQoVRmY2GRJq","World Cup Football GIF by OneFootball Heads","gif","2026-06-18T12:56:35+0000","230799"
"kg26UxATxZow3AsKZZ","World Cup Football GIF by OneFootball Heads","gif","2026-06-18T14:32:12+0000","229354"
"zAo4CHpNAaNDg27lmG","Celebrate World Cup GIF by OneFootball Heads","gif","2026-01-20T05:02:03+0000","227437"
"54Lr6tnL43zux7QcZh","Celebrate World Cup GIF by OneFootball Heads","gif","2026-01-20T05:10:30+0000","225414"
"V5xSpg6PoKMeC6mvhG","Stay Cool Chill GIF by OneFootball Heads","gif","2025-09-11T07:36:13+0000","225168"
"6vaqqwTzS6SuR36oIW","Tidy Up GIF by OneFootball Heads","gif","2025-08-04T07:31:52+0000","225085"
"Lg6tJBqeg7Z8iHTvJK","World Cup Football GIF by OneFootball Heads","gif","2026-06-18T12:49:20+0000","222377"
"WmTuF4gz4C3ZfoHQGw","Celebrate World Cup GIF by OneFootball Heads","gif","2026-01-20T05:06:00+0000","220024"
"vaKM2dq2diEh9vUBQP","OneFootball Heads GIF","gif","2025-06-13T19:24:32+0000","219109"
"r1CQkqGt4aI7wr1Ohw","Celebrate World Cup GIF by OneFootball Heads","gif","2026-01-20T05:09:10+0000","217097"
"zKf31joKvY23SQdSTF","I Love You Flower GIF by OneFootball Heads","gif","2026-01-20T14:29:56+0000","216926"
"czdCrCBERAQKBOfOLo","Football Soccer GIF by OneFootball Heads","gif","2026-03-26T22:33:15+0000","216039"
"HoEkTdvUpnS9WvVPcF","Football Waiting GIF by OneFootball Heads","gif","2026-05-18T15:31:16+0000","214169"
"TkAIyyDEx6r2Qrm007","Well Done Good Job GIF by OneFootball Heads","gif","2025-08-03T14:20:21+0000","214158"
"ZlBrZ2naavOtI2qSAr","Happy Game Over GIF by OneFootball Heads","gif","2025-07-01T18:21:05+0000","211583"
"9bIcqjJn0WBjTCqQOT","Dance Football GIF by OneFootball Heads","gif","2026-03-26T22:31:56+0000","210606"
"N8j7uvd3K7ewojOxxY","Accuse He Did It GIF by OneFootball Heads","gif","2025-08-03T14:20:55+0000","206689"
"5grsDwlqX4kfy71Rdj","Shake Hands Yes GIF by OneFootball Heads","gif","2025-08-03T14:19:43+0000","204611"
"al9NLseK6dPr8Q0mZz","Bored Tv Sports GIF by OneFootball Heads","gif","2025-07-01T18:20:33+0000","204424"
"xd0DzHA90wF0QspRKE","World Cup Football GIF by OneFootball Heads","gif","2026-06-18T12:51:09+0000","204283"
"YfVEEx3kXDGBe8YKi8","Podcast Tune In GIF by OneFootball Heads","gif","2025-10-19T17:11:19+0000","200993"
"3v4WsAL4dC4aMtTKdU","Soccer Wow GIF by OneFootball Heads","gif","2025-07-01T18:20:41+0000","200949"
"p6hxl3FX2QtPN1eWsj","World Cup Football GIF by OneFootball Heads","gif","2026-06-18T14:26:24+0000","200881"
"QGy9WgPA5wdXUx7yKE","Nara Superfans GIF by OneFootball Heads","gif","2026-02-09T04:38:35+0000","198238"
"hRRHZWBCM1iGz8W69i","World Cup Football GIF by OneFootball Heads","gif","2026-07-05T10:11:29+0000","197657"
"MODuEqgpv6IROKtJrO","Roblox GIF by OneFootball Heads","gif","2026-01-20T14:29:20+0000","197655"
"N4HpPRFRixdNxu1Fg8","Celebration Hype GIF by OneFootball Heads","gif","2025-09-11T07:36:29+0000","195650"
"RUcKKOR9LAGm3Sy9CY","World Cup Football GIF by OneFootball Heads","gif","2026-06-18T14:25:06+0000","195479"
"3oDwGbxOLEg8bEEJIQ","Football Omg GIF by OneFootball Heads","gif","2025-07-01T18:19:15+0000","195157"
"QoVAe2QifgvhK2rnTG","Si Se Puede World Cup GIF by OneFootball Heads","gif","2026-06-18T12:51:49+0000","191463"
"LUgxmNMnZ1OaYHqZGW","Tired Game Over GIF by OneFootball Heads","gif","2025-09-11T07:35:35+0000","185674"
"xoGxhyhEQOp0jXphxx","World Cup Football GIF by OneFootball Heads","gif","2026-06-18T12:54:47+0000","185467"
"AJYr4bWzAFjdGH9q0o","Lets Go Please GIF by OneFootball Heads","gif","2025-08-04T07:30:41+0000","185389"
"b40vcDOn7iizajr2oM","Football Fan Scout GIF by OneFootball Heads","gif","2026-05-22T01:53:30+0000","184895"
"hb9nhr6m3rjQeRs9jp","Tired Game Over GIF by OneFootball Heads","gif","2025-09-11T07:33:45+0000","182044"
"7HumoY5K6oo1enpFWe","Easter Bunny Football GIF by OneFootball Heads","gif","2026-03-26T22:32:07+0000","180314"
"lZZ0LAMaAEOTY0ERz9","Best Friend Football GIF by OneFootball Heads","gif","2026-07-28T17:41:21+0000","178728"
"no6Mm0U0L9Mv9tzvN9","Nara Superfans GIF by OneFootball Heads","gif","2026-02-09T04:37:27+0000","176338"
"0jVa8eudaK9tG5KOUh","Nervous World Cup GIF by OneFootball Heads","gif","2026-05-18T15:30:25+0000","169785"
"5NxsFyN2WM2HjI1BpK","Celebrate World Cup GIF by OneFootball Heads","gif","2026-01-20T05:08:25+0000","169641"
"lGjWSowFgfSI3Q7CuM","World Cup Football GIF by OneFootball Heads","gif","2026-06-18T14:32:01+0000","169028"
"EMrPMmyufe1a1Tz1A5","Full Time Football GIF by OneFootball Heads","gif","2026-03-26T22:31:43+0000","167044"
"ej3ZCWbOwLxwRNC2Kg","Celebrate World Cup GIF by OneFootball Heads","gif","2026-01-20T05:09:28+0000","162893"
"R3h2NcJNbFNBpS4g6q","Out Of Office Season GIF by OneFootball Heads","gif","2026-05-22T01:54:10+0000","161956"
"ByodclSkYIdxh8KmGl","Work From Home Hello GIF by OneFootball Heads","gif","2025-09-11T07:33:51+0000","161471"
"5IVmTwSUBkM26gnwiT","World Cup Football GIF by OneFootball Heads","gif","2026-07-05T10:12:51+0000","160008"
"Zfddxu8Y4dgWz6ABMI","Well Done Thumbs Up GIF by OneFootball Heads","gif","2025-10-19T17:10:56+0000","158583"
"QytjwhKBE2ObyydwQb","Big Game Matchday GIF by OneFootball Heads","gif","2026-05-22T01:54:53+0000","158035"
"aZhAXcAN33Makb02CK","World Cup Football GIF by OneFootball Heads","gif","2026-06-18T12:52:12+0000","156793"
"XQGaZGKKKFL5DGdt4Y","Vamos Argentina World Cup GIF by OneFootball Heads","gif","2026-06-18T12:49:31+0000","155832"
"ncRqGV6vGvUMh7oR7x","World Cup Football GIF by OneFootball Heads","gif","2026-06-18T12:53:56+0000","153834"
"8WBfBgNcz3Ep1OvSUC","Happy Fan Reaction GIF by OneFootball Heads","gif","2025-07-01T18:20:59+0000","153760"
"VaSaGr35NjXb2lexto","World Cup Football GIF by OneFootball Heads","gif","2026-06-18T14:31:56+0000","153393"
"uejerzhWkT2nfV4ekh","Var Whistle GIF by OneFootball Heads","gif","2025-08-04T07:31:08+0000","151474"
"lMtSWlhMBsTkmUot5s","April Fools Football GIF by OneFootball Heads","gif","2026-03-26T22:31:24+0000","149105"
"98ehMD8kX9bLkq9Gcw","Angry Watch Out GIF by OneFootball Heads","gif","2025-08-04T07:30:56+0000","148682"
"LIqRddsJ488WR7JkgG","World Cup Football GIF by OneFootball Heads","gif","2026-06-18T12:50:14+0000","147925"
"CPApJWHvsT3o5VuKVK","Football Fan Bubbles GIF by OneFootball Heads","gif","2025-09-11T07:35:22+0000","147188"
"An7uqeayxR5J8dKHu4","Level Up Football Meme GIF by OneFootball Heads","gif","2026-05-22T01:55:13+0000","146614"
"Xl33ygtw7ZElNbVTch","Celebrate World Cup GIF by OneFootball Heads","gif","2026-01-20T05:07:02+0000","146210"
"wMeQ3go50ahhciuZwK","Celebrate World Cup GIF by OneFootball Heads","gif","2026-01-20T05:01:55+0000","145421"
"SAyhOhXMo16hk1ceaB","Celebrate World Cup GIF by OneFootball Heads","gif","2026-01-20T05:10:45+0000","144540"
"WhOTaSjCzQyMAMBn5v","Podcast Commentator GIF by OneFootball Heads","gif","2026-02-09T04:39:22+0000","144527"
"FGnXiLnpzUXJ27Y8jD","Happy Birthday Football GIF by OneFootball Heads","gif","2026-07-22T12:25:33+0000","144367"
"wvmHbFg1ExLSSKMaOD","World Cup Football GIF by OneFootball Heads","gif","2026-06-18T12:50:49+0000","143920"
"sKf6fbM0Fhn4keHMYX","Big Game Outta This World GIF by OneFootball Heads","gif","2025-09-11T07:35:57+0000","143751"
"1L3Mvo7LQ6VfgJJT6I","World Cup Football GIF by OneFootball Heads","gif","2026-06-18T14:27:35+0000","143624"
"JGbVQO4No1vjY8SRwp","Soccer Warning GIF by OneFootball Heads","gif","2025-10-19T17:12:25+0000","142720"
"6jMy4ML3746kQCwDNl","Tired Sleep Well GIF by OneFootball Heads","gif","2025-09-11T07:36:23+0000","142241"
"O2iEG5r6EhWWPVCIMl","World Cup Football GIF by OneFootball Heads","gif","2026-06-18T14:29:49+0000","139758"
"6guW2txh6RAr0RCnTP","April Fools Football GIF by OneFootball Heads","gif","2026-03-26T22:32:51+0000","139410"
"w4nv4DunM9a4tOEi3Y","Excited Game Time GIF by OneFootball Heads","gif","2025-07-01T18:18:27+0000","132515"
"tZ7DeEmaE9nn2rqcF3","World Cup Football GIF by OneFootball Heads","gif","2026-06-18T12:49:36+0000","132417"
"9HORd4teDGhOt46fEz","Youre Cute Love You GIF by OneFootball Heads","gif","2025-06-18T09:52:38+0000","131670"
"qeTcrWW3wozMaIX6Af","Celebrate World Cup GIF by OneFootball Heads","gif","2026-01-20T05:04:05+0000","131119"
"nqEtJ6z9u3zHbdmFq9","Tired Barbecue GIF by OneFootball Heads","gif","2025-09-11T07:35:39+0000","130971"
"L6nYUwRlB4locGnAhT","Sad End Of Summer Sticker by OneFootball Heads","sticker","2026-07-22T13:59:34+0000","130241"
"pPqefCee0DWoNtfPaN","Final Match Kiss GIF by OneFootball Heads","gif","2025-07-01T18:19:20+0000","130117"
"mp4uQj1yhchE0FJb19","World Cup Football GIF by OneFootball Heads","gif","2026-07-05T10:14:44+0000","128880"
"P4mW1PplxZFjLv81SQ","Happy We Got This GIF by OneFootball Heads","gif","2025-08-04T07:31:58+0000","128338"
"LM6727wPq5tzhvVLMJ","World Cup Football GIF by OneFootball Heads","gif","2026-06-18T12:49:48+0000","127666"
"jJjpM5aG60awjoTpKb","World Cup Football GIF by OneFootball Heads","gif","2026-07-05T10:16:44+0000","127660"
"A5psYAq3PRYT26n0j8","Unveiling English GIF by OneFootball Heads","gif","2026-07-22T12:28:05+0000","127377"
"bzs9ftqVS6wCqrRuWx","Germany Football GIF by OneFootball Heads","gif","2026-07-05T10:12:13+0000","126924"
"1Brq4LvOtRMIBJQi4U","Bored Game Time GIF by OneFootball Heads","gif","2025-07-01T18:20:22+0000","125768"
"X2tAL568gaKEgB9Anv","Football Popping In GIF by OneFootball Heads","gif","2025-07-01T18:19:43+0000","125300"
"lHQGU1fP8dCpgZhRQ8","Sad Its Over GIF by OneFootball Heads","gif","2025-08-03T14:21:06+0000","124927"
"Xy1embN5dYLxDL7J1h","Ronaldo Flick GIF by OneFootball Heads","gif","2026-02-09T04:37:02+0000","123593"
"5ssoenGB420wQegvln","April Fools Football GIF by OneFootball Heads","gif","2026-03-26T22:31:30+0000","123038"
"ew2RAEkOVb0O643Wtj","Good Vibes Dancing GIF by OneFootball Heads","gif","2025-09-11T07:34:53+0000","122468"
"1yWBEir2xnNtXtsIt9","World Cup Football GIF by OneFootball Heads","gif","2026-07-05T10:10:04+0000","122313"
"P6CpYQD8EQVdHmbBB7","Game Night Football GIF by OneFootball Heads","gif","2025-07-01T18:18:49+0000","122302"
"0f7MezZNdfdf09G5MR","Keeper Penalty GIF by OneFootball Heads","gif","2026-02-09T04:36:58+0000","122228"
"NFlNPPsEU6FSGuOk3e","World Cup Football GIF by OneFootball Heads","gif","2026-06-18T12:51:43+0000","120191"
"FS1BfSHSEcBM7oXgnd","OneFootball Heads GIF","gif","2025-06-13T19:24:38+0000","117573"
"ymR0THwsC0ryufBoCC","World Cup Football GIF by OneFootball Heads","gif","2026-06-18T13:00:11+0000","117532"
"gmEnnJ3Cj1fBPirnyp","World Cup Football GIF by OneFootball Heads","gif","2026-06-18T14:33:25+0000","117362"
"nNlKQlqY4lK6qAxiQV","World Cup Football GIF by OneFootball Heads","gif","2026-06-18T16:10:03+0000","116764"
"XCGc4SGOCWsIxXCteW","World Cup Football GIF by OneFootball Heads","gif","2026-06-18T12:58:42+0000","115532"
"mYNEpIFkBXXyA3E2SJ","World Cup Football GIF by OneFootball Heads","gif","2026-06-18T14:30:24+0000","115242"
"jxA1BBEg6NzTQL7pvd","Football Love GIF by OneFootball Heads","gif","2026-05-18T15:30:43+0000","115154"
"2KDnf1jZTUJlrrasTZ","Fifa Swirling GIF by OneFootball Heads","gif","2025-08-04T07:31:34+0000","114756"
"xal2XkbIQo668lc27M","Goalkeeper Save GIF by OneFootball Heads","gif","2025-09-11T07:34:57+0000","114534"
"TnYyD0Y5gHcxxIs60O","Notes Notebook GIF by OneFootball Heads","gif","2025-10-23T09:21:45+0000","114269"
"01gaL9yoKUBxA6lLSx","I Love You Flowers GIF by OneFootball Heads","gif","2026-01-20T14:29:35+0000","114255"
"3Ej0FdtgfzHznxfoaW","Celebrate World Cup GIF by OneFootball Heads","gif","2026-01-20T05:01:48+0000","113928"
"RJZFIKDrvM9UVstlHg","World Cup Football GIF by OneFootball Heads","gif","2026-06-18T12:49:42+0000","112036"
"ArFOjTGDqq45OKCAo4","Breathe Slow Down GIF by OneFootball Heads","gif","2025-07-01T18:21:10+0000","111692"
"GGxYV9J86hAuLOftmX","World Cup Football GIF by OneFootball Heads","gif","2026-06-18T12:59:35+0000","110594"
"vtBtvkJFk09naDtqBk","Football Frown GIF by OneFootball Heads","gif","2026-03-26T22:33:09+0000","108313"
"a8ZxCyyxdwfSsqTwsL","World Cup Football GIF by OneFootball Heads","gif","2026-06-18T12:56:54+0000","107125"
"maNlF3eSXasPrO4QdO","Time Out Football GIF by OneFootball Heads","gif","2026-03-26T22:33:20+0000","106416"
"gWRf9HI5C42rN1HirJ","World Cup Football GIF by OneFootball Heads","gif","2026-06-18T12:54:53+0000","106254"
"33ZJlVdrJfJqeZ8YAd","World Cup Football GIF by OneFootball Heads","gif","2026-06-18T14:30:12+0000","106217"
"eGITs6JOnYa9vtjIwc","World Cup Football GIF by OneFootball Heads","gif","2026-06-18T12:50:26+0000","106206"
"O0dGSqMpJcA3Jk5tmZ","Sad End Of Summer GIF by OneFootball Heads","gif","2026-07-22T12:30:59+0000","104758"
"9LjH7SfiKocKcE5PJv","Sad End Of Summer Sticker by OneFootball Heads","sticker","2026-07-22T14:02:52+0000","104462"
"4agkjC6mUqzk4Ij9jS","Shocked No Way GIF by OneFootball Heads","gif","2025-08-04T07:32:28+0000","102572"
"KcWVxQd0HvsbqguiXS","France Football GIF by OneFootball Heads","gif","2026-06-18T14:29:04+0000","102257"
"BjiE1R8mHXxYRRhY0m","Work From Home Swag GIF by OneFootball Heads","gif","2025-09-11T07:36:02+0000","101847"
"PictPG2QUCZqYQ7QJm","Celebrate World Cup GIF by OneFootball Heads","gif","2026-01-20T05:09:19+0000","101134"
"3DDxEpa9LhhPXbXpoY","Celebrate World Cup GIF by OneFootball Heads","gif","2026-01-20T05:10:59+0000","100042"
"unRjgoWoUAFhPVQLY9","Support Love GIF by OneFootball Heads","gif","2025-10-19T17:09:56+0000","99603"
"pPGGvsQjn9xJb55F8i","Hat Trick Football GIF by OneFootball Heads","gif","2026-03-26T22:32:23+0000","99559"
"MgeNDcgT4gXYn338jR","Happy Birthday Gift GIF by OneFootball Heads","gif","2026-02-09T04:36:43+0000","98885"
"8rDd90ItBDko5IMjqu","Celebrating Game Time GIF by OneFootball Heads","gif","2025-09-11T07:35:26+0000","98148"
"jzppiGwPog15PVElfH","Good Vibes Chill GIF by OneFootball Heads","gif","2025-06-20T13:20:30+0000","97456"
"PAHScnX9IEczmvTWFx","Locked In Running GIF by OneFootball Heads","gif","2025-09-11T07:35:53+0000","97317"
"bff86XIkSNuway0pUU","World Cup Football GIF by OneFootball Heads","gif","2026-06-18T12:54:16+0000","95190"
"mruAYNxpRfWT7zWOVa","World Cup Football GIF by OneFootball Heads","gif","2026-06-18T12:52:04+0000","94728"
"Z43RfKcmhr06OQ5ae2","Easter Eggs Football GIF by OneFootball Heads","gif","2026-03-26T22:32:01+0000","93950"
"VWeSrHKWQs9WHgEkvh","Well Done Yes GIF by OneFootball Heads","gif","2025-10-19T17:12:07+0000","93716"
"tA9rysiKx5ifhNfO2T","Halloween Smile GIF by OneFootball Heads","gif","2025-10-19T17:10:06+0000","93422"
"QyRWxP3YleogvGmo01","Jack O Lantern Smile GIF by OneFootball Heads","gif","2025-10-19T17:09:12+0000","92740"
"6JNI1PXys4vMII0f9A","World Cup Football GIF by OneFootball Heads","gif","2026-07-05T10:17:57+0000","92480"
"2fR6fBgW6BZU1CPIqG","Easter Bunny Football GIF by OneFootball Heads","gif","2026-03-26T22:32:11+0000","91194"
"kkILXGQSJTp4z0TXb7","Premier League Football GIF by OneFootball Heads","gif","2026-07-22T12:29:05+0000","91131"
"zdfDUrgmjZWA1HNsfu","Celebrate France GIF by OneFootball Heads","gif","2026-01-20T05:04:27+0000","90293"
"v5PJmNVxWOTTThmnQg","Excited World Cup GIF by OneFootball Heads","gif","2026-05-18T15:30:00+0000","89837"
"NZNjSEXDfUQbmupjJW","World Cup Football GIF by OneFootball Heads","gif","2026-06-18T12:56:59+0000","89706"
"8Ju2XpAU8kax6RU9pd","Digital Art Crypto GIF by OneFootball Heads","gif","2026-05-18T15:31:09+0000","89312"
"kAT28QxsTzw2o9sGe3","Excited Here We Go Sticker by OneFootball Heads","sticker","2026-07-22T13:59:59+0000","89179"
"BjjkqkqNUJC6wBg9S7","Viet Nam Football GIF by OneFootball Heads","gif","2026-08-18T01:40:49+0000","88598"
"yK7UnYilNJehrLYsIm","World Cup Football GIF by OneFootball Heads","gif","2026-06-18T12:54:59+0000","87572"
"TL448BG9MrQXfVRka2","Happy Good Vibes GIF by OneFootball Heads","gif","2026-05-18T15:30:36+0000","87569"
"BAvIhFpn2zXzDlaAKV","World Cup Football GIF by OneFootball Heads","gif","2026-06-18T16:14:21+0000","87156"
"j5tlCfRuJaEYe1m3nq","Alisson Becker Football Sticker by OneFootball Heads","sticker","2026-07-22T14:26:36+0000","86694"
"QIpziLuXhTywLdbIkQ","Happy We Did It GIF by OneFootball Heads","gif","2025-08-03T14:20:25+0000","85286"
"lDvigQV6SivDb1PP17","World Cup Football GIF by OneFootball Heads","gif","2026-06-18T12:57:51+0000","85020"
"w59SdHiwZO84yaEl4U","World Cup Football GIF by OneFootball Heads","gif","2026-06-18T14:33:43+0000","84866"
"6qI2NYWngdAxxVX1zJ","Good Vibes Thank You GIF by OneFootball Heads","gif","2025-08-03T14:19:54+0000","84800"
"NU5arjj8ut7RpNelJ9","World Cup Football GIF by OneFootball Heads","gif","2026-06-18T16:14:32+0000","84584"
"ptWaTNOtCbJyFoPOsI","Run Fall Over GIF by OneFootball Heads","gif","2026-02-09T04:38:20+0000","84293"
"kQRBgO3pn3vEnFTgXa","World Cup Football GIF by OneFootball Heads","gif","2026-07-05T10:12:31+0000","84187"
"WxxWLGWv6UUZdsT2lS","World Cup Football GIF by OneFootball Heads","gif","2026-06-18T12:56:07+0000","84063"
"Gs7S4vm03HWudtCUxT","World Cup Football GIF by OneFootball Heads","gif","2026-06-18T12:57:56+0000","83841"
"fuMmIN2aYzUIYpaWyv","Vinicius Junior Football Sticker by OneFootball Heads","sticker","2026-07-22T14:27:28+0000","83827"
"XjiCTell4KeSfAqaQZ","Celebrate World Cup GIF by OneFootball Heads","gif","2026-01-20T05:10:20+0000","83775"
"IXMc63EIZGgNlNQNZD","Celebrate World Cup GIF by OneFootball Heads","gif","2026-01-20T05:03:10+0000","83441"
"tMZ7ky54PGeypqgalT","Surprise Represent GIF by OneFootball Heads","gif","2025-10-19T17:11:33+0000","82657"
"go703FNMkaozEq7tqJ","World Cup Football GIF by OneFootball Heads","gif","2026-07-06T16:43:55+0000","82085"
"uCLrRaHsmPHmSNVkY8","World Cup Football GIF by OneFootball Heads","gif","2026-06-18T12:58:30+0000","81455"
"zSoJATxvNy74D0WE4l","World Cup Football GIF by OneFootball Heads","gif","2026-06-18T12:58:36+0000","81126"
"shE8kiyTqgMBGFmkLs","April Fools Football GIF by OneFootball Heads","gif","2026-03-26T22:31:34+0000","80458"
"z2RmddzZET8w5zZtyb","World Cup Football GIF by OneFootball Heads","gif","2026-06-18T14:28:59+0000","79804"
"QMj3VgVVShzZkjSxTd","Jack O Lantern Fun GIF by OneFootball Heads","gif","2025-10-19T17:11:58+0000","79527"
"SglBDgyXDRttbNrLM2","Soccer Warning GIF by OneFootball Heads","gif","2025-10-19T17:11:43+0000","78965"
"BG3Zejm7Xdx6wWUf1s","Cant Believe It No Way GIF by OneFootball Heads","gif","2025-08-04T07:31:12+0000","78957"
"T0MPbboDiC4fnKtpKF","World Cup Football GIF by OneFootball Heads","gif","2026-06-18T12:58:48+0000","78814"
"dszvmLR6BjdJ3cN3B5","Germany Football GIF by OneFootball Heads","gif","2026-07-05T10:14:23+0000","78303"
"mnFrveFv1O0NCcXXRg","World Cup Football GIF by OneFootball Heads","gif","2026-06-18T14:30:52+0000","77925"
"fAP7QAJ1xFD6JTFM1e","Celebration Wow GIF by OneFootball Heads","gif","2025-08-04T07:32:11+0000","77808"
"9h1jNCrbYXENVlj1FP","Happy Game Day GIF by OneFootball Heads","gif","2025-09-11T07:34:45+0000","77142"
"jRRG7jt2Js6MacrDGd","Celebrate France GIF by OneFootball Heads","gif","2026-01-20T05:04:19+0000","76837"
"XIxeCLHT9zVohiL4T9","World Cup Football GIF by OneFootball Heads","gif","2026-06-18T14:25:35+0000","76782"
"saM8smyVfRy2WxXNf3","World Cup Football GIF by OneFootball Heads","gif","2026-07-05T10:11:06+0000","76390"
"fJ9p947OpjYoUJv4pq","Pumpkin Spice Halloween GIF by OneFootball Heads","gif","2025-10-19T17:11:13+0000","76172"
"LOVAgqCndxbF0yVSvH","Red Flag Toxic Relationship GIF by OneFootball Heads","gif","2026-02-09T04:38:16+0000","75404"
"5Cniu3sjAb3IHZD5Bh","World Cup Football GIF by OneFootball Heads","gif","2026-06-18T14:30:47+0000","75007"
"rkT6Jth8qRgE1h2Fn2","Big Brain Football Sticker by OneFootball Heads","sticker","2026-07-22T14:53:09+0000","74966"
"QTRlMVKXeT15fGVLbk","World Cup Football GIF by OneFootball Heads","gif","2026-06-18T16:14:10+0000","74125"
"hUgUnBmpjUXA8w2eBC","World Cup Football GIF by OneFootball Heads","gif","2026-06-18T12:54:32+0000","74022"
"tG40NFJ94fjjn3vRXR","World Cup Football GIF by OneFootball Heads","gif","2026-06-18T12:58:01+0000","73750"
"YRgKKGuDWNqdVKUsJK","World Cup Football GIF by OneFootball Heads","gif","2026-06-18T12:59:29+0000","73114"
"6Zo8j3dDBwQsYvhISc","Pizza Time Eating GIF by OneFootball Heads","gif","2025-08-04T07:31:24+0000","71953"
"m6Ldp765JS1TOc1epw","Celebrate World Cup GIF by OneFootball Heads","gif","2026-01-20T05:06:48+0000","71404"
"1XZi1EWSQLY3rMU5hb","Around The World Football Culture GIF by OneFootball Heads","gif","2025-09-11T07:35:09+0000","71132"
"PJDjRlqkTOWG8CAWNa","World Cup Football GIF by OneFootball Heads","gif","2026-06-18T12:56:48+0000","70954"
"XYiDNupHyw1MaXyFbY","World Cup Football GIF by OneFootball Heads","gif","2026-06-18T14:32:24+0000","69992"
"RYjyZx74LQ511YUxgW","World Cup Football GIF by OneFootball Heads","gif","2026-06-18T14:30:06+0000","69880"
"99L1Ri4cmx4aZ82imT","World Cup Football GIF by OneFootball Heads","gif","2026-06-18T12:58:52+0000","69328"
"b7B608uSFXLuR9yWYH","France Football GIF by OneFootball Heads","gif","2026-07-05T10:18:56+0000","68894"
"VTG38I0RqkksEgqTdJ","Celebrate World Cup GIF by OneFootball Heads","gif","2026-01-20T05:07:31+0000","68459"
"kkOOWhftIUKH1gRFI3","Hype Celebrate GIF by OneFootball Heads","gif","2025-10-23T09:22:13+0000","68232"
"x7ukpMi4J3VotdbBxy","Celebrate World Cup GIF by OneFootball Heads","gif","2026-01-20T05:01:24+0000","68174"
"Zw9IYZoi4lR40x6kOh","World Cup Football GIF by OneFootball Heads","gif","2026-06-18T14:25:59+0000","67970"
"Foo1QLxlFskrsgYXD8","World Cup Football GIF by OneFootball Heads","gif","2026-06-18T12:52:25+0000","67884"
"aow0lDW9gAStommdsS","World Cup Football GIF by OneFootball Heads","gif","2026-06-18T14:27:13+0000","67787"
"YoWUM76JMiAUKm9ggl","Good Vibes Thank You GIF by OneFootball Heads","gif","2025-08-03T14:19:59+0000","67101"
"XzFg2ZpcLiS4s3N1KC","Football Winning GIF by OneFootball Heads","gif","2026-05-18T05:04:51+0000","66885"
"TDoPnJKJI06YrVOrtI","El Nino Football Sticker by OneFootball Heads","sticker","2026-07-22T14:53:33+0000","66677"
"8HsLMUNvbQnVzLWcty","World Cup Football GIF by OneFootball Heads","gif","2026-06-18T16:13:08+0000","66551"
"KPVPfTOGhR4ZDXsBWA","Angry Football Fan GIF by OneFootball Heads","gif","2025-07-01T18:18:10+0000","65875"
"cfLHHFi62dBMYsloN7","Shocked Whats That GIF by OneFootball Heads","gif","2026-02-09T04:38:50+0000","65850"
"x6u2P1xWEqpnimsun6","World Cup Football GIF by OneFootball Heads","gif","2026-06-18T12:57:22+0000","65672"
"WDTFmWErrBo9vvuMJ5","World Cup Football GIF by OneFootball Heads","gif","2026-07-05T10:19:24+0000","65437"
"nRd5z0hIeY7xQz1yai","World Cup Football GIF by OneFootball Heads","gif","2026-06-18T14:33:19+0000","65369"
"29Z7C8nHD9ijZuMqTV","World Cup Football GIF by OneFootball Heads","gif","2026-06-18T14:26:43+0000","65184"
"4QXKOejCxZAOvUfjxZ","World Cup Football GIF by OneFootball Heads","gif","2026-06-18T14:26:30+0000","65102"
"iINaib9YcAXeTPjjZE","Labor Day Football GIF by OneFootball Heads","gif","2026-07-22T12:31:21+0000","64831"
"bfb6MDov8wj5qopEZC","Sad Sorry GIF by OneFootball Heads","gif","2026-02-09T04:37:19+0000","64772"
"kg7ti21Zmn5y1AtniN","World Cup Football GIF by OneFootball Heads","gif","2026-06-18T12:53:46+0000","64637"
"N4Aef2XhTGp692NZx7","World Cup Football GIF by OneFootball Heads","gif","2026-07-06T16:44:20+0000","64213"
"R4K3oSgQ7goRV5dQW2","Celebrate World Cup GIF by OneFootball Heads","gif","2026-01-20T05:08:49+0000","63960"
"vXbH7KQWGqNe9heXju","Excited Soccer GIF by OneFootball Heads","gif","2025-07-01T18:19:09+0000","63731"
"mLYuk0RvMxWAISGnCA","Celebrate World Cup GIF by OneFootball Heads","gif","2026-01-20T05:11:22+0000","63637"
"WxKKJGKsUUWPJgkf4N","World Cup Football GIF by OneFootball Heads","gif","2026-06-18T12:56:13+0000","62836"
"Jj6MUSSOBIS7iy4cHl","World Cup Football GIF by OneFootball Heads","gif","2026-06-18T14:28:04+0000","62323"
"592ZMrdelj8j8DlQ2w","Football Fan Summer GIF by OneFootball Heads","gif","2026-05-22T01:54:17+0000","62137"
"74V7r5XLB5PcOoGMbA","El Nino Football Sticker by OneFootball Heads","sticker","2026-07-22T14:53:47+0000","62018"
"0OVzKdoHvIwJL7RduN","World Cup Football GIF by OneFootball Heads","gif","2026-06-18T14:32:55+0000","61987"
"AuqSnLsurW0tVC7kcu","Football Defending GIF by OneFootball Heads","gif","2026-08-10T06:59:57+0000","61448"
"MU4wAQ5AZqlBJTyGFw","Celebrate World Cup GIF by OneFootball Heads","gif","2026-01-20T05:07:16+0000","61290"
"Smkq4gh20rTCo9XA5K","Football Celebration Superfans GIF by OneFootball Heads","gif","2025-10-23T09:22:01+0000","61102"
"dCqQrUmPgICwfSYzgi","Well Done Yes GIF by OneFootball Heads","gif","2025-06-18T09:53:22+0000","60975"
"KyUIjPQuLolO6vfaFD","World Cup Football GIF by OneFootball Heads","gif","2026-07-05T10:16:30+0000","60832"
"MZExsocb7ggfMPqiBk","Football Soccer GIF by OneFootball Heads","gif","2026-03-26T22:31:48+0000","60667"
"UwKnpGaeFmihxIEt4Z","World Cup Football GIF by OneFootball Heads","gif","2026-06-18T12:57:38+0000","60229"
"TFVI6cSKjVwPaqZVKR","Football Fan Celebration GIF by OneFootball Heads","gif","2025-10-19T17:11:06+0000","60204"
"9IwfTwulCPEiDADHzx","World Cup Football GIF by OneFootball Heads","gif","2026-06-18T14:26:49+0000","60034"
"PdVb9g4MVTNgQ2OL26","World Cup Football GIF by OneFootball Heads","gif","2026-06-18T16:14:27+0000","59787"
"51xCLRv58gqjYM63YV","World Cup Football GIF by OneFootball Heads","gif","2026-06-18T16:13:32+0000","59734"
"DvT1BeIHu3ChyybxkR","World Cup Football GIF by OneFootball Heads","gif","2026-07-05T10:14:12+0000","59732"
"GT9cgAAAtfM5JgcZpQ","I Love You Flowers GIF by OneFootball Heads","gif","2026-01-20T14:29:46+0000","59088"
"9x7iTJfqgFQMCs0cvY","World Cup Football GIF by OneFootball Heads","gif","2026-07-05T10:12:38+0000","58305"
"EbEX6H0ZYbCTI9nI25","Sad Mistake GIF by OneFootball Heads","gif","2026-02-09T04:37:13+0000","58030"
"ywVDodGGYpgsU7vb0Q","World Cup Football GIF by OneFootball Heads","gif","2026-06-18T12:50:20+0000","57972"
"fBTGAfGgiMyHUuJSIh","Germany Football Sticker by OneFootball Heads","sticker","2026-07-22T14:37:51+0000","57970"
"zC1NmByT5WMiTaMHQS","Germany Football GIF by OneFootball Heads","gif","2026-07-05T10:14:29+0000","57470"
"2XhJxylc2hyATdyLCy","World Cup Football GIF by OneFootball Heads","gif","2026-06-18T12:57:05+0000","57102"
"bnqEjEUGGVrwEqWNJ0","World Cup Football GIF by OneFootball Heads","gif","2026-07-05T10:16:36+0000","56957"
"JfqESuqy1kOf3HTr8Y","Frustration Swirling GIF by OneFootball Heads","gif","2025-08-04T07:31:39+0000","56819"
"UzKPSpSLYsY3sTLQ7e","World Cup Football GIF by OneFootball Heads","gif","2026-07-05T10:14:03+0000","56773"
"XPN3II0GRNvYBEbxqs","World Cup Football GIF by OneFootball Heads","gif","2026-07-05T10:12:44+0000","56475"
"ZUtSEAyBuCcewmA29F","Champions League Celebration GIF by OneFootball Heads","gif","2025-08-04T07:30:36+0000","56329"
"rqRCINmIhqekY7cxwt","World Cup Football GIF by OneFootball Heads","gif","2026-07-05T10:16:13+0000","56112"
"toz148aIki3hNi79mi","World Cup Football GIF by OneFootball Heads","gif","2026-07-05T10:11:15+0000","56022"
"SMwNw54F5yZtqyTXNY","Football Norway Sticker by OneFootball Heads","sticker","2026-07-22T14:45:11+0000","55960"
"2FxcZ8wpN6fQC5YJ4z","Add Me Friend Request Sticker by OneFootball Heads","sticker","2026-07-28T17:50:52+0000","55548"
"XCB5P8yCHz9CiAl41q","I Love You Couple GIF by OneFootball Heads","gif","2026-01-20T14:30:19+0000","55255"
"A2z7pVURqwz3BlQdQp","World Cup Football GIF by OneFootball Heads","gif","2026-06-18T14:29:43+0000","54902"
"J3HhbqcC2mKM6eetbu","World Cup Football GIF by OneFootball Heads","gif","2026-06-18T12:54:42+0000","54808"
"4I8DiIUSUnnTBauMmF","World Cup Football GIF by OneFootball Heads","gif","2026-06-18T14:30:30+0000","54733"
"6nsJtjKzfX0DYG6Fg8","World Cup Football GIF by OneFootball Heads","gif","2026-06-18T12:57:47+0000","54690"
"ZeK2ek6RtyEL73iY0B","World Cup Football GIF by OneFootball Heads","gif","2026-06-18T12:54:20+0000","54590"
"7t1kN8b7GyZljUC36u","Football Fan Wow GIF by OneFootball Heads","gif","2025-09-11T07:35:16+0000","54546"
"PlShyiN5tlquexvBB2","Celebrate World Cup GIF by OneFootball Heads","gif","2026-01-20T05:02:34+0000","54366"
"IvciiQcSOnH7gFlwnK","World Cup Football GIF by OneFootball Heads","gif","2026-06-18T12:54:11+0000","54243"
"WMsLuEcsJ8txlZ5Oh3","Football England Sticker by OneFootball Heads","sticker","2026-07-22T14:29:45+0000","53984"
"P38cOb4eV8zvrGANTG","Miss You Hug Sticker by OneFootball Heads","sticker","2026-07-28T17:48:52+0000","53721"
"Jzp6EmR66Abn9ExWls","Football Fan Transfer GIF by OneFootball Heads","gif","2026-05-22T01:54:39+0000","53399"
"CKVjlqUmBZdyT7d3W7","World Cup Football GIF by OneFootball Heads","gif","2026-07-06T16:44:00+0000","53300"
"OwaFxnOAJSXQGMJYfE","South Korea Football Sticker by OneFootball Heads","sticker","2026-07-22T14:51:19+0000","52995"
"WCIkiuYpS3S6XKV8Rn","Cope Football Fan GIF by OneFootball Heads","gif","2026-05-22T01:55:00+0000","52623"
"9F3kTka3lWs1MoyUW4","World Cup Football GIF by OneFootball Heads","gif","2026-06-18T12:54:03+0000","52407"
"RKSWD89SckpaCkF7lB","World Cup Waiting GIF by OneFootball Heads","gif","2026-05-18T15:30:11+0000","52090"
"jQgLlzy0ZT54ZCBLTt","World Cup Football GIF by OneFootball Heads","gif","2026-07-05T10:13:04+0000","52034"
"U6zenm1kWFjycNTkdz","France Football GIF by OneFootball Heads","gif","2026-06-18T14:28:47+0000","51974"
"wdwglOfifi6NYq9tjO","World Cup Football GIF by OneFootball Heads","gif","2026-06-18T12:49:26+0000","51965"
"syTxsyJjCeublic7d4","France Football GIF by OneFootball Heads","gif","2026-07-05T10:10:12+0000","51894"
"a3sOeDI1ZuE2UEGEjr","Happy Football GIF by OneFootball Heads","gif","2025-07-01T18:18:18+0000","51844"
"kCbiTm717MlCNnAxeU","France Football GIF by OneFootball Heads","gif","2026-07-05T10:19:02+0000","51563"
"12h0oJrF1Dl0MHExt2","France Football Sticker by OneFootball Heads","sticker","2026-07-22T14:35:00+0000","51557"
"6C8dDrMGIFZ1kV0kIc","Labor Day Chill Sticker by OneFootball Heads","sticker","2026-07-22T14:00:31+0000","51415"
"KB4yS05ErAJldfsNj8","World Cup Football GIF by OneFootball Heads","gif","2026-06-18T16:11:21+0000","51356"
"ZEleEa4pY0l7ufKnSY","Hat Trick Football GIF by OneFootball Heads","gif","2026-03-26T22:32:31+0000","51175"
"9ReJWTZDpvch3KYppQ","France Football GIF by OneFootball Heads","gif","2026-07-22T12:29:49+0000","50935"
"6a3eNd7DeaD1dk11hn","World Cup Football GIF by OneFootball Heads","gif","2026-07-05T10:09:57+0000","50915"
"JeYalHlJM12P8WmGRu","Viva Mexico Football GIF by OneFootball Heads","gif","2026-08-18T01:37:27+0000","50833"
"V2iTAiTz1UENEuooXW","World Cup Football GIF by OneFootball Heads","gif","2026-07-05T10:18:06+0000","50820"
"KtttnFu2Mr4fZKCeJe","Football Mane Sticker by OneFootball Heads","sticker","2026-07-22T14:50:50+0000","50734"
"j70G4xGbIAyl69HjSG","World Cup Football GIF by OneFootball Heads","gif","2026-06-18T14:25:47+0000","50405"
"bNXwltxLdCxIBUW0oA","France Football Sticker by OneFootball Heads","sticker","2026-07-22T14:34:45+0000","50300"
"Ksyo02KzynpxSGIdiu","World Cup Football GIF by OneFootball Heads","gif","2026-06-18T12:51:19+0000","50206"
"yzc7OYyffaFr1W6Jml","Vinicius Junior Football Sticker by OneFootball Heads","sticker","2026-07-22T14:27:43+0000","50157"
"MrHh6mgOcdoAAO4tz0","Football Player Running GIF by OneFootball Heads","gif","2025-09-11T07:35:01+0000","49867"
"N6xT6C3SVJJSwH8Mgl","Celebrate World Cup GIF by OneFootball Heads","gif","2026-01-20T05:06:08+0000","49753"
"31xRGdGEGzR7zqVT8M","Labor Day Football GIF by OneFootball Heads","gif","2026-07-22T12:32:39+0000","49487"
"JhkFcH98uvMrnDgmn6","Sarcastic Football Fan GIF by OneFootball Heads","gif","2026-05-22T01:53:22+0000","49354"
"okTyHZDSQ8u31wyT55","Add Me Friend Request GIF by OneFootball Heads","gif","2026-07-28T17:42:43+0000","49319"
"U4iDELyXogCfzk2SPc","World Cup Football GIF by OneFootball Heads","gif","2026-07-05T10:20:29+0000","49184"
"0rAnJ9bILAp2bIGcpT","Celebrate World Cup GIF by OneFootball Heads","gif","2026-01-20T05:08:55+0000","49139"
"clne8r9DaMEPN77izy","The Wizard Football Sticker by OneFootball Heads","sticker","2026-07-22T14:54:24+0000","49081"
"kc5sCk8smIzR9bEVmq","World Cup Football GIF by OneFootball Heads","gif","2026-07-05T10:10:19+0000","49025"
"StRtbzWfsgs33wpW3M","Excited Team Spirit GIF by OneFootball Heads","gif","2025-10-19T17:09:19+0000","49020"
"YIVMHeeUzrNYt7qSqJ","World Cup Football GIF by OneFootball Heads","gif","2026-06-18T14:33:01+0000","48744"
"DkMC0pbvPVy3KNCzzD","The Wizard Football Sticker by OneFootball Heads","sticker","2026-07-22T14:54:35+0000","48455"
"D41XyjutopurXno57q","World Cup Football GIF by OneFootball Heads","gif","2026-06-18T14:27:24+0000","48374"
"lJGL45KeCLzPSaUgTV","France Football GIF by OneFootball Heads","gif","2026-07-05T10:13:25+0000","48363"
"6DHkm44QfaRU4jjkTd","France Football GIF by OneFootball Heads","gif","2026-07-05T10:13:11+0000","48010"
"4iwyORJpVG7GLfMZvu","South Korea Football Sticker by OneFootball Heads","sticker","2026-07-22T14:51:35+0000","47896"
"0citpjho00ObF3pMEm","World Cup Football GIF by OneFootball Heads","gif","2026-06-18T16:14:16+0000","47308"
"l5ZWNLnfskv9LTE03S","World Cup Football GIF by OneFootball Heads","gif","2026-06-18T12:59:41+0000","47155"
"QU3jtBvOsGT110czty","Celebrate World Cup GIF by OneFootball Heads","gif","2026-01-20T05:01:42+0000","47081"
"E0xJwLqR8naax696nQ","Real Madrid Football Sticker by OneFootball Heads","sticker","2026-07-22T13:56:19+0000","47003"
"kfjRVgBKSfpje8yaL1","World Cup Football GIF by OneFootball Heads","gif","2026-06-18T16:13:14+0000","46929"
"d07pfKl4LYFx9eOGnG","World Cup Football GIF by OneFootball Heads","gif","2026-06-18T16:14:50+0000","46688"
"RlkKf5MBzEjqzqN3Pt","Excited Crypto GIF by OneFootball Heads","gif","2026-05-18T15:30:57+0000","46491"
"lUrvU5C0ui1UixvK9l","World Cup Football GIF by OneFootball Heads","gif","2026-06-18T16:13:20+0000","46449"
"kmGi3ucTvgLv6pA7rE","World Cup Football GIF by OneFootball Heads","gif","2026-06-18T14:28:23+0000","46300"
"EsTiklBWYzosIzPluo","World Cup Football GIF by OneFootball Heads","gif","2026-06-18T12:51:14+0000","46231"
"5bLSkn2OEV2LU4IPHI","World Cup Football GIF by OneFootball Heads","gif","2026-06-18T12:56:42+0000","45971"
"JcOB2VB2OeXB5ExpHH","Gerald Calm Down GIF by OneFootball Heads","gif","2025-10-31T03:54:48+0000","45828"
"dxie0mdUARIwhn2yee","Champions League Uefa GIF by OneFootball Heads","gif","2026-05-22T01:53:01+0000","45334"
"aW3mqoINZ433Rj4TMz","Happy Green Flag GIF by OneFootball Heads","gif","2026-02-09T04:37:08+0000","44687"
"bRI1sNgKvZoO69xpZt","France Football Sticker by OneFootball Heads","sticker","2026-07-22T14:34:19+0000","44434"
"vnuMwvlswGMW38poq2","Celebrate World Cup GIF by OneFootball Heads","gif","2026-01-20T05:00:42+0000","43882"
"S8nncQt2T539fDIA0b","World Cup Football GIF by OneFootball Heads","gif","2026-07-05T10:10:40+0000","43879"
"2FbqKii3sahcmtOgU2","Opening Day Hype GIF by OneFootball Heads","gif","2026-05-22T01:54:23+0000","43735"
"iVj1jzisyn9qoy0HwT","World Cup Football GIF by OneFootball Heads","gif","2026-07-05T10:13:54+0000","43693"
"mp178ZHLC4sHfOgO12","Excited Good Vibes GIF by OneFootball Heads","gif","2025-09-11T07:34:34+0000","43554"
"IbdIiqy5nHTtHJKeuA","World Cup Football GIF by OneFootball Heads","gif","2026-06-18T16:13:26+0000","43447"
"ADV5RUY8deNWvKXmg9","Excited Here We Go GIF by OneFootball Heads","gif","2026-07-22T12:26:02+0000","43329"
"NCXTJOeB6clLl1XIHm","Frustrated Football Fan GIF by OneFootball Heads","gif","2026-05-18T15:30:18+0000","42601"
"4bXiLL05WASnteKd7V","France Football GIF by OneFootball Heads","gif","2026-07-05T10:18:48+0000","42586"
"1knediJpPduWeBBS7N","World Cup Football GIF by OneFootball Heads","gif","2026-06-18T12:50:32+0000","42499"
"e0tqAwofWcxXx9iIN2","World Cup Football GIF by OneFootball Heads","gif","2026-07-05T10:15:58+0000","42490"
"FXlBfysZeccejSPXLN","World Cup Football GIF by OneFootball Heads","gif","2026-06-18T14:25:54+0000","42447"
"YeGuStp7fomlR6Gj8o","World Cup Football GIF by OneFootball Heads","gif","2026-06-18T16:10:55+0000","42180"
"9L7p0XupqB44TIXms9","Germany Football GIF by OneFootball Heads","gif","2026-07-05T10:11:54+0000","42156"
"qJw4maZ7dvqO6QsGJh","Miss You Hug GIF by OneFootball Heads","gif","2026-07-28T17:41:47+0000","42113"
"LLJZa29zWpqjzrVNHB","Mohamed Salah Football Sticker by OneFootball Heads","sticker","2026-07-22T14:29:20+0000","41724"
"RE60di0oRWMdq7SDoQ","Germany Football Sticker by OneFootball Heads","sticker","2026-07-22T14:37:14+0000","41612"
"2OZgYoYD7xUPQjGmsl","World Cup Football GIF by OneFootball Heads","gif","2026-07-05T10:14:57+0000","41587"
"1d6N0pb13wv2X6Qqhh","World Cup Football GIF by OneFootball Heads","gif","2026-06-18T16:11:14+0000","41477"
"fFcZ7GbvG7949eU5xg","World Cup Football GIF by OneFootball Heads","gif","2026-07-05T10:15:36+0000","41422"
"XVluxxVNlvj7mOkHVD","Germany Football Sticker by OneFootball Heads","sticker","2026-07-22T14:37:39+0000","41411"
"M466iBsWoTlNojJbyk","World Cup Football GIF by OneFootball Heads","gif","2026-06-18T12:51:23+0000","41275"
"t8SxzpqSbWCkZscsKZ","France Football Sticker by OneFootball Heads","sticker","2026-07-22T14:34:30+0000","41242"
"DArpiMDTC0np9ytWe8","World Cup Football GIF by OneFootball Heads","gif","2026-06-18T12:54:37+0000","40748"
"FpWKtmKDYtFqgQ4F1p","Add Me Friend Request Sticker by OneFootball Heads","sticker","2026-07-28T17:50:38+0000","40744"
"nDcAtQrrztB6tjk8d1","Big Brain Football Sticker by OneFootball Heads","sticker","2026-07-22T14:53:20+0000","40659"
"zQxSWfx8MQYyxMzLTW","France Football GIF by OneFootball Heads","gif","2026-06-18T12:52:43+0000","40568"
"U2RkG4c7Vpaz9UnSuZ","World Cup Football GIF by OneFootball Heads","gif","2026-06-18T14:29:36+0000","40492"
"pUCY24xEv3FuNvWA54","Happy Football GIF by OneFootball Heads","gif","2026-02-09T04:36:54+0000","40100"
"DGjlGcceVl5RDQC6v7","Football Podcast GIF by OneFootball Heads","gif","2026-02-09T04:39:16+0000","39887"
"UR5a8u78Xa7VdtyJIS","World Cup Football GIF by OneFootball Heads","gif","2026-06-18T14:26:56+0000","39881"
"BKBmjqo7OhXyBwjnJ1","World Cup Football GIF by OneFootball Heads","gif","2026-07-05T10:15:03+0000","39639"
"5050Byd8dZiD8S7OQo","World Cup Football GIF by OneFootball Heads","gif","2026-07-05T10:18:35+0000","39125"
"FzxAj0hfgyAdsW40AC","Lets Go Success GIF by OneFootball Heads","gif","2025-06-18T09:50:27+0000","39107"
"HM50iKLhED7tYTgtrk","France Football Sticker by OneFootball Heads","sticker","2026-07-22T14:35:34+0000","38952"
"7rJDG9tWHp7KA9rDDq","Celebrate World Cup GIF by OneFootball Heads","gif","2026-01-20T05:10:15+0000","38891"
"dRdbbodInaw9ngy2et","World Cup Football GIF by OneFootball Heads","gif","2026-06-18T14:32:18+0000","38870"
"1qJHVFYH15SpmhSykp","Believe World Cup GIF by OneFootball Heads","gif","2026-06-18T16:10:14+0000","38750"
"DBNUsVBmNhdqMaetuc","Champions League Knockout GIF by OneFootball Heads","gif","2026-05-22T01:53:08+0000","38675"
"9joM0t278fxmxw63iM","Mohamed Salah Football Sticker by OneFootball Heads","sticker","2026-07-22T14:29:33+0000","38526"
"UxIqUYwwUampJ8DTtS","World Cup Football GIF by OneFootball Heads","gif","2026-07-05T10:17:26+0000","38385"
"dfwpUHP88TTodHV7xY","Premier League Football GIF by OneFootball Heads","gif","2026-07-22T12:29:16+0000","38336"
"BCu7HM8TzjOxYRWxCB","Pumpkin Spice Smile GIF by OneFootball Heads","gif","2025-10-19T17:11:50+0000","38252"
"ejYsZu3TWsZPu9FeHo","Best Friend Bff Sticker by OneFootball Heads","sticker","2026-07-28T17:49:09+0000","38201"
"20LOqJQZdFCTJzrMA9","Happy Birthday Football GIF by OneFootball Heads","gif","2026-07-22T12:25:48+0000","37890"
"vfeGz24qxWeBGpJkzg","Viet Nam Football GIF by OneFootball Heads","gif","2026-08-18T02:14:25+0000","37629"
"oEK27lR1AH4L1uw531","Fantasy Football GIF by OneFootball Heads","gif","2026-05-18T05:04:57+0000","37394"
"uZzDdw53yMluV0UWVF","Excited Here We Go Sticker by OneFootball Heads","sticker","2026-07-22T13:59:46+0000","37212"
"7js3sdMoAXf6iljz9J","Cristiano Ronaldo Football Sticker by OneFootball Heads","sticker","2026-07-22T14:46:48+0000","37161"
"CaEoDtcNHxY0y3Ll4k","Valentines Day GIF by OneFootball Heads","gif","2026-01-20T14:30:02+0000","36713"
"KGTieGwsFTzfKxi73d","France Football GIF by OneFootball Heads","gif","2026-07-22T12:29:34+0000","36549"
"wyVRFz9fJaE5B8IZ2I","France Football GIF by OneFootball Heads","gif","2026-06-18T14:33:49+0000","36514"
"V65BD1iwdbErs5NDw7","World Cup Football GIF by OneFootball Heads","gif","2026-06-18T14:28:41+0000","36437"
"vgMxyT3D5Nf7YtgLEN","World Cup Football GIF by OneFootball Heads","gif","2026-06-18T14:34:01+0000","36252"
"RHu5cVwkEKODGJMFhD","World Cup Football GIF by OneFootball Heads","gif","2026-07-05T10:17:05+0000","35623"
"2XtaKuSyUmADvFNWeB","Lets Go Please GIF by OneFootball Heads","gif","2025-08-04T07:30:47+0000","35373"
"3SkP2Mn8rWCPR7qYs8","France Football Sticker by OneFootball Heads","sticker","2026-07-22T14:35:47+0000","35350"
"fsCP6Oda0qmhcNPKE1","Tag4 Tag5 GIF by OneFootball Heads","gif","2026-05-18T05:09:54+0000","35145"
"O42P37uJNFbMzRuV98","Best Friend Football GIF by OneFootball Heads","gif","2026-07-28T17:42:17+0000","35141"
"65WZEH3DbzTOskjZ9F","World Cup Football GIF by OneFootball Heads","gif","2026-06-18T16:14:38+0000","34604"
"31mHgJnJUAJXIB62kJ","World Cup Football GIF by OneFootball Heads","gif","2026-07-05T10:18:14+0000","34500"
"TfKAAlWTfJBh06kQ5S","World Cup Football GIF by OneFootball Heads","gif","2026-06-18T12:57:33+0000","34334"
"zkn7BLV7uUc5Orkzzr","Happy Football GIF by OneFootball Heads","gif","2026-07-06T16:44:16+0000","34228"
"Ei2OUMXIhbpl8zcg07","World Cup Football GIF by OneFootball Heads","gif","2026-06-18T12:50:37+0000","33889"
"HviuxhG9WFXzbBpjJe","World Cup Football GIF by OneFootball Heads","gif","2026-06-18T14:26:13+0000","33814"
"yiNGJnacgioeujOFDw","France Football GIF by OneFootball Heads","gif","2026-06-18T14:25:24+0000","33519"
"M3DQRSj2ZR4BSXZMlX","World Cup Football GIF by OneFootball Heads","gif","2026-06-18T14:27:46+0000","33508"
"z3cQyCScaa6eQAPGxM","World Cup Football GIF by OneFootball Heads","gif","2026-06-18T12:53:25+0000","33506"
"oVgehCwEPrMbYJAeuH","France Football GIF by OneFootball Heads","gif","2026-06-18T14:32:30+0000","33430"
"2ltRBrU98eB6SOCvlL","Football Argentina Sticker by OneFootball Heads","sticker","2026-07-22T14:25:11+0000","33378"
"QgBxz4jlNWpq4U0VBL","France Football GIF by OneFootball Heads","gif","2026-06-18T12:52:37+0000","33181"
"X29WgAKGLutorgO69Y","France Football GIF by OneFootball Heads","gif","2026-07-05T10:13:18+0000","33157"
"FxFgVET0GLKFojvrla","France Football GIF by OneFootball Heads","gif","2026-07-05T10:18:41+0000","33075"
"HeFCcdgF37XybNbJM1","World Cup Football GIF by OneFootball Heads","gif","2026-06-18T12:53:35+0000","32854"
"BEH8snVdAHDiqrRvhv","World Cup Football GIF by OneFootball Heads","gif","2026-06-18T14:29:54+0000","32598"
"kIF7T5i5o9pEglhEHa","Celebrate World Cup GIF by OneFootball Heads","gif","2026-01-20T05:01:37+0000","32432"
"SQwDBfwWSCoRe4PcNJ","World Cup Football GIF by OneFootball Heads","gif","2026-06-18T12:57:43+0000","32309"
"Do7K8nCJQrwf7gsrRm","World Cup Football GIF by OneFootball Heads","gif","2026-06-18T16:14:56+0000","32291"
"sN3d7kXdPbvjlidiJz","World Cup Football GIF by OneFootball Heads","gif","2026-07-05T10:11:00+0000","32129"
"qvGvze34SYzFy0IOjo","World Cup Football GIF by OneFootball Heads","gif","2026-06-18T14:25:41+0000","31856"
"UiN6zWG0ArXRCn52L0","World Cup Football GIF by OneFootball Heads","gif","2026-06-18T14:31:05+0000","31856"
"zx3ayFaNycGyE1nZ01","La Roja Celebration Sticker by OneFootball Heads","sticker","2026-07-22T14:01:56+0000","31623"
"9Ls9XsHDxEiICpkIWJ","Best Friend Bff Sticker by OneFootball Heads","sticker","2026-07-28T17:48:59+0000","31618"
"Fk1G76mvlTOS0YUZ5A","Football Belgium Sticker by OneFootball Heads","sticker","2026-07-22T14:26:08+0000","31586"
"9YVJ3QFI0T2T1huuOt","World Cup Football GIF by OneFootball Heads","gif","2026-06-18T12:51:29+0000","31517"
"4Z5Et8yinfeZ1jfuJF","World Cup Shrug GIF by OneFootball Heads","gif","2026-07-05T10:11:43+0000","31389"
"ZmQW2HIzjSKv4646wY","Excited Here We Go GIF by OneFootball Heads","gif","2026-07-22T12:26:21+0000","31378"
"1BWq9cSj4USk9qwS0z","Bruno Fernandes Football GIF by OneFootball Heads","gif","2026-08-18T01:38:20+0000","31113"
"iRowpDxl0o0Qs0f422","Germany Football GIF by OneFootball Heads","gif","2026-07-05T10:14:18+0000","31013"
"GxQiKyAy9kzwWgAClZ","World Cup Football GIF by OneFootball Heads","gif","2026-07-05T10:16:06+0000","30897"
"NlQfFCNhxuArwRa0yg","Best Friend Football GIF by OneFootball Heads","gif","2026-07-28T17:41:55+0000","30530"
"e0s868pPHJojxQ4Vgs","Football Mane Sticker by OneFootball Heads","sticker","2026-07-22T14:51:05+0000","30156"
"m7sXoT4sjUcHqlfqFS","Football Spain Sticker by OneFootball Heads","sticker","2026-07-22T14:52:44+0000","29925"
"eRX5a3BHg4ezXw0UCh","Football Argentina Sticker by OneFootball Heads","sticker","2026-07-22T14:25:23+0000","29768"
"LcCD3TkQe4SJroMYz5","France Football GIF by OneFootball Heads","gif","2026-07-05T10:13:30+0000","29684"
"LhW6KP4Nar6HsqGuKf","Football Brazil Sticker by OneFootball Heads","sticker","2026-07-22T14:27:02+0000","29616"
"gzUNmzVfGkKdMxyHrF","Real Madrid Football Sticker by OneFootball Heads","sticker","2026-07-22T14:02:38+0000","29146"
"xQNauBqQ1WrqCAPuRE","World Cup Football GIF by OneFootball Heads","gif","2026-06-18T14:28:16+0000","29077"
"ybF46HrsLDFuMrg0NO","France Football GIF by OneFootball Heads","gif","2026-07-05T10:15:42+0000","29073"
"GMsykn2kFJhMIBPMb9","World Cup Football GIF by OneFootball Heads","gif","2026-06-18T14:28:53+0000","28947"
"hftSnrV7jiNn6MkQk4","France Football GIF by OneFootball Heads","gif","2026-06-18T14:31:49+0000","28911"
"0r0YUGcSj97ueZws1I","World Cup Football GIF by OneFootball Heads","gif","2026-07-05T10:12:24+0000","28910"
"JbyrV7bzRuZeOpzb30","World Cup Football GIF by OneFootball Heads","gif","2026-06-18T16:15:03+0000","28821"
"ifOOtGdoahRmSdfh4k","Germany Football GIF by OneFootball Heads","gif","2026-07-05T10:17:19+0000","28759"
"QQeMYCJmSK3CvnW69G","World Cup Football GIF by OneFootball Heads","gif","2026-06-18T14:27:01+0000","28721"
"3bdT6rswZrdJAAXyIY","World Cup Football GIF by OneFootball Heads","gif","2026-06-18T12:55:26+0000","28696"
"gU6fbKU11WZGfMjXey","Bbq Smells Good Sticker by OneFootball Heads","sticker","2026-08-05T04:04:14+0000","28658"
"E7J4gMgNzH8P5fJIir","Excuse Me What GIF by OneFootball Heads","gif","2025-08-04T07:32:23+0000","28574"
"hvHkkgdpNyYBCNwWii","World Cup Football GIF by OneFootball Heads","gif","2026-06-18T12:59:17+0000","28546"
"XHhUoP1JW91SPS6GbT","Real Madrid Football GIF by OneFootball Heads","gif","2026-07-22T12:28:31+0000","28517"
"NKb9LW9MrxO48Cd9Mu","Not Funny Football GIF by OneFootball Heads","gif","2026-03-26T22:32:55+0000","28492"
"s4hSWA7C4PRGJwjwkp","World Cup Football GIF by OneFootball Heads","gif","2026-06-18T12:50:03+0000","27754"
"sgLnfOIYS7BUIHXUxC","World Cup Football GIF by OneFootball Heads","gif","2026-06-18T12:59:23+0000","27581"
"cxkFjp3QZGzSh1Iyxz","World Cup Football GIF by OneFootball Heads","gif","2026-07-05T10:10:26+0000","27557"
"eXp6TrPKFtz2QlG4Uo","Hold On Brb Sticker by OneFootball Heads","sticker","2026-08-05T04:04:41+0000","27432"
"RZrRtVNSxivmiqc4ms","World Cup Football GIF by OneFootball Heads","gif","2026-06-18T16:13:38+0000","27428"
"JGpns399tHOQYO7P9u","World Cup Football GIF by OneFootball Heads","gif","2026-06-18T12:52:18+0000","27346"
"0DWKPIIDI9sWSoKa5F","Lionel Messi Football Sticker by OneFootball Heads","sticker","2026-07-22T14:25:38+0000","27337"
"U0K68elO5NOob4q372","World Cup Football GIF by OneFootball Heads","gif","2026-07-05T10:17:49+0000","27209"
"d6ZMxXqdHwzsYsjIfP","World Cup Football GIF by OneFootball Heads","gif","2026-06-18T12:51:54+0000","27172"
"znORHj4fd8MAN7gbLr","Excuse Me What GIF by OneFootball Heads","gif","2025-08-04T07:32:18+0000","27151"
"yBUiOi29DnkVtPnSck","Hold On Brb Sticker by OneFootball Heads","sticker","2026-08-05T04:04:06+0000","27054"
"cpWDzbkGXinjazXAsQ","6 7 Football GIF by OneFootball Heads","gif","2026-06-18T16:43:55+0000","26783"
"ZIv6jXtuNWmqe8i4d8","Celebrate World Cup GIF by OneFootball Heads","gif","2026-01-20T05:09:53+0000","26680"
"c14InbFxtr5gAFCZfy","World Cup Football GIF by OneFootball Heads","gif","2026-06-18T14:29:24+0000","26651"
"v2rHslWUoSF5p6UAlH","Football Soccer GIF by OneFootball Heads","gif","2026-08-18T01:41:02+0000","26556"
"pWYoNgRTTOcpQEGdh4","World Cup Football GIF by OneFootball Heads","gif","2026-06-18T16:11:08+0000","26467"
"MylLt7hnLWJS99x3F9","Viet Nam Champion Sticker by OneFootball Heads","sticker","2026-08-18T02:22:17+0000","26344"
"nfDB8cFWhS4Dee2sgL","France Football GIF by OneFootball Heads","gif","2026-06-18T14:25:29+0000","26215"
"BqKx9z6SmgH9xfzMoU","Football Spain Sticker by OneFootball Heads","sticker","2026-07-22T14:52:57+0000","26213"
"3QOaNhNb8TA085CDrI","Raul Jimenez Football Sticker by OneFootball Heads","sticker","2026-07-22T14:43:40+0000","26062"
"xD1vpKInrkzJ3Fxael","Space Time GIF by OneFootball Heads","gif","2026-02-09T04:39:28+0000","26042"
"x3LVct059nDJWWHnBs","World Cup Football GIF by OneFootball Heads","gif","2026-06-18T12:55:04+0000","26000"
"FQaUqL5cxE07TVmEbM","World Cup Football GIF by OneFootball Heads","gif","2026-06-18T14:27:29+0000","25972"
"gMAqaGlYLH1LnHhSQu","World Cup Football GIF by OneFootball Heads","gif","2026-06-18T12:53:51+0000","25858"
"QBNF6zlAHH46DTIM8A","Football England Sticker by OneFootball Heads","sticker","2026-07-22T14:30:26+0000","25786"
"Dv4oKPwiykQqHhZr1W","Football England Sticker by OneFootball Heads","sticker","2026-07-22T14:31:46+0000","25620"
"cIJp8Y1yZVnCzjXSjQ","World Cup Football GIF by OneFootball Heads","gif","2026-06-18T16:11:39+0000","25611"
"Y88yhiJDH6tRpPaQ9Y","Celebrate World Cup GIF by OneFootball Heads","gif","2026-01-20T05:01:32+0000","25446"
"dBEeUL0mbzScibZaSv","World Cup Football GIF by OneFootball Heads","gif","2026-06-18T12:50:09+0000","25405"
"NzvXgZXYLnsZBmsdg8","Football Brazil Sticker by OneFootball Heads","sticker","2026-07-22T14:27:14+0000","25386"
"1gsEMwwsNPO36OxOQK","World Cup Football GIF by OneFootball Heads","gif","2026-07-05T10:19:09+0000","25361"
"MggXsKR6usuo2guR1w","Bbq Smells Good Sticker by OneFootball Heads","sticker","2026-08-05T04:04:24+0000","25339"
"1pnf06KKMM2qlRmCIj","Football Fist Bump GIF by OneFootball Heads","gif","2026-07-28T17:42:03+0000","25318"
"uYAAG52VMeqNbeKxrw","World Cup Football GIF by OneFootball Heads","gif","2026-06-18T14:30:36+0000","25104"
"pKUmbMGZ5eNwfcEOwB","World Cup Football GIF by OneFootball Heads","gif","2026-06-18T14:30:59+0000","25020"
"s0qV5J5dP5lzZkpC1r","Unveiling English GIF by OneFootball Heads","gif","2026-07-22T12:28:20+0000","24986"
"YOy4wfZdVp39GaHWHa","World Cup Football GIF by OneFootball Heads","gif","2026-06-18T14:32:43+0000","24924"
"4iC6WmsVhfZAeGj178","World Cup Football GIF by OneFootball Heads","gif","2026-06-18T16:13:02+0000","24918"
"sT7JTqgV96345rxK6n","Nervous Football GIF by OneFootball Heads","gif","2026-05-18T05:05:03+0000","24774"
"cltZFv7xOOVgJUOrOP","La Roja Celebration Sticker by OneFootball Heads","sticker","2026-07-22T14:01:42+0000","24709"
"cR1Bnk7j1OAqINYtOY","World Cup Football GIF by OneFootball Heads","gif","2026-07-05T10:12:01+0000","24690"
"oLP7BIj99u0sFUlnsV","World Cup Football GIF by OneFootball Heads","gif","2026-06-18T12:55:09+0000","24676"
"JkGNpFYB3cY7FHn9sx","Champions League Vibes GIF by OneFootball Heads","gif","2026-05-22T01:53:15+0000","24661"
"cZYcjyCHHn2mk1ikmK","World Cup Football GIF by OneFootball Heads","gif","2026-07-05T10:11:22+0000","24512"
"9C0eEDiObWC3COXjXj","No Way What GIF by OneFootball Heads","gif","2025-08-04T07:31:18+0000","24432"
"KDKNDBHabbk60REZnB","Sad End Of Summer GIF by OneFootball Heads","gif","2026-07-22T12:31:09+0000","24406"
"0kjZf6pew3SqzrzHH7","Too Strong Football Sticker by OneFootball Heads","sticker","2026-07-22T14:39:46+0000","24400"
"RWX2nTNdXEnrfWiZa4","The Wall Football Sticker by OneFootball Heads","sticker","2026-07-22T14:44:32+0000","24387"
"askudv60nEFqWPiu2F","Not Listening La La La Sticker by OneFootball Heads","sticker","2026-08-10T07:08:44+0000","24381"
"uN8wdjnLJ5oRknSFQz","Football Defending GIF by OneFootball Heads","gif","2026-08-10T07:00:06+0000","24337"
"G4bRYCUE94lLd7ftFC","World Cup Football GIF by OneFootball Heads","gif","2026-06-18T16:11:02+0000","24090"
"hLlrlSXRBLz2a3Fa9b","World Cup Football GIF by OneFootball Heads","gif","2026-06-18T14:33:12+0000","24063"
"rI4yCkQXsGkvkN6qQy","World Cup Football GIF by OneFootball Heads","gif","2026-06-18T12:57:28+0000","23912"
"RjBXlk32cZwWJwL4gS","World Cup Football GIF by OneFootball Heads","gif","2026-06-18T12:54:27+0000","23901"
"bbd845md4bBhtzxnP2","World Cup Football GIF by OneFootball Heads","gif","2026-06-18T12:53:20+0000","23885"
"fVPVSpEApPhaPTBlFK","Bruno Fernandes Shrug Sticker by OneFootball Heads","sticker","2026-07-22T14:46:35+0000","23735"
"ApgAv4fFKYE5zQmdet","World Cup Football GIF by OneFootball Heads","gif","2026-06-18T14:29:30+0000","23725"
"X4AaDMS42L6wqp9I4S","Celebrate World Cup GIF by OneFootball Heads","gif","2026-01-20T05:02:48+0000","23569"
"JdCL1IXkf3ObMe1SIJ","World Cup Football GIF by OneFootball Heads","gif","2026-07-05T10:16:51+0000","23550"
"GW5HlgHeRXwbcIRTAO","World Cup Football GIF by OneFootball Heads","gif","2026-06-18T16:12:48+0000","23454"
"RwHdKDHMgbReieccJ4","World Cup Football GIF by OneFootball Heads","gif","2026-07-05T10:15:22+0000","23374"
"vhCeQWMJEmFvfjONgE","Germany Football Sticker by OneFootball Heads","sticker","2026-07-22T14:36:49+0000","23327"
"vWQ3cNvlZdFGn4P8mC","World Cup Football GIF by OneFootball Heads","gif","2026-06-18T12:58:20+0000","23313"
"H1bTEEl6lDeQC55aJ7","Football Belgium Sticker by OneFootball Heads","sticker","2026-07-22T14:26:22+0000","23205"
"xjLbBByLJ19X487OlI","World Cup Football GIF by OneFootball Heads","gif","2026-06-18T16:12:20+0000","23164"
"jzNfEq4G6PlhcWjGmV","Miss You Sticker by OneFootball Heads","sticker","2026-08-10T07:09:00+0000","23087"
"tUcJ0CqH4BsIKAIDrB","Germany Football GIF by OneFootball Heads","gif","2026-06-18T12:53:00+0000","23076"
"eSfJodS0foTOVqrBg1","6 7 Football GIF by OneFootball Heads","gif","2026-06-18T16:43:59+0000","22991"
"oU1Fo2c50feGpaWwDh","World Cup Football GIF by OneFootball Heads","gif","2026-06-18T16:12:55+0000","22851"
"fkhqUwfGzSYOrSTJp9","Excited Lets Go GIF by OneFootball Heads","gif","2025-08-03T14:20:16+0000","22567"
"hPd95ZhVUZRpaqfS71","World Cup Football GIF by OneFootball Heads","gif","2026-07-05T10:15:29+0000","22498"
"xdfUlTMvx8p3k8Taet","World Cup Football GIF by OneFootball Heads","gif","2026-06-18T16:10:20+0000","22496"
"MibqmLIdqxwQepv1u4","France Football GIF by OneFootball Heads","gif","2026-06-18T12:52:50+0000","22456"
"hwIq8i6Qi7UnUGbacf","Angry Game Time GIF by OneFootball Heads","gif","2025-07-01T18:18:01+0000","22368"
"VErfqZkulaxhehX9uN","Lets Go Football GIF by OneFootball Heads","gif","2025-07-01T18:19:26+0000","22284"
"ioikNOK6094SPdG2gY","World Cup Football GIF by OneFootball Heads","gif","2026-06-18T16:13:55+0000","22215"
"j4tl0BRFWySCPi8I98","World Cup Football GIF by OneFootball Heads","gif","2026-06-18T16:12:41+0000","22120"
"pzLy6Kcx9jyVz05UxB","World Cup Football GIF by OneFootball Heads","gif","2026-06-18T14:31:30+0000","22018"
"4p4coQ86ez7Ru85vou","Real Madrid Football GIF by OneFootball Heads","gif","2026-07-22T12:28:44+0000","21934"
"ju4JqzNVQrJQULIrQQ","Leo Messi Football Sticker by OneFootball Heads","sticker","2026-07-22T13:55:14+0000","21820"
"jKFcYsEGnQcAUJrto3","Best Friends Football GIF by OneFootball Heads","gif","2026-07-28T17:41:35+0000","21819"
"oRUV18AcLTVmArBuy5","Feel Better Take Care GIF by OneFootball Heads","gif","2026-08-10T06:59:34+0000","21782"
"G0FL2jcpanSQMex6pQ","Lets Go Football GIF by OneFootball Heads","gif","2026-07-22T12:26:34+0000","21686"
"IipkQotlmo8Sh1ABvk","Valentines Day Love GIF by OneFootball Heads","gif","2026-01-20T14:30:08+0000","21403"
"IhRt3YlSBJDDGKmVfA","World Cup Football GIF by OneFootball Heads","gif","2026-06-18T12:53:15+0000","21399"
"9bpDIJJ6W3RRCyfGZP","Fight Football GIF by OneFootball Heads","gif","2026-08-18T01:40:34+0000","21364"
"tFyjXDG8DdgV7jbV1B","World Cup Football GIF by OneFootball Heads","gif","2026-06-18T16:11:53+0000","21298"
"tRWPZFwfKYTcaQ0Vut","World Cup Football GIF by OneFootball Heads","gif","2026-06-18T12:56:28+0000","21191"
"ysB7TRjZlCfK705Qsx","World Cup Football GIF by OneFootball Heads","gif","2026-06-18T14:32:37+0000","21125"
"aA455rZHUzTePr7fRv","Happy Holidays GIF by OneFootball Heads","gif","2026-02-09T04:38:11+0000","21109"
"YhWN4jrl9saWCBtYVs","World Cup Football GIF by OneFootball Heads","gif","2026-07-05T10:15:14+0000","21041"
"ob50T7GkSbkLLSRhQn","World Cup Football GIF by OneFootball Heads","gif","2026-06-18T12:53:10+0000","21009"
"zysC5B66n65evvIv2j","World Cup Football GIF by OneFootball Heads","gif","2026-07-05T10:19:32+0000","20893"
"obqQ7nCPajM1XwGMzH","Suspicious Side Eye Sticker by OneFootball Heads","sticker","2026-08-05T04:02:14+0000","20774"
"UHX8Z1xxM7q95ifvMN","World Cup Football GIF by OneFootball Heads","gif","2026-06-18T16:13:49+0000","20665"
"Fh1YBOMQy8ivv5QNzd","World Cup Football GIF by OneFootball Heads","gif","2026-06-18T14:27:41+0000","20631"
"WEC8B0JL2IifWaSoOn","Too Strong Football Sticker by OneFootball Heads","sticker","2026-07-22T14:39:31+0000","20574"
"KR0ABF8z9pul0Xn1vj","World Cup Football GIF by OneFootball Heads","gif","2026-06-18T14:28:28+0000","20518"
"ZzOwQgO7FL2HlAGNPK","Best Friend Friends Sticker by OneFootball Heads","sticker","2026-07-28T17:47:33+0000","20361"
"QED7OaVB6S127veeBk","Germany Football Sticker by OneFootball Heads","sticker","2026-07-22T14:37:01+0000","20358"
"1VoVsG6WlTCqUv2uSU","Bruno Fernandes Shrug Sticker by OneFootball Heads","sticker","2026-07-22T14:46:24+0000","20345"
"hVlGeCHhXYdIj5VuGy","World Cup Football GIF by OneFootball Heads","gif","2026-06-18T12:56:18+0000","20279"
"Ad00UhfBWCrf6iIraA","World Cup Football GIF by OneFootball Heads","gif","2026-06-18T14:32:49+0000","19894"
"bOLdbJxTL32fzUfQ79","Germany Football GIF by OneFootball Heads","gif","2026-07-05T10:19:57+0000","19876"
"UEKfzPmN5PVlXlteZ6","Fight Football GIF by OneFootball Heads","gif","2026-08-18T02:06:36+0000","19784"
"hJHziY8ehiG4m6HxSV","Alphonso Davies Football Sticker by OneFootball Heads","sticker","2026-07-22T14:27:56+0000","19730"
"2AHzoH7CI4TQeyzYCD","France Football GIF by OneFootball Heads","gif","2026-06-18T14:25:12+0000","19673"
"MSUZpSsPXDiTRUuHTL","World Cup Football GIF by OneFootball Heads","gif","2026-07-05T10:13:45+0000","19662"
"aFQPmNaCbkCl3EdYeY","Suspicious Side Eye Sticker by OneFootball Heads","sticker","2026-08-05T04:02:02+0000","19644"
"dQxNr6ZzGMHanmSGNo","Football Smells Good GIF by OneFootball Heads","gif","2026-08-05T03:59:07+0000","19421"
"GQnycCHR2tSSMXS9oh","Too Fast Football Sticker by OneFootball Heads","sticker","2026-07-22T14:44:06+0000","19257"
"XniMEEmJBr9ukfaFPg","World Cup Football GIF by OneFootball Heads","gif","2026-06-18T12:53:30+0000","19250"
"2jcJ3HFGUHkTyioaUT","World Cup Football GIF by OneFootball Heads","gif","2026-06-18T16:11:46+0000","19230"
"V2cgY6r7FOSTkCgBS1","Germany Football GIF by OneFootball Heads","gif","2026-06-18T14:29:11+0000","19117"
"pIQoynVdXIZshkdd9a","Alphonso Davies Football Sticker by OneFootball Heads","sticker","2026-07-22T14:28:08+0000","18969"
"IMNgh51iJQHDWSoMm2","Football England Sticker by OneFootball Heads","sticker","2026-07-22T14:31:31+0000","18787"
"cGbSORzwb2xpTVTEXC","J League Fight GIF by OneFootball Heads","gif","2026-08-18T01:40:04+0000","18748"
"KksuC9fn8zo5RlERgg","World Cup Football GIF by OneFootball Heads","gif","2026-07-05T10:19:17+0000","18746"
"wulH1pzgOUFXQQNyor","World Cup Football GIF by OneFootball Heads","gif","2026-06-18T14:27:07+0000","18640"
"WHFiPP52PG9th1XmMP","World Cup Football GIF by OneFootball Heads","gif","2026-07-05T10:14:36+0000","18557"
"pfDwG4T0vC4IxqS2eN","World Cup Football GIF by OneFootball Heads","gif","2026-07-05T10:20:45+0000","18552"
"akR7RsXOEBsCpVxsp6","World Cup Football GIF by OneFootball Heads","gif","2026-06-18T12:52:32+0000","18546"
"7HLrdcksEhIrZa9Zir","Germany Football GIF by OneFootball Heads","gif","2026-07-05T10:19:50+0000","18541"
"qelk4LqaOuWJeyH8dj","Football Scrolling GIF by OneFootball Heads","gif","2026-08-18T01:47:06+0000","18506"
"6RL11R4fio6tTZS5B3","Labor Day Chill Sticker by OneFootball Heads","sticker","2026-07-22T14:00:14+0000","18313"
"likC4dBv9fLsDhQq1X","Happy Birthday Football GIF by OneFootball Heads","gif","2026-08-18T01:37:12+0000","18205"
"2fhhHvDo2dUJMgJFW6","World Cup Football GIF by OneFootball Heads","gif","2026-07-05T10:10:32+0000","18157"
"3So6FuGb7wVk14P481","Happy Holidays GIF by OneFootball Heads","gif","2026-02-09T04:39:11+0000","18021"
"AhaWzd6OjdlgzY8poL","World Cup Football GIF by OneFootball Heads","gif","2026-06-18T12:51:03+0000","17871"
"QSA6gWBwyyXJIzo0gE","World Cup Football GIF by OneFootball Heads","gif","2026-06-18T12:59:00+0000","17816"
"UGSaXOiJokVFwXEoAT","Confused Crypto GIF by OneFootball Heads","gif","2026-05-18T15:31:03+0000","17799"
"UPnKAxvJFJWIJn1NNK","Happy Football GIF by OneFootball Heads","gif","2026-07-06T16:44:11+0000","17727"
"l1mRHDgvYzHZVRI4M0","Lionel Messi Football Sticker by OneFootball Heads","sticker","2026-07-22T14:25:52+0000","17685"
"Lv5WcXLqEaEuaTO1ZQ","Hold On Football GIF by OneFootball Heads","gif","2026-08-05T03:58:49+0000","17613"
"81EGk29eiw9H1hpqdY","Feel Better Take Care GIF by OneFootball Heads","gif","2026-08-10T06:59:46+0000","17534"
"fT2ecOvmXPJxFkTbWJ","Too Fast Football Sticker by OneFootball Heads","sticker","2026-07-22T14:44:18+0000","17466"
"CznAgEDyLaic6yT3it","No Money Im Broke Sticker by OneFootball Heads","sticker","2026-08-10T07:07:12+0000","17451"
"W2qRsuV2W45gij9eyQ","Spotlight Beacon GIF by OneFootball Heads","gif","2026-02-05T11:03:35+0000","17410"
"LgaosMJFuBdaBg4Zqw","World Cup Football GIF by OneFootball Heads","gif","2026-06-18T14:31:18+0000","17326"
"7uuBgvGPs6E5EttML4","World Cup Football GIF by OneFootball Heads","gif","2026-06-18T14:26:37+0000","17284"
"zIf83ye6vDhxzHKtUd","Germany Football GIF by OneFootball Heads","gif","2026-06-18T14:27:18+0000","17262"
"1YIOwyDs2IK6MPvs3f","World Cup Football GIF by OneFootball Heads","gif","2026-07-05T10:20:35+0000","16957"
"Z9OWqReW3I4Jr4MEdB","World Cup Football GIF by OneFootball Heads","gif","2026-06-18T16:12:35+0000","16923"
"g9LibgOagcZAvPML8w","Leo Messi Football Sticker by OneFootball Heads","sticker","2026-07-22T13:54:59+0000","16919"
"i8VD6cSurXwKJF8qoh","Log Off Fresh Air GIF by OneFootball Heads","gif","2026-08-18T02:11:00+0000","16849"
"vilClGRTjSHu0GtpnI","Best Friends Squad Sticker by OneFootball Heads","sticker","2026-07-28T17:50:25+0000","16668"
"2PSJbtzGkCGH4bR9Md","Not Listening La La La GIF by OneFootball Heads","gif","2026-08-10T07:01:50+0000","16667"
"NMa7tlk37iWeBOSmwr","World Cup Football GIF by OneFootball Heads","gif","2026-06-18T14:33:55+0000","16572"
"epsrwYgPyUV4qhCquP","Fantasy Football GIF by OneFootball Heads","gif","2026-08-18T01:42:27+0000","16536"
"pMfKSHdT0qvK2OJJKD","Sleepy Football GIF by OneFootball Heads","gif","2026-08-18T01:42:42+0000","16523"
"UpPyFzWrRSSCDjWW5S","France Football GIF by OneFootball Heads","gif","2026-06-18T14:31:12+0000","16523"
"xW6AwwdTobQgDZ3nAU","World Cup Football GIF by OneFootball Heads","gif","2026-07-05T10:20:15+0000","16256"
"k8u0YOIFdyRsTb950U","World Cup Football GIF by OneFootball Heads","gif","2026-07-05T10:13:38+0000","16250"
"s5mc5b4QlA0GqxfiMn","Best Friends Football GIF by OneFootball Heads","gif","2026-07-28T17:42:29+0000","16230"
"v4mRkaIx4POC0DHgUM","Unveiling La Liga Sticker by OneFootball Heads","sticker","2026-07-22T13:56:49+0000","16119"
"aFoEcC8r12zpxNNvSz","World Cup Football GIF by OneFootball Heads","gif","2026-06-18T12:57:16+0000","16083"
"KxC6WSlrAqoG2ZPZwr","Celebrate Happy Birthday GIF by OneFootball Heads","gif","2026-08-18T02:01:28+0000","16066"
"QZ7VxYXlPLhiWYe26G","Out Of Office Football GIF by OneFootball Heads","gif","2026-08-10T06:59:10+0000","16060"
"AkjBpF1TnoWQNI57N8","World Cup Football GIF by OneFootball Heads","gif","2026-06-18T12:50:54+0000","16058"
"PmswRSnBQr0RWZ4Bf4","France Football Sticker by OneFootball Heads","sticker","2026-07-22T14:35:11+0000","15958"
"8eLBLo0NrUqDGNrH3W","Locked In Focus Sticker by OneFootball Heads","sticker","2026-08-18T02:29:10+0000","15852"
"64biIPpOpL0RUNkvRQ","Unveiling La Liga Sticker by OneFootball Heads","sticker","2026-07-22T13:56:34+0000","15637"
"UM7sju7MO1wK6KpVdR","World Cup Football GIF by OneFootball Heads","gif","2026-06-18T14:25:18+0000","15608"
"kAZI2CjoJeDdkShdIp","World Cup Football GIF by OneFootball Heads","gif","2026-06-18T12:56:24+0000","15544"
"hkJqI1Z2eMIZGjaLGr","World Cup Football GIF by OneFootball Heads","gif","2026-06-18T16:11:59+0000","15533"
"lo0xHsbZsqAXm3DxRm","France Football GIF by OneFootball Heads","gif","2026-06-18T14:31:43+0000","15472"
"0iqkjAyJgiCpPLy3Fq","World Cup Football GIF by OneFootball Heads","gif","2026-06-18T16:13:44+0000","15466"
"Pg9FLF1hIKRfew3hKh","France Football Sticker by OneFootball Heads","sticker","2026-07-22T14:35:58+0000","15461"
"Atdw4UUjkYNWJaCahh","World Cup Football GIF by OneFootball Heads","gif","2026-06-18T12:57:11+0000","15430"
"OlLlVUZxrcqZm6RPza","Excited Digital Art GIF by OneFootball Heads","gif","2026-05-18T15:30:50+0000","15385"
"obWFB2xqw0881G6uwU","Break Time Football GIF by OneFootball Heads","gif","2026-08-10T06:58:25+0000","15372"
"MMQp5dVRWpDk5TKSk3","World Cup Football GIF by OneFootball Heads","gif","2026-06-18T16:12:06+0000","15350"
"6JQsOcUAjOChX75DUd","Serving Main Character GIF by OneFootball Heads","gif","2026-08-18T01:46:03+0000","15223"
"GREZfNqe681gUp8ECl","Miss You Football GIF by OneFootball Heads","gif","2026-08-10T07:02:24+0000","15194"
"Jnc5Sl0MpsH7wF5PBG","Celebrate Happy Birthday GIF by OneFootball Heads","gif","2026-08-18T01:36:58+0000","15098"
"Pd6VbhzYBpVXqj1D2b","World Cup Football GIF by OneFootball Heads","gif","2026-07-05T10:20:03+0000","15034"
"DtzZaTXJmluGoVaJzL","Cristiano Ronaldo Football Sticker by OneFootball Heads","sticker","2026-07-22T14:47:01+0000","15034"
"HOOTxxN5gUjEhJDUzT","Germany Football GIF by OneFootball Heads","gif","2026-06-18T12:52:54+0000","14926"
"5QdOBPO3tLl2QnMEml","Come On Football Sticker by OneFootball Heads","sticker","2026-07-22T14:34:01+0000","14882"
"23kKeMgwQdsTaTefn7","Germany Football Sticker by OneFootball Heads","sticker","2026-07-22T14:37:25+0000","14813"
"K53ka9tKBWvdlEmEiQ","World Cup Football GIF by OneFootball Heads","gif","2026-06-18T16:11:33+0000","14812"
"MVdhlDm19paYqtsMfF","Germany Football GIF by OneFootball Heads","gif","2026-06-18T14:27:52+0000","14711"
"Py3gKjdj74yZ1xYUDc","Football Soccer GIF by OneFootball Heads","gif","2026-08-05T03:55:04+0000","14648"
"CPfrrA6I7wi4q0blhk","Come On Football Sticker by OneFootball Heads","sticker","2026-07-22T14:32:49+0000","14532"
"pxIwqllLtTqwkP3P7q","France Football GIF by OneFootball Heads","gif","2026-06-18T14:33:37+0000","14429"
"oEgmDtYesxKZLeYfbk","France Football Sticker by OneFootball Heads","sticker","2026-07-22T14:36:12+0000","14367"
"m6uaoa7xX7Dg2HnF6p","World Cup Football GIF by OneFootball Heads","gif","2026-06-18T12:58:12+0000","14365"
"hZtR0YEJJ66b1a0Yrb","World Cup Football GIF by OneFootball Heads","gif","2026-06-18T12:59:06+0000","14236"
"A1yl317Qn9BkRcNDyq","Germany Football GIF by OneFootball Heads","gif","2026-07-05T10:17:34+0000","14222"
"48lOBPTz2RBZlk6s5K","Friendship Fist Bump Sticker by OneFootball Heads","sticker","2026-07-28T17:49:18+0000","14177"
"Obpk3J2ge7JTNHLlsG","Alisson Becker Football Sticker by OneFootball Heads","sticker","2026-07-22T14:26:49+0000","14096"
"BUkQuFqMIKmPbzBBH6","Tired Football GIF by OneFootball Heads","gif","2026-07-22T12:30:33+0000","14057"
"APgneCdOW1Reh0qaf0","Referee Var Sticker by OneFootball Heads","sticker","2026-08-05T04:00:59+0000","14047"
"qY5hBUyiQSBf79ntVr","France Football GIF by OneFootball Heads","gif","2026-06-18T14:29:18+0000","14045"
"4LSRc6JcAvdcJvOele","Awkward Cringe Sticker by OneFootball Heads","sticker","2026-08-05T04:02:32+0000","14013"
"xTsdxIAnggFtww1tbS","Friendship Fist Bump Sticker by OneFootball Heads","sticker","2026-07-28T17:49:26+0000","13997"
"HKNFJD7cAwpvlYa6p1","World Cup Football GIF by OneFootball Heads","gif","2026-06-18T16:10:49+0000","13966"
"x61sB9WoV0TIwRSfsR","World Cup Football GIF by OneFootball Heads","gif","2026-07-05T10:20:52+0000","13926"
"TKD59tLZwJjpInRhVE","Bruno Fernandes Portugal Sticker by OneFootball Heads","sticker","2026-08-18T02:19:02+0000","13895"
"VOuTYkX8OhXjetxwQ5","World Cup Football GIF by OneFootball Heads","gif","2026-06-18T16:14:01+0000","13872"
"RvcR0cRgecgpmgCjti","Germany Football GIF by OneFootball Heads","gif","2026-08-18T01:36:30+0000","13814"
"nDLvxkW2XE2ZjcVKQR","World Cup Football GIF by OneFootball Heads","gif","2026-06-18T16:09:56+0000","13601"
"qNokvWhj3oqF4D5q3D","World Cup Football GIF by OneFootball Heads","gif","2026-06-18T16:10:42+0000","13484"
"XB8mTbeXNfl7OIlAkt","World Cup Football GIF by OneFootball Heads","gif","2026-06-18T14:30:42+0000","13452"
"mbf00vMY6UbT9h86hi","Locked In Cooking GIF by OneFootball Heads","gif","2026-08-10T07:03:02+0000","13440"
"85pJRIDsWcRCRBKFhd","Happy Birthday Football Sticker by OneFootball Heads","sticker","2026-07-22T13:57:15+0000","13403"
"5b6DvVHMPq5kG9QBE7","World Cup Football GIF by OneFootball Heads","gif","2026-06-18T14:26:06+0000","13390"
"kqkgYGr6YOULDs5Fcn","World Cup Shrug GIF by OneFootball Heads","gif","2026-07-05T10:17:12+0000","13328"
"XHby9xOM0HPzPJ6tqF","World Cup Football GIF by OneFootball Heads","gif","2026-06-18T12:49:53+0000","13319"
"WI86dbD53DB2Ya13yE","Football Applause GIF by OneFootball Heads","gif","2026-08-10T06:58:50+0000","13303"
"6nKHuV12HeAYk5Qyry","Football Searching GIF by OneFootball Heads","gif","2026-08-18T01:36:42+0000","13271"
"ISBdLIqOp4BB0XZ9ZP","La Liga Aura Sticker by OneFootball Heads","sticker","2026-08-18T02:15:07+0000","13205"
"YSGYAhBJmO8fZiDyMH","Miss You Football GIF by OneFootball Heads","gif","2026-08-10T07:02:41+0000","13196"
"jCb2I9TIDuTGehdSHx","World Cup Football GIF by OneFootball Heads","gif","2026-07-05T10:15:50+0000","13048"
"g1TgPevFB2j9fFhIUv","World Cup Football GIF by OneFootball Heads","gif","2026-06-18T16:11:27+0000","12950"
"btR3gAi7NqgMjA2aNz","World Cup Football GIF by OneFootball Heads","gif","2026-06-18T12:55:31+0000","12697"
"P2dP3D2kAzqcRPPaWr","World Cup Football GIF by OneFootball Heads","gif","2026-06-18T16:12:26+0000","12581"
"TVw6bjoUTlxRk8FSwM","Pumpkin Spice Football GIF by OneFootball Heads","gif","2026-08-18T01:43:07+0000","12475"
"3WtvsRqbAJO3p0nxNG","Football Applause GIF by OneFootball Heads","gif","2026-08-10T06:58:42+0000","12473"
"kkOBICGZgUnawZm7If","Spanish Football GIF by OneFootball Heads","gif","2026-07-22T12:27:29+0000","12445"
"V6nWD8hjJ0NqRkwKwf","The Wall Football Sticker by OneFootball Heads","sticker","2026-07-22T14:44:44+0000","12444"
"5sWddKfNN6ISDvkDWK","Andy Robertson Football Sticker by OneFootball Heads","sticker","2026-07-22T14:50:33+0000","12433"
"kAVvf8QMmCmXU7NDA6","World Cup Football GIF by OneFootball Heads","gif","2026-06-18T12:49:59+0000","12424"
"C932EjtWrmuYbX5KYd","Tired Back To School GIF by OneFootball Heads","gif","2026-07-22T12:30:17+0000","12409"
"ocHIQm4HwUXQHcA1U0","World Cup Football GIF by OneFootball Heads","gif","2026-06-18T12:59:12+0000","12392"
"ahzheVVpPPdCwejdOe","Football Scrolling GIF by OneFootball Heads","gif","2026-08-18T02:10:48+0000","12328"
"9Se0FcKFZFCt7lM2x3","World Cup Football GIF by OneFootball Heads","gif","2026-06-18T12:51:33+0000","12295"
"z7SQKvGQvXrAtw9e0b","Best Friend Teammates Sticker by OneFootball Heads","sticker","2026-07-28T17:50:00+0000","12262"
"xkc4OjlkEu20QRCgt1","Log Off Fresh Air GIF by OneFootball Heads","gif","2026-08-18T01:44:13+0000","12206"
"FRKnlYZ5Sc1GyYRhym","Andy Robertson Football Sticker by OneFootball Heads","sticker","2026-07-22T14:50:17+0000","12172"
"eSsZhIN2fbG9cZ4qhI","Out Of Office Football GIF by OneFootball Heads","gif","2026-08-10T06:59:18+0000","12051"
"Wotgrzr1tPTdfJTrp9","Break Time Football GIF by OneFootball Heads","gif","2026-08-10T06:58:33+0000","12049"
"YEzgbuQKP7ilTDmGni","World Cup Football GIF by OneFootball Heads","gif","2026-07-05T10:18:22+0000","11947"
"vRiyDA4IVaT77hjzor","Viet Nam Champion Sticker by OneFootball Heads","sticker","2026-08-18T02:22:03+0000","11920"
"p2siAywa55FzDHbCvQ","Germany Football GIF by OneFootball Heads","gif","2026-08-18T02:00:06+0000","11790"
"GXeaCeLxr1Vgcurw78","Serving Main Character GIF by OneFootball Heads","gif","2026-08-18T02:12:58+0000","11623"
"KlL7G6C1HWtdM3YHse","Germany Football GIF by OneFootball Heads","gif","2026-06-18T14:28:10+0000","11602"
"smYcsWrx7gVuOkY5QQ","Lets Go Football GIF by OneFootball Heads","gif","2026-08-18T01:40:19+0000","11540"
"TBERH8SbfqimWzO26A","Miss You Hug Sticker by OneFootball Heads","sticker","2026-07-28T17:48:37+0000","11420"
"uRu8dFMCWLKNRlMCmu","Luis Diaz Football Sticker by OneFootball Heads","sticker","2026-07-22T14:28:24+0000","11384"
"KAno7uyRv1fjZpX8y2","Work From Home Football GIF by OneFootball Heads","gif","2026-08-05T03:58:27+0000","11373"
"KdGrZVeuGKH1GUuc29","Locked In Focus Sticker by OneFootball Heads","sticker","2026-08-18T02:28:58+0000","11335"
"JfYHNaMLT2Our6QZoh","Luka Modric Football Sticker by OneFootball Heads","sticker","2026-07-22T14:28:53+0000","11327"
"JYGndXVhK5n2aZ2mne","La Liga Aura Sticker by OneFootball Heads","sticker","2026-08-18T02:14:52+0000","11323"
"MOFcWviiXfudeIwlN5","Nervous Under Pressure GIF by OneFootball Heads","gif","2026-08-18T01:42:15+0000","11293"
"DoNIRpsowBXVQjshzI","Best Friends Squad Sticker by OneFootball Heads","sticker","2026-07-28T17:50:12+0000","11274"
"pq5a9erYX0mupYAw0r","World Cup Football GIF by OneFootball Heads","gif","2026-06-18T12:51:38+0000","11257"
"ieMprRvRtPJlkSN7Z2","Viva Mexico Football GIF by OneFootball Heads","gif","2026-08-18T02:01:55+0000","11248"
"A3LVoOEQrusFFssX5m","Slay Serving Sticker by OneFootball Heads","sticker","2026-08-18T02:30:10+0000","11238"
"tPrbmCVHFFg7K72O3L","World Cup Football GIF by OneFootball Heads","gif","2026-06-18T12:55:20+0000","11227"
"2gXb2GoR2fu58PIHhV","Football England Sticker by OneFootball Heads","sticker","2026-07-22T14:30:39+0000","11206"
"ki9w0hQae7VtoRnFmi","Football Soccer GIF by OneFootball Heads","gif","2026-08-10T06:57:45+0000","11176"
"fLLDOs1PXL5od8aETL","World Cup Football GIF by OneFootball Heads","gif","2026-06-18T12:50:59+0000","11103"
"rShS2A9N2fJxhddR73","Happy Birthday Football Sticker by OneFootball Heads","sticker","2026-07-22T13:57:01+0000","11009"
"6KAGK2RnpkpBJCM8pW","Luka Modric Football Sticker by OneFootball Heads","sticker","2026-07-22T14:29:07+0000","10921"
"xsrxivJCfbyxTsmAzA","Sleepy Good Night GIF by OneFootball Heads","gif","2026-08-18T02:10:24+0000","10896"
"Ph7plOOKJNbslxKyrP","Referee Var Sticker by OneFootball Heads","sticker","2026-08-05T04:00:51+0000","10886"
"evwZTXQ9eTaIaMq5mV","Bruno Fernandes Football GIF by OneFootball Heads","gif","2026-08-18T02:04:33+0000","10770"
"UsmbteOniFBYGWTrHx","Football Treat Yourself GIF by OneFootball Heads","gif","2026-08-18T01:46:28+0000","10723"
"3fSVzda67xbuHj0jFc","Sleepy Good Night GIF by OneFootball Heads","gif","2026-08-18T01:42:54+0000","10701"
"nlRq8kEVEGEqLhJXS6","Football Soccer GIF by OneFootball Heads","gif","2026-08-05T04:00:20+0000","10693"
"SjvWVpHkfwMFdgXoBR","Bruno Fernandes Portugal Sticker by OneFootball Heads","sticker","2026-08-18T02:18:48+0000","10666"
"QozR1lmgh6PNPxiPDH","World Cup Football GIF by OneFootball Heads","gif","2026-06-18T16:10:36+0000","10486"
"Oy3HDm5jfdMkgrHwrf","Football Soccer GIF by OneFootball Heads","gif","2026-08-05T03:56:52+0000","10484"
"ocQq23oTR3xieuMKVv","Football England Sticker by OneFootball Heads","sticker","2026-07-22T14:31:18+0000","10424"
"2MJOk63MZDgJLnCWbP","Germany Football GIF by OneFootball Heads","gif","2026-06-18T12:53:05+0000","10423"
"0k7iBVimZCliGYjdfK","Believe Inner Peace GIF by OneFootball Heads","gif","2026-08-18T01:46:38+0000","10393"
"y4clWEz09eNed1WsX8","Football England Sticker by OneFootball Heads","sticker","2026-07-22T14:32:23+0000","10390"
"BP9MV9M2iTOdPP2szZ","France Football Sticker by OneFootball Heads","sticker","2026-07-22T13:57:44+0000","10311"
"RTfnIv6gEMX6qqTUtt","Nervous Under Pressure Sticker by OneFootball Heads","sticker","2026-08-18T02:25:14+0000","10239"
"4mTE4i8Zui0pfyN6Tj","Federico Valverde Football Sticker by OneFootball Heads","sticker","2026-07-22T14:54:48+0000","10156"
"93ZBUB81lQlO28oAU3","Awkward Cringe Sticker by OneFootball Heads","sticker","2026-08-05T04:02:22+0000","10074"
"JJeQWqCysrgl8pxNh0","Football Norway Sticker by OneFootball Heads","sticker","2026-07-22T14:45:36+0000","9999"
"AOXdCCwtj3Jeic1FY0","Germany Football Sticker by OneFootball Heads","sticker","2026-07-22T14:39:04+0000","9947"
"TLNXOTG5HpwUpM0AKc","Saudi Arabia Football GIF by OneFootball Heads","gif","2026-08-18T01:38:35+0000","9934"
"rFFMgUw7o0MdXN0Lcv","Spanish Football GIF by OneFootball Heads","gif","2026-07-22T12:27:45+0000","9929"
"F0x8UfLG8yOQPPRCj9","World Cup Football GIF by OneFootball Heads","gif","2026-06-18T16:10:28+0000","9922"
"NtixrPKVBoWUbOH7fu","Believe Inner Peace GIF by OneFootball Heads","gif","2026-08-18T02:13:32+0000","9913"
"4BK8VPhK3i3iJZFVPl","Process Believe Sticker by OneFootball Heads","sticker","2026-08-18T02:33:02+0000","9881"
"vh8iTiG94nQbvh7KU8","Lets Go Football GIF by OneFootball Heads","gif","2026-08-18T02:06:18+0000","9869"
"Zd7hy7VoGaOTlTsANK","Work From Home Football GIF by OneFootball Heads","gif","2026-08-05T03:58:36+0000","9868"
"o582qaiYg31UCY2MHB","World Cup Football GIF by OneFootball Heads","gif","2026-06-18T14:27:58+0000","9846"
"5dhF60l8tjO4UUuTTz","France Football Sticker by OneFootball Heads","sticker","2026-07-22T14:35:22+0000","9786"
"x6rwajoFHoTnDGEBmG","Not Listening La La La GIF by OneFootball Heads","gif","2026-08-10T07:02:08+0000","9646"
"8hx8uoZR5mx3pAnEre","Luis Diaz Football Sticker by OneFootball Heads","sticker","2026-07-22T14:28:36+0000","9628"
"XrVIIbHzGO01bZXhfP","Suspicious Football GIF by OneFootball Heads","gif","2026-08-05T03:57:47+0000","9617"
"gEjdVfmchsJIDdNhHn","Football Soccer GIF by OneFootball Heads","gif","2026-08-05T04:00:14+0000","9617"
"FE082NASfhS5hGoRfm","Tired Back To School GIF by OneFootball Heads","gif","2026-07-22T12:30:01+0000","9609"
"JzWgXU8rTwWUH8tbYo","Screen Time Scrolling Sticker by OneFootball Heads","sticker","2026-08-18T02:27:28+0000","9506"
"F0VrUFmKKrBimQ9woR","Out Of Office Ooo Sticker by OneFootball Heads","sticker","2026-08-10T07:07:25+0000","9471"
"Y0aIHKXBQx9NLXemZI","Lets Go Yes GIF by OneFootball Heads","gif","2026-08-10T06:57:36+0000","9461"
"CaMmxb3XIcnjsNcooW","Break Time Halftime Sticker by OneFootball Heads","sticker","2026-08-10T07:06:36+0000","9454"
"9U6b6gMXIeBroW6Uyr","Save Rocket League GIF by OneFootball Heads","gif","2026-08-18T01:42:01+0000","9424"
"ry6PYSjQZO6MRrR4mP","Well Done Football GIF by OneFootball Heads","gif","2026-08-05T03:57:39+0000","9336"
"WnwDnEpBSVBu0PVCaD","Fantasy Football GIF by OneFootball Heads","gif","2026-08-18T02:09:59+0000","9317"
"PnqbhEnqfDEUnOi5cH","Football Searching GIF by OneFootball Heads","gif","2026-08-18T02:00:18+0000","9189"
"gS1Ap1qSUAuXOzcXTe","Picture Smile Sticker by OneFootball Heads","sticker","2026-08-10T07:08:28+0000","9172"
"FrixhPI7XEfr3wS5yp","World Cup Football GIF by OneFootball Heads","gif","2026-07-05T10:14:51+0000","9147"
"wDqy3MMG6OulHguob9","Dutch Football GIF by OneFootball Heads","gif","2026-08-18T01:41:19+0000","9144"
"MoUvrMYhXbXOYMTXOs","Federico Valverde Football Sticker by OneFootball Heads","sticker","2026-07-22T14:55:00+0000","9140"
"pUVuTcZHMGVaSaK1Ck","Nervous Under Pressure GIF by OneFootball Heads","gif","2026-08-18T02:09:47+0000","9087"
"ylQtCW6zrlfGS8glXw","Best Friends Bff Sticker by OneFootball Heads","sticker","2026-07-28T17:48:24+0000","9086"
"1ui7bi7c2bgkwLOVkt","Hold On Football GIF by OneFootball Heads","gif","2026-08-05T03:58:42+0000","9057"
"x3BOQ7gVdAFs1DyHjc","Independence Day Football GIF by OneFootball Heads","gif","2026-08-18T02:05:00+0000","8911"
"eEsEr5zx8SiFZxNOFO","Grilling Labor Day Sticker by OneFootball Heads","sticker","2026-08-05T04:02:44+0000","8853"
"jFL0Jku8oke1gRzhUF","J League Fight GIF by OneFootball Heads","gif","2026-08-18T02:06:06+0000","8813"
"zwhh70RrzFm6xIkbty","Football Norway Sticker by OneFootball Heads","sticker","2026-07-22T14:44:57+0000","8805"
"sUB4mT5lYLiasBJttS","France Football Sticker by OneFootball Heads","sticker","2026-07-22T13:57:28+0000","8599"
"lckVXkNU5pajkTH2Y4","La Albiceleste Football GIF by OneFootball Heads","gif","2026-07-22T12:27:05+0000","8592"
"LmZ1eYxkhzjwAdg5QL","Saudi Arabia Football GIF by OneFootball Heads","gif","2026-08-18T02:04:45+0000","8577"
"1CtnvXO5JJQFN6DhpR","Captain America Football Sticker by OneFootball Heads","sticker","2026-07-22T14:55:15+0000","8521"
"MyCyi89mx9JPC9bHv7","Football Smells Good GIF by OneFootball Heads","gif","2026-08-05T03:58:58+0000","8483"
"b9iyHY2H42ewQGxDWD","Spanish Football GIF by OneFootball Heads","gif","2026-08-18T01:39:25+0000","8467"
"iU3b4pC0P1BXj0q33u","Lets Go Egypt Sticker by OneFootball Heads","sticker","2026-08-18T02:21:06+0000","8456"
"zvQsooz0XRnldcroLB","Football England Sticker by OneFootball Heads","sticker","2026-07-22T14:32:36+0000","8347"
"NzJ2mFSbkzVkj29CYP","World Cup Football GIF by OneFootball Heads","gif","2026-07-05T10:20:22+0000","8293"
"MkWIIlx3OJUj6dte7h","Screen Time Scrolling Sticker by OneFootball Heads","sticker","2026-08-18T02:27:41+0000","8284"
"z2oQtqJei1ayrEiYcH","Slay Serving Sticker by OneFootball Heads","sticker","2026-08-18T02:29:57+0000","8249"
"4hGHgXEoALrkYlKW9m","Handball Referee Sticker by OneFootball Heads","sticker","2026-08-10T07:05:50+0000","8196"
"h3LXEuX6X5Oyq34byu","Football Chill Sticker by OneFootball Heads","sticker","2026-07-22T13:35:09+0000","8196"
"WLzt1JWtKef6R4MBNx","Fight Philippines Sticker by OneFootball Heads","sticker","2026-08-18T02:21:49+0000","7947"
"lExaka5k8Jvbdv8DSx","Lets Go Egypt Sticker by OneFootball Heads","sticker","2026-08-18T02:21:21+0000","7934"
"mHwma9gZf9Anp5nnVR","Raul Jimenez Football Sticker by OneFootball Heads","sticker","2026-07-22T14:43:53+0000","7906"
"W04ps2Hb3KrzSRGeh6","World Cup Football GIF by OneFootball Heads","gif","2026-06-18T16:09:48+0000","7758"
"cxbUMUj2i7eJ7yuA4i","Good Game Football GIF by OneFootball Heads","gif","2026-08-18T01:44:42+0000","7753"
"z0sj3DuV3ttRPfVYRQ","Nervous Under Pressure Sticker by OneFootball Heads","sticker","2026-08-18T02:25:01+0000","7724"
"d6UTJkeCNSuMgArYQg","Granit Xhaka Football Sticker by OneFootball Heads","sticker","2026-07-22T14:53:59+0000","7627"
"jKPairXn7E0xJEqa05","Locked In Cooking Sticker by OneFootball Heads","sticker","2026-08-10T07:09:18+0000","7578"
"3aLfwXXdaxpvQLE10A","J League Fight Sticker by OneFootball Heads","sticker","2026-08-18T02:20:53+0000","7504"
"ASrST0gOqd9ZQEQUcY","Locked In Football GIF by OneFootball Heads","gif","2026-08-18T01:47:19+0000","7468"
"NAZYVzLH4TyUPo7KZa","Football Soccer GIF by OneFootball Heads","gif","2026-08-10T06:57:55+0000","7375"
"PCp60Cx6Gi4nyLdAgN","Wall Defending Sticker by OneFootball Heads","sticker","2026-08-10T07:08:09+0000","7331"
"XTYH75Q2sO9K1quzVc","Happy Birthday Football GIF by OneFootball Heads","gif","2026-08-18T02:01:40+0000","7294"
"8lSG7jt9Y9Cp31wkzs","Handball Pen Sticker by OneFootball Heads","sticker","2026-08-05T04:01:11+0000","7286"
"ZVptXMYcNilTxHPwcx","Sleepy Football GIF by OneFootball Heads","gif","2026-08-18T02:10:13+0000","7279"
"0S2uKh8lb7S9fwEimR","Germany Football Sticker by OneFootball Heads","sticker","2026-07-22T14:36:24+0000","7265"
"GReEXRa7nHZrsUhkff","Fight Philippines Sticker by OneFootball Heads","sticker","2026-08-18T02:21:34+0000","7264"
"MzgtF00ibDEZHZkNPV","Feel Better Take Care Sticker by OneFootball Heads","sticker","2026-08-10T07:07:46+0000","7217"
"y9JLObWA6FDyT60nRE","Football Chill Sticker by OneFootball Heads","sticker","2026-07-22T12:51:36+0000","7162"
"c0JrW3Th0N1wNuPFsQ","Football Smile GIF by OneFootball Heads","gif","2026-08-10T07:01:32+0000","7155"
"mVtnczUmQEvSF3sOSS","Germany Football GIF by OneFootball Heads","gif","2026-08-18T01:37:57+0000","7135"
"Zyd6JmTFfvjCT90VWW","France Football GIF by OneFootball Heads","gif","2026-08-18T01:39:52+0000","7046"
"nuT670sPtTkLpJGpxW","March Madness Football GIF by OneFootball Heads","gif","2026-08-18T02:13:10+0000","6921"
"swXwzpLVqMM4Eop4OM","Granit Xhaka Football Sticker by OneFootball Heads","sticker","2026-07-22T14:54:12+0000","6811"
"x1YB30hC9QDiEToWA1","Grilling Labor Day GIF by OneFootball Heads","gif","2026-08-05T03:58:11+0000","6780"
"NeC3tEfdVwAx9KLUM0","College Football Saturday Sticker by OneFootball Heads","sticker","2026-08-05T04:01:40+0000","6754"
"0fBwgKVBedJHFJzAQF","Football Treat Yourself GIF by OneFootball Heads","gif","2026-08-18T02:13:21+0000","6730"
"SMe2S4rJE2Wdze1myZ","Sleepy Monday Sticker by OneFootball Heads","sticker","2026-08-18T02:26:12+0000","6690"
"c7HRyBlJet2bFWn5zF","South Korea Football GIF by OneFootball Heads","gif","2026-08-18T01:38:09+0000","6669"
"USPTPyzyOMCwrK5zXw","Best Friend Teammates Sticker by OneFootball Heads","sticker","2026-07-28T17:49:45+0000","6628"
"ATiZp8tOfAvn28QQ1m","Germany Football Sticker by OneFootball Heads","sticker","2026-07-22T14:39:14+0000","6595"
"lqlcs6sggqbBo2FSm2","Good Game Gamer Sticker by OneFootball Heads","sticker","2026-08-18T02:28:32+0000","6475"
"XpipO7EiW0OXecyZOv","Spanish Football GIF by OneFootball Heads","gif","2026-08-18T01:36:13+0000","6420"
"WpmwMRDzK6t5HcmzCJ","Canadian Football GIF by OneFootball Heads","gif","2026-08-18T02:09:27+0000","6378"
"yIJmaX2vtYP7W3pG5N","Manuel Neuer Legend Sticker by OneFootball Heads","sticker","2026-08-18T02:15:40+0000","6365"
"QdS9KpyCg26gLoaS1P","France Football GIF by OneFootball Heads","gif","2026-08-18T02:05:55+0000","6289"
"fKD57YqKPZ3oA7M4xG","Locked In Football GIF by OneFootball Heads","gif","2026-08-18T02:11:32+0000","6267"
"hIP7IxySDujDjTcCgk","Locked In Cooking GIF by OneFootball Heads","gif","2026-08-10T07:03:23+0000","6242"
"B6FP8NtO4tVmogFbTB","Republic Day Turkey Sticker by OneFootball Heads","sticker","2026-08-18T02:19:27+0000","6054"
"tv2iN6Zg5iW3bEBuSR","Relax Treat Yourself Sticker by OneFootball Heads","sticker","2026-08-18T02:32:32+0000","6018"
"TGQHtxrjS5GuOOdx5W","La Albiceleste Football GIF by OneFootball Heads","gif","2026-07-22T12:27:19+0000","6000"
"yDFFScheemyrD4zgrE","Sleepy Good Night Sticker by OneFootball Heads","sticker","2026-08-18T02:26:43+0000","5990"
"pKd7pqkQCBuTbHx879","Manuel Neuer Legend Sticker by OneFootball Heads","sticker","2026-08-18T02:15:24+0000","5987"
"BhVLSNtusGv4xTi0WR","Keep Calm Van Dijk GIF by OneFootball Heads","gif","2026-08-18T01:37:39+0000","5939"
"hHU8cP569TFwoWcrl0","Vamos Buenos Aires GIF by OneFootball Heads","gif","2026-08-18T01:41:32+0000","5921"
"f2ZHXrodz3RRcuqTOo","Good Game Football GIF by OneFootball Heads","gif","2026-08-18T02:11:21+0000","5915"
"TgzPQznnOCOG8NIE5T","Harry Kane Football Sticker by OneFootball Heads","sticker","2026-07-22T14:31:59+0000","5804"
"HNrd0RQYe1KzL6nmf6","Canadian Football GIF by OneFootball Heads","gif","2026-08-18T01:41:44+0000","5787"
"oT8h0iLmJVj4OORrVw","Football Celebrate GIF by OneFootball Heads","gif","2026-05-18T05:05:15+0000","5774"
"EkcxDEfhpQPDEHLjwJ","Handball Pen Sticker by OneFootball Heads","sticker","2026-08-05T04:01:06+0000","5676"
"mN9I9lpyxfZ8Gtkapj","Suspicious Football GIF by OneFootball Heads","gif","2026-08-05T03:54:40+0000","5564"
"mSUqzqKJXnQJGn8E0u","Tired Coffee Sticker by OneFootball Heads","sticker","2026-07-22T14:01:29+0000","5513"
"9UHt6If8rRUWpqieQ6","Work From Home Meeting Sticker by OneFootball Heads","sticker","2026-08-05T04:03:07+0000","5478"
"DYwNxxZXbBlCDPb8Ef","Germany Football Sticker by OneFootball Heads","sticker","2026-07-22T14:36:36+0000","5470"
"xbI1zrZd1QJXsqpByW","Pumpkin Spice Football GIF by OneFootball Heads","gif","2026-08-18T02:10:37+0000","5426"
"aYIodIqG1nmbH1MPuI","Vamos Buenos Aires Sticker by OneFootball Heads","sticker","2026-08-18T02:23:48+0000","5419"
"YABTKYIAmeJSaLr2kV","Good Game Gamer Sticker by OneFootball Heads","sticker","2026-08-18T02:28:45+0000","5397"
"5BgFFHb09dESx7zqli","Football England Sticker by OneFootball Heads","sticker","2026-07-22T14:30:55+0000","5362"
"15dUdBxg7yHfnRNU7Y","College Football Saturday Sticker by OneFootball Heads","sticker","2026-08-05T04:01:25+0000","5356"
"mOfr7vCOfkmMgNZfhM","Grilling Labor Day Sticker by OneFootball Heads","sticker","2026-08-05T04:02:38+0000","5296"
"oSFm8lbzxn8pSFiI5c","Canadian Sticker by OneFootball Heads","sticker","2026-08-18T02:24:25+0000","5296"
"PEi1oQIIty4TOpuwD6","Fantasy Football Captain Sticker by OneFootball Heads","sticker","2026-08-18T02:25:40+0000","5288"
"lZpO7Do65wTMyL6pTw","Independence Day Football GIF by OneFootball Heads","gif","2026-08-18T01:38:53+0000","5260"
"z6IQFfFdVnCWKtTaRv","Awkward Football GIF by OneFootball Heads","gif","2026-08-05T03:58:04+0000","5242"
"jOD0UBpJJ0cWe7HWpk","Save Rocket League GIF by OneFootball Heads","gif","2026-08-18T02:09:38+0000","5134"
"x1wUUVLTWSgjb61Drl","Harry Kane Football Sticker by OneFootball Heads","sticker","2026-07-22T14:32:12+0000","5102"
"Pfyd6FlS0bB9kVARxB","Salah Searching Sticker by OneFootball Heads","sticker","2026-08-18T02:16:07+0000","5090"
"1djpUfuj1q5zamopKb","Football England Sticker by OneFootball Heads","sticker","2026-07-22T14:31:06+0000","5042"
"gV15dSeODe88bn6qQR","Best Friends Bff Sticker by OneFootball Heads","sticker","2026-07-28T17:48:09+0000","5042"
"QWxKVnd7vJclaO5KD4","Work From Home Meeting Sticker by OneFootball Heads","sticker","2026-08-05T04:02:54+0000","5016"
"R4gBgTFknn0FdAer3c","Germany Football GIF by OneFootball Heads","gif","2026-08-18T02:02:18+0000","5011"
"KwNfsOWbOOb5KqStiH","Serie A Football GIF by OneFootball Heads","gif","2026-08-18T01:39:40+0000","5005"
"92MweENg9NFVV2IS5I","Serie A Football GIF by OneFootball Heads","gif","2026-08-18T02:05:43+0000","4974"
"HVDscexF0PPZxgBh4M","Spanish Football GIF by OneFootball Heads","gif","2026-08-18T01:59:55+0000","4949"
"6LwTAchE2sAFi1Acvr","Grilling Labor Day GIF by OneFootball Heads","gif","2026-08-05T03:58:17+0000","4925"
"05Mij0VgizXqLbBhIg","Salah Searching Sticker by OneFootball Heads","sticker","2026-08-18T02:15:52+0000","4909"
"kSQgxps254FWBwB2pO","Football Soccer GIF by OneFootball Heads","gif","2026-08-18T02:08:43+0000","4907"
"u3yUNMoKcvZ5mFEDJu","South Korea Football GIF by OneFootball Heads","gif","2026-08-18T02:03:26+0000","4879"
"HDcKa4AKZLIbXnJgVg","Bravo Applause Sticker by OneFootball Heads","sticker","2026-08-10T07:06:55+0000","4848"
"QHoxSv5YXlXOtuE4DW","Awkward Football GIF by OneFootball Heads","gif","2026-08-05T03:57:56+0000","4834"
"vIo7Jz8nfzb8krTpw1","Lets Go Football GIF by OneFootball Heads","gif","2026-07-22T12:26:49+0000","4799"
"Lx8INvzlMMlQ8bQNbo","Tired Football GIF by OneFootball Heads","gif","2026-07-22T12:30:45+0000","4788"
"vkwh9ULskLJXWptoSI","Football Smile GIF by OneFootball Heads","gif","2026-08-10T07:00:13+0000","4771"
"6cX7vet4YAxk5XCPgB","Football Happy Dance Sticker by OneFootball Heads","sticker","2026-07-22T14:49:24+0000","4637"
"UpKZHAIHaom7m8oqEG","College Football GIF by OneFootball Heads","gif","2026-08-05T03:57:08+0000","4632"
"Lovih36S5jU5y6aJht","Relax Treat Yourself Sticker by OneFootball Heads","sticker","2026-08-18T02:31:48+0000","4606"
"1zXfmeVx5OsXfSPXZb","College Football GIF by OneFootball Heads","gif","2026-08-05T03:57:21+0000","4594"
"weu7IIXaeX1xtKGHgz","Football Norway Sticker by OneFootball Heads","sticker","2026-07-22T14:45:22+0000","4579"
"77darDRCvKYK3108SW","Well Done Football GIF by OneFootball Heads","gif","2026-08-05T03:57:32+0000","4411"
"tbM0KkSZBNwDUqlqde","March Madness Football GIF by OneFootball Heads","gif","2026-08-18T01:46:16+0000","4398"
"ItO7l3CTSHgpeB4Ywp","Well Done Celebration Sticker by OneFootball Heads","sticker","2026-08-05T04:01:54+0000","4303"
"7g6qMNgDoURhrDLIa1","Sleepy Monday Sticker by OneFootball Heads","sticker","2026-08-18T02:25:56+0000","4267"
"2rEutmU73snFW7dedc","Save Rocket League Sticker by OneFootball Heads","sticker","2026-08-18T02:24:49+0000","4233"
"VV5t8tfDi28sKVeaOj","Football England Sticker by OneFootball Heads","sticker","2026-07-22T14:29:59+0000","4228"
"BYbzy4UJj3jZGQzObN","Captain America Football Sticker by OneFootball Heads","sticker","2026-07-22T14:55:28+0000","4047"
"SOWhGIHwM7je4YNVsz","You Got This Cheer Up GIF by OneFootball Heads","gif","2026-08-18T01:45:48+0000","4036"
"h236Gf0jar0p1NaZhz","Save Rocket League Sticker by OneFootball Heads","sticker","2026-08-18T02:24:37+0000","3958"
"p7frzFr9aRRxgCAjSd","Spanish Football GIF by OneFootball Heads","gif","2026-08-18T02:05:28+0000","3898"
"QrkLDmJgzsxpI6Lfv0","Basketball Nba Sticker by OneFootball Heads","sticker","2026-08-18T02:31:33+0000","3890"
"f2A4QbhaMnmCOac22T","Tired Back To School Sticker by OneFootball Heads","sticker","2026-07-22T13:58:26+0000","3888"
"25t5X5WThVq2itzMQv","J League Fight Sticker by OneFootball Heads","sticker","2026-08-18T02:20:36+0000","3886"
"Bxcl70C77s26jBHwjz","Canadian Sticker by OneFootball Heads","sticker","2026-08-18T02:24:06+0000","3838"
"BnZxWweEjsyxjol0Wg","Process Believe Sticker by OneFootball Heads","sticker","2026-08-18T02:32:43+0000","3754"
"dUdU0hkoyxafxasQEY","Vamos Buenos Aires GIF by OneFootball Heads","gif","2026-08-18T02:09:08+0000","3739"
"Dvhqeip8jHmf9ivoQi","Celebrate Happy Birthday Sticker by OneFootball Heads","sticker","2026-08-18T02:16:40+0000","3662"
"i1LQPrMHxfoOzHBFpC","Vamos Buenos Aires Sticker by OneFootball Heads","sticker","2026-08-18T02:23:36+0000","3599"
"hgbSrqxMdAeAILp5Q6","Son Heung Min Korea Sticker by OneFootball Heads","sticker","2026-08-18T02:18:36+0000","3500"
"nSbqs9LRfXGcnpxZSo","Football Portugal Sticker by OneFootball Heads","sticker","2026-07-22T14:47:17+0000","3492"
"M9BHBduBnOdhaDQf0e","You Got This Cheer Up Sticker by OneFootball Heads","sticker","2026-08-18T02:29:44+0000","3279"
"FLCbk99ECzXQJ1IPDM","You Got This Cheer Up Sticker by OneFootball Heads","sticker","2026-08-18T02:29:26+0000","3255"
"ujzbmxCome2mkPrd2s","Tired Back To School Sticker by OneFootball Heads","sticker","2026-07-22T13:58:11+0000","3226"
"CbojCyfv0Pg02Bogxn","Make It Rain Money Sticker by OneFootball Heads","sticker","2026-08-10T07:06:11+0000","3191"
"YnYONchMFPBkNcWSv4","Celebrate Happy Birthday Sticker by OneFootball Heads","sticker","2026-08-18T02:16:23+0000","3131"
"8vyjogwsr45jBNjzfS","Germany Showtime Sticker by OneFootball Heads","sticker","2026-08-18T02:18:10+0000","3107"
"B1AR811Im6IVrbjfbH","Football Portugal Sticker by OneFootball Heads","sticker","2026-07-22T14:47:34+0000","3032"
"lBbWkhDD3jH4oiqBJe","Voting Election Day GIF by OneFootball Heads","gif","2026-08-18T01:44:29+0000","2943"
"TUUonB8EmRCv8seKuk","Keep Calm Van Dijk GIF by OneFootball Heads","gif","2026-08-18T02:02:07+0000","2879"
"wKpDZ0jYNeVMxM6rSb","You Got This Cheer Up GIF by OneFootball Heads","gif","2026-08-18T02:11:52+0000","2817"
"7rQgGRpH9LkbU36mwh","Voting Election Day GIF by OneFootball Heads","gif","2026-08-18T02:11:11+0000","2809"
"KSIkAZ1MLHevjSqt4O","Lets Go Yes GIF by OneFootball Heads","gif","2026-08-10T06:57:29+0000","2778"
"Gizdqrs09PZXeoD16N","Football Happy Dance Sticker by OneFootball Heads","sticker","2026-07-22T14:49:42+0000","2733"
"jx0IjA7UNnD8Caul88","Son Heung Min Korea Sticker by OneFootball Heads","sticker","2026-08-18T02:18:23+0000","2721"
"RBTu09kkFBlNEd3DGg","Republic Day Football GIF by OneFootball Heads","gif","2026-08-18T02:05:16+0000","2530"
"5pLT73wZ9Lom3W19N1","Happy Birthday Sticker by OneFootball Heads","sticker","2026-08-18T02:17:12+0000","2505"
"euaeWpbP4QCQhgVvqm","Fantasy Football Captain Sticker by OneFootball Heads","sticker","2026-08-18T02:25:26+0000","2502"
"vD4z3r9MdSeHguZlde","Basketball Nba Sticker by OneFootball Heads","sticker","2026-08-18T02:31:20+0000","2477"
"zFIKTZM31QPyQrkzji","12 October Spain Sticker by OneFootball Heads","sticker","2026-08-18T02:19:56+0000","2458"
"UeWsyojUXHXZZbB2bZ","Lets Go Football Sticker by OneFootball Heads","sticker","2026-07-22T14:01:02+0000","2457"
"Wn5z9un3Nv5gIepz38","Tired Coffee Sticker by OneFootball Heads","sticker","2026-07-22T14:01:14+0000","2267"
"lIhncDYcQj8Irh7hiL","Germany Showtime Sticker by OneFootball Heads","sticker","2026-08-18T02:17:53+0000","2226"
"zeuNkxbzImr0pwvW40","12 October Spain Sticker by OneFootball Heads","sticker","2026-08-18T02:19:41+0000","2216"
"qpNx80ykZ145lqdEuh","Well Done Celebration Sticker by OneFootball Heads","sticker","2026-08-05T04:01:47+0000","1997"
"ua2tdLivRUMCD0UCcu","Dutch Football Amsterdam Sticker by OneFootball Heads","sticker","2026-08-18T02:23:21+0000","1868"
"QRjjMsJCac6scXy6s4","Republic Day Football GIF by OneFootball Heads","gif","2026-08-18T01:39:09+0000","1801"
"JvYE3fk8Mdwx0AFGr9","Poland Polish Sticker by OneFootball Heads","sticker","2026-08-18T02:22:49+0000","1794"
"iARwGwY4GGQvwt3TsB","Happy Birthday Sticker by OneFootball Heads","sticker","2026-08-18T02:16:56+0000","1765"
"4kS6IZ8afwMArzMNt3","Lets Go Football Sticker by OneFootball Heads","sticker","2026-07-22T14:00:45+0000","1648"
"ETRiqfIqLgrKzy4eOO","Football England Sticker by OneFootball Heads","sticker","2026-07-22T14:30:12+0000","1547"
"q28otU4WUdpleg49zb","Football Vamos Sticker by OneFootball Heads","sticker","2026-07-22T14:45:49+0000","1533"
"9nTYBv0s5jp8KfSEFi","Sleepy Good Night Sticker by OneFootball Heads","sticker","2026-08-18T02:26:31+0000","1468"
"UwNQiWgvPbgwTqfqTm","Poland Polish Sticker by OneFootball Heads","sticker","2026-08-18T02:22:31+0000","1409"
"14ECCAb4qF0qrICpNz","Keep Calm Van Dijk Sticker by OneFootball Heads","sticker","2026-08-18T02:17:39+0000","1284"
"HnlfCfCe0qhe4M0E2I","Keep Calm Van Dijk Sticker by OneFootball Heads","sticker","2026-08-18T02:17:26+0000","1274"
"C4yn5gQdilKTzToTFh","Football Vamos Sticker by OneFootball Heads","sticker","2026-07-22T14:46:01+0000","1261"
"AQEp02jE2jHBvFDuTC","Voting Election Day Sticker by OneFootball Heads","sticker","2026-08-18T02:28:09+0000","1153"
"0VAnp4aPWLxiLgUZl8","Sweater Weather Fall Sticker by OneFootball Heads","sticker","2026-08-18T02:26:57+0000","1144"
"iiWYdLwTil62xyNtge","France Football Sticker by OneFootball Heads","sticker","2026-08-18T02:20:22+0000","1069"
"QMURE94hXAkHthSP1q","France Football Sticker by OneFootball Heads","sticker","2026-08-18T02:20:09+0000","1006"
"ffBALknaLlrJIb1DRg","Dutch Football GIF by OneFootball Heads","gif","2026-08-18T02:08:56+0000","992"
"uvS9Kxhvl7f3EvtOQI","Sweater Weather Fall Sticker by OneFootball Heads","sticker","2026-08-18T02:27:16+0000","901"
"sMa0zxu3qzQffmagHF","Voting Election Day Sticker by OneFootball Heads","sticker","2026-08-18T02:27:58+0000","855"
"rE9fjHUYxF3j0PQfLn","Republic Day Turkey Sticker by OneFootball Heads","sticker","2026-08-18T02:19:14+0000","716"
"vCNrzo4QHBeNKnRr53","Dutch Football Amsterdam Sticker by OneFootball Heads","sticker","2026-08-18T02:23:07+0000","213"
"Sfiri0PXigpGueBftO","Happy Pizza Time GIF by OneFootball Heads","gif","2025-08-04T07:31:29+0000","23"
"uKuw4epL1KjAqERkXv","Germany Football GIF by OneFootball Heads","gif","2026-07-05T10:19:44+0000","4"
"49lmGu0eQ7ISpToUTU","Betting All In GIF by OneFootball Heads","gif","2025-08-03T14:20:34+0000","2"
"B7HEiOs673jZ4sYq3q","Betting Game On GIF by OneFootball Heads","gif","2025-08-03T14:20:41+0000","0"
"q2pMvxOicWZAx4fa0Q","No Money Football GIF by OneFootball Heads","gif","2026-08-10T06:59:02+0000","0"
"pgLuh2aB48Q4ZQQfwV","Make It Rain Football GIF by OneFootball Heads","gif","2026-08-10T06:58:16+0000","0"
"SD1LVb6H1U0PxIxHbS","Make It Rain Football GIF by OneFootball Heads","gif","2026-08-10T06:58:05+0000","0"
"Io9eZ3VN6CBoH1Q83q","No Money Football GIF by OneFootball Heads","gif","2026-08-10T06:58:55+0000","0"
